env,seed,training_seed,environment_seed,permutation_seed,state_sampling_seed,ordering,result,cmd
HM8,0,0,2026,0,0,local,/home/s110/code/ttpi_iclr/repro/results/HM8_state40_action50_iter30_orderlocal_seed0_formal5080.json,/home/s110/miniconda3/envs/tt_5080/bin/python3 /home/s110/code/ttpi_iclr/repro/scripts/run_hardmove.py --n-actuator 8 --env-variant standard --training-seed 0 --environment-seed 2026 --permutation-seed 0 --state-sampling-seed 0 --action-order local --run-tag formal5080 --n-state 40 --n-action 50 --n-iter 30 --n-iter-v 1 --callback-freq 10 --n-test 100 --device cuda --max-batch-v 10000 --max-batch-a 100000 --nswp-v 5 --nswp-a 10 --rmax-v 100 --rmax-a 100 --kickrank-v 10 --kickrank-a 10 --eps-cross-v 0.001 --eps-cross-a 0.001 --eps-round-v 0.001 --eps-round-a 0.001 --n-samples 50
HM8,0,0,2026,0,0,random,/home/s110/code/ttpi_iclr/repro/results/HM8_state40_action50_iter30_orderrandom_seed0_permseed0_formal5080.json,/home/s110/miniconda3/envs/tt_5080/bin/python3 /home/s110/code/ttpi_iclr/repro/scripts/run_hardmove.py --n-actuator 8 --env-variant standard --training-seed 0 --environment-seed 2026 --permutation-seed 0 --include-permutation-seed-in-run-id --state-sampling-seed 0 --action-order random --run-tag formal5080 --n-state 40 --n-action 50 --n-iter 30 --n-iter-v 1 --callback-freq 10 --n-test 100 --device cuda --max-batch-v 10000 --max-batch-a 100000 --nswp-v 5 --nswp-a 10 --rmax-v 100 --rmax-a 100 --kickrank-v 10 --kickrank-a 10 --eps-cross-v 0.001 --eps-cross-a 0.001 --eps-round-v 0.001 --eps-round-a 0.001 --n-samples 50
HM8,0,0,2026,1,0,random,/home/s110/code/ttpi_iclr/repro/results/HM8_state40_action50_iter30_orderrandom_seed0_permseed1_formal5080.json,/home/s110/miniconda3/envs/tt_5080/bin/python3 /home/s110/code/ttpi_iclr/repro/scripts/run_hardmove.py --n-actuator 8 --env-variant standard --training-seed 0 --environment-seed 2026 --permutation-seed 1 --include-permutation-seed-in-run-id --state-sampling-seed 0 --action-order random --run-tag formal5080 --n-state 40 --n-action 50 --n-iter 30 --n-iter-v 1 --callback-freq 10 --n-test 100 --device cuda --max-batch-v 10000 --max-batch-a 100000 --nswp-v 5 --nswp-a 10 --rmax-v 100 --rmax-a 100 --kickrank-v 10 --kickrank-a 10 --eps-cross-v 0.001 --eps-cross-a 0.001 --eps-round-v 0.001 --eps-round-a 0.001 --n-samples 50
HM8,0,0,2026,2,0,random,/home/s110/code/ttpi_iclr/repro/results/HM8_state40_action50_iter30_orderrandom_seed0_permseed2_formal5080.json,/home/s110/miniconda3/envs/tt_5080/bin/python3 /home/s110/code/ttpi_iclr/repro/scripts/run_hardmove.py --n-actuator 8 --env-variant standard --training-seed 0 --environment-seed 2026 --permutation-seed 2 --include-permutation-seed-in-run-id --state-sampling-seed 0 --action-order random --run-tag formal5080 --n-state 40 --n-action 50 --n-iter 30 --n-iter-v 1 --callback-freq 10 --n-test 100 --device cuda --max-batch-v 10000 --max-batch-a 100000 --nswp-v 5 --nswp-a 10 --rmax-v 100 --rmax-a 100 --kickrank-v 10 --kickrank-a 10 --eps-cross-v 0.001 --eps-cross-a 0.001 --eps-round-v 0.001 --eps-round-a 0.001 --n-samples 50
HM8,0,0,2026,0,0,badsplit,/home/s110/code/ttpi_iclr/repro/results/HM8_state40_action50_iter30_orderbadsplit_seed0_formal5080.json,/home/s110/miniconda3/envs/tt_5080/bin/python3 /home/s110/code/ttpi_iclr/repro/scripts/run_hardmove.py --n-actuator 8 --env-variant standard --training-seed 0 --environment-seed 2026 --permutation-seed 0 --state-sampling-seed 0 --action-order badsplit --run-tag formal5080 --n-state 40 --n-action 50 --n-iter 30 --n-iter-v 1 --callback-freq 10 --n-test 100 --device cuda --max-batch-v 10000 --max-batch-a 100000 --nswp-v 5 --nswp-a 10 --rmax-v 100 --rmax-a 100 --kickrank-v 10 --kickrank-a 10 --eps-cross-v 0.001 --eps-cross-a 0.001 --eps-round-v 0.001 --eps-round-a 0.001 --n-samples 50
HM8,0,0,2026,0,0,reverse_blocks,/home/s110/code/ttpi_iclr/repro/results/HM8_state40_action50_iter30_orderreverse_blocks_seed0_formal5080.json,/home/s110/miniconda3/envs/tt_5080/bin/python3 /home/s110/code/ttpi_iclr/repro/scripts/run_hardmove.py --n-actuator 8 --env-variant standard --training-seed 0 --environment-seed 2026 --permutation-seed 0 --state-sampling-seed 0 --action-order reverse_blocks --run-tag formal5080 --n-state 40 --n-action 50 --n-iter 30 --n-iter-v 1 --callback-freq 10 --n-test 100 --device cuda --max-batch-v 10000 --max-batch-a 100000 --nswp-v 5 --nswp-a 10 --rmax-v 100 --rmax-a 100 --kickrank-v 10 --kickrank-a 10 --eps-cross-v 0.001 --eps-cross-a 0.001 --eps-round-v 0.001 --eps-round-a 0.001 --n-samples 50
HM8,0,0,2026,0,0,flip_within_block,/home/s110/code/ttpi_iclr/repro/results/HM8_state40_action50_iter30_orderflip_within_block_seed0_formal5080.json,/home/s110/miniconda3/envs/tt_5080/bin/python3 /home/s110/code/ttpi_iclr/repro/scripts/run_hardmove.py --n-actuator 8 --env-variant standard --training-seed 0 --environment-seed 2026 --permutation-seed 0 --state-sampling-seed 0 --action-order flip_within_block --run-tag formal5080 --n-state 40 --n-action 50 --n-iter 30 --n-iter-v 1 --callback-freq 10 --n-test 100 --device cuda --max-batch-v 10000 --max-batch-a 100000 --nswp-v 5 --nswp-a 10 --rmax-v 100 --rmax-a 100 --kickrank-v 10 --kickrank-a 10 --eps-cross-v 0.001 --eps-cross-a 0.001 --eps-round-v 0.001 --eps-round-a 0.001 --n-samples 50
HM8,0,0,2026,0,0,pam_greedy,/home/s110/code/ttpi_iclr/repro/results/HM8_state40_action50_iter30_orderpam_greedy_seed0_formal5080.json,/home/s110/miniconda3/envs/tt_5080/bin/python3 /home/s110/code/ttpi_iclr/repro/scripts/run_hardmove.py --n-actuator 8 --env-variant standard --training-seed 0 --environment-seed 2026 --permutation-seed 0 --state-sampling-seed 0 --action-order pam_greedy --run-tag formal5080 --n-state 40 --n-action 50 --n-iter 30 --n-iter-v 1 --callback-freq 10 --n-test 100 --device cuda --max-batch-v 10000 --max-batch-a 100000 --nswp-v 5 --nswp-a 10 --rmax-v 100 --rmax-a 100 --kickrank-v 10 --kickrank-a 10 --eps-cross-v 0.001 --eps-cross-a 0.001 --eps-round-v 0.001 --eps-round-a 0.001 --n-samples 50
HM8,0,0,2026,0,0,pam_spectral,/home/s110/code/ttpi_iclr/repro/results/HM8_state40_action50_iter30_orderpam_spectral_seed0_formal5080.json,/home/s110/miniconda3/envs/tt_5080/bin/python3 /home/s110/code/ttpi_iclr/repro/scripts/run_hardmove.py --n-actuator 8 --env-variant standard --training-seed 0 --environment-seed 2026 --permutation-seed 0 --state-sampling-seed 0 --action-order pam_spectral --run-tag formal5080 --n-state 40 --n-action 50 --n-iter 30 --n-iter-v 1 --callback-freq 10 --n-test 100 --device cuda --max-batch-v 10000 --max-batch-a 100000 --nswp-v 5 --nswp-a 10 --rmax-v 100 --rmax-a 100 --kickrank-v 10 --kickrank-a 10 --eps-cross-v 0.001 --eps-cross-a 0.001 --eps-round-v 0.001 --eps-round-a 0.001 --n-samples 50
HM8,0,0,2026,0,0,block_pam,/home/s110/code/ttpi_iclr/repro/results/HM8_state40_action50_iter30_orderblock_pam_seed0_formal5080.json,/home/s110/miniconda3/envs/tt_5080/bin/python3 /home/s110/code/ttpi_iclr/repro/scripts/run_hardmove.py --n-actuator 8 --env-variant standard --training-seed 0 --environment-seed 2026 --permutation-seed 0 --state-sampling-seed 0 --action-order block_pam --run-tag formal5080 --n-state 40 --n-action 50 --n-iter 30 --n-iter-v 1 --callback-freq 10 --n-test 100 --device cuda --max-batch-v 10000 --max-batch-a 100000 --nswp-v 5 --nswp-a 10 --rmax-v 100 --rmax-a 100 --kickrank-v 10 --kickrank-a 10 --eps-cross-v 0.001 --eps-cross-a 0.001 --eps-round-v 0.001 --eps-round-a 0.001 --n-samples 50
HM8,0,0,2026,0,0,free_pam,/home/s110/code/ttpi_iclr/repro/results/HM8_state40_action50_iter30_orderfree_pam_seed0_formal5080.json,/home/s110/miniconda3/envs/tt_5080/bin/python3 /home/s110/code/ttpi_iclr/repro/scripts/run_hardmove.py --n-actuator 8 --env-variant standard --training-seed 0 --environment-seed 2026 --permutation-seed 0 --state-sampling-seed 0 --action-order free_pam --run-tag formal5080 --n-state 40 --n-action 50 --n-iter 30 --n-iter-v 1 --callback-freq 10 --n-test 100 --device cuda --max-batch-v 10000 --max-batch-a 100000 --nswp-v 5 --nswp-a 10 --rmax-v 100 --rmax-a 100 --kickrank-v 10 --kickrank-a 10 --eps-cross-v 0.001 --eps-cross-a 0.001 --eps-round-v 0.001 --eps-round-a 0.001 --n-samples 50
HM8,0,0,2026,0,0,peakcut_pam,/home/s110/code/ttpi_iclr/repro/results/HM8_state40_action50_iter30_orderpeakcut_pam_seed0_formal5080.json,/home/s110/miniconda3/envs/tt_5080/bin/python3 /home/s110/code/ttpi_iclr/repro/scripts/run_hardmove.py --n-actuator 8 --env-variant standard --training-seed 0 --environment-seed 2026 --permutation-seed 0 --state-sampling-seed 0 --action-order peakcut_pam --run-tag formal5080 --n-state 40 --n-action 50 --n-iter 30 --n-iter-v 1 --callback-freq 10 --n-test 100 --device cuda --max-batch-v 10000 --max-batch-a 100000 --nswp-v 5 --nswp-a 10 --rmax-v 100 --rmax-a 100 --kickrank-v 10 --kickrank-a 10 --eps-cross-v 0.001 --eps-cross-a 0.001 --eps-round-v 0.001 --eps-round-a 0.001 --n-samples 50
HM8,0,0,2026,0,0,sensitivity_pam,/home/s110/code/ttpi_iclr/repro/results/HM8_state40_action50_iter30_ordersensitivity_pam_seed0_formal5080.json,/home/s110/miniconda3/envs/tt_5080/bin/python3 /home/s110/code/ttpi_iclr/repro/scripts/run_hardmove.py --n-actuator 8 --env-variant standard --training-seed 0 --environment-seed 2026 --permutation-seed 0 --state-sampling-seed 0 --action-order sensitivity_pam --run-tag formal5080 --n-state 40 --n-action 50 --n-iter 30 --n-iter-v 1 --callback-freq 10 --n-test 100 --device cuda --max-batch-v 10000 --max-batch-a 100000 --nswp-v 5 --nswp-a 10 --rmax-v 100 --rmax-a 100 --kickrank-v 10 --kickrank-a 10 --eps-cross-v 0.001 --eps-cross-a 0.001 --eps-round-v 0.001 --eps-round-a 0.001 --n-samples 50
HM8,0,0,2026,0,0,rankaware_proxy_pam,/home/s110/code/ttpi_iclr/repro/results/HM8_state40_action50_iter30_orderrankaware_proxy_pam_seed0_formal5080.json,/home/s110/miniconda3/envs/tt_5080/bin/python3 /home/s110/code/ttpi_iclr/repro/scripts/run_hardmove.py --n-actuator 8 --env-variant standard --training-seed 0 --environment-seed 2026 --permutation-seed 0 --state-sampling-seed 0 --action-order rankaware_proxy_pam --run-tag formal5080 --n-state 40 --n-action 50 --n-iter 30 --n-iter-v 1 --callback-freq 10 --n-test 100 --device cuda --max-batch-v 10000 --max-batch-a 100000 --nswp-v 5 --nswp-a 10 --rmax-v 100 --rmax-a 100 --kickrank-v 10 --kickrank-a 10 --eps-cross-v 0.001 --eps-cross-a 0.001 --eps-round-v 0.001 --eps-round-a 0.001 --n-samples 50
HM8,0,0,2026,0,0,hybrid_pam,/home/s110/code/ttpi_iclr/repro/results/HM8_state40_action50_iter30_orderhybrid_pam_seed0_formal5080.json,/home/s110/miniconda3/envs/tt_5080/bin/python3 /home/s110/code/ttpi_iclr/repro/scripts/run_hardmove.py --n-actuator 8 --env-variant standard --training-seed 0 --environment-seed 2026 --permutation-seed 0 --state-sampling-seed 0 --action-order hybrid_pam --run-tag formal5080 --n-state 40 --n-action 50 --n-iter 30 --n-iter-v 1 --callback-freq 10 --n-test 100 --device cuda --max-batch-v 10000 --max-batch-a 100000 --nswp-v 5 --nswp-a 10 --rmax-v 100 --rmax-a 100 --kickrank-v 10 --kickrank-a 10 --eps-cross-v 0.001 --eps-cross-a 0.001 --eps-round-v 0.001 --eps-round-a 0.001 --n-samples 50
HM8,1,1,2026,0,1,local,/home/s110/code/ttpi_iclr/repro/results/HM8_state40_action50_iter30_orderlocal_seed1_formal5080.json,/home/s110/miniconda3/envs/tt_5080/bin/python3 /home/s110/code/ttpi_iclr/repro/scripts/run_hardmove.py --n-actuator 8 --env-variant standard --training-seed 1 --environment-seed 2026 --permutation-seed 0 --state-sampling-seed 1 --action-order local --run-tag formal5080 --n-state 40 --n-action 50 --n-iter 30 --n-iter-v 1 --callback-freq 10 --n-test 100 --device cuda --max-batch-v 10000 --max-batch-a 100000 --nswp-v 5 --nswp-a 10 --rmax-v 100 --rmax-a 100 --kickrank-v 10 --kickrank-a 10 --eps-cross-v 0.001 --eps-cross-a 0.001 --eps-round-v 0.001 --eps-round-a 0.001 --n-samples 50
HM8,1,1,2026,0,1,random,/home/s110/code/ttpi_iclr/repro/results/HM8_state40_action50_iter30_orderrandom_seed1_permseed0_formal5080.json,/home/s110/miniconda3/envs/tt_5080/bin/python3 /home/s110/code/ttpi_iclr/repro/scripts/run_hardmove.py --n-actuator 8 --env-variant standard --training-seed 1 --environment-seed 2026 --permutation-seed 0 --include-permutation-seed-in-run-id --state-sampling-seed 1 --action-order random --run-tag formal5080 --n-state 40 --n-action 50 --n-iter 30 --n-iter-v 1 --callback-freq 10 --n-test 100 --device cuda --max-batch-v 10000 --max-batch-a 100000 --nswp-v 5 --nswp-a 10 --rmax-v 100 --rmax-a 100 --kickrank-v 10 --kickrank-a 10 --eps-cross-v 0.001 --eps-cross-a 0.001 --eps-round-v 0.001 --eps-round-a 0.001 --n-samples 50
HM8,1,1,2026,1,1,random,/home/s110/code/ttpi_iclr/repro/results/HM8_state40_action50_iter30_orderrandom_seed1_permseed1_formal5080.json,/home/s110/miniconda3/envs/tt_5080/bin/python3 /home/s110/code/ttpi_iclr/repro/scripts/run_hardmove.py --n-actuator 8 --env-variant standard --training-seed 1 --environment-seed 2026 --permutation-seed 1 --include-permutation-seed-in-run-id --state-sampling-seed 1 --action-order random --run-tag formal5080 --n-state 40 --n-action 50 --n-iter 30 --n-iter-v 1 --callback-freq 10 --n-test 100 --device cuda --max-batch-v 10000 --max-batch-a 100000 --nswp-v 5 --nswp-a 10 --rmax-v 100 --rmax-a 100 --kickrank-v 10 --kickrank-a 10 --eps-cross-v 0.001 --eps-cross-a 0.001 --eps-round-v 0.001 --eps-round-a 0.001 --n-samples 50
HM8,1,1,2026,2,1,random,/home/s110/code/ttpi_iclr/repro/results/HM8_state40_action50_iter30_orderrandom_seed1_permseed2_formal5080.json,/home/s110/miniconda3/envs/tt_5080/bin/python3 /home/s110/code/ttpi_iclr/repro/scripts/run_hardmove.py --n-actuator 8 --env-variant standard --training-seed 1 --environment-seed 2026 --permutation-seed 2 --include-permutation-seed-in-run-id --state-sampling-seed 1 --action-order random --run-tag formal5080 --n-state 40 --n-action 50 --n-iter 30 --n-iter-v 1 --callback-freq 10 --n-test 100 --device cuda --max-batch-v 10000 --max-batch-a 100000 --nswp-v 5 --nswp-a 10 --rmax-v 100 --rmax-a 100 --kickrank-v 10 --kickrank-a 10 --eps-cross-v 0.001 --eps-cross-a 0.001 --eps-round-v 0.001 --eps-round-a 0.001 --n-samples 50
HM8,1,1,2026,0,1,badsplit,/home/s110/code/ttpi_iclr/repro/results/HM8_state40_action50_iter30_orderbadsplit_seed1_formal5080.json,/home/s110/miniconda3/envs/tt_5080/bin/python3 /home/s110/code/ttpi_iclr/repro/scripts/run_hardmove.py --n-actuator 8 --env-variant standard --training-seed 1 --environment-seed 2026 --permutation-seed 0 --state-sampling-seed 1 --action-order badsplit --run-tag formal5080 --n-state 40 --n-action 50 --n-iter 30 --n-iter-v 1 --callback-freq 10 --n-test 100 --device cuda --max-batch-v 10000 --max-batch-a 100000 --nswp-v 5 --nswp-a 10 --rmax-v 100 --rmax-a 100 --kickrank-v 10 --kickrank-a 10 --eps-cross-v 0.001 --eps-cross-a 0.001 --eps-round-v 0.001 --eps-round-a 0.001 --n-samples 50
HM8,1,1,2026,0,1,reverse_blocks,/home/s110/code/ttpi_iclr/repro/results/HM8_state40_action50_iter30_orderreverse_blocks_seed1_formal5080.json,/home/s110/miniconda3/envs/tt_5080/bin/python3 /home/s110/code/ttpi_iclr/repro/scripts/run_hardmove.py --n-actuator 8 --env-variant standard --training-seed 1 --environment-seed 2026 --permutation-seed 0 --state-sampling-seed 1 --action-order reverse_blocks --run-tag formal5080 --n-state 40 --n-action 50 --n-iter 30 --n-iter-v 1 --callback-freq 10 --n-test 100 --device cuda --max-batch-v 10000 --max-batch-a 100000 --nswp-v 5 --nswp-a 10 --rmax-v 100 --rmax-a 100 --kickrank-v 10 --kickrank-a 10 --eps-cross-v 0.001 --eps-cross-a 0.001 --eps-round-v 0.001 --eps-round-a 0.001 --n-samples 50
HM8,1,1,2026,0,1,flip_within_block,/home/s110/code/ttpi_iclr/repro/results/HM8_state40_action50_iter30_orderflip_within_block_seed1_formal5080.json,/home/s110/miniconda3/envs/tt_5080/bin/python3 /home/s110/code/ttpi_iclr/repro/scripts/run_hardmove.py --n-actuator 8 --env-variant standard --training-seed 1 --environment-seed 2026 --permutation-seed 0 --state-sampling-seed 1 --action-order flip_within_block --run-tag formal5080 --n-state 40 --n-action 50 --n-iter 30 --n-iter-v 1 --callback-freq 10 --n-test 100 --device cuda --max-batch-v 10000 --max-batch-a 100000 --nswp-v 5 --nswp-a 10 --rmax-v 100 --rmax-a 100 --kickrank-v 10 --kickrank-a 10 --eps-cross-v 0.001 --eps-cross-a 0.001 --eps-round-v 0.001 --eps-round-a 0.001 --n-samples 50
HM8,1,1,2026,0,1,pam_greedy,/home/s110/code/ttpi_iclr/repro/results/HM8_state40_action50_iter30_orderpam_greedy_seed1_formal5080.json,/home/s110/miniconda3/envs/tt_5080/bin/python3 /home/s110/code/ttpi_iclr/repro/scripts/run_hardmove.py --n-actuator 8 --env-variant standard --training-seed 1 --environment-seed 2026 --permutation-seed 0 --state-sampling-seed 1 --action-order pam_greedy --run-tag formal5080 --n-state 40 --n-action 50 --n-iter 30 --n-iter-v 1 --callback-freq 10 --n-test 100 --device cuda --max-batch-v 10000 --max-batch-a 100000 --nswp-v 5 --nswp-a 10 --rmax-v 100 --rmax-a 100 --kickrank-v 10 --kickrank-a 10 --eps-cross-v 0.001 --eps-cross-a 0.001 --eps-round-v 0.001 --eps-round-a 0.001 --n-samples 50
HM8,1,1,2026,0,1,pam_spectral,/home/s110/code/ttpi_iclr/repro/results/HM8_state40_action50_iter30_orderpam_spectral_seed1_formal5080.json,/home/s110/miniconda3/envs/tt_5080/bin/python3 /home/s110/code/ttpi_iclr/repro/scripts/run_hardmove.py --n-actuator 8 --env-variant standard --training-seed 1 --environment-seed 2026 --permutation-seed 0 --state-sampling-seed 1 --action-order pam_spectral --run-tag formal5080 --n-state 40 --n-action 50 --n-iter 30 --n-iter-v 1 --callback-freq 10 --n-test 100 --device cuda --max-batch-v 10000 --max-batch-a 100000 --nswp-v 5 --nswp-a 10 --rmax-v 100 --rmax-a 100 --kickrank-v 10 --kickrank-a 10 --eps-cross-v 0.001 --eps-cross-a 0.001 --eps-round-v 0.001 --eps-round-a 0.001 --n-samples 50
HM8,1,1,2026,0,1,block_pam,/home/s110/code/ttpi_iclr/repro/results/HM8_state40_action50_iter30_orderblock_pam_seed1_formal5080.json,/home/s110/miniconda3/envs/tt_5080/bin/python3 /home/s110/code/ttpi_iclr/repro/scripts/run_hardmove.py --n-actuator 8 --env-variant standard --training-seed 1 --environment-seed 2026 --permutation-seed 0 --state-sampling-seed 1 --action-order block_pam --run-tag formal5080 --n-state 40 --n-action 50 --n-iter 30 --n-iter-v 1 --callback-freq 10 --n-test 100 --device cuda --max-batch-v 10000 --max-batch-a 100000 --nswp-v 5 --nswp-a 10 --rmax-v 100 --rmax-a 100 --kickrank-v 10 --kickrank-a 10 --eps-cross-v 0.001 --eps-cross-a 0.001 --eps-round-v 0.001 --eps-round-a 0.001 --n-samples 50
HM8,1,1,2026,0,1,free_pam,/home/s110/code/ttpi_iclr/repro/results/HM8_state40_action50_iter30_orderfree_pam_seed1_formal5080.json,/home/s110/miniconda3/envs/tt_5080/bin/python3 /home/s110/code/ttpi_iclr/repro/scripts/run_hardmove.py --n-actuator 8 --env-variant standard --training-seed 1 --environment-seed 2026 --permutation-seed 0 --state-sampling-seed 1 --action-order free_pam --run-tag formal5080 --n-state 40 --n-action 50 --n-iter 30 --n-iter-v 1 --callback-freq 10 --n-test 100 --device cuda --max-batch-v 10000 --max-batch-a 100000 --nswp-v 5 --nswp-a 10 --rmax-v 100 --rmax-a 100 --kickrank-v 10 --kickrank-a 10 --eps-cross-v 0.001 --eps-cross-a 0.001 --eps-round-v 0.001 --eps-round-a 0.001 --n-samples 50
HM8,1,1,2026,0,1,peakcut_pam,/home/s110/code/ttpi_iclr/repro/results/HM8_state40_action50_iter30_orderpeakcut_pam_seed1_formal5080.json,/home/s110/miniconda3/envs/tt_5080/bin/python3 /home/s110/code/ttpi_iclr/repro/scripts/run_hardmove.py --n-actuator 8 --env-variant standard --training-seed 1 --environment-seed 2026 --permutation-seed 0 --state-sampling-seed 1 --action-order peakcut_pam --run-tag formal5080 --n-state 40 --n-action 50 --n-iter 30 --n-iter-v 1 --callback-freq 10 --n-test 100 --device cuda --max-batch-v 10000 --max-batch-a 100000 --nswp-v 5 --nswp-a 10 --rmax-v 100 --rmax-a 100 --kickrank-v 10 --kickrank-a 10 --eps-cross-v 0.001 --eps-cross-a 0.001 --eps-round-v 0.001 --eps-round-a 0.001 --n-samples 50
HM8,1,1,2026,0,1,sensitivity_pam,/home/s110/code/ttpi_iclr/repro/results/HM8_state40_action50_iter30_ordersensitivity_pam_seed1_formal5080.json,/home/s110/miniconda3/envs/tt_5080/bin/python3 /home/s110/code/ttpi_iclr/repro/scripts/run_hardmove.py --n-actuator 8 --env-variant standard --training-seed 1 --environment-seed 2026 --permutation-seed 0 --state-sampling-seed 1 --action-order sensitivity_pam --run-tag formal5080 --n-state 40 --n-action 50 --n-iter 30 --n-iter-v 1 --callback-freq 10 --n-test 100 --device cuda --max-batch-v 10000 --max-batch-a 100000 --nswp-v 5 --nswp-a 10 --rmax-v 100 --rmax-a 100 --kickrank-v 10 --kickrank-a 10 --eps-cross-v 0.001 --eps-cross-a 0.001 --eps-round-v 0.001 --eps-round-a 0.001 --n-samples 50
HM8,1,1,2026,0,1,rankaware_proxy_pam,/home/s110/code/ttpi_iclr/repro/results/HM8_state40_action50_iter30_orderrankaware_proxy_pam_seed1_formal5080.json,/home/s110/miniconda3/envs/tt_5080/bin/python3 /home/s110/code/ttpi_iclr/repro/scripts/run_hardmove.py --n-actuator 8 --env-variant standard --training-seed 1 --environment-seed 2026 --permutation-seed 0 --state-sampling-seed 1 --action-order rankaware_proxy_pam --run-tag formal5080 --n-state 40 --n-action 50 --n-iter 30 --n-iter-v 1 --callback-freq 10 --n-test 100 --device cuda --max-batch-v 10000 --max-batch-a 100000 --nswp-v 5 --nswp-a 10 --rmax-v 100 --rmax-a 100 --kickrank-v 10 --kickrank-a 10 --eps-cross-v 0.001 --eps-cross-a 0.001 --eps-round-v 0.001 --eps-round-a 0.001 --n-samples 50
HM8,1,1,2026,0,1,hybrid_pam,/home/s110/code/ttpi_iclr/repro/results/HM8_state40_action50_iter30_orderhybrid_pam_seed1_formal5080.json,/home/s110/miniconda3/envs/tt_5080/bin/python3 /home/s110/code/ttpi_iclr/repro/scripts/run_hardmove.py --n-actuator 8 --env-variant standard --training-seed 1 --environment-seed 2026 --permutation-seed 0 --state-sampling-seed 1 --action-order hybrid_pam --run-tag formal5080 --n-state 40 --n-action 50 --n-iter 30 --n-iter-v 1 --callback-freq 10 --n-test 100 --device cuda --max-batch-v 10000 --max-batch-a 100000 --nswp-v 5 --nswp-a 10 --rmax-v 100 --rmax-a 100 --kickrank-v 10 --kickrank-a 10 --eps-cross-v 0.001 --eps-cross-a 0.001 --eps-round-v 0.001 --eps-round-a 0.001 --n-samples 50
HM8,2,2,2026,0,2,local,/home/s110/code/ttpi_iclr/repro/results/HM8_state40_action50_iter30_orderlocal_seed2_formal5080.json,/home/s110/miniconda3/envs/tt_5080/bin/python3 /home/s110/code/ttpi_iclr/repro/scripts/run_hardmove.py --n-actuator 8 --env-variant standard --training-seed 2 --environment-seed 2026 --permutation-seed 0 --state-sampling-seed 2 --action-order local --run-tag formal5080 --n-state 40 --n-action 50 --n-iter 30 --n-iter-v 1 --callback-freq 10 --n-test 100 --device cuda --max-batch-v 10000 --max-batch-a 100000 --nswp-v 5 --nswp-a 10 --rmax-v 100 --rmax-a 100 --kickrank-v 10 --kickrank-a 10 --eps-cross-v 0.001 --eps-cross-a 0.001 --eps-round-v 0.001 --eps-round-a 0.001 --n-samples 50
HM8,2,2,2026,0,2,random,/home/s110/code/ttpi_iclr/repro/results/HM8_state40_action50_iter30_orderrandom_seed2_permseed0_formal5080.json,/home/s110/miniconda3/envs/tt_5080/bin/python3 /home/s110/code/ttpi_iclr/repro/scripts/run_hardmove.py --n-actuator 8 --env-variant standard --training-seed 2 --environment-seed 2026 --permutation-seed 0 --include-permutation-seed-in-run-id --state-sampling-seed 2 --action-order random --run-tag formal5080 --n-state 40 --n-action 50 --n-iter 30 --n-iter-v 1 --callback-freq 10 --n-test 100 --device cuda --max-batch-v 10000 --max-batch-a 100000 --nswp-v 5 --nswp-a 10 --rmax-v 100 --rmax-a 100 --kickrank-v 10 --kickrank-a 10 --eps-cross-v 0.001 --eps-cross-a 0.001 --eps-round-v 0.001 --eps-round-a 0.001 --n-samples 50
HM8,2,2,2026,1,2,random,/home/s110/code/ttpi_iclr/repro/results/HM8_state40_action50_iter30_orderrandom_seed2_permseed1_formal5080.json,/home/s110/miniconda3/envs/tt_5080/bin/python3 /home/s110/code/ttpi_iclr/repro/scripts/run_hardmove.py --n-actuator 8 --env-variant standard --training-seed 2 --environment-seed 2026 --permutation-seed 1 --include-permutation-seed-in-run-id --state-sampling-seed 2 --action-order random --run-tag formal5080 --n-state 40 --n-action 50 --n-iter 30 --n-iter-v 1 --callback-freq 10 --n-test 100 --device cuda --max-batch-v 10000 --max-batch-a 100000 --nswp-v 5 --nswp-a 10 --rmax-v 100 --rmax-a 100 --kickrank-v 10 --kickrank-a 10 --eps-cross-v 0.001 --eps-cross-a 0.001 --eps-round-v 0.001 --eps-round-a 0.001 --n-samples 50
HM8,2,2,2026,2,2,random,/home/s110/code/ttpi_iclr/repro/results/HM8_state40_action50_iter30_orderrandom_seed2_permseed2_formal5080.json,/home/s110/miniconda3/envs/tt_5080/bin/python3 /home/s110/code/ttpi_iclr/repro/scripts/run_hardmove.py --n-actuator 8 --env-variant standard --training-seed 2 --environment-seed 2026 --permutation-seed 2 --include-permutation-seed-in-run-id --state-sampling-seed 2 --action-order random --run-tag formal5080 --n-state 40 --n-action 50 --n-iter 30 --n-iter-v 1 --callback-freq 10 --n-test 100 --device cuda --max-batch-v 10000 --max-batch-a 100000 --nswp-v 5 --nswp-a 10 --rmax-v 100 --rmax-a 100 --kickrank-v 10 --kickrank-a 10 --eps-cross-v 0.001 --eps-cross-a 0.001 --eps-round-v 0.001 --eps-round-a 0.001 --n-samples 50
HM8,2,2,2026,0,2,badsplit,/home/s110/code/ttpi_iclr/repro/results/HM8_state40_action50_iter30_orderbadsplit_seed2_formal5080.json,/home/s110/miniconda3/envs/tt_5080/bin/python3 /home/s110/code/ttpi_iclr/repro/scripts/run_hardmove.py --n-actuator 8 --env-variant standard --training-seed 2 --environment-seed 2026 --permutation-seed 0 --state-sampling-seed 2 --action-order badsplit --run-tag formal5080 --n-state 40 --n-action 50 --n-iter 30 --n-iter-v 1 --callback-freq 10 --n-test 100 --device cuda --max-batch-v 10000 --max-batch-a 100000 --nswp-v 5 --nswp-a 10 --rmax-v 100 --rmax-a 100 --kickrank-v 10 --kickrank-a 10 --eps-cross-v 0.001 --eps-cross-a 0.001 --eps-round-v 0.001 --eps-round-a 0.001 --n-samples 50
HM8,2,2,2026,0,2,reverse_blocks,/home/s110/code/ttpi_iclr/repro/results/HM8_state40_action50_iter30_orderreverse_blocks_seed2_formal5080.json,/home/s110/miniconda3/envs/tt_5080/bin/python3 /home/s110/code/ttpi_iclr/repro/scripts/run_hardmove.py --n-actuator 8 --env-variant standard --training-seed 2 --environment-seed 2026 --permutation-seed 0 --state-sampling-seed 2 --action-order reverse_blocks --run-tag formal5080 --n-state 40 --n-action 50 --n-iter 30 --n-iter-v 1 --callback-freq 10 --n-test 100 --device cuda --max-batch-v 10000 --max-batch-a 100000 --nswp-v 5 --nswp-a 10 --rmax-v 100 --rmax-a 100 --kickrank-v 10 --kickrank-a 10 --eps-cross-v 0.001 --eps-cross-a 0.001 --eps-round-v 0.001 --eps-round-a 0.001 --n-samples 50
HM8,2,2,2026,0,2,flip_within_block,/home/s110/code/ttpi_iclr/repro/results/HM8_state40_action50_iter30_orderflip_within_block_seed2_formal5080.json,/home/s110/miniconda3/envs/tt_5080/bin/python3 /home/s110/code/ttpi_iclr/repro/scripts/run_hardmove.py --n-actuator 8 --env-variant standard --training-seed 2 --environment-seed 2026 --permutation-seed 0 --state-sampling-seed 2 --action-order flip_within_block --run-tag formal5080 --n-state 40 --n-action 50 --n-iter 30 --n-iter-v 1 --callback-freq 10 --n-test 100 --device cuda --max-batch-v 10000 --max-batch-a 100000 --nswp-v 5 --nswp-a 10 --rmax-v 100 --rmax-a 100 --kickrank-v 10 --kickrank-a 10 --eps-cross-v 0.001 --eps-cross-a 0.001 --eps-round-v 0.001 --eps-round-a 0.001 --n-samples 50
HM8,2,2,2026,0,2,pam_greedy,/home/s110/code/ttpi_iclr/repro/results/HM8_state40_action50_iter30_orderpam_greedy_seed2_formal5080.json,/home/s110/miniconda3/envs/tt_5080/bin/python3 /home/s110/code/ttpi_iclr/repro/scripts/run_hardmove.py --n-actuator 8 --env-variant standard --training-seed 2 --environment-seed 2026 --permutation-seed 0 --state-sampling-seed 2 --action-order pam_greedy --run-tag formal5080 --n-state 40 --n-action 50 --n-iter 30 --n-iter-v 1 --callback-freq 10 --n-test 100 --device cuda --max-batch-v 10000 --max-batch-a 100000 --nswp-v 5 --nswp-a 10 --rmax-v 100 --rmax-a 100 --kickrank-v 10 --kickrank-a 10 --eps-cross-v 0.001 --eps-cross-a 0.001 --eps-round-v 0.001 --eps-round-a 0.001 --n-samples 50
HM8,2,2,2026,0,2,pam_spectral,/home/s110/code/ttpi_iclr/repro/results/HM8_state40_action50_iter30_orderpam_spectral_seed2_formal5080.json,/home/s110/miniconda3/envs/tt_5080/bin/python3 /home/s110/code/ttpi_iclr/repro/scripts/run_hardmove.py --n-actuator 8 --env-variant standard --training-seed 2 --environment-seed 2026 --permutation-seed 0 --state-sampling-seed 2 --action-order pam_spectral --run-tag formal5080 --n-state 40 --n-action 50 --n-iter 30 --n-iter-v 1 --callback-freq 10 --n-test 100 --device cuda --max-batch-v 10000 --max-batch-a 100000 --nswp-v 5 --nswp-a 10 --rmax-v 100 --rmax-a 100 --kickrank-v 10 --kickrank-a 10 --eps-cross-v 0.001 --eps-cross-a 0.001 --eps-round-v 0.001 --eps-round-a 0.001 --n-samples 50
HM8,2,2,2026,0,2,block_pam,/home/s110/code/ttpi_iclr/repro/results/HM8_state40_action50_iter30_orderblock_pam_seed2_formal5080.json,/home/s110/miniconda3/envs/tt_5080/bin/python3 /home/s110/code/ttpi_iclr/repro/scripts/run_hardmove.py --n-actuator 8 --env-variant standard --training-seed 2 --environment-seed 2026 --permutation-seed 0 --state-sampling-seed 2 --action-order block_pam --run-tag formal5080 --n-state 40 --n-action 50 --n-iter 30 --n-iter-v 1 --callback-freq 10 --n-test 100 --device cuda --max-batch-v 10000 --max-batch-a 100000 --nswp-v 5 --nswp-a 10 --rmax-v 100 --rmax-a 100 --kickrank-v 10 --kickrank-a 10 --eps-cross-v 0.001 --eps-cross-a 0.001 --eps-round-v 0.001 --eps-round-a 0.001 --n-samples 50
HM8,2,2,2026,0,2,free_pam,/home/s110/code/ttpi_iclr/repro/results/HM8_state40_action50_iter30_orderfree_pam_seed2_formal5080.json,/home/s110/miniconda3/envs/tt_5080/bin/python3 /home/s110/code/ttpi_iclr/repro/scripts/run_hardmove.py --n-actuator 8 --env-variant standard --training-seed 2 --environment-seed 2026 --permutation-seed 0 --state-sampling-seed 2 --action-order free_pam --run-tag formal5080 --n-state 40 --n-action 50 --n-iter 30 --n-iter-v 1 --callback-freq 10 --n-test 100 --device cuda --max-batch-v 10000 --max-batch-a 100000 --nswp-v 5 --nswp-a 10 --rmax-v 100 --rmax-a 100 --kickrank-v 10 --kickrank-a 10 --eps-cross-v 0.001 --eps-cross-a 0.001 --eps-round-v 0.001 --eps-round-a 0.001 --n-samples 50
HM8,2,2,2026,0,2,peakcut_pam,/home/s110/code/ttpi_iclr/repro/results/HM8_state40_action50_iter30_orderpeakcut_pam_seed2_formal5080.json,/home/s110/miniconda3/envs/tt_5080/bin/python3 /home/s110/code/ttpi_iclr/repro/scripts/run_hardmove.py --n-actuator 8 --env-variant standard --training-seed 2 --environment-seed 2026 --permutation-seed 0 --state-sampling-seed 2 --action-order peakcut_pam --run-tag formal5080 --n-state 40 --n-action 50 --n-iter 30 --n-iter-v 1 --callback-freq 10 --n-test 100 --device cuda --max-batch-v 10000 --max-batch-a 100000 --nswp-v 5 --nswp-a 10 --rmax-v 100 --rmax-a 100 --kickrank-v 10 --kickrank-a 10 --eps-cross-v 0.001 --eps-cross-a 0.001 --eps-round-v 0.001 --eps-round-a 0.001 --n-samples 50
HM8,2,2,2026,0,2,sensitivity_pam,/home/s110/code/ttpi_iclr/repro/results/HM8_state40_action50_iter30_ordersensitivity_pam_seed2_formal5080.json,/home/s110/miniconda3/envs/tt_5080/bin/python3 /home/s110/code/ttpi_iclr/repro/scripts/run_hardmove.py --n-actuator 8 --env-variant standard --training-seed 2 --environment-seed 2026 --permutation-seed 0 --state-sampling-seed 2 --action-order sensitivity_pam --run-tag formal5080 --n-state 40 --n-action 50 --n-iter 30 --n-iter-v 1 --callback-freq 10 --n-test 100 --device cuda --max-batch-v 10000 --max-batch-a 100000 --nswp-v 5 --nswp-a 10 --rmax-v 100 --rmax-a 100 --kickrank-v 10 --kickrank-a 10 --eps-cross-v 0.001 --eps-cross-a 0.001 --eps-round-v 0.001 --eps-round-a 0.001 --n-samples 50
HM8,2,2,2026,0,2,rankaware_proxy_pam,/home/s110/code/ttpi_iclr/repro/results/HM8_state40_action50_iter30_orderrankaware_proxy_pam_seed2_formal5080.json,/home/s110/miniconda3/envs/tt_5080/bin/python3 /home/s110/code/ttpi_iclr/repro/scripts/run_hardmove.py --n-actuator 8 --env-variant standard --training-seed 2 --environment-seed 2026 --permutation-seed 0 --state-sampling-seed 2 --action-order rankaware_proxy_pam --run-tag formal5080 --n-state 40 --n-action 50 --n-iter 30 --n-iter-v 1 --callback-freq 10 --n-test 100 --device cuda --max-batch-v 10000 --max-batch-a 100000 --nswp-v 5 --nswp-a 10 --rmax-v 100 --rmax-a 100 --kickrank-v 10 --kickrank-a 10 --eps-cross-v 0.001 --eps-cross-a 0.001 --eps-round-v 0.001 --eps-round-a 0.001 --n-samples 50
HM8,2,2,2026,0,2,hybrid_pam,/home/s110/code/ttpi_iclr/repro/results/HM8_state40_action50_iter30_orderhybrid_pam_seed2_formal5080.json,/home/s110/miniconda3/envs/tt_5080/bin/python3 /home/s110/code/ttpi_iclr/repro/scripts/run_hardmove.py --n-actuator 8 --env-variant standard --training-seed 2 --environment-seed 2026 --permutation-seed 0 --state-sampling-seed 2 --action-order hybrid_pam --run-tag formal5080 --n-state 40 --n-action 50 --n-iter 30 --n-iter-v 1 --callback-freq 10 --n-test 100 --device cuda --max-batch-v 10000 --max-batch-a 100000 --nswp-v 5 --nswp-a 10 --rmax-v 100 --rmax-a 100 --kickrank-v 10 --kickrank-a 10 --eps-cross-v 0.001 --eps-cross-a 0.001 --eps-round-v 0.001 --eps-round-a 0.001 --n-samples 50
HM8,3,3,2026,0,3,local,/home/s110/code/ttpi_iclr/repro/results/HM8_state40_action50_iter30_orderlocal_seed3_formal5080.json,/home/s110/miniconda3/envs/tt_5080/bin/python3 /home/s110/code/ttpi_iclr/repro/scripts/run_hardmove.py --n-actuator 8 --env-variant standard --training-seed 3 --environment-seed 2026 --permutation-seed 0 --state-sampling-seed 3 --action-order local --run-tag formal5080 --n-state 40 --n-action 50 --n-iter 30 --n-iter-v 1 --callback-freq 10 --n-test 100 --device cuda --max-batch-v 10000 --max-batch-a 100000 --nswp-v 5 --nswp-a 10 --rmax-v 100 --rmax-a 100 --kickrank-v 10 --kickrank-a 10 --eps-cross-v 0.001 --eps-cross-a 0.001 --eps-round-v 0.001 --eps-round-a 0.001 --n-samples 50
HM8,3,3,2026,0,3,random,/home/s110/code/ttpi_iclr/repro/results/HM8_state40_action50_iter30_orderrandom_seed3_permseed0_formal5080.json,/home/s110/miniconda3/envs/tt_5080/bin/python3 /home/s110/code/ttpi_iclr/repro/scripts/run_hardmove.py --n-actuator 8 --env-variant standard --training-seed 3 --environment-seed 2026 --permutation-seed 0 --include-permutation-seed-in-run-id --state-sampling-seed 3 --action-order random --run-tag formal5080 --n-state 40 --n-action 50 --n-iter 30 --n-iter-v 1 --callback-freq 10 --n-test 100 --device cuda --max-batch-v 10000 --max-batch-a 100000 --nswp-v 5 --nswp-a 10 --rmax-v 100 --rmax-a 100 --kickrank-v 10 --kickrank-a 10 --eps-cross-v 0.001 --eps-cross-a 0.001 --eps-round-v 0.001 --eps-round-a 0.001 --n-samples 50
HM8,3,3,2026,1,3,random,/home/s110/code/ttpi_iclr/repro/results/HM8_state40_action50_iter30_orderrandom_seed3_permseed1_formal5080.json,/home/s110/miniconda3/envs/tt_5080/bin/python3 /home/s110/code/ttpi_iclr/repro/scripts/run_hardmove.py --n-actuator 8 --env-variant standard --training-seed 3 --environment-seed 2026 --permutation-seed 1 --include-permutation-seed-in-run-id --state-sampling-seed 3 --action-order random --run-tag formal5080 --n-state 40 --n-action 50 --n-iter 30 --n-iter-v 1 --callback-freq 10 --n-test 100 --device cuda --max-batch-v 10000 --max-batch-a 100000 --nswp-v 5 --nswp-a 10 --rmax-v 100 --rmax-a 100 --kickrank-v 10 --kickrank-a 10 --eps-cross-v 0.001 --eps-cross-a 0.001 --eps-round-v 0.001 --eps-round-a 0.001 --n-samples 50
HM8,3,3,2026,2,3,random,/home/s110/code/ttpi_iclr/repro/results/HM8_state40_action50_iter30_orderrandom_seed3_permseed2_formal5080.json,/home/s110/miniconda3/envs/tt_5080/bin/python3 /home/s110/code/ttpi_iclr/repro/scripts/run_hardmove.py --n-actuator 8 --env-variant standard --training-seed 3 --environment-seed 2026 --permutation-seed 2 --include-permutation-seed-in-run-id --state-sampling-seed 3 --action-order random --run-tag formal5080 --n-state 40 --n-action 50 --n-iter 30 --n-iter-v 1 --callback-freq 10 --n-test 100 --device cuda --max-batch-v 10000 --max-batch-a 100000 --nswp-v 5 --nswp-a 10 --rmax-v 100 --rmax-a 100 --kickrank-v 10 --kickrank-a 10 --eps-cross-v 0.001 --eps-cross-a 0.001 --eps-round-v 0.001 --eps-round-a 0.001 --n-samples 50
HM8,3,3,2026,0,3,badsplit,/home/s110/code/ttpi_iclr/repro/results/HM8_state40_action50_iter30_orderbadsplit_seed3_formal5080.json,/home/s110/miniconda3/envs/tt_5080/bin/python3 /home/s110/code/ttpi_iclr/repro/scripts/run_hardmove.py --n-actuator 8 --env-variant standard --training-seed 3 --environment-seed 2026 --permutation-seed 0 --state-sampling-seed 3 --action-order badsplit --run-tag formal5080 --n-state 40 --n-action 50 --n-iter 30 --n-iter-v 1 --callback-freq 10 --n-test 100 --device cuda --max-batch-v 10000 --max-batch-a 100000 --nswp-v 5 --nswp-a 10 --rmax-v 100 --rmax-a 100 --kickrank-v 10 --kickrank-a 10 --eps-cross-v 0.001 --eps-cross-a 0.001 --eps-round-v 0.001 --eps-round-a 0.001 --n-samples 50
HM8,3,3,2026,0,3,reverse_blocks,/home/s110/code/ttpi_iclr/repro/results/HM8_state40_action50_iter30_orderreverse_blocks_seed3_formal5080.json,/home/s110/miniconda3/envs/tt_5080/bin/python3 /home/s110/code/ttpi_iclr/repro/scripts/run_hardmove.py --n-actuator 8 --env-variant standard --training-seed 3 --environment-seed 2026 --permutation-seed 0 --state-sampling-seed 3 --action-order reverse_blocks --run-tag formal5080 --n-state 40 --n-action 50 --n-iter 30 --n-iter-v 1 --callback-freq 10 --n-test 100 --device cuda --max-batch-v 10000 --max-batch-a 100000 --nswp-v 5 --nswp-a 10 --rmax-v 100 --rmax-a 100 --kickrank-v 10 --kickrank-a 10 --eps-cross-v 0.001 --eps-cross-a 0.001 --eps-round-v 0.001 --eps-round-a 0.001 --n-samples 50
HM8,3,3,2026,0,3,flip_within_block,/home/s110/code/ttpi_iclr/repro/results/HM8_state40_action50_iter30_orderflip_within_block_seed3_formal5080.json,/home/s110/miniconda3/envs/tt_5080/bin/python3 /home/s110/code/ttpi_iclr/repro/scripts/run_hardmove.py --n-actuator 8 --env-variant standard --training-seed 3 --environment-seed 2026 --permutation-seed 0 --state-sampling-seed 3 --action-order flip_within_block --run-tag formal5080 --n-state 40 --n-action 50 --n-iter 30 --n-iter-v 1 --callback-freq 10 --n-test 100 --device cuda --max-batch-v 10000 --max-batch-a 100000 --nswp-v 5 --nswp-a 10 --rmax-v 100 --rmax-a 100 --kickrank-v 10 --kickrank-a 10 --eps-cross-v 0.001 --eps-cross-a 0.001 --eps-round-v 0.001 --eps-round-a 0.001 --n-samples 50
HM8,3,3,2026,0,3,pam_greedy,/home/s110/code/ttpi_iclr/repro/results/HM8_state40_action50_iter30_orderpam_greedy_seed3_formal5080.json,/home/s110/miniconda3/envs/tt_5080/bin/python3 /home/s110/code/ttpi_iclr/repro/scripts/run_hardmove.py --n-actuator 8 --env-variant standard --training-seed 3 --environment-seed 2026 --permutation-seed 0 --state-sampling-seed 3 --action-order pam_greedy --run-tag formal5080 --n-state 40 --n-action 50 --n-iter 30 --n-iter-v 1 --callback-freq 10 --n-test 100 --device cuda --max-batch-v 10000 --max-batch-a 100000 --nswp-v 5 --nswp-a 10 --rmax-v 100 --rmax-a 100 --kickrank-v 10 --kickrank-a 10 --eps-cross-v 0.001 --eps-cross-a 0.001 --eps-round-v 0.001 --eps-round-a 0.001 --n-samples 50
HM8,3,3,2026,0,3,pam_spectral,/home/s110/code/ttpi_iclr/repro/results/HM8_state40_action50_iter30_orderpam_spectral_seed3_formal5080.json,/home/s110/miniconda3/envs/tt_5080/bin/python3 /home/s110/code/ttpi_iclr/repro/scripts/run_hardmove.py --n-actuator 8 --env-variant standard --training-seed 3 --environment-seed 2026 --permutation-seed 0 --state-sampling-seed 3 --action-order pam_spectral --run-tag formal5080 --n-state 40 --n-action 50 --n-iter 30 --n-iter-v 1 --callback-freq 10 --n-test 100 --device cuda --max-batch-v 10000 --max-batch-a 100000 --nswp-v 5 --nswp-a 10 --rmax-v 100 --rmax-a 100 --kickrank-v 10 --kickrank-a 10 --eps-cross-v 0.001 --eps-cross-a 0.001 --eps-round-v 0.001 --eps-round-a 0.001 --n-samples 50
HM8,3,3,2026,0,3,block_pam,/home/s110/code/ttpi_iclr/repro/results/HM8_state40_action50_iter30_orderblock_pam_seed3_formal5080.json,/home/s110/miniconda3/envs/tt_5080/bin/python3 /home/s110/code/ttpi_iclr/repro/scripts/run_hardmove.py --n-actuator 8 --env-variant standard --training-seed 3 --environment-seed 2026 --permutation-seed 0 --state-sampling-seed 3 --action-order block_pam --run-tag formal5080 --n-state 40 --n-action 50 --n-iter 30 --n-iter-v 1 --callback-freq 10 --n-test 100 --device cuda --max-batch-v 10000 --max-batch-a 100000 --nswp-v 5 --nswp-a 10 --rmax-v 100 --rmax-a 100 --kickrank-v 10 --kickrank-a 10 --eps-cross-v 0.001 --eps-cross-a 0.001 --eps-round-v 0.001 --eps-round-a 0.001 --n-samples 50
HM8,3,3,2026,0,3,free_pam,/home/s110/code/ttpi_iclr/repro/results/HM8_state40_action50_iter30_orderfree_pam_seed3_formal5080.json,/home/s110/miniconda3/envs/tt_5080/bin/python3 /home/s110/code/ttpi_iclr/repro/scripts/run_hardmove.py --n-actuator 8 --env-variant standard --training-seed 3 --environment-seed 2026 --permutation-seed 0 --state-sampling-seed 3 --action-order free_pam --run-tag formal5080 --n-state 40 --n-action 50 --n-iter 30 --n-iter-v 1 --callback-freq 10 --n-test 100 --device cuda --max-batch-v 10000 --max-batch-a 100000 --nswp-v 5 --nswp-a 10 --rmax-v 100 --rmax-a 100 --kickrank-v 10 --kickrank-a 10 --eps-cross-v 0.001 --eps-cross-a 0.001 --eps-round-v 0.001 --eps-round-a 0.001 --n-samples 50
HM8,3,3,2026,0,3,peakcut_pam,/home/s110/code/ttpi_iclr/repro/results/HM8_state40_action50_iter30_orderpeakcut_pam_seed3_formal5080.json,/home/s110/miniconda3/envs/tt_5080/bin/python3 /home/s110/code/ttpi_iclr/repro/scripts/run_hardmove.py --n-actuator 8 --env-variant standard --training-seed 3 --environment-seed 2026 --permutation-seed 0 --state-sampling-seed 3 --action-order peakcut_pam --run-tag formal5080 --n-state 40 --n-action 50 --n-iter 30 --n-iter-v 1 --callback-freq 10 --n-test 100 --device cuda --max-batch-v 10000 --max-batch-a 100000 --nswp-v 5 --nswp-a 10 --rmax-v 100 --rmax-a 100 --kickrank-v 10 --kickrank-a 10 --eps-cross-v 0.001 --eps-cross-a 0.001 --eps-round-v 0.001 --eps-round-a 0.001 --n-samples 50
HM8,3,3,2026,0,3,sensitivity_pam,/home/s110/code/ttpi_iclr/repro/results/HM8_state40_action50_iter30_ordersensitivity_pam_seed3_formal5080.json,/home/s110/miniconda3/envs/tt_5080/bin/python3 /home/s110/code/ttpi_iclr/repro/scripts/run_hardmove.py --n-actuator 8 --env-variant standard --training-seed 3 --environment-seed 2026 --permutation-seed 0 --state-sampling-seed 3 --action-order sensitivity_pam --run-tag formal5080 --n-state 40 --n-action 50 --n-iter 30 --n-iter-v 1 --callback-freq 10 --n-test 100 --device cuda --max-batch-v 10000 --max-batch-a 100000 --nswp-v 5 --nswp-a 10 --rmax-v 100 --rmax-a 100 --kickrank-v 10 --kickrank-a 10 --eps-cross-v 0.001 --eps-cross-a 0.001 --eps-round-v 0.001 --eps-round-a 0.001 --n-samples 50
HM8,3,3,2026,0,3,rankaware_proxy_pam,/home/s110/code/ttpi_iclr/repro/results/HM8_state40_action50_iter30_orderrankaware_proxy_pam_seed3_formal5080.json,/home/s110/miniconda3/envs/tt_5080/bin/python3 /home/s110/code/ttpi_iclr/repro/scripts/run_hardmove.py --n-actuator 8 --env-variant standard --training-seed 3 --environment-seed 2026 --permutation-seed 0 --state-sampling-seed 3 --action-order rankaware_proxy_pam --run-tag formal5080 --n-state 40 --n-action 50 --n-iter 30 --n-iter-v 1 --callback-freq 10 --n-test 100 --device cuda --max-batch-v 10000 --max-batch-a 100000 --nswp-v 5 --nswp-a 10 --rmax-v 100 --rmax-a 100 --kickrank-v 10 --kickrank-a 10 --eps-cross-v 0.001 --eps-cross-a 0.001 --eps-round-v 0.001 --eps-round-a 0.001 --n-samples 50
HM8,3,3,2026,0,3,hybrid_pam,/home/s110/code/ttpi_iclr/repro/results/HM8_state40_action50_iter30_orderhybrid_pam_seed3_formal5080.json,/home/s110/miniconda3/envs/tt_5080/bin/python3 /home/s110/code/ttpi_iclr/repro/scripts/run_hardmove.py --n-actuator 8 --env-variant standard --training-seed 3 --environment-seed 2026 --permutation-seed 0 --state-sampling-seed 3 --action-order hybrid_pam --run-tag formal5080 --n-state 40 --n-action 50 --n-iter 30 --n-iter-v 1 --callback-freq 10 --n-test 100 --device cuda --max-batch-v 10000 --max-batch-a 100000 --nswp-v 5 --nswp-a 10 --rmax-v 100 --rmax-a 100 --kickrank-v 10 --kickrank-a 10 --eps-cross-v 0.001 --eps-cross-a 0.001 --eps-round-v 0.001 --eps-round-a 0.001 --n-samples 50
HM8,4,4,2026,0,4,local,/home/s110/code/ttpi_iclr/repro/results/HM8_state40_action50_iter30_orderlocal_seed4_formal5080.json,/home/s110/miniconda3/envs/tt_5080/bin/python3 /home/s110/code/ttpi_iclr/repro/scripts/run_hardmove.py --n-actuator 8 --env-variant standard --training-seed 4 --environment-seed 2026 --permutation-seed 0 --state-sampling-seed 4 --action-order local --run-tag formal5080 --n-state 40 --n-action 50 --n-iter 30 --n-iter-v 1 --callback-freq 10 --n-test 100 --device cuda --max-batch-v 10000 --max-batch-a 100000 --nswp-v 5 --nswp-a 10 --rmax-v 100 --rmax-a 100 --kickrank-v 10 --kickrank-a 10 --eps-cross-v 0.001 --eps-cross-a 0.001 --eps-round-v 0.001 --eps-round-a 0.001 --n-samples 50
HM8,4,4,2026,0,4,random,/home/s110/code/ttpi_iclr/repro/results/HM8_state40_action50_iter30_orderrandom_seed4_permseed0_formal5080.json,/home/s110/miniconda3/envs/tt_5080/bin/python3 /home/s110/code/ttpi_iclr/repro/scripts/run_hardmove.py --n-actuator 8 --env-variant standard --training-seed 4 --environment-seed 2026 --permutation-seed 0 --include-permutation-seed-in-run-id --state-sampling-seed 4 --action-order random --run-tag formal5080 --n-state 40 --n-action 50 --n-iter 30 --n-iter-v 1 --callback-freq 10 --n-test 100 --device cuda --max-batch-v 10000 --max-batch-a 100000 --nswp-v 5 --nswp-a 10 --rmax-v 100 --rmax-a 100 --kickrank-v 10 --kickrank-a 10 --eps-cross-v 0.001 --eps-cross-a 0.001 --eps-round-v 0.001 --eps-round-a 0.001 --n-samples 50
HM8,4,4,2026,1,4,random,/home/s110/code/ttpi_iclr/repro/results/HM8_state40_action50_iter30_orderrandom_seed4_permseed1_formal5080.json,/home/s110/miniconda3/envs/tt_5080/bin/python3 /home/s110/code/ttpi_iclr/repro/scripts/run_hardmove.py --n-actuator 8 --env-variant standard --training-seed 4 --environment-seed 2026 --permutation-seed 1 --include-permutation-seed-in-run-id --state-sampling-seed 4 --action-order random --run-tag formal5080 --n-state 40 --n-action 50 --n-iter 30 --n-iter-v 1 --callback-freq 10 --n-test 100 --device cuda --max-batch-v 10000 --max-batch-a 100000 --nswp-v 5 --nswp-a 10 --rmax-v 100 --rmax-a 100 --kickrank-v 10 --kickrank-a 10 --eps-cross-v 0.001 --eps-cross-a 0.001 --eps-round-v 0.001 --eps-round-a 0.001 --n-samples 50
HM8,4,4,2026,2,4,random,/home/s110/code/ttpi_iclr/repro/results/HM8_state40_action50_iter30_orderrandom_seed4_permseed2_formal5080.json,/home/s110/miniconda3/envs/tt_5080/bin/python3 /home/s110/code/ttpi_iclr/repro/scripts/run_hardmove.py --n-actuator 8 --env-variant standard --training-seed 4 --environment-seed 2026 --permutation-seed 2 --include-permutation-seed-in-run-id --state-sampling-seed 4 --action-order random --run-tag formal5080 --n-state 40 --n-action 50 --n-iter 30 --n-iter-v 1 --callback-freq 10 --n-test 100 --device cuda --max-batch-v 10000 --max-batch-a 100000 --nswp-v 5 --nswp-a 10 --rmax-v 100 --rmax-a 100 --kickrank-v 10 --kickrank-a 10 --eps-cross-v 0.001 --eps-cross-a 0.001 --eps-round-v 0.001 --eps-round-a 0.001 --n-samples 50
HM8,4,4,2026,0,4,badsplit,/home/s110/code/ttpi_iclr/repro/results/HM8_state40_action50_iter30_orderbadsplit_seed4_formal5080.json,/home/s110/miniconda3/envs/tt_5080/bin/python3 /home/s110/code/ttpi_iclr/repro/scripts/run_hardmove.py --n-actuator 8 --env-variant standard --training-seed 4 --environment-seed 2026 --permutation-seed 0 --state-sampling-seed 4 --action-order badsplit --run-tag formal5080 --n-state 40 --n-action 50 --n-iter 30 --n-iter-v 1 --callback-freq 10 --n-test 100 --device cuda --max-batch-v 10000 --max-batch-a 100000 --nswp-v 5 --nswp-a 10 --rmax-v 100 --rmax-a 100 --kickrank-v 10 --kickrank-a 10 --eps-cross-v 0.001 --eps-cross-a 0.001 --eps-round-v 0.001 --eps-round-a 0.001 --n-samples 50
HM8,4,4,2026,0,4,reverse_blocks,/home/s110/code/ttpi_iclr/repro/results/HM8_state40_action50_iter30_orderreverse_blocks_seed4_formal5080.json,/home/s110/miniconda3/envs/tt_5080/bin/python3 /home/s110/code/ttpi_iclr/repro/scripts/run_hardmove.py --n-actuator 8 --env-variant standard --training-seed 4 --environment-seed 2026 --permutation-seed 0 --state-sampling-seed 4 --action-order reverse_blocks --run-tag formal5080 --n-state 40 --n-action 50 --n-iter 30 --n-iter-v 1 --callback-freq 10 --n-test 100 --device cuda --max-batch-v 10000 --max-batch-a 100000 --nswp-v 5 --nswp-a 10 --rmax-v 100 --rmax-a 100 --kickrank-v 10 --kickrank-a 10 --eps-cross-v 0.001 --eps-cross-a 0.001 --eps-round-v 0.001 --eps-round-a 0.001 --n-samples 50
HM8,4,4,2026,0,4,flip_within_block,/home/s110/code/ttpi_iclr/repro/results/HM8_state40_action50_iter30_orderflip_within_block_seed4_formal5080.json,/home/s110/miniconda3/envs/tt_5080/bin/python3 /home/s110/code/ttpi_iclr/repro/scripts/run_hardmove.py --n-actuator 8 --env-variant standard --training-seed 4 --environment-seed 2026 --permutation-seed 0 --state-sampling-seed 4 --action-order flip_within_block --run-tag formal5080 --n-state 40 --n-action 50 --n-iter 30 --n-iter-v 1 --callback-freq 10 --n-test 100 --device cuda --max-batch-v 10000 --max-batch-a 100000 --nswp-v 5 --nswp-a 10 --rmax-v 100 --rmax-a 100 --kickrank-v 10 --kickrank-a 10 --eps-cross-v 0.001 --eps-cross-a 0.001 --eps-round-v 0.001 --eps-round-a 0.001 --n-samples 50
HM8,4,4,2026,0,4,pam_greedy,/home/s110/code/ttpi_iclr/repro/results/HM8_state40_action50_iter30_orderpam_greedy_seed4_formal5080.json,/home/s110/miniconda3/envs/tt_5080/bin/python3 /home/s110/code/ttpi_iclr/repro/scripts/run_hardmove.py --n-actuator 8 --env-variant standard --training-seed 4 --environment-seed 2026 --permutation-seed 0 --state-sampling-seed 4 --action-order pam_greedy --run-tag formal5080 --n-state 40 --n-action 50 --n-iter 30 --n-iter-v 1 --callback-freq 10 --n-test 100 --device cuda --max-batch-v 10000 --max-batch-a 100000 --nswp-v 5 --nswp-a 10 --rmax-v 100 --rmax-a 100 --kickrank-v 10 --kickrank-a 10 --eps-cross-v 0.001 --eps-cross-a 0.001 --eps-round-v 0.001 --eps-round-a 0.001 --n-samples 50
HM8,4,4,2026,0,4,pam_spectral,/home/s110/code/ttpi_iclr/repro/results/HM8_state40_action50_iter30_orderpam_spectral_seed4_formal5080.json,/home/s110/miniconda3/envs/tt_5080/bin/python3 /home/s110/code/ttpi_iclr/repro/scripts/run_hardmove.py --n-actuator 8 --env-variant standard --training-seed 4 --environment-seed 2026 --permutation-seed 0 --state-sampling-seed 4 --action-order pam_spectral --run-tag formal5080 --n-state 40 --n-action 50 --n-iter 30 --n-iter-v 1 --callback-freq 10 --n-test 100 --device cuda --max-batch-v 10000 --max-batch-a 100000 --nswp-v 5 --nswp-a 10 --rmax-v 100 --rmax-a 100 --kickrank-v 10 --kickrank-a 10 --eps-cross-v 0.001 --eps-cross-a 0.001 --eps-round-v 0.001 --eps-round-a 0.001 --n-samples 50
HM8,4,4,2026,0,4,block_pam,/home/s110/code/ttpi_iclr/repro/results/HM8_state40_action50_iter30_orderblock_pam_seed4_formal5080.json,/home/s110/miniconda3/envs/tt_5080/bin/python3 /home/s110/code/ttpi_iclr/repro/scripts/run_hardmove.py --n-actuator 8 --env-variant standard --training-seed 4 --environment-seed 2026 --permutation-seed 0 --state-sampling-seed 4 --action-order block_pam --run-tag formal5080 --n-state 40 --n-action 50 --n-iter 30 --n-iter-v 1 --callback-freq 10 --n-test 100 --device cuda --max-batch-v 10000 --max-batch-a 100000 --nswp-v 5 --nswp-a 10 --rmax-v 100 --rmax-a 100 --kickrank-v 10 --kickrank-a 10 --eps-cross-v 0.001 --eps-cross-a 0.001 --eps-round-v 0.001 --eps-round-a 0.001 --n-samples 50
HM8,4,4,2026,0,4,free_pam,/home/s110/code/ttpi_iclr/repro/results/HM8_state40_action50_iter30_orderfree_pam_seed4_formal5080.json,/home/s110/miniconda3/envs/tt_5080/bin/python3 /home/s110/code/ttpi_iclr/repro/scripts/run_hardmove.py --n-actuator 8 --env-variant standard --training-seed 4 --environment-seed 2026 --permutation-seed 0 --state-sampling-seed 4 --action-order free_pam --run-tag formal5080 --n-state 40 --n-action 50 --n-iter 30 --n-iter-v 1 --callback-freq 10 --n-test 100 --device cuda --max-batch-v 10000 --max-batch-a 100000 --nswp-v 5 --nswp-a 10 --rmax-v 100 --rmax-a 100 --kickrank-v 10 --kickrank-a 10 --eps-cross-v 0.001 --eps-cross-a 0.001 --eps-round-v 0.001 --eps-round-a 0.001 --n-samples 50
HM8,4,4,2026,0,4,peakcut_pam,/home/s110/code/ttpi_iclr/repro/results/HM8_state40_action50_iter30_orderpeakcut_pam_seed4_formal5080.json,/home/s110/miniconda3/envs/tt_5080/bin/python3 /home/s110/code/ttpi_iclr/repro/scripts/run_hardmove.py --n-actuator 8 --env-variant standard --training-seed 4 --environment-seed 2026 --permutation-seed 0 --state-sampling-seed 4 --action-order peakcut_pam --run-tag formal5080 --n-state 40 --n-action 50 --n-iter 30 --n-iter-v 1 --callback-freq 10 --n-test 100 --device cuda --max-batch-v 10000 --max-batch-a 100000 --nswp-v 5 --nswp-a 10 --rmax-v 100 --rmax-a 100 --kickrank-v 10 --kickrank-a 10 --eps-cross-v 0.001 --eps-cross-a 0.001 --eps-round-v 0.001 --eps-round-a 0.001 --n-samples 50
HM8,4,4,2026,0,4,sensitivity_pam,/home/s110/code/ttpi_iclr/repro/results/HM8_state40_action50_iter30_ordersensitivity_pam_seed4_formal5080.json,/home/s110/miniconda3/envs/tt_5080/bin/python3 /home/s110/code/ttpi_iclr/repro/scripts/run_hardmove.py --n-actuator 8 --env-variant standard --training-seed 4 --environment-seed 2026 --permutation-seed 0 --state-sampling-seed 4 --action-order sensitivity_pam --run-tag formal5080 --n-state 40 --n-action 50 --n-iter 30 --n-iter-v 1 --callback-freq 10 --n-test 100 --device cuda --max-batch-v 10000 --max-batch-a 100000 --nswp-v 5 --nswp-a 10 --rmax-v 100 --rmax-a 100 --kickrank-v 10 --kickrank-a 10 --eps-cross-v 0.001 --eps-cross-a 0.001 --eps-round-v 0.001 --eps-round-a 0.001 --n-samples 50
HM8,4,4,2026,0,4,rankaware_proxy_pam,/home/s110/code/ttpi_iclr/repro/results/HM8_state40_action50_iter30_orderrankaware_proxy_pam_seed4_formal5080.json,/home/s110/miniconda3/envs/tt_5080/bin/python3 /home/s110/code/ttpi_iclr/repro/scripts/run_hardmove.py --n-actuator 8 --env-variant standard --training-seed 4 --environment-seed 2026 --permutation-seed 0 --state-sampling-seed 4 --action-order rankaware_proxy_pam --run-tag formal5080 --n-state 40 --n-action 50 --n-iter 30 --n-iter-v 1 --callback-freq 10 --n-test 100 --device cuda --max-batch-v 10000 --max-batch-a 100000 --nswp-v 5 --nswp-a 10 --rmax-v 100 --rmax-a 100 --kickrank-v 10 --kickrank-a 10 --eps-cross-v 0.001 --eps-cross-a 0.001 --eps-round-v 0.001 --eps-round-a 0.001 --n-samples 50
HM8,4,4,2026,0,4,hybrid_pam,/home/s110/code/ttpi_iclr/repro/results/HM8_state40_action50_iter30_orderhybrid_pam_seed4_formal5080.json,/home/s110/miniconda3/envs/tt_5080/bin/python3 /home/s110/code/ttpi_iclr/repro/scripts/run_hardmove.py --n-actuator 8 --env-variant standard --training-seed 4 --environment-seed 2026 --permutation-seed 0 --state-sampling-seed 4 --action-order hybrid_pam --run-tag formal5080 --n-state 40 --n-action 50 --n-iter 30 --n-iter-v 1 --callback-freq 10 --n-test 100 --device cuda --max-batch-v 10000 --max-batch-a 100000 --nswp-v 5 --nswp-a 10 --rmax-v 100 --rmax-a 100 --kickrank-v 10 --kickrank-a 10 --eps-cross-v 0.001 --eps-cross-a 0.001 --eps-round-v 0.001 --eps-round-a 0.001 --n-samples 50
HM8,5,5,2026,0,5,local,/home/s110/code/ttpi_iclr/repro/results/HM8_state40_action50_iter30_orderlocal_seed5_formal5080.json,/home/s110/miniconda3/envs/tt_5080/bin/python3 /home/s110/code/ttpi_iclr/repro/scripts/run_hardmove.py --n-actuator 8 --env-variant standard --training-seed 5 --environment-seed 2026 --permutation-seed 0 --state-sampling-seed 5 --action-order local --run-tag formal5080 --n-state 40 --n-action 50 --n-iter 30 --n-iter-v 1 --callback-freq 10 --n-test 100 --device cuda --max-batch-v 10000 --max-batch-a 100000 --nswp-v 5 --nswp-a 10 --rmax-v 100 --rmax-a 100 --kickrank-v 10 --kickrank-a 10 --eps-cross-v 0.001 --eps-cross-a 0.001 --eps-round-v 0.001 --eps-round-a 0.001 --n-samples 50
HM8,5,5,2026,0,5,random,/home/s110/code/ttpi_iclr/repro/results/HM8_state40_action50_iter30_orderrandom_seed5_permseed0_formal5080.json,/home/s110/miniconda3/envs/tt_5080/bin/python3 /home/s110/code/ttpi_iclr/repro/scripts/run_hardmove.py --n-actuator 8 --env-variant standard --training-seed 5 --environment-seed 2026 --permutation-seed 0 --include-permutation-seed-in-run-id --state-sampling-seed 5 --action-order random --run-tag formal5080 --n-state 40 --n-action 50 --n-iter 30 --n-iter-v 1 --callback-freq 10 --n-test 100 --device cuda --max-batch-v 10000 --max-batch-a 100000 --nswp-v 5 --nswp-a 10 --rmax-v 100 --rmax-a 100 --kickrank-v 10 --kickrank-a 10 --eps-cross-v 0.001 --eps-cross-a 0.001 --eps-round-v 0.001 --eps-round-a 0.001 --n-samples 50
HM8,5,5,2026,1,5,random,/home/s110/code/ttpi_iclr/repro/results/HM8_state40_action50_iter30_orderrandom_seed5_permseed1_formal5080.json,/home/s110/miniconda3/envs/tt_5080/bin/python3 /home/s110/code/ttpi_iclr/repro/scripts/run_hardmove.py --n-actuator 8 --env-variant standard --training-seed 5 --environment-seed 2026 --permutation-seed 1 --include-permutation-seed-in-run-id --state-sampling-seed 5 --action-order random --run-tag formal5080 --n-state 40 --n-action 50 --n-iter 30 --n-iter-v 1 --callback-freq 10 --n-test 100 --device cuda --max-batch-v 10000 --max-batch-a 100000 --nswp-v 5 --nswp-a 10 --rmax-v 100 --rmax-a 100 --kickrank-v 10 --kickrank-a 10 --eps-cross-v 0.001 --eps-cross-a 0.001 --eps-round-v 0.001 --eps-round-a 0.001 --n-samples 50
HM8,5,5,2026,2,5,random,/home/s110/code/ttpi_iclr/repro/results/HM8_state40_action50_iter30_orderrandom_seed5_permseed2_formal5080.json,/home/s110/miniconda3/envs/tt_5080/bin/python3 /home/s110/code/ttpi_iclr/repro/scripts/run_hardmove.py --n-actuator 8 --env-variant standard --training-seed 5 --environment-seed 2026 --permutation-seed 2 --include-permutation-seed-in-run-id --state-sampling-seed 5 --action-order random --run-tag formal5080 --n-state 40 --n-action 50 --n-iter 30 --n-iter-v 1 --callback-freq 10 --n-test 100 --device cuda --max-batch-v 10000 --max-batch-a 100000 --nswp-v 5 --nswp-a 10 --rmax-v 100 --rmax-a 100 --kickrank-v 10 --kickrank-a 10 --eps-cross-v 0.001 --eps-cross-a 0.001 --eps-round-v 0.001 --eps-round-a 0.001 --n-samples 50
HM8,5,5,2026,0,5,badsplit,/home/s110/code/ttpi_iclr/repro/results/HM8_state40_action50_iter30_orderbadsplit_seed5_formal5080.json,/home/s110/miniconda3/envs/tt_5080/bin/python3 /home/s110/code/ttpi_iclr/repro/scripts/run_hardmove.py --n-actuator 8 --env-variant standard --training-seed 5 --environment-seed 2026 --permutation-seed 0 --state-sampling-seed 5 --action-order badsplit --run-tag formal5080 --n-state 40 --n-action 50 --n-iter 30 --n-iter-v 1 --callback-freq 10 --n-test 100 --device cuda --max-batch-v 10000 --max-batch-a 100000 --nswp-v 5 --nswp-a 10 --rmax-v 100 --rmax-a 100 --kickrank-v 10 --kickrank-a 10 --eps-cross-v 0.001 --eps-cross-a 0.001 --eps-round-v 0.001 --eps-round-a 0.001 --n-samples 50
HM8,5,5,2026,0,5,reverse_blocks,/home/s110/code/ttpi_iclr/repro/results/HM8_state40_action50_iter30_orderreverse_blocks_seed5_formal5080.json,/home/s110/miniconda3/envs/tt_5080/bin/python3 /home/s110/code/ttpi_iclr/repro/scripts/run_hardmove.py --n-actuator 8 --env-variant standard --training-seed 5 --environment-seed 2026 --permutation-seed 0 --state-sampling-seed 5 --action-order reverse_blocks --run-tag formal5080 --n-state 40 --n-action 50 --n-iter 30 --n-iter-v 1 --callback-freq 10 --n-test 100 --device cuda --max-batch-v 10000 --max-batch-a 100000 --nswp-v 5 --nswp-a 10 --rmax-v 100 --rmax-a 100 --kickrank-v 10 --kickrank-a 10 --eps-cross-v 0.001 --eps-cross-a 0.001 --eps-round-v 0.001 --eps-round-a 0.001 --n-samples 50
HM8,5,5,2026,0,5,flip_within_block,/home/s110/code/ttpi_iclr/repro/results/HM8_state40_action50_iter30_orderflip_within_block_seed5_formal5080.json,/home/s110/miniconda3/envs/tt_5080/bin/python3 /home/s110/code/ttpi_iclr/repro/scripts/run_hardmove.py --n-actuator 8 --env-variant standard --training-seed 5 --environment-seed 2026 --permutation-seed 0 --state-sampling-seed 5 --action-order flip_within_block --run-tag formal5080 --n-state 40 --n-action 50 --n-iter 30 --n-iter-v 1 --callback-freq 10 --n-test 100 --device cuda --max-batch-v 10000 --max-batch-a 100000 --nswp-v 5 --nswp-a 10 --rmax-v 100 --rmax-a 100 --kickrank-v 10 --kickrank-a 10 --eps-cross-v 0.001 --eps-cross-a 0.001 --eps-round-v 0.001 --eps-round-a 0.001 --n-samples 50
HM8,5,5,2026,0,5,pam_greedy,/home/s110/code/ttpi_iclr/repro/results/HM8_state40_action50_iter30_orderpam_greedy_seed5_formal5080.json,/home/s110/miniconda3/envs/tt_5080/bin/python3 /home/s110/code/ttpi_iclr/repro/scripts/run_hardmove.py --n-actuator 8 --env-variant standard --training-seed 5 --environment-seed 2026 --permutation-seed 0 --state-sampling-seed 5 --action-order pam_greedy --run-tag formal5080 --n-state 40 --n-action 50 --n-iter 30 --n-iter-v 1 --callback-freq 10 --n-test 100 --device cuda --max-batch-v 10000 --max-batch-a 100000 --nswp-v 5 --nswp-a 10 --rmax-v 100 --rmax-a 100 --kickrank-v 10 --kickrank-a 10 --eps-cross-v 0.001 --eps-cross-a 0.001 --eps-round-v 0.001 --eps-round-a 0.001 --n-samples 50
HM8,5,5,2026,0,5,pam_spectral,/home/s110/code/ttpi_iclr/repro/results/HM8_state40_action50_iter30_orderpam_spectral_seed5_formal5080.json,/home/s110/miniconda3/envs/tt_5080/bin/python3 /home/s110/code/ttpi_iclr/repro/scripts/run_hardmove.py --n-actuator 8 --env-variant standard --training-seed 5 --environment-seed 2026 --permutation-seed 0 --state-sampling-seed 5 --action-order pam_spectral --run-tag formal5080 --n-state 40 --n-action 50 --n-iter 30 --n-iter-v 1 --callback-freq 10 --n-test 100 --device cuda --max-batch-v 10000 --max-batch-a 100000 --nswp-v 5 --nswp-a 10 --rmax-v 100 --rmax-a 100 --kickrank-v 10 --kickrank-a 10 --eps-cross-v 0.001 --eps-cross-a 0.001 --eps-round-v 0.001 --eps-round-a 0.001 --n-samples 50
HM8,5,5,2026,0,5,block_pam,/home/s110/code/ttpi_iclr/repro/results/HM8_state40_action50_iter30_orderblock_pam_seed5_formal5080.json,/home/s110/miniconda3/envs/tt_5080/bin/python3 /home/s110/code/ttpi_iclr/repro/scripts/run_hardmove.py --n-actuator 8 --env-variant standard --training-seed 5 --environment-seed 2026 --permutation-seed 0 --state-sampling-seed 5 --action-order block_pam --run-tag formal5080 --n-state 40 --n-action 50 --n-iter 30 --n-iter-v 1 --callback-freq 10 --n-test 100 --device cuda --max-batch-v 10000 --max-batch-a 100000 --nswp-v 5 --nswp-a 10 --rmax-v 100 --rmax-a 100 --kickrank-v 10 --kickrank-a 10 --eps-cross-v 0.001 --eps-cross-a 0.001 --eps-round-v 0.001 --eps-round-a 0.001 --n-samples 50
HM8,5,5,2026,0,5,free_pam,/home/s110/code/ttpi_iclr/repro/results/HM8_state40_action50_iter30_orderfree_pam_seed5_formal5080.json,/home/s110/miniconda3/envs/tt_5080/bin/python3 /home/s110/code/ttpi_iclr/repro/scripts/run_hardmove.py --n-actuator 8 --env-variant standard --training-seed 5 --environment-seed 2026 --permutation-seed 0 --state-sampling-seed 5 --action-order free_pam --run-tag formal5080 --n-state 40 --n-action 50 --n-iter 30 --n-iter-v 1 --callback-freq 10 --n-test 100 --device cuda --max-batch-v 10000 --max-batch-a 100000 --nswp-v 5 --nswp-a 10 --rmax-v 100 --rmax-a 100 --kickrank-v 10 --kickrank-a 10 --eps-cross-v 0.001 --eps-cross-a 0.001 --eps-round-v 0.001 --eps-round-a 0.001 --n-samples 50
HM8,5,5,2026,0,5,peakcut_pam,/home/s110/code/ttpi_iclr/repro/results/HM8_state40_action50_iter30_orderpeakcut_pam_seed5_formal5080.json,/home/s110/miniconda3/envs/tt_5080/bin/python3 /home/s110/code/ttpi_iclr/repro/scripts/run_hardmove.py --n-actuator 8 --env-variant standard --training-seed 5 --environment-seed 2026 --permutation-seed 0 --state-sampling-seed 5 --action-order peakcut_pam --run-tag formal5080 --n-state 40 --n-action 50 --n-iter 30 --n-iter-v 1 --callback-freq 10 --n-test 100 --device cuda --max-batch-v 10000 --max-batch-a 100000 --nswp-v 5 --nswp-a 10 --rmax-v 100 --rmax-a 100 --kickrank-v 10 --kickrank-a 10 --eps-cross-v 0.001 --eps-cross-a 0.001 --eps-round-v 0.001 --eps-round-a 0.001 --n-samples 50
HM8,5,5,2026,0,5,sensitivity_pam,/home/s110/code/ttpi_iclr/repro/results/HM8_state40_action50_iter30_ordersensitivity_pam_seed5_formal5080.json,/home/s110/miniconda3/envs/tt_5080/bin/python3 /home/s110/code/ttpi_iclr/repro/scripts/run_hardmove.py --n-actuator 8 --env-variant standard --training-seed 5 --environment-seed 2026 --permutation-seed 0 --state-sampling-seed 5 --action-order sensitivity_pam --run-tag formal5080 --n-state 40 --n-action 50 --n-iter 30 --n-iter-v 1 --callback-freq 10 --n-test 100 --device cuda --max-batch-v 10000 --max-batch-a 100000 --nswp-v 5 --nswp-a 10 --rmax-v 100 --rmax-a 100 --kickrank-v 10 --kickrank-a 10 --eps-cross-v 0.001 --eps-cross-a 0.001 --eps-round-v 0.001 --eps-round-a 0.001 --n-samples 50
HM8,5,5,2026,0,5,rankaware_proxy_pam,/home/s110/code/ttpi_iclr/repro/results/HM8_state40_action50_iter30_orderrankaware_proxy_pam_seed5_formal5080.json,/home/s110/miniconda3/envs/tt_5080/bin/python3 /home/s110/code/ttpi_iclr/repro/scripts/run_hardmove.py --n-actuator 8 --env-variant standard --training-seed 5 --environment-seed 2026 --permutation-seed 0 --state-sampling-seed 5 --action-order rankaware_proxy_pam --run-tag formal5080 --n-state 40 --n-action 50 --n-iter 30 --n-iter-v 1 --callback-freq 10 --n-test 100 --device cuda --max-batch-v 10000 --max-batch-a 100000 --nswp-v 5 --nswp-a 10 --rmax-v 100 --rmax-a 100 --kickrank-v 10 --kickrank-a 10 --eps-cross-v 0.001 --eps-cross-a 0.001 --eps-round-v 0.001 --eps-round-a 0.001 --n-samples 50
HM8,5,5,2026,0,5,hybrid_pam,/home/s110/code/ttpi_iclr/repro/results/HM8_state40_action50_iter30_orderhybrid_pam_seed5_formal5080.json,/home/s110/miniconda3/envs/tt_5080/bin/python3 /home/s110/code/ttpi_iclr/repro/scripts/run_hardmove.py --n-actuator 8 --env-variant standard --training-seed 5 --environment-seed 2026 --permutation-seed 0 --state-sampling-seed 5 --action-order hybrid_pam --run-tag formal5080 --n-state 40 --n-action 50 --n-iter 30 --n-iter-v 1 --callback-freq 10 --n-test 100 --device cuda --max-batch-v 10000 --max-batch-a 100000 --nswp-v 5 --nswp-a 10 --rmax-v 100 --rmax-a 100 --kickrank-v 10 --kickrank-a 10 --eps-cross-v 0.001 --eps-cross-a 0.001 --eps-round-v 0.001 --eps-round-a 0.001 --n-samples 50
HM8,6,6,2026,0,6,local,/home/s110/code/ttpi_iclr/repro/results/HM8_state40_action50_iter30_orderlocal_seed6_formal5080.json,/home/s110/miniconda3/envs/tt_5080/bin/python3 /home/s110/code/ttpi_iclr/repro/scripts/run_hardmove.py --n-actuator 8 --env-variant standard --training-seed 6 --environment-seed 2026 --permutation-seed 0 --state-sampling-seed 6 --action-order local --run-tag formal5080 --n-state 40 --n-action 50 --n-iter 30 --n-iter-v 1 --callback-freq 10 --n-test 100 --device cuda --max-batch-v 10000 --max-batch-a 100000 --nswp-v 5 --nswp-a 10 --rmax-v 100 --rmax-a 100 --kickrank-v 10 --kickrank-a 10 --eps-cross-v 0.001 --eps-cross-a 0.001 --eps-round-v 0.001 --eps-round-a 0.001 --n-samples 50
HM8,6,6,2026,0,6,random,/home/s110/code/ttpi_iclr/repro/results/HM8_state40_action50_iter30_orderrandom_seed6_permseed0_formal5080.json,/home/s110/miniconda3/envs/tt_5080/bin/python3 /home/s110/code/ttpi_iclr/repro/scripts/run_hardmove.py --n-actuator 8 --env-variant standard --training-seed 6 --environment-seed 2026 --permutation-seed 0 --include-permutation-seed-in-run-id --state-sampling-seed 6 --action-order random --run-tag formal5080 --n-state 40 --n-action 50 --n-iter 30 --n-iter-v 1 --callback-freq 10 --n-test 100 --device cuda --max-batch-v 10000 --max-batch-a 100000 --nswp-v 5 --nswp-a 10 --rmax-v 100 --rmax-a 100 --kickrank-v 10 --kickrank-a 10 --eps-cross-v 0.001 --eps-cross-a 0.001 --eps-round-v 0.001 --eps-round-a 0.001 --n-samples 50
HM8,6,6,2026,1,6,random,/home/s110/code/ttpi_iclr/repro/results/HM8_state40_action50_iter30_orderrandom_seed6_permseed1_formal5080.json,/home/s110/miniconda3/envs/tt_5080/bin/python3 /home/s110/code/ttpi_iclr/repro/scripts/run_hardmove.py --n-actuator 8 --env-variant standard --training-seed 6 --environment-seed 2026 --permutation-seed 1 --include-permutation-seed-in-run-id --state-sampling-seed 6 --action-order random --run-tag formal5080 --n-state 40 --n-action 50 --n-iter 30 --n-iter-v 1 --callback-freq 10 --n-test 100 --device cuda --max-batch-v 10000 --max-batch-a 100000 --nswp-v 5 --nswp-a 10 --rmax-v 100 --rmax-a 100 --kickrank-v 10 --kickrank-a 10 --eps-cross-v 0.001 --eps-cross-a 0.001 --eps-round-v 0.001 --eps-round-a 0.001 --n-samples 50
HM8,6,6,2026,2,6,random,/home/s110/code/ttpi_iclr/repro/results/HM8_state40_action50_iter30_orderrandom_seed6_permseed2_formal5080.json,/home/s110/miniconda3/envs/tt_5080/bin/python3 /home/s110/code/ttpi_iclr/repro/scripts/run_hardmove.py --n-actuator 8 --env-variant standard --training-seed 6 --environment-seed 2026 --permutation-seed 2 --include-permutation-seed-in-run-id --state-sampling-seed 6 --action-order random --run-tag formal5080 --n-state 40 --n-action 50 --n-iter 30 --n-iter-v 1 --callback-freq 10 --n-test 100 --device cuda --max-batch-v 10000 --max-batch-a 100000 --nswp-v 5 --nswp-a 10 --rmax-v 100 --rmax-a 100 --kickrank-v 10 --kickrank-a 10 --eps-cross-v 0.001 --eps-cross-a 0.001 --eps-round-v 0.001 --eps-round-a 0.001 --n-samples 50
HM8,6,6,2026,0,6,badsplit,/home/s110/code/ttpi_iclr/repro/results/HM8_state40_action50_iter30_orderbadsplit_seed6_formal5080.json,/home/s110/miniconda3/envs/tt_5080/bin/python3 /home/s110/code/ttpi_iclr/repro/scripts/run_hardmove.py --n-actuator 8 --env-variant standard --training-seed 6 --environment-seed 2026 --permutation-seed 0 --state-sampling-seed 6 --action-order badsplit --run-tag formal5080 --n-state 40 --n-action 50 --n-iter 30 --n-iter-v 1 --callback-freq 10 --n-test 100 --device cuda --max-batch-v 10000 --max-batch-a 100000 --nswp-v 5 --nswp-a 10 --rmax-v 100 --rmax-a 100 --kickrank-v 10 --kickrank-a 10 --eps-cross-v 0.001 --eps-cross-a 0.001 --eps-round-v 0.001 --eps-round-a 0.001 --n-samples 50
HM8,6,6,2026,0,6,reverse_blocks,/home/s110/code/ttpi_iclr/repro/results/HM8_state40_action50_iter30_orderreverse_blocks_seed6_formal5080.json,/home/s110/miniconda3/envs/tt_5080/bin/python3 /home/s110/code/ttpi_iclr/repro/scripts/run_hardmove.py --n-actuator 8 --env-variant standard --training-seed 6 --environment-seed 2026 --permutation-seed 0 --state-sampling-seed 6 --action-order reverse_blocks --run-tag formal5080 --n-state 40 --n-action 50 --n-iter 30 --n-iter-v 1 --callback-freq 10 --n-test 100 --device cuda --max-batch-v 10000 --max-batch-a 100000 --nswp-v 5 --nswp-a 10 --rmax-v 100 --rmax-a 100 --kickrank-v 10 --kickrank-a 10 --eps-cross-v 0.001 --eps-cross-a 0.001 --eps-round-v 0.001 --eps-round-a 0.001 --n-samples 50
HM8,6,6,2026,0,6,flip_within_block,/home/s110/code/ttpi_iclr/repro/results/HM8_state40_action50_iter30_orderflip_within_block_seed6_formal5080.json,/home/s110/miniconda3/envs/tt_5080/bin/python3 /home/s110/code/ttpi_iclr/repro/scripts/run_hardmove.py --n-actuator 8 --env-variant standard --training-seed 6 --environment-seed 2026 --permutation-seed 0 --state-sampling-seed 6 --action-order flip_within_block --run-tag formal5080 --n-state 40 --n-action 50 --n-iter 30 --n-iter-v 1 --callback-freq 10 --n-test 100 --device cuda --max-batch-v 10000 --max-batch-a 100000 --nswp-v 5 --nswp-a 10 --rmax-v 100 --rmax-a 100 --kickrank-v 10 --kickrank-a 10 --eps-cross-v 0.001 --eps-cross-a 0.001 --eps-round-v 0.001 --eps-round-a 0.001 --n-samples 50
HM8,6,6,2026,0,6,pam_greedy,/home/s110/code/ttpi_iclr/repro/results/HM8_state40_action50_iter30_orderpam_greedy_seed6_formal5080.json,/home/s110/miniconda3/envs/tt_5080/bin/python3 /home/s110/code/ttpi_iclr/repro/scripts/run_hardmove.py --n-actuator 8 --env-variant standard --training-seed 6 --environment-seed 2026 --permutation-seed 0 --state-sampling-seed 6 --action-order pam_greedy --run-tag formal5080 --n-state 40 --n-action 50 --n-iter 30 --n-iter-v 1 --callback-freq 10 --n-test 100 --device cuda --max-batch-v 10000 --max-batch-a 100000 --nswp-v 5 --nswp-a 10 --rmax-v 100 --rmax-a 100 --kickrank-v 10 --kickrank-a 10 --eps-cross-v 0.001 --eps-cross-a 0.001 --eps-round-v 0.001 --eps-round-a 0.001 --n-samples 50
HM8,6,6,2026,0,6,pam_spectral,/home/s110/code/ttpi_iclr/repro/results/HM8_state40_action50_iter30_orderpam_spectral_seed6_formal5080.json,/home/s110/miniconda3/envs/tt_5080/bin/python3 /home/s110/code/ttpi_iclr/repro/scripts/run_hardmove.py --n-actuator 8 --env-variant standard --training-seed 6 --environment-seed 2026 --permutation-seed 0 --state-sampling-seed 6 --action-order pam_spectral --run-tag formal5080 --n-state 40 --n-action 50 --n-iter 30 --n-iter-v 1 --callback-freq 10 --n-test 100 --device cuda --max-batch-v 10000 --max-batch-a 100000 --nswp-v 5 --nswp-a 10 --rmax-v 100 --rmax-a 100 --kickrank-v 10 --kickrank-a 10 --eps-cross-v 0.001 --eps-cross-a 0.001 --eps-round-v 0.001 --eps-round-a 0.001 --n-samples 50
HM8,6,6,2026,0,6,block_pam,/home/s110/code/ttpi_iclr/repro/results/HM8_state40_action50_iter30_orderblock_pam_seed6_formal5080.json,/home/s110/miniconda3/envs/tt_5080/bin/python3 /home/s110/code/ttpi_iclr/repro/scripts/run_hardmove.py --n-actuator 8 --env-variant standard --training-seed 6 --environment-seed 2026 --permutation-seed 0 --state-sampling-seed 6 --action-order block_pam --run-tag formal5080 --n-state 40 --n-action 50 --n-iter 30 --n-iter-v 1 --callback-freq 10 --n-test 100 --device cuda --max-batch-v 10000 --max-batch-a 100000 --nswp-v 5 --nswp-a 10 --rmax-v 100 --rmax-a 100 --kickrank-v 10 --kickrank-a 10 --eps-cross-v 0.001 --eps-cross-a 0.001 --eps-round-v 0.001 --eps-round-a 0.001 --n-samples 50
HM8,6,6,2026,0,6,free_pam,/home/s110/code/ttpi_iclr/repro/results/HM8_state40_action50_iter30_orderfree_pam_seed6_formal5080.json,/home/s110/miniconda3/envs/tt_5080/bin/python3 /home/s110/code/ttpi_iclr/repro/scripts/run_hardmove.py --n-actuator 8 --env-variant standard --training-seed 6 --environment-seed 2026 --permutation-seed 0 --state-sampling-seed 6 --action-order free_pam --run-tag formal5080 --n-state 40 --n-action 50 --n-iter 30 --n-iter-v 1 --callback-freq 10 --n-test 100 --device cuda --max-batch-v 10000 --max-batch-a 100000 --nswp-v 5 --nswp-a 10 --rmax-v 100 --rmax-a 100 --kickrank-v 10 --kickrank-a 10 --eps-cross-v 0.001 --eps-cross-a 0.001 --eps-round-v 0.001 --eps-round-a 0.001 --n-samples 50
HM8,6,6,2026,0,6,peakcut_pam,/home/s110/code/ttpi_iclr/repro/results/HM8_state40_action50_iter30_orderpeakcut_pam_seed6_formal5080.json,/home/s110/miniconda3/envs/tt_5080/bin/python3 /home/s110/code/ttpi_iclr/repro/scripts/run_hardmove.py --n-actuator 8 --env-variant standard --training-seed 6 --environment-seed 2026 --permutation-seed 0 --state-sampling-seed 6 --action-order peakcut_pam --run-tag formal5080 --n-state 40 --n-action 50 --n-iter 30 --n-iter-v 1 --callback-freq 10 --n-test 100 --device cuda --max-batch-v 10000 --max-batch-a 100000 --nswp-v 5 --nswp-a 10 --rmax-v 100 --rmax-a 100 --kickrank-v 10 --kickrank-a 10 --eps-cross-v 0.001 --eps-cross-a 0.001 --eps-round-v 0.001 --eps-round-a 0.001 --n-samples 50
HM8,6,6,2026,0,6,sensitivity_pam,/home/s110/code/ttpi_iclr/repro/results/HM8_state40_action50_iter30_ordersensitivity_pam_seed6_formal5080.json,/home/s110/miniconda3/envs/tt_5080/bin/python3 /home/s110/code/ttpi_iclr/repro/scripts/run_hardmove.py --n-actuator 8 --env-variant standard --training-seed 6 --environment-seed 2026 --permutation-seed 0 --state-sampling-seed 6 --action-order sensitivity_pam --run-tag formal5080 --n-state 40 --n-action 50 --n-iter 30 --n-iter-v 1 --callback-freq 10 --n-test 100 --device cuda --max-batch-v 10000 --max-batch-a 100000 --nswp-v 5 --nswp-a 10 --rmax-v 100 --rmax-a 100 --kickrank-v 10 --kickrank-a 10 --eps-cross-v 0.001 --eps-cross-a 0.001 --eps-round-v 0.001 --eps-round-a 0.001 --n-samples 50
HM8,6,6,2026,0,6,rankaware_proxy_pam,/home/s110/code/ttpi_iclr/repro/results/HM8_state40_action50_iter30_orderrankaware_proxy_pam_seed6_formal5080.json,/home/s110/miniconda3/envs/tt_5080/bin/python3 /home/s110/code/ttpi_iclr/repro/scripts/run_hardmove.py --n-actuator 8 --env-variant standard --training-seed 6 --environment-seed 2026 --permutation-seed 0 --state-sampling-seed 6 --action-order rankaware_proxy_pam --run-tag formal5080 --n-state 40 --n-action 50 --n-iter 30 --n-iter-v 1 --callback-freq 10 --n-test 100 --device cuda --max-batch-v 10000 --max-batch-a 100000 --nswp-v 5 --nswp-a 10 --rmax-v 100 --rmax-a 100 --kickrank-v 10 --kickrank-a 10 --eps-cross-v 0.001 --eps-cross-a 0.001 --eps-round-v 0.001 --eps-round-a 0.001 --n-samples 50
HM8,6,6,2026,0,6,hybrid_pam,/home/s110/code/ttpi_iclr/repro/results/HM8_state40_action50_iter30_orderhybrid_pam_seed6_formal5080.json,/home/s110/miniconda3/envs/tt_5080/bin/python3 /home/s110/code/ttpi_iclr/repro/scripts/run_hardmove.py --n-actuator 8 --env-variant standard --training-seed 6 --environment-seed 2026 --permutation-seed 0 --state-sampling-seed 6 --action-order hybrid_pam --run-tag formal5080 --n-state 40 --n-action 50 --n-iter 30 --n-iter-v 1 --callback-freq 10 --n-test 100 --device cuda --max-batch-v 10000 --max-batch-a 100000 --nswp-v 5 --nswp-a 10 --rmax-v 100 --rmax-a 100 --kickrank-v 10 --kickrank-a 10 --eps-cross-v 0.001 --eps-cross-a 0.001 --eps-round-v 0.001 --eps-round-a 0.001 --n-samples 50
HM8,7,7,2026,0,7,local,/home/s110/code/ttpi_iclr/repro/results/HM8_state40_action50_iter30_orderlocal_seed7_formal5080.json,/home/s110/miniconda3/envs/tt_5080/bin/python3 /home/s110/code/ttpi_iclr/repro/scripts/run_hardmove.py --n-actuator 8 --env-variant standard --training-seed 7 --environment-seed 2026 --permutation-seed 0 --state-sampling-seed 7 --action-order local --run-tag formal5080 --n-state 40 --n-action 50 --n-iter 30 --n-iter-v 1 --callback-freq 10 --n-test 100 --device cuda --max-batch-v 10000 --max-batch-a 100000 --nswp-v 5 --nswp-a 10 --rmax-v 100 --rmax-a 100 --kickrank-v 10 --kickrank-a 10 --eps-cross-v 0.001 --eps-cross-a 0.001 --eps-round-v 0.001 --eps-round-a 0.001 --n-samples 50
HM8,7,7,2026,0,7,random,/home/s110/code/ttpi_iclr/repro/results/HM8_state40_action50_iter30_orderrandom_seed7_permseed0_formal5080.json,/home/s110/miniconda3/envs/tt_5080/bin/python3 /home/s110/code/ttpi_iclr/repro/scripts/run_hardmove.py --n-actuator 8 --env-variant standard --training-seed 7 --environment-seed 2026 --permutation-seed 0 --include-permutation-seed-in-run-id --state-sampling-seed 7 --action-order random --run-tag formal5080 --n-state 40 --n-action 50 --n-iter 30 --n-iter-v 1 --callback-freq 10 --n-test 100 --device cuda --max-batch-v 10000 --max-batch-a 100000 --nswp-v 5 --nswp-a 10 --rmax-v 100 --rmax-a 100 --kickrank-v 10 --kickrank-a 10 --eps-cross-v 0.001 --eps-cross-a 0.001 --eps-round-v 0.001 --eps-round-a 0.001 --n-samples 50
HM8,7,7,2026,1,7,random,/home/s110/code/ttpi_iclr/repro/results/HM8_state40_action50_iter30_orderrandom_seed7_permseed1_formal5080.json,/home/s110/miniconda3/envs/tt_5080/bin/python3 /home/s110/code/ttpi_iclr/repro/scripts/run_hardmove.py --n-actuator 8 --env-variant standard --training-seed 7 --environment-seed 2026 --permutation-seed 1 --include-permutation-seed-in-run-id --state-sampling-seed 7 --action-order random --run-tag formal5080 --n-state 40 --n-action 50 --n-iter 30 --n-iter-v 1 --callback-freq 10 --n-test 100 --device cuda --max-batch-v 10000 --max-batch-a 100000 --nswp-v 5 --nswp-a 10 --rmax-v 100 --rmax-a 100 --kickrank-v 10 --kickrank-a 10 --eps-cross-v 0.001 --eps-cross-a 0.001 --eps-round-v 0.001 --eps-round-a 0.001 --n-samples 50
HM8,7,7,2026,2,7,random,/home/s110/code/ttpi_iclr/repro/results/HM8_state40_action50_iter30_orderrandom_seed7_permseed2_formal5080.json,/home/s110/miniconda3/envs/tt_5080/bin/python3 /home/s110/code/ttpi_iclr/repro/scripts/run_hardmove.py --n-actuator 8 --env-variant standard --training-seed 7 --environment-seed 2026 --permutation-seed 2 --include-permutation-seed-in-run-id --state-sampling-seed 7 --action-order random --run-tag formal5080 --n-state 40 --n-action 50 --n-iter 30 --n-iter-v 1 --callback-freq 10 --n-test 100 --device cuda --max-batch-v 10000 --max-batch-a 100000 --nswp-v 5 --nswp-a 10 --rmax-v 100 --rmax-a 100 --kickrank-v 10 --kickrank-a 10 --eps-cross-v 0.001 --eps-cross-a 0.001 --eps-round-v 0.001 --eps-round-a 0.001 --n-samples 50
HM8,7,7,2026,0,7,badsplit,/home/s110/code/ttpi_iclr/repro/results/HM8_state40_action50_iter30_orderbadsplit_seed7_formal5080.json,/home/s110/miniconda3/envs/tt_5080/bin/python3 /home/s110/code/ttpi_iclr/repro/scripts/run_hardmove.py --n-actuator 8 --env-variant standard --training-seed 7 --environment-seed 2026 --permutation-seed 0 --state-sampling-seed 7 --action-order badsplit --run-tag formal5080 --n-state 40 --n-action 50 --n-iter 30 --n-iter-v 1 --callback-freq 10 --n-test 100 --device cuda --max-batch-v 10000 --max-batch-a 100000 --nswp-v 5 --nswp-a 10 --rmax-v 100 --rmax-a 100 --kickrank-v 10 --kickrank-a 10 --eps-cross-v 0.001 --eps-cross-a 0.001 --eps-round-v 0.001 --eps-round-a 0.001 --n-samples 50
HM8,7,7,2026,0,7,reverse_blocks,/home/s110/code/ttpi_iclr/repro/results/HM8_state40_action50_iter30_orderreverse_blocks_seed7_formal5080.json,/home/s110/miniconda3/envs/tt_5080/bin/python3 /home/s110/code/ttpi_iclr/repro/scripts/run_hardmove.py --n-actuator 8 --env-variant standard --training-seed 7 --environment-seed 2026 --permutation-seed 0 --state-sampling-seed 7 --action-order reverse_blocks --run-tag formal5080 --n-state 40 --n-action 50 --n-iter 30 --n-iter-v 1 --callback-freq 10 --n-test 100 --device cuda --max-batch-v 10000 --max-batch-a 100000 --nswp-v 5 --nswp-a 10 --rmax-v 100 --rmax-a 100 --kickrank-v 10 --kickrank-a 10 --eps-cross-v 0.001 --eps-cross-a 0.001 --eps-round-v 0.001 --eps-round-a 0.001 --n-samples 50
HM8,7,7,2026,0,7,flip_within_block,/home/s110/code/ttpi_iclr/repro/results/HM8_state40_action50_iter30_orderflip_within_block_seed7_formal5080.json,/home/s110/miniconda3/envs/tt_5080/bin/python3 /home/s110/code/ttpi_iclr/repro/scripts/run_hardmove.py --n-actuator 8 --env-variant standard --training-seed 7 --environment-seed 2026 --permutation-seed 0 --state-sampling-seed 7 --action-order flip_within_block --run-tag formal5080 --n-state 40 --n-action 50 --n-iter 30 --n-iter-v 1 --callback-freq 10 --n-test 100 --device cuda --max-batch-v 10000 --max-batch-a 100000 --nswp-v 5 --nswp-a 10 --rmax-v 100 --rmax-a 100 --kickrank-v 10 --kickrank-a 10 --eps-cross-v 0.001 --eps-cross-a 0.001 --eps-round-v 0.001 --eps-round-a 0.001 --n-samples 50
HM8,7,7,2026,0,7,pam_greedy,/home/s110/code/ttpi_iclr/repro/results/HM8_state40_action50_iter30_orderpam_greedy_seed7_formal5080.json,/home/s110/miniconda3/envs/tt_5080/bin/python3 /home/s110/code/ttpi_iclr/repro/scripts/run_hardmove.py --n-actuator 8 --env-variant standard --training-seed 7 --environment-seed 2026 --permutation-seed 0 --state-sampling-seed 7 --action-order pam_greedy --run-tag formal5080 --n-state 40 --n-action 50 --n-iter 30 --n-iter-v 1 --callback-freq 10 --n-test 100 --device cuda --max-batch-v 10000 --max-batch-a 100000 --nswp-v 5 --nswp-a 10 --rmax-v 100 --rmax-a 100 --kickrank-v 10 --kickrank-a 10 --eps-cross-v 0.001 --eps-cross-a 0.001 --eps-round-v 0.001 --eps-round-a 0.001 --n-samples 50
HM8,7,7,2026,0,7,pam_spectral,/home/s110/code/ttpi_iclr/repro/results/HM8_state40_action50_iter30_orderpam_spectral_seed7_formal5080.json,/home/s110/miniconda3/envs/tt_5080/bin/python3 /home/s110/code/ttpi_iclr/repro/scripts/run_hardmove.py --n-actuator 8 --env-variant standard --training-seed 7 --environment-seed 2026 --permutation-seed 0 --state-sampling-seed 7 --action-order pam_spectral --run-tag formal5080 --n-state 40 --n-action 50 --n-iter 30 --n-iter-v 1 --callback-freq 10 --n-test 100 --device cuda --max-batch-v 10000 --max-batch-a 100000 --nswp-v 5 --nswp-a 10 --rmax-v 100 --rmax-a 100 --kickrank-v 10 --kickrank-a 10 --eps-cross-v 0.001 --eps-cross-a 0.001 --eps-round-v 0.001 --eps-round-a 0.001 --n-samples 50
HM8,7,7,2026,0,7,block_pam,/home/s110/code/ttpi_iclr/repro/results/HM8_state40_action50_iter30_orderblock_pam_seed7_formal5080.json,/home/s110/miniconda3/envs/tt_5080/bin/python3 /home/s110/code/ttpi_iclr/repro/scripts/run_hardmove.py --n-actuator 8 --env-variant standard --training-seed 7 --environment-seed 2026 --permutation-seed 0 --state-sampling-seed 7 --action-order block_pam --run-tag formal5080 --n-state 40 --n-action 50 --n-iter 30 --n-iter-v 1 --callback-freq 10 --n-test 100 --device cuda --max-batch-v 10000 --max-batch-a 100000 --nswp-v 5 --nswp-a 10 --rmax-v 100 --rmax-a 100 --kickrank-v 10 --kickrank-a 10 --eps-cross-v 0.001 --eps-cross-a 0.001 --eps-round-v 0.001 --eps-round-a 0.001 --n-samples 50
HM8,7,7,2026,0,7,free_pam,/home/s110/code/ttpi_iclr/repro/results/HM8_state40_action50_iter30_orderfree_pam_seed7_formal5080.json,/home/s110/miniconda3/envs/tt_5080/bin/python3 /home/s110/code/ttpi_iclr/repro/scripts/run_hardmove.py --n-actuator 8 --env-variant standard --training-seed 7 --environment-seed 2026 --permutation-seed 0 --state-sampling-seed 7 --action-order free_pam --run-tag formal5080 --n-state 40 --n-action 50 --n-iter 30 --n-iter-v 1 --callback-freq 10 --n-test 100 --device cuda --max-batch-v 10000 --max-batch-a 100000 --nswp-v 5 --nswp-a 10 --rmax-v 100 --rmax-a 100 --kickrank-v 10 --kickrank-a 10 --eps-cross-v 0.001 --eps-cross-a 0.001 --eps-round-v 0.001 --eps-round-a 0.001 --n-samples 50
HM8,7,7,2026,0,7,peakcut_pam,/home/s110/code/ttpi_iclr/repro/results/HM8_state40_action50_iter30_orderpeakcut_pam_seed7_formal5080.json,/home/s110/miniconda3/envs/tt_5080/bin/python3 /home/s110/code/ttpi_iclr/repro/scripts/run_hardmove.py --n-actuator 8 --env-variant standard --training-seed 7 --environment-seed 2026 --permutation-seed 0 --state-sampling-seed 7 --action-order peakcut_pam --run-tag formal5080 --n-state 40 --n-action 50 --n-iter 30 --n-iter-v 1 --callback-freq 10 --n-test 100 --device cuda --max-batch-v 10000 --max-batch-a 100000 --nswp-v 5 --nswp-a 10 --rmax-v 100 --rmax-a 100 --kickrank-v 10 --kickrank-a 10 --eps-cross-v 0.001 --eps-cross-a 0.001 --eps-round-v 0.001 --eps-round-a 0.001 --n-samples 50
HM8,7,7,2026,0,7,sensitivity_pam,/home/s110/code/ttpi_iclr/repro/results/HM8_state40_action50_iter30_ordersensitivity_pam_seed7_formal5080.json,/home/s110/miniconda3/envs/tt_5080/bin/python3 /home/s110/code/ttpi_iclr/repro/scripts/run_hardmove.py --n-actuator 8 --env-variant standard --training-seed 7 --environment-seed 2026 --permutation-seed 0 --state-sampling-seed 7 --action-order sensitivity_pam --run-tag formal5080 --n-state 40 --n-action 50 --n-iter 30 --n-iter-v 1 --callback-freq 10 --n-test 100 --device cuda --max-batch-v 10000 --max-batch-a 100000 --nswp-v 5 --nswp-a 10 --rmax-v 100 --rmax-a 100 --kickrank-v 10 --kickrank-a 10 --eps-cross-v 0.001 --eps-cross-a 0.001 --eps-round-v 0.001 --eps-round-a 0.001 --n-samples 50
HM8,7,7,2026,0,7,rankaware_proxy_pam,/home/s110/code/ttpi_iclr/repro/results/HM8_state40_action50_iter30_orderrankaware_proxy_pam_seed7_formal5080.json,/home/s110/miniconda3/envs/tt_5080/bin/python3 /home/s110/code/ttpi_iclr/repro/scripts/run_hardmove.py --n-actuator 8 --env-variant standard --training-seed 7 --environment-seed 2026 --permutation-seed 0 --state-sampling-seed 7 --action-order rankaware_proxy_pam --run-tag formal5080 --n-state 40 --n-action 50 --n-iter 30 --n-iter-v 1 --callback-freq 10 --n-test 100 --device cuda --max-batch-v 10000 --max-batch-a 100000 --nswp-v 5 --nswp-a 10 --rmax-v 100 --rmax-a 100 --kickrank-v 10 --kickrank-a 10 --eps-cross-v 0.001 --eps-cross-a 0.001 --eps-round-v 0.001 --eps-round-a 0.001 --n-samples 50
HM8,7,7,2026,0,7,hybrid_pam,/home/s110/code/ttpi_iclr/repro/results/HM8_state40_action50_iter30_orderhybrid_pam_seed7_formal5080.json,/home/s110/miniconda3/envs/tt_5080/bin/python3 /home/s110/code/ttpi_iclr/repro/scripts/run_hardmove.py --n-actuator 8 --env-variant standard --training-seed 7 --environment-seed 2026 --permutation-seed 0 --state-sampling-seed 7 --action-order hybrid_pam --run-tag formal5080 --n-state 40 --n-action 50 --n-iter 30 --n-iter-v 1 --callback-freq 10 --n-test 100 --device cuda --max-batch-v 10000 --max-batch-a 100000 --nswp-v 5 --nswp-a 10 --rmax-v 100 --rmax-a 100 --kickrank-v 10 --kickrank-a 10 --eps-cross-v 0.001 --eps-cross-a 0.001 --eps-round-v 0.001 --eps-round-a 0.001 --n-samples 50
HM8,8,8,2026,0,8,local,/home/s110/code/ttpi_iclr/repro/results/HM8_state40_action50_iter30_orderlocal_seed8_formal5080.json,/home/s110/miniconda3/envs/tt_5080/bin/python3 /home/s110/code/ttpi_iclr/repro/scripts/run_hardmove.py --n-actuator 8 --env-variant standard --training-seed 8 --environment-seed 2026 --permutation-seed 0 --state-sampling-seed 8 --action-order local --run-tag formal5080 --n-state 40 --n-action 50 --n-iter 30 --n-iter-v 1 --callback-freq 10 --n-test 100 --device cuda --max-batch-v 10000 --max-batch-a 100000 --nswp-v 5 --nswp-a 10 --rmax-v 100 --rmax-a 100 --kickrank-v 10 --kickrank-a 10 --eps-cross-v 0.001 --eps-cross-a 0.001 --eps-round-v 0.001 --eps-round-a 0.001 --n-samples 50
HM8,8,8,2026,0,8,random,/home/s110/code/ttpi_iclr/repro/results/HM8_state40_action50_iter30_orderrandom_seed8_permseed0_formal5080.json,/home/s110/miniconda3/envs/tt_5080/bin/python3 /home/s110/code/ttpi_iclr/repro/scripts/run_hardmove.py --n-actuator 8 --env-variant standard --training-seed 8 --environment-seed 2026 --permutation-seed 0 --include-permutation-seed-in-run-id --state-sampling-seed 8 --action-order random --run-tag formal5080 --n-state 40 --n-action 50 --n-iter 30 --n-iter-v 1 --callback-freq 10 --n-test 100 --device cuda --max-batch-v 10000 --max-batch-a 100000 --nswp-v 5 --nswp-a 10 --rmax-v 100 --rmax-a 100 --kickrank-v 10 --kickrank-a 10 --eps-cross-v 0.001 --eps-cross-a 0.001 --eps-round-v 0.001 --eps-round-a 0.001 --n-samples 50
HM8,8,8,2026,1,8,random,/home/s110/code/ttpi_iclr/repro/results/HM8_state40_action50_iter30_orderrandom_seed8_permseed1_formal5080.json,/home/s110/miniconda3/envs/tt_5080/bin/python3 /home/s110/code/ttpi_iclr/repro/scripts/run_hardmove.py --n-actuator 8 --env-variant standard --training-seed 8 --environment-seed 2026 --permutation-seed 1 --include-permutation-seed-in-run-id --state-sampling-seed 8 --action-order random --run-tag formal5080 --n-state 40 --n-action 50 --n-iter 30 --n-iter-v 1 --callback-freq 10 --n-test 100 --device cuda --max-batch-v 10000 --max-batch-a 100000 --nswp-v 5 --nswp-a 10 --rmax-v 100 --rmax-a 100 --kickrank-v 10 --kickrank-a 10 --eps-cross-v 0.001 --eps-cross-a 0.001 --eps-round-v 0.001 --eps-round-a 0.001 --n-samples 50
HM8,8,8,2026,2,8,random,/home/s110/code/ttpi_iclr/repro/results/HM8_state40_action50_iter30_orderrandom_seed8_permseed2_formal5080.json,/home/s110/miniconda3/envs/tt_5080/bin/python3 /home/s110/code/ttpi_iclr/repro/scripts/run_hardmove.py --n-actuator 8 --env-variant standard --training-seed 8 --environment-seed 2026 --permutation-seed 2 --include-permutation-seed-in-run-id --state-sampling-seed 8 --action-order random --run-tag formal5080 --n-state 40 --n-action 50 --n-iter 30 --n-iter-v 1 --callback-freq 10 --n-test 100 --device cuda --max-batch-v 10000 --max-batch-a 100000 --nswp-v 5 --nswp-a 10 --rmax-v 100 --rmax-a 100 --kickrank-v 10 --kickrank-a 10 --eps-cross-v 0.001 --eps-cross-a 0.001 --eps-round-v 0.001 --eps-round-a 0.001 --n-samples 50
HM8,8,8,2026,0,8,badsplit,/home/s110/code/ttpi_iclr/repro/results/HM8_state40_action50_iter30_orderbadsplit_seed8_formal5080.json,/home/s110/miniconda3/envs/tt_5080/bin/python3 /home/s110/code/ttpi_iclr/repro/scripts/run_hardmove.py --n-actuator 8 --env-variant standard --training-seed 8 --environment-seed 2026 --permutation-seed 0 --state-sampling-seed 8 --action-order badsplit --run-tag formal5080 --n-state 40 --n-action 50 --n-iter 30 --n-iter-v 1 --callback-freq 10 --n-test 100 --device cuda --max-batch-v 10000 --max-batch-a 100000 --nswp-v 5 --nswp-a 10 --rmax-v 100 --rmax-a 100 --kickrank-v 10 --kickrank-a 10 --eps-cross-v 0.001 --eps-cross-a 0.001 --eps-round-v 0.001 --eps-round-a 0.001 --n-samples 50
HM8,8,8,2026,0,8,reverse_blocks,/home/s110/code/ttpi_iclr/repro/results/HM8_state40_action50_iter30_orderreverse_blocks_seed8_formal5080.json,/home/s110/miniconda3/envs/tt_5080/bin/python3 /home/s110/code/ttpi_iclr/repro/scripts/run_hardmove.py --n-actuator 8 --env-variant standard --training-seed 8 --environment-seed 2026 --permutation-seed 0 --state-sampling-seed 8 --action-order reverse_blocks --run-tag formal5080 --n-state 40 --n-action 50 --n-iter 30 --n-iter-v 1 --callback-freq 10 --n-test 100 --device cuda --max-batch-v 10000 --max-batch-a 100000 --nswp-v 5 --nswp-a 10 --rmax-v 100 --rmax-a 100 --kickrank-v 10 --kickrank-a 10 --eps-cross-v 0.001 --eps-cross-a 0.001 --eps-round-v 0.001 --eps-round-a 0.001 --n-samples 50
HM8,8,8,2026,0,8,flip_within_block,/home/s110/code/ttpi_iclr/repro/results/HM8_state40_action50_iter30_orderflip_within_block_seed8_formal5080.json,/home/s110/miniconda3/envs/tt_5080/bin/python3 /home/s110/code/ttpi_iclr/repro/scripts/run_hardmove.py --n-actuator 8 --env-variant standard --training-seed 8 --environment-seed 2026 --permutation-seed 0 --state-sampling-seed 8 --action-order flip_within_block --run-tag formal5080 --n-state 40 --n-action 50 --n-iter 30 --n-iter-v 1 --callback-freq 10 --n-test 100 --device cuda --max-batch-v 10000 --max-batch-a 100000 --nswp-v 5 --nswp-a 10 --rmax-v 100 --rmax-a 100 --kickrank-v 10 --kickrank-a 10 --eps-cross-v 0.001 --eps-cross-a 0.001 --eps-round-v 0.001 --eps-round-a 0.001 --n-samples 50
HM8,8,8,2026,0,8,pam_greedy,/home/s110/code/ttpi_iclr/repro/results/HM8_state40_action50_iter30_orderpam_greedy_seed8_formal5080.json,/home/s110/miniconda3/envs/tt_5080/bin/python3 /home/s110/code/ttpi_iclr/repro/scripts/run_hardmove.py --n-actuator 8 --env-variant standard --training-seed 8 --environment-seed 2026 --permutation-seed 0 --state-sampling-seed 8 --action-order pam_greedy --run-tag formal5080 --n-state 40 --n-action 50 --n-iter 30 --n-iter-v 1 --callback-freq 10 --n-test 100 --device cuda --max-batch-v 10000 --max-batch-a 100000 --nswp-v 5 --nswp-a 10 --rmax-v 100 --rmax-a 100 --kickrank-v 10 --kickrank-a 10 --eps-cross-v 0.001 --eps-cross-a 0.001 --eps-round-v 0.001 --eps-round-a 0.001 --n-samples 50
HM8,8,8,2026,0,8,pam_spectral,/home/s110/code/ttpi_iclr/repro/results/HM8_state40_action50_iter30_orderpam_spectral_seed8_formal5080.json,/home/s110/miniconda3/envs/tt_5080/bin/python3 /home/s110/code/ttpi_iclr/repro/scripts/run_hardmove.py --n-actuator 8 --env-variant standard --training-seed 8 --environment-seed 2026 --permutation-seed 0 --state-sampling-seed 8 --action-order pam_spectral --run-tag formal5080 --n-state 40 --n-action 50 --n-iter 30 --n-iter-v 1 --callback-freq 10 --n-test 100 --device cuda --max-batch-v 10000 --max-batch-a 100000 --nswp-v 5 --nswp-a 10 --rmax-v 100 --rmax-a 100 --kickrank-v 10 --kickrank-a 10 --eps-cross-v 0.001 --eps-cross-a 0.001 --eps-round-v 0.001 --eps-round-a 0.001 --n-samples 50
HM8,8,8,2026,0,8,block_pam,/home/s110/code/ttpi_iclr/repro/results/HM8_state40_action50_iter30_orderblock_pam_seed8_formal5080.json,/home/s110/miniconda3/envs/tt_5080/bin/python3 /home/s110/code/ttpi_iclr/repro/scripts/run_hardmove.py --n-actuator 8 --env-variant standard --training-seed 8 --environment-seed 2026 --permutation-seed 0 --state-sampling-seed 8 --action-order block_pam --run-tag formal5080 --n-state 40 --n-action 50 --n-iter 30 --n-iter-v 1 --callback-freq 10 --n-test 100 --device cuda --max-batch-v 10000 --max-batch-a 100000 --nswp-v 5 --nswp-a 10 --rmax-v 100 --rmax-a 100 --kickrank-v 10 --kickrank-a 10 --eps-cross-v 0.001 --eps-cross-a 0.001 --eps-round-v 0.001 --eps-round-a 0.001 --n-samples 50
HM8,8,8,2026,0,8,free_pam,/home/s110/code/ttpi_iclr/repro/results/HM8_state40_action50_iter30_orderfree_pam_seed8_formal5080.json,/home/s110/miniconda3/envs/tt_5080/bin/python3 /home/s110/code/ttpi_iclr/repro/scripts/run_hardmove.py --n-actuator 8 --env-variant standard --training-seed 8 --environment-seed 2026 --permutation-seed 0 --state-sampling-seed 8 --action-order free_pam --run-tag formal5080 --n-state 40 --n-action 50 --n-iter 30 --n-iter-v 1 --callback-freq 10 --n-test 100 --device cuda --max-batch-v 10000 --max-batch-a 100000 --nswp-v 5 --nswp-a 10 --rmax-v 100 --rmax-a 100 --kickrank-v 10 --kickrank-a 10 --eps-cross-v 0.001 --eps-cross-a 0.001 --eps-round-v 0.001 --eps-round-a 0.001 --n-samples 50
HM8,8,8,2026,0,8,peakcut_pam,/home/s110/code/ttpi_iclr/repro/results/HM8_state40_action50_iter30_orderpeakcut_pam_seed8_formal5080.json,/home/s110/miniconda3/envs/tt_5080/bin/python3 /home/s110/code/ttpi_iclr/repro/scripts/run_hardmove.py --n-actuator 8 --env-variant standard --training-seed 8 --environment-seed 2026 --permutation-seed 0 --state-sampling-seed 8 --action-order peakcut_pam --run-tag formal5080 --n-state 40 --n-action 50 --n-iter 30 --n-iter-v 1 --callback-freq 10 --n-test 100 --device cuda --max-batch-v 10000 --max-batch-a 100000 --nswp-v 5 --nswp-a 10 --rmax-v 100 --rmax-a 100 --kickrank-v 10 --kickrank-a 10 --eps-cross-v 0.001 --eps-cross-a 0.001 --eps-round-v 0.001 --eps-round-a 0.001 --n-samples 50
HM8,8,8,2026,0,8,sensitivity_pam,/home/s110/code/ttpi_iclr/repro/results/HM8_state40_action50_iter30_ordersensitivity_pam_seed8_formal5080.json,/home/s110/miniconda3/envs/tt_5080/bin/python3 /home/s110/code/ttpi_iclr/repro/scripts/run_hardmove.py --n-actuator 8 --env-variant standard --training-seed 8 --environment-seed 2026 --permutation-seed 0 --state-sampling-seed 8 --action-order sensitivity_pam --run-tag formal5080 --n-state 40 --n-action 50 --n-iter 30 --n-iter-v 1 --callback-freq 10 --n-test 100 --device cuda --max-batch-v 10000 --max-batch-a 100000 --nswp-v 5 --nswp-a 10 --rmax-v 100 --rmax-a 100 --kickrank-v 10 --kickrank-a 10 --eps-cross-v 0.001 --eps-cross-a 0.001 --eps-round-v 0.001 --eps-round-a 0.001 --n-samples 50
HM8,8,8,2026,0,8,rankaware_proxy_pam,/home/s110/code/ttpi_iclr/repro/results/HM8_state40_action50_iter30_orderrankaware_proxy_pam_seed8_formal5080.json,/home/s110/miniconda3/envs/tt_5080/bin/python3 /home/s110/code/ttpi_iclr/repro/scripts/run_hardmove.py --n-actuator 8 --env-variant standard --training-seed 8 --environment-seed 2026 --permutation-seed 0 --state-sampling-seed 8 --action-order rankaware_proxy_pam --run-tag formal5080 --n-state 40 --n-action 50 --n-iter 30 --n-iter-v 1 --callback-freq 10 --n-test 100 --device cuda --max-batch-v 10000 --max-batch-a 100000 --nswp-v 5 --nswp-a 10 --rmax-v 100 --rmax-a 100 --kickrank-v 10 --kickrank-a 10 --eps-cross-v 0.001 --eps-cross-a 0.001 --eps-round-v 0.001 --eps-round-a 0.001 --n-samples 50
HM8,8,8,2026,0,8,hybrid_pam,/home/s110/code/ttpi_iclr/repro/results/HM8_state40_action50_iter30_orderhybrid_pam_seed8_formal5080.json,/home/s110/miniconda3/envs/tt_5080/bin/python3 /home/s110/code/ttpi_iclr/repro/scripts/run_hardmove.py --n-actuator 8 --env-variant standard --training-seed 8 --environment-seed 2026 --permutation-seed 0 --state-sampling-seed 8 --action-order hybrid_pam --run-tag formal5080 --n-state 40 --n-action 50 --n-iter 30 --n-iter-v 1 --callback-freq 10 --n-test 100 --device cuda --max-batch-v 10000 --max-batch-a 100000 --nswp-v 5 --nswp-a 10 --rmax-v 100 --rmax-a 100 --kickrank-v 10 --kickrank-a 10 --eps-cross-v 0.001 --eps-cross-a 0.001 --eps-round-v 0.001 --eps-round-a 0.001 --n-samples 50
HM8,9,9,2026,0,9,local,/home/s110/code/ttpi_iclr/repro/results/HM8_state40_action50_iter30_orderlocal_seed9_formal5080.json,/home/s110/miniconda3/envs/tt_5080/bin/python3 /home/s110/code/ttpi_iclr/repro/scripts/run_hardmove.py --n-actuator 8 --env-variant standard --training-seed 9 --environment-seed 2026 --permutation-seed 0 --state-sampling-seed 9 --action-order local --run-tag formal5080 --n-state 40 --n-action 50 --n-iter 30 --n-iter-v 1 --callback-freq 10 --n-test 100 --device cuda --max-batch-v 10000 --max-batch-a 100000 --nswp-v 5 --nswp-a 10 --rmax-v 100 --rmax-a 100 --kickrank-v 10 --kickrank-a 10 --eps-cross-v 0.001 --eps-cross-a 0.001 --eps-round-v 0.001 --eps-round-a 0.001 --n-samples 50
HM8,9,9,2026,0,9,random,/home/s110/code/ttpi_iclr/repro/results/HM8_state40_action50_iter30_orderrandom_seed9_permseed0_formal5080.json,/home/s110/miniconda3/envs/tt_5080/bin/python3 /home/s110/code/ttpi_iclr/repro/scripts/run_hardmove.py --n-actuator 8 --env-variant standard --training-seed 9 --environment-seed 2026 --permutation-seed 0 --include-permutation-seed-in-run-id --state-sampling-seed 9 --action-order random --run-tag formal5080 --n-state 40 --n-action 50 --n-iter 30 --n-iter-v 1 --callback-freq 10 --n-test 100 --device cuda --max-batch-v 10000 --max-batch-a 100000 --nswp-v 5 --nswp-a 10 --rmax-v 100 --rmax-a 100 --kickrank-v 10 --kickrank-a 10 --eps-cross-v 0.001 --eps-cross-a 0.001 --eps-round-v 0.001 --eps-round-a 0.001 --n-samples 50
HM8,9,9,2026,1,9,random,/home/s110/code/ttpi_iclr/repro/results/HM8_state40_action50_iter30_orderrandom_seed9_permseed1_formal5080.json,/home/s110/miniconda3/envs/tt_5080/bin/python3 /home/s110/code/ttpi_iclr/repro/scripts/run_hardmove.py --n-actuator 8 --env-variant standard --training-seed 9 --environment-seed 2026 --permutation-seed 1 --include-permutation-seed-in-run-id --state-sampling-seed 9 --action-order random --run-tag formal5080 --n-state 40 --n-action 50 --n-iter 30 --n-iter-v 1 --callback-freq 10 --n-test 100 --device cuda --max-batch-v 10000 --max-batch-a 100000 --nswp-v 5 --nswp-a 10 --rmax-v 100 --rmax-a 100 --kickrank-v 10 --kickrank-a 10 --eps-cross-v 0.001 --eps-cross-a 0.001 --eps-round-v 0.001 --eps-round-a 0.001 --n-samples 50
HM8,9,9,2026,2,9,random,/home/s110/code/ttpi_iclr/repro/results/HM8_state40_action50_iter30_orderrandom_seed9_permseed2_formal5080.json,/home/s110/miniconda3/envs/tt_5080/bin/python3 /home/s110/code/ttpi_iclr/repro/scripts/run_hardmove.py --n-actuator 8 --env-variant standard --training-seed 9 --environment-seed 2026 --permutation-seed 2 --include-permutation-seed-in-run-id --state-sampling-seed 9 --action-order random --run-tag formal5080 --n-state 40 --n-action 50 --n-iter 30 --n-iter-v 1 --callback-freq 10 --n-test 100 --device cuda --max-batch-v 10000 --max-batch-a 100000 --nswp-v 5 --nswp-a 10 --rmax-v 100 --rmax-a 100 --kickrank-v 10 --kickrank-a 10 --eps-cross-v 0.001 --eps-cross-a 0.001 --eps-round-v 0.001 --eps-round-a 0.001 --n-samples 50
HM8,9,9,2026,0,9,badsplit,/home/s110/code/ttpi_iclr/repro/results/HM8_state40_action50_iter30_orderbadsplit_seed9_formal5080.json,/home/s110/miniconda3/envs/tt_5080/bin/python3 /home/s110/code/ttpi_iclr/repro/scripts/run_hardmove.py --n-actuator 8 --env-variant standard --training-seed 9 --environment-seed 2026 --permutation-seed 0 --state-sampling-seed 9 --action-order badsplit --run-tag formal5080 --n-state 40 --n-action 50 --n-iter 30 --n-iter-v 1 --callback-freq 10 --n-test 100 --device cuda --max-batch-v 10000 --max-batch-a 100000 --nswp-v 5 --nswp-a 10 --rmax-v 100 --rmax-a 100 --kickrank-v 10 --kickrank-a 10 --eps-cross-v 0.001 --eps-cross-a 0.001 --eps-round-v 0.001 --eps-round-a 0.001 --n-samples 50
HM8,9,9,2026,0,9,reverse_blocks,/home/s110/code/ttpi_iclr/repro/results/HM8_state40_action50_iter30_orderreverse_blocks_seed9_formal5080.json,/home/s110/miniconda3/envs/tt_5080/bin/python3 /home/s110/code/ttpi_iclr/repro/scripts/run_hardmove.py --n-actuator 8 --env-variant standard --training-seed 9 --environment-seed 2026 --permutation-seed 0 --state-sampling-seed 9 --action-order reverse_blocks --run-tag formal5080 --n-state 40 --n-action 50 --n-iter 30 --n-iter-v 1 --callback-freq 10 --n-test 100 --device cuda --max-batch-v 10000 --max-batch-a 100000 --nswp-v 5 --nswp-a 10 --rmax-v 100 --rmax-a 100 --kickrank-v 10 --kickrank-a 10 --eps-cross-v 0.001 --eps-cross-a 0.001 --eps-round-v 0.001 --eps-round-a 0.001 --n-samples 50
HM8,9,9,2026,0,9,flip_within_block,/home/s110/code/ttpi_iclr/repro/results/HM8_state40_action50_iter30_orderflip_within_block_seed9_formal5080.json,/home/s110/miniconda3/envs/tt_5080/bin/python3 /home/s110/code/ttpi_iclr/repro/scripts/run_hardmove.py --n-actuator 8 --env-variant standard --training-seed 9 --environment-seed 2026 --permutation-seed 0 --state-sampling-seed 9 --action-order flip_within_block --run-tag formal5080 --n-state 40 --n-action 50 --n-iter 30 --n-iter-v 1 --callback-freq 10 --n-test 100 --device cuda --max-batch-v 10000 --max-batch-a 100000 --nswp-v 5 --nswp-a 10 --rmax-v 100 --rmax-a 100 --kickrank-v 10 --kickrank-a 10 --eps-cross-v 0.001 --eps-cross-a 0.001 --eps-round-v 0.001 --eps-round-a 0.001 --n-samples 50
HM8,9,9,2026,0,9,pam_greedy,/home/s110/code/ttpi_iclr/repro/results/HM8_state40_action50_iter30_orderpam_greedy_seed9_formal5080.json,/home/s110/miniconda3/envs/tt_5080/bin/python3 /home/s110/code/ttpi_iclr/repro/scripts/run_hardmove.py --n-actuator 8 --env-variant standard --training-seed 9 --environment-seed 2026 --permutation-seed 0 --state-sampling-seed 9 --action-order pam_greedy --run-tag formal5080 --n-state 40 --n-action 50 --n-iter 30 --n-iter-v 1 --callback-freq 10 --n-test 100 --device cuda --max-batch-v 10000 --max-batch-a 100000 --nswp-v 5 --nswp-a 10 --rmax-v 100 --rmax-a 100 --kickrank-v 10 --kickrank-a 10 --eps-cross-v 0.001 --eps-cross-a 0.001 --eps-round-v 0.001 --eps-round-a 0.001 --n-samples 50
HM8,9,9,2026,0,9,pam_spectral,/home/s110/code/ttpi_iclr/repro/results/HM8_state40_action50_iter30_orderpam_spectral_seed9_formal5080.json,/home/s110/miniconda3/envs/tt_5080/bin/python3 /home/s110/code/ttpi_iclr/repro/scripts/run_hardmove.py --n-actuator 8 --env-variant standard --training-seed 9 --environment-seed 2026 --permutation-seed 0 --state-sampling-seed 9 --action-order pam_spectral --run-tag formal5080 --n-state 40 --n-action 50 --n-iter 30 --n-iter-v 1 --callback-freq 10 --n-test 100 --device cuda --max-batch-v 10000 --max-batch-a 100000 --nswp-v 5 --nswp-a 10 --rmax-v 100 --rmax-a 100 --kickrank-v 10 --kickrank-a 10 --eps-cross-v 0.001 --eps-cross-a 0.001 --eps-round-v 0.001 --eps-round-a 0.001 --n-samples 50
HM8,9,9,2026,0,9,block_pam,/home/s110/code/ttpi_iclr/repro/results/HM8_state40_action50_iter30_orderblock_pam_seed9_formal5080.json,/home/s110/miniconda3/envs/tt_5080/bin/python3 /home/s110/code/ttpi_iclr/repro/scripts/run_hardmove.py --n-actuator 8 --env-variant standard --training-seed 9 --environment-seed 2026 --permutation-seed 0 --state-sampling-seed 9 --action-order block_pam --run-tag formal5080 --n-state 40 --n-action 50 --n-iter 30 --n-iter-v 1 --callback-freq 10 --n-test 100 --device cuda --max-batch-v 10000 --max-batch-a 100000 --nswp-v 5 --nswp-a 10 --rmax-v 100 --rmax-a 100 --kickrank-v 10 --kickrank-a 10 --eps-cross-v 0.001 --eps-cross-a 0.001 --eps-round-v 0.001 --eps-round-a 0.001 --n-samples 50
HM8,9,9,2026,0,9,free_pam,/home/s110/code/ttpi_iclr/repro/results/HM8_state40_action50_iter30_orderfree_pam_seed9_formal5080.json,/home/s110/miniconda3/envs/tt_5080/bin/python3 /home/s110/code/ttpi_iclr/repro/scripts/run_hardmove.py --n-actuator 8 --env-variant standard --training-seed 9 --environment-seed 2026 --permutation-seed 0 --state-sampling-seed 9 --action-order free_pam --run-tag formal5080 --n-state 40 --n-action 50 --n-iter 30 --n-iter-v 1 --callback-freq 10 --n-test 100 --device cuda --max-batch-v 10000 --max-batch-a 100000 --nswp-v 5 --nswp-a 10 --rmax-v 100 --rmax-a 100 --kickrank-v 10 --kickrank-a 10 --eps-cross-v 0.001 --eps-cross-a 0.001 --eps-round-v 0.001 --eps-round-a 0.001 --n-samples 50
HM8,9,9,2026,0,9,peakcut_pam,/home/s110/code/ttpi_iclr/repro/results/HM8_state40_action50_iter30_orderpeakcut_pam_seed9_formal5080.json,/home/s110/miniconda3/envs/tt_5080/bin/python3 /home/s110/code/ttpi_iclr/repro/scripts/run_hardmove.py --n-actuator 8 --env-variant standard --training-seed 9 --environment-seed 2026 --permutation-seed 0 --state-sampling-seed 9 --action-order peakcut_pam --run-tag formal5080 --n-state 40 --n-action 50 --n-iter 30 --n-iter-v 1 --callback-freq 10 --n-test 100 --device cuda --max-batch-v 10000 --max-batch-a 100000 --nswp-v 5 --nswp-a 10 --rmax-v 100 --rmax-a 100 --kickrank-v 10 --kickrank-a 10 --eps-cross-v 0.001 --eps-cross-a 0.001 --eps-round-v 0.001 --eps-round-a 0.001 --n-samples 50
HM8,9,9,2026,0,9,sensitivity_pam,/home/s110/code/ttpi_iclr/repro/results/HM8_state40_action50_iter30_ordersensitivity_pam_seed9_formal5080.json,/home/s110/miniconda3/envs/tt_5080/bin/python3 /home/s110/code/ttpi_iclr/repro/scripts/run_hardmove.py --n-actuator 8 --env-variant standard --training-seed 9 --environment-seed 2026 --permutation-seed 0 --state-sampling-seed 9 --action-order sensitivity_pam --run-tag formal5080 --n-state 40 --n-action 50 --n-iter 30 --n-iter-v 1 --callback-freq 10 --n-test 100 --device cuda --max-batch-v 10000 --max-batch-a 100000 --nswp-v 5 --nswp-a 10 --rmax-v 100 --rmax-a 100 --kickrank-v 10 --kickrank-a 10 --eps-cross-v 0.001 --eps-cross-a 0.001 --eps-round-v 0.001 --eps-round-a 0.001 --n-samples 50
HM8,9,9,2026,0,9,rankaware_proxy_pam,/home/s110/code/ttpi_iclr/repro/results/HM8_state40_action50_iter30_orderrankaware_proxy_pam_seed9_formal5080.json,/home/s110/miniconda3/envs/tt_5080/bin/python3 /home/s110/code/ttpi_iclr/repro/scripts/run_hardmove.py --n-actuator 8 --env-variant standard --training-seed 9 --environment-seed 2026 --permutation-seed 0 --state-sampling-seed 9 --action-order rankaware_proxy_pam --run-tag formal5080 --n-state 40 --n-action 50 --n-iter 30 --n-iter-v 1 --callback-freq 10 --n-test 100 --device cuda --max-batch-v 10000 --max-batch-a 100000 --nswp-v 5 --nswp-a 10 --rmax-v 100 --rmax-a 100 --kickrank-v 10 --kickrank-a 10 --eps-cross-v 0.001 --eps-cross-a 0.001 --eps-round-v 0.001 --eps-round-a 0.001 --n-samples 50
HM8,9,9,2026,0,9,hybrid_pam,/home/s110/code/ttpi_iclr/repro/results/HM8_state40_action50_iter30_orderhybrid_pam_seed9_formal5080.json,/home/s110/miniconda3/envs/tt_5080/bin/python3 /home/s110/code/ttpi_iclr/repro/scripts/run_hardmove.py --n-actuator 8 --env-variant standard --training-seed 9 --environment-seed 2026 --permutation-seed 0 --state-sampling-seed 9 --action-order hybrid_pam --run-tag formal5080 --n-state 40 --n-action 50 --n-iter 30 --n-iter-v 1 --callback-freq 10 --n-test 100 --device cuda --max-batch-v 10000 --max-batch-a 100000 --nswp-v 5 --nswp-a 10 --rmax-v 100 --rmax-a 100 --kickrank-v 10 --kickrank-a 10 --eps-cross-v 0.001 --eps-cross-a 0.001 --eps-round-v 0.001 --eps-round-a 0.001 --n-samples 50
HM12,0,0,2026,0,0,local,/home/s110/code/ttpi_iclr/repro/results/HM12_state40_action50_iter30_orderlocal_seed0_formal5080.json,/home/s110/miniconda3/envs/tt_5080/bin/python3 /home/s110/code/ttpi_iclr/repro/scripts/run_hardmove.py --n-actuator 12 --env-variant standard --training-seed 0 --environment-seed 2026 --permutation-seed 0 --state-sampling-seed 0 --action-order local --run-tag formal5080 --n-state 40 --n-action 50 --n-iter 30 --n-iter-v 1 --callback-freq 10 --n-test 100 --device cuda --max-batch-v 10000 --max-batch-a 100000 --nswp-v 5 --nswp-a 10 --rmax-v 100 --rmax-a 100 --kickrank-v 10 --kickrank-a 10 --eps-cross-v 0.001 --eps-cross-a 0.001 --eps-round-v 0.001 --eps-round-a 0.001 --n-samples 50
HM12,0,0,2026,0,0,random,/home/s110/code/ttpi_iclr/repro/results/HM12_state40_action50_iter30_orderrandom_seed0_permseed0_formal5080.json,/home/s110/miniconda3/envs/tt_5080/bin/python3 /home/s110/code/ttpi_iclr/repro/scripts/run_hardmove.py --n-actuator 12 --env-variant standard --training-seed 0 --environment-seed 2026 --permutation-seed 0 --include-permutation-seed-in-run-id --state-sampling-seed 0 --action-order random --run-tag formal5080 --n-state 40 --n-action 50 --n-iter 30 --n-iter-v 1 --callback-freq 10 --n-test 100 --device cuda --max-batch-v 10000 --max-batch-a 100000 --nswp-v 5 --nswp-a 10 --rmax-v 100 --rmax-a 100 --kickrank-v 10 --kickrank-a 10 --eps-cross-v 0.001 --eps-cross-a 0.001 --eps-round-v 0.001 --eps-round-a 0.001 --n-samples 50
HM12,0,0,2026,1,0,random,/home/s110/code/ttpi_iclr/repro/results/HM12_state40_action50_iter30_orderrandom_seed0_permseed1_formal5080.json,/home/s110/miniconda3/envs/tt_5080/bin/python3 /home/s110/code/ttpi_iclr/repro/scripts/run_hardmove.py --n-actuator 12 --env-variant standard --training-seed 0 --environment-seed 2026 --permutation-seed 1 --include-permutation-seed-in-run-id --state-sampling-seed 0 --action-order random --run-tag formal5080 --n-state 40 --n-action 50 --n-iter 30 --n-iter-v 1 --callback-freq 10 --n-test 100 --device cuda --max-batch-v 10000 --max-batch-a 100000 --nswp-v 5 --nswp-a 10 --rmax-v 100 --rmax-a 100 --kickrank-v 10 --kickrank-a 10 --eps-cross-v 0.001 --eps-cross-a 0.001 --eps-round-v 0.001 --eps-round-a 0.001 --n-samples 50
HM12,0,0,2026,2,0,random,/home/s110/code/ttpi_iclr/repro/results/HM12_state40_action50_iter30_orderrandom_seed0_permseed2_formal5080.json,/home/s110/miniconda3/envs/tt_5080/bin/python3 /home/s110/code/ttpi_iclr/repro/scripts/run_hardmove.py --n-actuator 12 --env-variant standard --training-seed 0 --environment-seed 2026 --permutation-seed 2 --include-permutation-seed-in-run-id --state-sampling-seed 0 --action-order random --run-tag formal5080 --n-state 40 --n-action 50 --n-iter 30 --n-iter-v 1 --callback-freq 10 --n-test 100 --device cuda --max-batch-v 10000 --max-batch-a 100000 --nswp-v 5 --nswp-a 10 --rmax-v 100 --rmax-a 100 --kickrank-v 10 --kickrank-a 10 --eps-cross-v 0.001 --eps-cross-a 0.001 --eps-round-v 0.001 --eps-round-a 0.001 --n-samples 50
HM12,0,0,2026,0,0,badsplit,/home/s110/code/ttpi_iclr/repro/results/HM12_state40_action50_iter30_orderbadsplit_seed0_formal5080.json,/home/s110/miniconda3/envs/tt_5080/bin/python3 /home/s110/code/ttpi_iclr/repro/scripts/run_hardmove.py --n-actuator 12 --env-variant standard --training-seed 0 --environment-seed 2026 --permutation-seed 0 --state-sampling-seed 0 --action-order badsplit --run-tag formal5080 --n-state 40 --n-action 50 --n-iter 30 --n-iter-v 1 --callback-freq 10 --n-test 100 --device cuda --max-batch-v 10000 --max-batch-a 100000 --nswp-v 5 --nswp-a 10 --rmax-v 100 --rmax-a 100 --kickrank-v 10 --kickrank-a 10 --eps-cross-v 0.001 --eps-cross-a 0.001 --eps-round-v 0.001 --eps-round-a 0.001 --n-samples 50
HM12,0,0,2026,0,0,reverse_blocks,/home/s110/code/ttpi_iclr/repro/results/HM12_state40_action50_iter30_orderreverse_blocks_seed0_formal5080.json,/home/s110/miniconda3/envs/tt_5080/bin/python3 /home/s110/code/ttpi_iclr/repro/scripts/run_hardmove.py --n-actuator 12 --env-variant standard --training-seed 0 --environment-seed 2026 --permutation-seed 0 --state-sampling-seed 0 --action-order reverse_blocks --run-tag formal5080 --n-state 40 --n-action 50 --n-iter 30 --n-iter-v 1 --callback-freq 10 --n-test 100 --device cuda --max-batch-v 10000 --max-batch-a 100000 --nswp-v 5 --nswp-a 10 --rmax-v 100 --rmax-a 100 --kickrank-v 10 --kickrank-a 10 --eps-cross-v 0.001 --eps-cross-a 0.001 --eps-round-v 0.001 --eps-round-a 0.001 --n-samples 50
HM12,0,0,2026,0,0,flip_within_block,/home/s110/code/ttpi_iclr/repro/results/HM12_state40_action50_iter30_orderflip_within_block_seed0_formal5080.json,/home/s110/miniconda3/envs/tt_5080/bin/python3 /home/s110/code/ttpi_iclr/repro/scripts/run_hardmove.py --n-actuator 12 --env-variant standard --training-seed 0 --environment-seed 2026 --permutation-seed 0 --state-sampling-seed 0 --action-order flip_within_block --run-tag formal5080 --n-state 40 --n-action 50 --n-iter 30 --n-iter-v 1 --callback-freq 10 --n-test 100 --device cuda --max-batch-v 10000 --max-batch-a 100000 --nswp-v 5 --nswp-a 10 --rmax-v 100 --rmax-a 100 --kickrank-v 10 --kickrank-a 10 --eps-cross-v 0.001 --eps-cross-a 0.001 --eps-round-v 0.001 --eps-round-a 0.001 --n-samples 50
HM12,0,0,2026,0,0,pam_greedy,/home/s110/code/ttpi_iclr/repro/results/HM12_state40_action50_iter30_orderpam_greedy_seed0_formal5080.json,/home/s110/miniconda3/envs/tt_5080/bin/python3 /home/s110/code/ttpi_iclr/repro/scripts/run_hardmove.py --n-actuator 12 --env-variant standard --training-seed 0 --environment-seed 2026 --permutation-seed 0 --state-sampling-seed 0 --action-order pam_greedy --run-tag formal5080 --n-state 40 --n-action 50 --n-iter 30 --n-iter-v 1 --callback-freq 10 --n-test 100 --device cuda --max-batch-v 10000 --max-batch-a 100000 --nswp-v 5 --nswp-a 10 --rmax-v 100 --rmax-a 100 --kickrank-v 10 --kickrank-a 10 --eps-cross-v 0.001 --eps-cross-a 0.001 --eps-round-v 0.001 --eps-round-a 0.001 --n-samples 50
HM12,0,0,2026,0,0,pam_spectral,/home/s110/code/ttpi_iclr/repro/results/HM12_state40_action50_iter30_orderpam_spectral_seed0_formal5080.json,/home/s110/miniconda3/envs/tt_5080/bin/python3 /home/s110/code/ttpi_iclr/repro/scripts/run_hardmove.py --n-actuator 12 --env-variant standard --training-seed 0 --environment-seed 2026 --permutation-seed 0 --state-sampling-seed 0 --action-order pam_spectral --run-tag formal5080 --n-state 40 --n-action 50 --n-iter 30 --n-iter-v 1 --callback-freq 10 --n-test 100 --device cuda --max-batch-v 10000 --max-batch-a 100000 --nswp-v 5 --nswp-a 10 --rmax-v 100 --rmax-a 100 --kickrank-v 10 --kickrank-a 10 --eps-cross-v 0.001 --eps-cross-a 0.001 --eps-round-v 0.001 --eps-round-a 0.001 --n-samples 50
HM12,0,0,2026,0,0,block_pam,/home/s110/code/ttpi_iclr/repro/results/HM12_state40_action50_iter30_orderblock_pam_seed0_formal5080.json,/home/s110/miniconda3/envs/tt_5080/bin/python3 /home/s110/code/ttpi_iclr/repro/scripts/run_hardmove.py --n-actuator 12 --env-variant standard --training-seed 0 --environment-seed 2026 --permutation-seed 0 --state-sampling-seed 0 --action-order block_pam --run-tag formal5080 --n-state 40 --n-action 50 --n-iter 30 --n-iter-v 1 --callback-freq 10 --n-test 100 --device cuda --max-batch-v 10000 --max-batch-a 100000 --nswp-v 5 --nswp-a 10 --rmax-v 100 --rmax-a 100 --kickrank-v 10 --kickrank-a 10 --eps-cross-v 0.001 --eps-cross-a 0.001 --eps-round-v 0.001 --eps-round-a 0.001 --n-samples 50
HM12,0,0,2026,0,0,free_pam,/home/s110/code/ttpi_iclr/repro/results/HM12_state40_action50_iter30_orderfree_pam_seed0_formal5080.json,/home/s110/miniconda3/envs/tt_5080/bin/python3 /home/s110/code/ttpi_iclr/repro/scripts/run_hardmove.py --n-actuator 12 --env-variant standard --training-seed 0 --environment-seed 2026 --permutation-seed 0 --state-sampling-seed 0 --action-order free_pam --run-tag formal5080 --n-state 40 --n-action 50 --n-iter 30 --n-iter-v 1 --callback-freq 10 --n-test 100 --device cuda --max-batch-v 10000 --max-batch-a 100000 --nswp-v 5 --nswp-a 10 --rmax-v 100 --rmax-a 100 --kickrank-v 10 --kickrank-a 10 --eps-cross-v 0.001 --eps-cross-a 0.001 --eps-round-v 0.001 --eps-round-a 0.001 --n-samples 50
HM12,0,0,2026,0,0,peakcut_pam,/home/s110/code/ttpi_iclr/repro/results/HM12_state40_action50_iter30_orderpeakcut_pam_seed0_formal5080.json,/home/s110/miniconda3/envs/tt_5080/bin/python3 /home/s110/code/ttpi_iclr/repro/scripts/run_hardmove.py --n-actuator 12 --env-variant standard --training-seed 0 --environment-seed 2026 --permutation-seed 0 --state-sampling-seed 0 --action-order peakcut_pam --run-tag formal5080 --n-state 40 --n-action 50 --n-iter 30 --n-iter-v 1 --callback-freq 10 --n-test 100 --device cuda --max-batch-v 10000 --max-batch-a 100000 --nswp-v 5 --nswp-a 10 --rmax-v 100 --rmax-a 100 --kickrank-v 10 --kickrank-a 10 --eps-cross-v 0.001 --eps-cross-a 0.001 --eps-round-v 0.001 --eps-round-a 0.001 --n-samples 50
HM12,0,0,2026,0,0,sensitivity_pam,/home/s110/code/ttpi_iclr/repro/results/HM12_state40_action50_iter30_ordersensitivity_pam_seed0_formal5080.json,/home/s110/miniconda3/envs/tt_5080/bin/python3 /home/s110/code/ttpi_iclr/repro/scripts/run_hardmove.py --n-actuator 12 --env-variant standard --training-seed 0 --environment-seed 2026 --permutation-seed 0 --state-sampling-seed 0 --action-order sensitivity_pam --run-tag formal5080 --n-state 40 --n-action 50 --n-iter 30 --n-iter-v 1 --callback-freq 10 --n-test 100 --device cuda --max-batch-v 10000 --max-batch-a 100000 --nswp-v 5 --nswp-a 10 --rmax-v 100 --rmax-a 100 --kickrank-v 10 --kickrank-a 10 --eps-cross-v 0.001 --eps-cross-a 0.001 --eps-round-v 0.001 --eps-round-a 0.001 --n-samples 50
HM12,0,0,2026,0,0,rankaware_proxy_pam,/home/s110/code/ttpi_iclr/repro/results/HM12_state40_action50_iter30_orderrankaware_proxy_pam_seed0_formal5080.json,/home/s110/miniconda3/envs/tt_5080/bin/python3 /home/s110/code/ttpi_iclr/repro/scripts/run_hardmove.py --n-actuator 12 --env-variant standard --training-seed 0 --environment-seed 2026 --permutation-seed 0 --state-sampling-seed 0 --action-order rankaware_proxy_pam --run-tag formal5080 --n-state 40 --n-action 50 --n-iter 30 --n-iter-v 1 --callback-freq 10 --n-test 100 --device cuda --max-batch-v 10000 --max-batch-a 100000 --nswp-v 5 --nswp-a 10 --rmax-v 100 --rmax-a 100 --kickrank-v 10 --kickrank-a 10 --eps-cross-v 0.001 --eps-cross-a 0.001 --eps-round-v 0.001 --eps-round-a 0.001 --n-samples 50
HM12,0,0,2026,0,0,hybrid_pam,/home/s110/code/ttpi_iclr/repro/results/HM12_state40_action50_iter30_orderhybrid_pam_seed0_formal5080.json,/home/s110/miniconda3/envs/tt_5080/bin/python3 /home/s110/code/ttpi_iclr/repro/scripts/run_hardmove.py --n-actuator 12 --env-variant standard --training-seed 0 --environment-seed 2026 --permutation-seed 0 --state-sampling-seed 0 --action-order hybrid_pam --run-tag formal5080 --n-state 40 --n-action 50 --n-iter 30 --n-iter-v 1 --callback-freq 10 --n-test 100 --device cuda --max-batch-v 10000 --max-batch-a 100000 --nswp-v 5 --nswp-a 10 --rmax-v 100 --rmax-a 100 --kickrank-v 10 --kickrank-a 10 --eps-cross-v 0.001 --eps-cross-a 0.001 --eps-round-v 0.001 --eps-round-a 0.001 --n-samples 50
HM12,1,1,2026,0,1,local,/home/s110/code/ttpi_iclr/repro/results/HM12_state40_action50_iter30_orderlocal_seed1_formal5080.json,/home/s110/miniconda3/envs/tt_5080/bin/python3 /home/s110/code/ttpi_iclr/repro/scripts/run_hardmove.py --n-actuator 12 --env-variant standard --training-seed 1 --environment-seed 2026 --permutation-seed 0 --state-sampling-seed 1 --action-order local --run-tag formal5080 --n-state 40 --n-action 50 --n-iter 30 --n-iter-v 1 --callback-freq 10 --n-test 100 --device cuda --max-batch-v 10000 --max-batch-a 100000 --nswp-v 5 --nswp-a 10 --rmax-v 100 --rmax-a 100 --kickrank-v 10 --kickrank-a 10 --eps-cross-v 0.001 --eps-cross-a 0.001 --eps-round-v 0.001 --eps-round-a 0.001 --n-samples 50
HM12,1,1,2026,0,1,random,/home/s110/code/ttpi_iclr/repro/results/HM12_state40_action50_iter30_orderrandom_seed1_permseed0_formal5080.json,/home/s110/miniconda3/envs/tt_5080/bin/python3 /home/s110/code/ttpi_iclr/repro/scripts/run_hardmove.py --n-actuator 12 --env-variant standard --training-seed 1 --environment-seed 2026 --permutation-seed 0 --include-permutation-seed-in-run-id --state-sampling-seed 1 --action-order random --run-tag formal5080 --n-state 40 --n-action 50 --n-iter 30 --n-iter-v 1 --callback-freq 10 --n-test 100 --device cuda --max-batch-v 10000 --max-batch-a 100000 --nswp-v 5 --nswp-a 10 --rmax-v 100 --rmax-a 100 --kickrank-v 10 --kickrank-a 10 --eps-cross-v 0.001 --eps-cross-a 0.001 --eps-round-v 0.001 --eps-round-a 0.001 --n-samples 50
HM12,1,1,2026,1,1,random,/home/s110/code/ttpi_iclr/repro/results/HM12_state40_action50_iter30_orderrandom_seed1_permseed1_formal5080.json,/home/s110/miniconda3/envs/tt_5080/bin/python3 /home/s110/code/ttpi_iclr/repro/scripts/run_hardmove.py --n-actuator 12 --env-variant standard --training-seed 1 --environment-seed 2026 --permutation-seed 1 --include-permutation-seed-in-run-id --state-sampling-seed 1 --action-order random --run-tag formal5080 --n-state 40 --n-action 50 --n-iter 30 --n-iter-v 1 --callback-freq 10 --n-test 100 --device cuda --max-batch-v 10000 --max-batch-a 100000 --nswp-v 5 --nswp-a 10 --rmax-v 100 --rmax-a 100 --kickrank-v 10 --kickrank-a 10 --eps-cross-v 0.001 --eps-cross-a 0.001 --eps-round-v 0.001 --eps-round-a 0.001 --n-samples 50
HM12,1,1,2026,2,1,random,/home/s110/code/ttpi_iclr/repro/results/HM12_state40_action50_iter30_orderrandom_seed1_permseed2_formal5080.json,/home/s110/miniconda3/envs/tt_5080/bin/python3 /home/s110/code/ttpi_iclr/repro/scripts/run_hardmove.py --n-actuator 12 --env-variant standard --training-seed 1 --environment-seed 2026 --permutation-seed 2 --include-permutation-seed-in-run-id --state-sampling-seed 1 --action-order random --run-tag formal5080 --n-state 40 --n-action 50 --n-iter 30 --n-iter-v 1 --callback-freq 10 --n-test 100 --device cuda --max-batch-v 10000 --max-batch-a 100000 --nswp-v 5 --nswp-a 10 --rmax-v 100 --rmax-a 100 --kickrank-v 10 --kickrank-a 10 --eps-cross-v 0.001 --eps-cross-a 0.001 --eps-round-v 0.001 --eps-round-a 0.001 --n-samples 50
HM12,1,1,2026,0,1,badsplit,/home/s110/code/ttpi_iclr/repro/results/HM12_state40_action50_iter30_orderbadsplit_seed1_formal5080.json,/home/s110/miniconda3/envs/tt_5080/bin/python3 /home/s110/code/ttpi_iclr/repro/scripts/run_hardmove.py --n-actuator 12 --env-variant standard --training-seed 1 --environment-seed 2026 --permutation-seed 0 --state-sampling-seed 1 --action-order badsplit --run-tag formal5080 --n-state 40 --n-action 50 --n-iter 30 --n-iter-v 1 --callback-freq 10 --n-test 100 --device cuda --max-batch-v 10000 --max-batch-a 100000 --nswp-v 5 --nswp-a 10 --rmax-v 100 --rmax-a 100 --kickrank-v 10 --kickrank-a 10 --eps-cross-v 0.001 --eps-cross-a 0.001 --eps-round-v 0.001 --eps-round-a 0.001 --n-samples 50
HM12,1,1,2026,0,1,reverse_blocks,/home/s110/code/ttpi_iclr/repro/results/HM12_state40_action50_iter30_orderreverse_blocks_seed1_formal5080.json,/home/s110/miniconda3/envs/tt_5080/bin/python3 /home/s110/code/ttpi_iclr/repro/scripts/run_hardmove.py --n-actuator 12 --env-variant standard --training-seed 1 --environment-seed 2026 --permutation-seed 0 --state-sampling-seed 1 --action-order reverse_blocks --run-tag formal5080 --n-state 40 --n-action 50 --n-iter 30 --n-iter-v 1 --callback-freq 10 --n-test 100 --device cuda --max-batch-v 10000 --max-batch-a 100000 --nswp-v 5 --nswp-a 10 --rmax-v 100 --rmax-a 100 --kickrank-v 10 --kickrank-a 10 --eps-cross-v 0.001 --eps-cross-a 0.001 --eps-round-v 0.001 --eps-round-a 0.001 --n-samples 50
HM12,1,1,2026,0,1,flip_within_block,/home/s110/code/ttpi_iclr/repro/results/HM12_state40_action50_iter30_orderflip_within_block_seed1_formal5080.json,/home/s110/miniconda3/envs/tt_5080/bin/python3 /home/s110/code/ttpi_iclr/repro/scripts/run_hardmove.py --n-actuator 12 --env-variant standard --training-seed 1 --environment-seed 2026 --permutation-seed 0 --state-sampling-seed 1 --action-order flip_within_block --run-tag formal5080 --n-state 40 --n-action 50 --n-iter 30 --n-iter-v 1 --callback-freq 10 --n-test 100 --device cuda --max-batch-v 10000 --max-batch-a 100000 --nswp-v 5 --nswp-a 10 --rmax-v 100 --rmax-a 100 --kickrank-v 10 --kickrank-a 10 --eps-cross-v 0.001 --eps-cross-a 0.001 --eps-round-v 0.001 --eps-round-a 0.001 --n-samples 50
HM12,1,1,2026,0,1,pam_greedy,/home/s110/code/ttpi_iclr/repro/results/HM12_state40_action50_iter30_orderpam_greedy_seed1_formal5080.json,/home/s110/miniconda3/envs/tt_5080/bin/python3 /home/s110/code/ttpi_iclr/repro/scripts/run_hardmove.py --n-actuator 12 --env-variant standard --training-seed 1 --environment-seed 2026 --permutation-seed 0 --state-sampling-seed 1 --action-order pam_greedy --run-tag formal5080 --n-state 40 --n-action 50 --n-iter 30 --n-iter-v 1 --callback-freq 10 --n-test 100 --device cuda --max-batch-v 10000 --max-batch-a 100000 --nswp-v 5 --nswp-a 10 --rmax-v 100 --rmax-a 100 --kickrank-v 10 --kickrank-a 10 --eps-cross-v 0.001 --eps-cross-a 0.001 --eps-round-v 0.001 --eps-round-a 0.001 --n-samples 50
HM12,1,1,2026,0,1,pam_spectral,/home/s110/code/ttpi_iclr/repro/results/HM12_state40_action50_iter30_orderpam_spectral_seed1_formal5080.json,/home/s110/miniconda3/envs/tt_5080/bin/python3 /home/s110/code/ttpi_iclr/repro/scripts/run_hardmove.py --n-actuator 12 --env-variant standard --training-seed 1 --environment-seed 2026 --permutation-seed 0 --state-sampling-seed 1 --action-order pam_spectral --run-tag formal5080 --n-state 40 --n-action 50 --n-iter 30 --n-iter-v 1 --callback-freq 10 --n-test 100 --device cuda --max-batch-v 10000 --max-batch-a 100000 --nswp-v 5 --nswp-a 10 --rmax-v 100 --rmax-a 100 --kickrank-v 10 --kickrank-a 10 --eps-cross-v 0.001 --eps-cross-a 0.001 --eps-round-v 0.001 --eps-round-a 0.001 --n-samples 50
HM12,1,1,2026,0,1,block_pam,/home/s110/code/ttpi_iclr/repro/results/HM12_state40_action50_iter30_orderblock_pam_seed1_formal5080.json,/home/s110/miniconda3/envs/tt_5080/bin/python3 /home/s110/code/ttpi_iclr/repro/scripts/run_hardmove.py --n-actuator 12 --env-variant standard --training-seed 1 --environment-seed 2026 --permutation-seed 0 --state-sampling-seed 1 --action-order block_pam --run-tag formal5080 --n-state 40 --n-action 50 --n-iter 30 --n-iter-v 1 --callback-freq 10 --n-test 100 --device cuda --max-batch-v 10000 --max-batch-a 100000 --nswp-v 5 --nswp-a 10 --rmax-v 100 --rmax-a 100 --kickrank-v 10 --kickrank-a 10 --eps-cross-v 0.001 --eps-cross-a 0.001 --eps-round-v 0.001 --eps-round-a 0.001 --n-samples 50
HM12,1,1,2026,0,1,free_pam,/home/s110/code/ttpi_iclr/repro/results/HM12_state40_action50_iter30_orderfree_pam_seed1_formal5080.json,/home/s110/miniconda3/envs/tt_5080/bin/python3 /home/s110/code/ttpi_iclr/repro/scripts/run_hardmove.py --n-actuator 12 --env-variant standard --training-seed 1 --environment-seed 2026 --permutation-seed 0 --state-sampling-seed 1 --action-order free_pam --run-tag formal5080 --n-state 40 --n-action 50 --n-iter 30 --n-iter-v 1 --callback-freq 10 --n-test 100 --device cuda --max-batch-v 10000 --max-batch-a 100000 --nswp-v 5 --nswp-a 10 --rmax-v 100 --rmax-a 100 --kickrank-v 10 --kickrank-a 10 --eps-cross-v 0.001 --eps-cross-a 0.001 --eps-round-v 0.001 --eps-round-a 0.001 --n-samples 50
HM12,1,1,2026,0,1,peakcut_pam,/home/s110/code/ttpi_iclr/repro/results/HM12_state40_action50_iter30_orderpeakcut_pam_seed1_formal5080.json,/home/s110/miniconda3/envs/tt_5080/bin/python3 /home/s110/code/ttpi_iclr/repro/scripts/run_hardmove.py --n-actuator 12 --env-variant standard --training-seed 1 --environment-seed 2026 --permutation-seed 0 --state-sampling-seed 1 --action-order peakcut_pam --run-tag formal5080 --n-state 40 --n-action 50 --n-iter 30 --n-iter-v 1 --callback-freq 10 --n-test 100 --device cuda --max-batch-v 10000 --max-batch-a 100000 --nswp-v 5 --nswp-a 10 --rmax-v 100 --rmax-a 100 --kickrank-v 10 --kickrank-a 10 --eps-cross-v 0.001 --eps-cross-a 0.001 --eps-round-v 0.001 --eps-round-a 0.001 --n-samples 50
HM12,1,1,2026,0,1,sensitivity_pam,/home/s110/code/ttpi_iclr/repro/results/HM12_state40_action50_iter30_ordersensitivity_pam_seed1_formal5080.json,/home/s110/miniconda3/envs/tt_5080/bin/python3 /home/s110/code/ttpi_iclr/repro/scripts/run_hardmove.py --n-actuator 12 --env-variant standard --training-seed 1 --environment-seed 2026 --permutation-seed 0 --state-sampling-seed 1 --action-order sensitivity_pam --run-tag formal5080 --n-state 40 --n-action 50 --n-iter 30 --n-iter-v 1 --callback-freq 10 --n-test 100 --device cuda --max-batch-v 10000 --max-batch-a 100000 --nswp-v 5 --nswp-a 10 --rmax-v 100 --rmax-a 100 --kickrank-v 10 --kickrank-a 10 --eps-cross-v 0.001 --eps-cross-a 0.001 --eps-round-v 0.001 --eps-round-a 0.001 --n-samples 50
HM12,1,1,2026,0,1,rankaware_proxy_pam,/home/s110/code/ttpi_iclr/repro/results/HM12_state40_action50_iter30_orderrankaware_proxy_pam_seed1_formal5080.json,/home/s110/miniconda3/envs/tt_5080/bin/python3 /home/s110/code/ttpi_iclr/repro/scripts/run_hardmove.py --n-actuator 12 --env-variant standard --training-seed 1 --environment-seed 2026 --permutation-seed 0 --state-sampling-seed 1 --action-order rankaware_proxy_pam --run-tag formal5080 --n-state 40 --n-action 50 --n-iter 30 --n-iter-v 1 --callback-freq 10 --n-test 100 --device cuda --max-batch-v 10000 --max-batch-a 100000 --nswp-v 5 --nswp-a 10 --rmax-v 100 --rmax-a 100 --kickrank-v 10 --kickrank-a 10 --eps-cross-v 0.001 --eps-cross-a 0.001 --eps-round-v 0.001 --eps-round-a 0.001 --n-samples 50
HM12,1,1,2026,0,1,hybrid_pam,/home/s110/code/ttpi_iclr/repro/results/HM12_state40_action50_iter30_orderhybrid_pam_seed1_formal5080.json,/home/s110/miniconda3/envs/tt_5080/bin/python3 /home/s110/code/ttpi_iclr/repro/scripts/run_hardmove.py --n-actuator 12 --env-variant standard --training-seed 1 --environment-seed 2026 --permutation-seed 0 --state-sampling-seed 1 --action-order hybrid_pam --run-tag formal5080 --n-state 40 --n-action 50 --n-iter 30 --n-iter-v 1 --callback-freq 10 --n-test 100 --device cuda --max-batch-v 10000 --max-batch-a 100000 --nswp-v 5 --nswp-a 10 --rmax-v 100 --rmax-a 100 --kickrank-v 10 --kickrank-a 10 --eps-cross-v 0.001 --eps-cross-a 0.001 --eps-round-v 0.001 --eps-round-a 0.001 --n-samples 50
HM12,2,2,2026,0,2,local,/home/s110/code/ttpi_iclr/repro/results/HM12_state40_action50_iter30_orderlocal_seed2_formal5080.json,/home/s110/miniconda3/envs/tt_5080/bin/python3 /home/s110/code/ttpi_iclr/repro/scripts/run_hardmove.py --n-actuator 12 --env-variant standard --training-seed 2 --environment-seed 2026 --permutation-seed 0 --state-sampling-seed 2 --action-order local --run-tag formal5080 --n-state 40 --n-action 50 --n-iter 30 --n-iter-v 1 --callback-freq 10 --n-test 100 --device cuda --max-batch-v 10000 --max-batch-a 100000 --nswp-v 5 --nswp-a 10 --rmax-v 100 --rmax-a 100 --kickrank-v 10 --kickrank-a 10 --eps-cross-v 0.001 --eps-cross-a 0.001 --eps-round-v 0.001 --eps-round-a 0.001 --n-samples 50
HM12,2,2,2026,0,2,random,/home/s110/code/ttpi_iclr/repro/results/HM12_state40_action50_iter30_orderrandom_seed2_permseed0_formal5080.json,/home/s110/miniconda3/envs/tt_5080/bin/python3 /home/s110/code/ttpi_iclr/repro/scripts/run_hardmove.py --n-actuator 12 --env-variant standard --training-seed 2 --environment-seed 2026 --permutation-seed 0 --include-permutation-seed-in-run-id --state-sampling-seed 2 --action-order random --run-tag formal5080 --n-state 40 --n-action 50 --n-iter 30 --n-iter-v 1 --callback-freq 10 --n-test 100 --device cuda --max-batch-v 10000 --max-batch-a 100000 --nswp-v 5 --nswp-a 10 --rmax-v 100 --rmax-a 100 --kickrank-v 10 --kickrank-a 10 --eps-cross-v 0.001 --eps-cross-a 0.001 --eps-round-v 0.001 --eps-round-a 0.001 --n-samples 50
HM12,2,2,2026,1,2,random,/home/s110/code/ttpi_iclr/repro/results/HM12_state40_action50_iter30_orderrandom_seed2_permseed1_formal5080.json,/home/s110/miniconda3/envs/tt_5080/bin/python3 /home/s110/code/ttpi_iclr/repro/scripts/run_hardmove.py --n-actuator 12 --env-variant standard --training-seed 2 --environment-seed 2026 --permutation-seed 1 --include-permutation-seed-in-run-id --state-sampling-seed 2 --action-order random --run-tag formal5080 --n-state 40 --n-action 50 --n-iter 30 --n-iter-v 1 --callback-freq 10 --n-test 100 --device cuda --max-batch-v 10000 --max-batch-a 100000 --nswp-v 5 --nswp-a 10 --rmax-v 100 --rmax-a 100 --kickrank-v 10 --kickrank-a 10 --eps-cross-v 0.001 --eps-cross-a 0.001 --eps-round-v 0.001 --eps-round-a 0.001 --n-samples 50
HM12,2,2,2026,2,2,random,/home/s110/code/ttpi_iclr/repro/results/HM12_state40_action50_iter30_orderrandom_seed2_permseed2_formal5080.json,/home/s110/miniconda3/envs/tt_5080/bin/python3 /home/s110/code/ttpi_iclr/repro/scripts/run_hardmove.py --n-actuator 12 --env-variant standard --training-seed 2 --environment-seed 2026 --permutation-seed 2 --include-permutation-seed-in-run-id --state-sampling-seed 2 --action-order random --run-tag formal5080 --n-state 40 --n-action 50 --n-iter 30 --n-iter-v 1 --callback-freq 10 --n-test 100 --device cuda --max-batch-v 10000 --max-batch-a 100000 --nswp-v 5 --nswp-a 10 --rmax-v 100 --rmax-a 100 --kickrank-v 10 --kickrank-a 10 --eps-cross-v 0.001 --eps-cross-a 0.001 --eps-round-v 0.001 --eps-round-a 0.001 --n-samples 50
HM12,2,2,2026,0,2,badsplit,/home/s110/code/ttpi_iclr/repro/results/HM12_state40_action50_iter30_orderbadsplit_seed2_formal5080.json,/home/s110/miniconda3/envs/tt_5080/bin/python3 /home/s110/code/ttpi_iclr/repro/scripts/run_hardmove.py --n-actuator 12 --env-variant standard --training-seed 2 --environment-seed 2026 --permutation-seed 0 --state-sampling-seed 2 --action-order badsplit --run-tag formal5080 --n-state 40 --n-action 50 --n-iter 30 --n-iter-v 1 --callback-freq 10 --n-test 100 --device cuda --max-batch-v 10000 --max-batch-a 100000 --nswp-v 5 --nswp-a 10 --rmax-v 100 --rmax-a 100 --kickrank-v 10 --kickrank-a 10 --eps-cross-v 0.001 --eps-cross-a 0.001 --eps-round-v 0.001 --eps-round-a 0.001 --n-samples 50
HM12,2,2,2026,0,2,reverse_blocks,/home/s110/code/ttpi_iclr/repro/results/HM12_state40_action50_iter30_orderreverse_blocks_seed2_formal5080.json,/home/s110/miniconda3/envs/tt_5080/bin/python3 /home/s110/code/ttpi_iclr/repro/scripts/run_hardmove.py --n-actuator 12 --env-variant standard --training-seed 2 --environment-seed 2026 --permutation-seed 0 --state-sampling-seed 2 --action-order reverse_blocks --run-tag formal5080 --n-state 40 --n-action 50 --n-iter 30 --n-iter-v 1 --callback-freq 10 --n-test 100 --device cuda --max-batch-v 10000 --max-batch-a 100000 --nswp-v 5 --nswp-a 10 --rmax-v 100 --rmax-a 100 --kickrank-v 10 --kickrank-a 10 --eps-cross-v 0.001 --eps-cross-a 0.001 --eps-round-v 0.001 --eps-round-a 0.001 --n-samples 50
HM12,2,2,2026,0,2,flip_within_block,/home/s110/code/ttpi_iclr/repro/results/HM12_state40_action50_iter30_orderflip_within_block_seed2_formal5080.json,/home/s110/miniconda3/envs/tt_5080/bin/python3 /home/s110/code/ttpi_iclr/repro/scripts/run_hardmove.py --n-actuator 12 --env-variant standard --training-seed 2 --environment-seed 2026 --permutation-seed 0 --state-sampling-seed 2 --action-order flip_within_block --run-tag formal5080 --n-state 40 --n-action 50 --n-iter 30 --n-iter-v 1 --callback-freq 10 --n-test 100 --device cuda --max-batch-v 10000 --max-batch-a 100000 --nswp-v 5 --nswp-a 10 --rmax-v 100 --rmax-a 100 --kickrank-v 10 --kickrank-a 10 --eps-cross-v 0.001 --eps-cross-a 0.001 --eps-round-v 0.001 --eps-round-a 0.001 --n-samples 50
HM12,2,2,2026,0,2,pam_greedy,/home/s110/code/ttpi_iclr/repro/results/HM12_state40_action50_iter30_orderpam_greedy_seed2_formal5080.json,/home/s110/miniconda3/envs/tt_5080/bin/python3 /home/s110/code/ttpi_iclr/repro/scripts/run_hardmove.py --n-actuator 12 --env-variant standard --training-seed 2 --environment-seed 2026 --permutation-seed 0 --state-sampling-seed 2 --action-order pam_greedy --run-tag formal5080 --n-state 40 --n-action 50 --n-iter 30 --n-iter-v 1 --callback-freq 10 --n-test 100 --device cuda --max-batch-v 10000 --max-batch-a 100000 --nswp-v 5 --nswp-a 10 --rmax-v 100 --rmax-a 100 --kickrank-v 10 --kickrank-a 10 --eps-cross-v 0.001 --eps-cross-a 0.001 --eps-round-v 0.001 --eps-round-a 0.001 --n-samples 50
HM12,2,2,2026,0,2,pam_spectral,/home/s110/code/ttpi_iclr/repro/results/HM12_state40_action50_iter30_orderpam_spectral_seed2_formal5080.json,/home/s110/miniconda3/envs/tt_5080/bin/python3 /home/s110/code/ttpi_iclr/repro/scripts/run_hardmove.py --n-actuator 12 --env-variant standard --training-seed 2 --environment-seed 2026 --permutation-seed 0 --state-sampling-seed 2 --action-order pam_spectral --run-tag formal5080 --n-state 40 --n-action 50 --n-iter 30 --n-iter-v 1 --callback-freq 10 --n-test 100 --device cuda --max-batch-v 10000 --max-batch-a 100000 --nswp-v 5 --nswp-a 10 --rmax-v 100 --rmax-a 100 --kickrank-v 10 --kickrank-a 10 --eps-cross-v 0.001 --eps-cross-a 0.001 --eps-round-v 0.001 --eps-round-a 0.001 --n-samples 50
HM12,2,2,2026,0,2,block_pam,/home/s110/code/ttpi_iclr/repro/results/HM12_state40_action50_iter30_orderblock_pam_seed2_formal5080.json,/home/s110/miniconda3/envs/tt_5080/bin/python3 /home/s110/code/ttpi_iclr/repro/scripts/run_hardmove.py --n-actuator 12 --env-variant standard --training-seed 2 --environment-seed 2026 --permutation-seed 0 --state-sampling-seed 2 --action-order block_pam --run-tag formal5080 --n-state 40 --n-action 50 --n-iter 30 --n-iter-v 1 --callback-freq 10 --n-test 100 --device cuda --max-batch-v 10000 --max-batch-a 100000 --nswp-v 5 --nswp-a 10 --rmax-v 100 --rmax-a 100 --kickrank-v 10 --kickrank-a 10 --eps-cross-v 0.001 --eps-cross-a 0.001 --eps-round-v 0.001 --eps-round-a 0.001 --n-samples 50
HM12,2,2,2026,0,2,free_pam,/home/s110/code/ttpi_iclr/repro/results/HM12_state40_action50_iter30_orderfree_pam_seed2_formal5080.json,/home/s110/miniconda3/envs/tt_5080/bin/python3 /home/s110/code/ttpi_iclr/repro/scripts/run_hardmove.py --n-actuator 12 --env-variant standard --training-seed 2 --environment-seed 2026 --permutation-seed 0 --state-sampling-seed 2 --action-order free_pam --run-tag formal5080 --n-state 40 --n-action 50 --n-iter 30 --n-iter-v 1 --callback-freq 10 --n-test 100 --device cuda --max-batch-v 10000 --max-batch-a 100000 --nswp-v 5 --nswp-a 10 --rmax-v 100 --rmax-a 100 --kickrank-v 10 --kickrank-a 10 --eps-cross-v 0.001 --eps-cross-a 0.001 --eps-round-v 0.001 --eps-round-a 0.001 --n-samples 50
HM12,2,2,2026,0,2,peakcut_pam,/home/s110/code/ttpi_iclr/repro/results/HM12_state40_action50_iter30_orderpeakcut_pam_seed2_formal5080.json,/home/s110/miniconda3/envs/tt_5080/bin/python3 /home/s110/code/ttpi_iclr/repro/scripts/run_hardmove.py --n-actuator 12 --env-variant standard --training-seed 2 --environment-seed 2026 --permutation-seed 0 --state-sampling-seed 2 --action-order peakcut_pam --run-tag formal5080 --n-state 40 --n-action 50 --n-iter 30 --n-iter-v 1 --callback-freq 10 --n-test 100 --device cuda --max-batch-v 10000 --max-batch-a 100000 --nswp-v 5 --nswp-a 10 --rmax-v 100 --rmax-a 100 --kickrank-v 10 --kickrank-a 10 --eps-cross-v 0.001 --eps-cross-a 0.001 --eps-round-v 0.001 --eps-round-a 0.001 --n-samples 50
HM12,2,2,2026,0,2,sensitivity_pam,/home/s110/code/ttpi_iclr/repro/results/HM12_state40_action50_iter30_ordersensitivity_pam_seed2_formal5080.json,/home/s110/miniconda3/envs/tt_5080/bin/python3 /home/s110/code/ttpi_iclr/repro/scripts/run_hardmove.py --n-actuator 12 --env-variant standard --training-seed 2 --environment-seed 2026 --permutation-seed 0 --state-sampling-seed 2 --action-order sensitivity_pam --run-tag formal5080 --n-state 40 --n-action 50 --n-iter 30 --n-iter-v 1 --callback-freq 10 --n-test 100 --device cuda --max-batch-v 10000 --max-batch-a 100000 --nswp-v 5 --nswp-a 10 --rmax-v 100 --rmax-a 100 --kickrank-v 10 --kickrank-a 10 --eps-cross-v 0.001 --eps-cross-a 0.001 --eps-round-v 0.001 --eps-round-a 0.001 --n-samples 50
HM12,2,2,2026,0,2,rankaware_proxy_pam,/home/s110/code/ttpi_iclr/repro/results/HM12_state40_action50_iter30_orderrankaware_proxy_pam_seed2_formal5080.json,/home/s110/miniconda3/envs/tt_5080/bin/python3 /home/s110/code/ttpi_iclr/repro/scripts/run_hardmove.py --n-actuator 12 --env-variant standard --training-seed 2 --environment-seed 2026 --permutation-seed 0 --state-sampling-seed 2 --action-order rankaware_proxy_pam --run-tag formal5080 --n-state 40 --n-action 50 --n-iter 30 --n-iter-v 1 --callback-freq 10 --n-test 100 --device cuda --max-batch-v 10000 --max-batch-a 100000 --nswp-v 5 --nswp-a 10 --rmax-v 100 --rmax-a 100 --kickrank-v 10 --kickrank-a 10 --eps-cross-v 0.001 --eps-cross-a 0.001 --eps-round-v 0.001 --eps-round-a 0.001 --n-samples 50
HM12,2,2,2026,0,2,hybrid_pam,/home/s110/code/ttpi_iclr/repro/results/HM12_state40_action50_iter30_orderhybrid_pam_seed2_formal5080.json,/home/s110/miniconda3/envs/tt_5080/bin/python3 /home/s110/code/ttpi_iclr/repro/scripts/run_hardmove.py --n-actuator 12 --env-variant standard --training-seed 2 --environment-seed 2026 --permutation-seed 0 --state-sampling-seed 2 --action-order hybrid_pam --run-tag formal5080 --n-state 40 --n-action 50 --n-iter 30 --n-iter-v 1 --callback-freq 10 --n-test 100 --device cuda --max-batch-v 10000 --max-batch-a 100000 --nswp-v 5 --nswp-a 10 --rmax-v 100 --rmax-a 100 --kickrank-v 10 --kickrank-a 10 --eps-cross-v 0.001 --eps-cross-a 0.001 --eps-round-v 0.001 --eps-round-a 0.001 --n-samples 50
HM12,3,3,2026,0,3,local,/home/s110/code/ttpi_iclr/repro/results/HM12_state40_action50_iter30_orderlocal_seed3_formal5080.json,/home/s110/miniconda3/envs/tt_5080/bin/python3 /home/s110/code/ttpi_iclr/repro/scripts/run_hardmove.py --n-actuator 12 --env-variant standard --training-seed 3 --environment-seed 2026 --permutation-seed 0 --state-sampling-seed 3 --action-order local --run-tag formal5080 --n-state 40 --n-action 50 --n-iter 30 --n-iter-v 1 --callback-freq 10 --n-test 100 --device cuda --max-batch-v 10000 --max-batch-a 100000 --nswp-v 5 --nswp-a 10 --rmax-v 100 --rmax-a 100 --kickrank-v 10 --kickrank-a 10 --eps-cross-v 0.001 --eps-cross-a 0.001 --eps-round-v 0.001 --eps-round-a 0.001 --n-samples 50
HM12,3,3,2026,0,3,random,/home/s110/code/ttpi_iclr/repro/results/HM12_state40_action50_iter30_orderrandom_seed3_permseed0_formal5080.json,/home/s110/miniconda3/envs/tt_5080/bin/python3 /home/s110/code/ttpi_iclr/repro/scripts/run_hardmove.py --n-actuator 12 --env-variant standard --training-seed 3 --environment-seed 2026 --permutation-seed 0 --include-permutation-seed-in-run-id --state-sampling-seed 3 --action-order random --run-tag formal5080 --n-state 40 --n-action 50 --n-iter 30 --n-iter-v 1 --callback-freq 10 --n-test 100 --device cuda --max-batch-v 10000 --max-batch-a 100000 --nswp-v 5 --nswp-a 10 --rmax-v 100 --rmax-a 100 --kickrank-v 10 --kickrank-a 10 --eps-cross-v 0.001 --eps-cross-a 0.001 --eps-round-v 0.001 --eps-round-a 0.001 --n-samples 50
HM12,3,3,2026,1,3,random,/home/s110/code/ttpi_iclr/repro/results/HM12_state40_action50_iter30_orderrandom_seed3_permseed1_formal5080.json,/home/s110/miniconda3/envs/tt_5080/bin/python3 /home/s110/code/ttpi_iclr/repro/scripts/run_hardmove.py --n-actuator 12 --env-variant standard --training-seed 3 --environment-seed 2026 --permutation-seed 1 --include-permutation-seed-in-run-id --state-sampling-seed 3 --action-order random --run-tag formal5080 --n-state 40 --n-action 50 --n-iter 30 --n-iter-v 1 --callback-freq 10 --n-test 100 --device cuda --max-batch-v 10000 --max-batch-a 100000 --nswp-v 5 --nswp-a 10 --rmax-v 100 --rmax-a 100 --kickrank-v 10 --kickrank-a 10 --eps-cross-v 0.001 --eps-cross-a 0.001 --eps-round-v 0.001 --eps-round-a 0.001 --n-samples 50
HM12,3,3,2026,2,3,random,/home/s110/code/ttpi_iclr/repro/results/HM12_state40_action50_iter30_orderrandom_seed3_permseed2_formal5080.json,/home/s110/miniconda3/envs/tt_5080/bin/python3 /home/s110/code/ttpi_iclr/repro/scripts/run_hardmove.py --n-actuator 12 --env-variant standard --training-seed 3 --environment-seed 2026 --permutation-seed 2 --include-permutation-seed-in-run-id --state-sampling-seed 3 --action-order random --run-tag formal5080 --n-state 40 --n-action 50 --n-iter 30 --n-iter-v 1 --callback-freq 10 --n-test 100 --device cuda --max-batch-v 10000 --max-batch-a 100000 --nswp-v 5 --nswp-a 10 --rmax-v 100 --rmax-a 100 --kickrank-v 10 --kickrank-a 10 --eps-cross-v 0.001 --eps-cross-a 0.001 --eps-round-v 0.001 --eps-round-a 0.001 --n-samples 50
HM12,3,3,2026,0,3,badsplit,/home/s110/code/ttpi_iclr/repro/results/HM12_state40_action50_iter30_orderbadsplit_seed3_formal5080.json,/home/s110/miniconda3/envs/tt_5080/bin/python3 /home/s110/code/ttpi_iclr/repro/scripts/run_hardmove.py --n-actuator 12 --env-variant standard --training-seed 3 --environment-seed 2026 --permutation-seed 0 --state-sampling-seed 3 --action-order badsplit --run-tag formal5080 --n-state 40 --n-action 50 --n-iter 30 --n-iter-v 1 --callback-freq 10 --n-test 100 --device cuda --max-batch-v 10000 --max-batch-a 100000 --nswp-v 5 --nswp-a 10 --rmax-v 100 --rmax-a 100 --kickrank-v 10 --kickrank-a 10 --eps-cross-v 0.001 --eps-cross-a 0.001 --eps-round-v 0.001 --eps-round-a 0.001 --n-samples 50
HM12,3,3,2026,0,3,reverse_blocks,/home/s110/code/ttpi_iclr/repro/results/HM12_state40_action50_iter30_orderreverse_blocks_seed3_formal5080.json,/home/s110/miniconda3/envs/tt_5080/bin/python3 /home/s110/code/ttpi_iclr/repro/scripts/run_hardmove.py --n-actuator 12 --env-variant standard --training-seed 3 --environment-seed 2026 --permutation-seed 0 --state-sampling-seed 3 --action-order reverse_blocks --run-tag formal5080 --n-state 40 --n-action 50 --n-iter 30 --n-iter-v 1 --callback-freq 10 --n-test 100 --device cuda --max-batch-v 10000 --max-batch-a 100000 --nswp-v 5 --nswp-a 10 --rmax-v 100 --rmax-a 100 --kickrank-v 10 --kickrank-a 10 --eps-cross-v 0.001 --eps-cross-a 0.001 --eps-round-v 0.001 --eps-round-a 0.001 --n-samples 50
HM12,3,3,2026,0,3,flip_within_block,/home/s110/code/ttpi_iclr/repro/results/HM12_state40_action50_iter30_orderflip_within_block_seed3_formal5080.json,/home/s110/miniconda3/envs/tt_5080/bin/python3 /home/s110/code/ttpi_iclr/repro/scripts/run_hardmove.py --n-actuator 12 --env-variant standard --training-seed 3 --environment-seed 2026 --permutation-seed 0 --state-sampling-seed 3 --action-order flip_within_block --run-tag formal5080 --n-state 40 --n-action 50 --n-iter 30 --n-iter-v 1 --callback-freq 10 --n-test 100 --device cuda --max-batch-v 10000 --max-batch-a 100000 --nswp-v 5 --nswp-a 10 --rmax-v 100 --rmax-a 100 --kickrank-v 10 --kickrank-a 10 --eps-cross-v 0.001 --eps-cross-a 0.001 --eps-round-v 0.001 --eps-round-a 0.001 --n-samples 50
HM12,3,3,2026,0,3,pam_greedy,/home/s110/code/ttpi_iclr/repro/results/HM12_state40_action50_iter30_orderpam_greedy_seed3_formal5080.json,/home/s110/miniconda3/envs/tt_5080/bin/python3 /home/s110/code/ttpi_iclr/repro/scripts/run_hardmove.py --n-actuator 12 --env-variant standard --training-seed 3 --environment-seed 2026 --permutation-seed 0 --state-sampling-seed 3 --action-order pam_greedy --run-tag formal5080 --n-state 40 --n-action 50 --n-iter 30 --n-iter-v 1 --callback-freq 10 --n-test 100 --device cuda --max-batch-v 10000 --max-batch-a 100000 --nswp-v 5 --nswp-a 10 --rmax-v 100 --rmax-a 100 --kickrank-v 10 --kickrank-a 10 --eps-cross-v 0.001 --eps-cross-a 0.001 --eps-round-v 0.001 --eps-round-a 0.001 --n-samples 50
HM12,3,3,2026,0,3,pam_spectral,/home/s110/code/ttpi_iclr/repro/results/HM12_state40_action50_iter30_orderpam_spectral_seed3_formal5080.json,/home/s110/miniconda3/envs/tt_5080/bin/python3 /home/s110/code/ttpi_iclr/repro/scripts/run_hardmove.py --n-actuator 12 --env-variant standard --training-seed 3 --environment-seed 2026 --permutation-seed 0 --state-sampling-seed 3 --action-order pam_spectral --run-tag formal5080 --n-state 40 --n-action 50 --n-iter 30 --n-iter-v 1 --callback-freq 10 --n-test 100 --device cuda --max-batch-v 10000 --max-batch-a 100000 --nswp-v 5 --nswp-a 10 --rmax-v 100 --rmax-a 100 --kickrank-v 10 --kickrank-a 10 --eps-cross-v 0.001 --eps-cross-a 0.001 --eps-round-v 0.001 --eps-round-a 0.001 --n-samples 50
HM12,3,3,2026,0,3,block_pam,/home/s110/code/ttpi_iclr/repro/results/HM12_state40_action50_iter30_orderblock_pam_seed3_formal5080.json,/home/s110/miniconda3/envs/tt_5080/bin/python3 /home/s110/code/ttpi_iclr/repro/scripts/run_hardmove.py --n-actuator 12 --env-variant standard --training-seed 3 --environment-seed 2026 --permutation-seed 0 --state-sampling-seed 3 --action-order block_pam --run-tag formal5080 --n-state 40 --n-action 50 --n-iter 30 --n-iter-v 1 --callback-freq 10 --n-test 100 --device cuda --max-batch-v 10000 --max-batch-a 100000 --nswp-v 5 --nswp-a 10 --rmax-v 100 --rmax-a 100 --kickrank-v 10 --kickrank-a 10 --eps-cross-v 0.001 --eps-cross-a 0.001 --eps-round-v 0.001 --eps-round-a 0.001 --n-samples 50
HM12,3,3,2026,0,3,free_pam,/home/s110/code/ttpi_iclr/repro/results/HM12_state40_action50_iter30_orderfree_pam_seed3_formal5080.json,/home/s110/miniconda3/envs/tt_5080/bin/python3 /home/s110/code/ttpi_iclr/repro/scripts/run_hardmove.py --n-actuator 12 --env-variant standard --training-seed 3 --environment-seed 2026 --permutation-seed 0 --state-sampling-seed 3 --action-order free_pam --run-tag formal5080 --n-state 40 --n-action 50 --n-iter 30 --n-iter-v 1 --callback-freq 10 --n-test 100 --device cuda --max-batch-v 10000 --max-batch-a 100000 --nswp-v 5 --nswp-a 10 --rmax-v 100 --rmax-a 100 --kickrank-v 10 --kickrank-a 10 --eps-cross-v 0.001 --eps-cross-a 0.001 --eps-round-v 0.001 --eps-round-a 0.001 --n-samples 50
HM12,3,3,2026,0,3,peakcut_pam,/home/s110/code/ttpi_iclr/repro/results/HM12_state40_action50_iter30_orderpeakcut_pam_seed3_formal5080.json,/home/s110/miniconda3/envs/tt_5080/bin/python3 /home/s110/code/ttpi_iclr/repro/scripts/run_hardmove.py --n-actuator 12 --env-variant standard --training-seed 3 --environment-seed 2026 --permutation-seed 0 --state-sampling-seed 3 --action-order peakcut_pam --run-tag formal5080 --n-state 40 --n-action 50 --n-iter 30 --n-iter-v 1 --callback-freq 10 --n-test 100 --device cuda --max-batch-v 10000 --max-batch-a 100000 --nswp-v 5 --nswp-a 10 --rmax-v 100 --rmax-a 100 --kickrank-v 10 --kickrank-a 10 --eps-cross-v 0.001 --eps-cross-a 0.001 --eps-round-v 0.001 --eps-round-a 0.001 --n-samples 50
HM12,3,3,2026,0,3,sensitivity_pam,/home/s110/code/ttpi_iclr/repro/results/HM12_state40_action50_iter30_ordersensitivity_pam_seed3_formal5080.json,/home/s110/miniconda3/envs/tt_5080/bin/python3 /home/s110/code/ttpi_iclr/repro/scripts/run_hardmove.py --n-actuator 12 --env-variant standard --training-seed 3 --environment-seed 2026 --permutation-seed 0 --state-sampling-seed 3 --action-order sensitivity_pam --run-tag formal5080 --n-state 40 --n-action 50 --n-iter 30 --n-iter-v 1 --callback-freq 10 --n-test 100 --device cuda --max-batch-v 10000 --max-batch-a 100000 --nswp-v 5 --nswp-a 10 --rmax-v 100 --rmax-a 100 --kickrank-v 10 --kickrank-a 10 --eps-cross-v 0.001 --eps-cross-a 0.001 --eps-round-v 0.001 --eps-round-a 0.001 --n-samples 50
HM12,3,3,2026,0,3,rankaware_proxy_pam,/home/s110/code/ttpi_iclr/repro/results/HM12_state40_action50_iter30_orderrankaware_proxy_pam_seed3_formal5080.json,/home/s110/miniconda3/envs/tt_5080/bin/python3 /home/s110/code/ttpi_iclr/repro/scripts/run_hardmove.py --n-actuator 12 --env-variant standard --training-seed 3 --environment-seed 2026 --permutation-seed 0 --state-sampling-seed 3 --action-order rankaware_proxy_pam --run-tag formal5080 --n-state 40 --n-action 50 --n-iter 30 --n-iter-v 1 --callback-freq 10 --n-test 100 --device cuda --max-batch-v 10000 --max-batch-a 100000 --nswp-v 5 --nswp-a 10 --rmax-v 100 --rmax-a 100 --kickrank-v 10 --kickrank-a 10 --eps-cross-v 0.001 --eps-cross-a 0.001 --eps-round-v 0.001 --eps-round-a 0.001 --n-samples 50
HM12,3,3,2026,0,3,hybrid_pam,/home/s110/code/ttpi_iclr/repro/results/HM12_state40_action50_iter30_orderhybrid_pam_seed3_formal5080.json,/home/s110/miniconda3/envs/tt_5080/bin/python3 /home/s110/code/ttpi_iclr/repro/scripts/run_hardmove.py --n-actuator 12 --env-variant standard --training-seed 3 --environment-seed 2026 --permutation-seed 0 --state-sampling-seed 3 --action-order hybrid_pam --run-tag formal5080 --n-state 40 --n-action 50 --n-iter 30 --n-iter-v 1 --callback-freq 10 --n-test 100 --device cuda --max-batch-v 10000 --max-batch-a 100000 --nswp-v 5 --nswp-a 10 --rmax-v 100 --rmax-a 100 --kickrank-v 10 --kickrank-a 10 --eps-cross-v 0.001 --eps-cross-a 0.001 --eps-round-v 0.001 --eps-round-a 0.001 --n-samples 50
HM12,4,4,2026,0,4,local,/home/s110/code/ttpi_iclr/repro/results/HM12_state40_action50_iter30_orderlocal_seed4_formal5080.json,/home/s110/miniconda3/envs/tt_5080/bin/python3 /home/s110/code/ttpi_iclr/repro/scripts/run_hardmove.py --n-actuator 12 --env-variant standard --training-seed 4 --environment-seed 2026 --permutation-seed 0 --state-sampling-seed 4 --action-order local --run-tag formal5080 --n-state 40 --n-action 50 --n-iter 30 --n-iter-v 1 --callback-freq 10 --n-test 100 --device cuda --max-batch-v 10000 --max-batch-a 100000 --nswp-v 5 --nswp-a 10 --rmax-v 100 --rmax-a 100 --kickrank-v 10 --kickrank-a 10 --eps-cross-v 0.001 --eps-cross-a 0.001 --eps-round-v 0.001 --eps-round-a 0.001 --n-samples 50
HM12,4,4,2026,0,4,random,/home/s110/code/ttpi_iclr/repro/results/HM12_state40_action50_iter30_orderrandom_seed4_permseed0_formal5080.json,/home/s110/miniconda3/envs/tt_5080/bin/python3 /home/s110/code/ttpi_iclr/repro/scripts/run_hardmove.py --n-actuator 12 --env-variant standard --training-seed 4 --environment-seed 2026 --permutation-seed 0 --include-permutation-seed-in-run-id --state-sampling-seed 4 --action-order random --run-tag formal5080 --n-state 40 --n-action 50 --n-iter 30 --n-iter-v 1 --callback-freq 10 --n-test 100 --device cuda --max-batch-v 10000 --max-batch-a 100000 --nswp-v 5 --nswp-a 10 --rmax-v 100 --rmax-a 100 --kickrank-v 10 --kickrank-a 10 --eps-cross-v 0.001 --eps-cross-a 0.001 --eps-round-v 0.001 --eps-round-a 0.001 --n-samples 50
HM12,4,4,2026,1,4,random,/home/s110/code/ttpi_iclr/repro/results/HM12_state40_action50_iter30_orderrandom_seed4_permseed1_formal5080.json,/home/s110/miniconda3/envs/tt_5080/bin/python3 /home/s110/code/ttpi_iclr/repro/scripts/run_hardmove.py --n-actuator 12 --env-variant standard --training-seed 4 --environment-seed 2026 --permutation-seed 1 --include-permutation-seed-in-run-id --state-sampling-seed 4 --action-order random --run-tag formal5080 --n-state 40 --n-action 50 --n-iter 30 --n-iter-v 1 --callback-freq 10 --n-test 100 --device cuda --max-batch-v 10000 --max-batch-a 100000 --nswp-v 5 --nswp-a 10 --rmax-v 100 --rmax-a 100 --kickrank-v 10 --kickrank-a 10 --eps-cross-v 0.001 --eps-cross-a 0.001 --eps-round-v 0.001 --eps-round-a 0.001 --n-samples 50
HM12,4,4,2026,2,4,random,/home/s110/code/ttpi_iclr/repro/results/HM12_state40_action50_iter30_orderrandom_seed4_permseed2_formal5080.json,/home/s110/miniconda3/envs/tt_5080/bin/python3 /home/s110/code/ttpi_iclr/repro/scripts/run_hardmove.py --n-actuator 12 --env-variant standard --training-seed 4 --environment-seed 2026 --permutation-seed 2 --include-permutation-seed-in-run-id --state-sampling-seed 4 --action-order random --run-tag formal5080 --n-state 40 --n-action 50 --n-iter 30 --n-iter-v 1 --callback-freq 10 --n-test 100 --device cuda --max-batch-v 10000 --max-batch-a 100000 --nswp-v 5 --nswp-a 10 --rmax-v 100 --rmax-a 100 --kickrank-v 10 --kickrank-a 10 --eps-cross-v 0.001 --eps-cross-a 0.001 --eps-round-v 0.001 --eps-round-a 0.001 --n-samples 50
HM12,4,4,2026,0,4,badsplit,/home/s110/code/ttpi_iclr/repro/results/HM12_state40_action50_iter30_orderbadsplit_seed4_formal5080.json,/home/s110/miniconda3/envs/tt_5080/bin/python3 /home/s110/code/ttpi_iclr/repro/scripts/run_hardmove.py --n-actuator 12 --env-variant standard --training-seed 4 --environment-seed 2026 --permutation-seed 0 --state-sampling-seed 4 --action-order badsplit --run-tag formal5080 --n-state 40 --n-action 50 --n-iter 30 --n-iter-v 1 --callback-freq 10 --n-test 100 --device cuda --max-batch-v 10000 --max-batch-a 100000 --nswp-v 5 --nswp-a 10 --rmax-v 100 --rmax-a 100 --kickrank-v 10 --kickrank-a 10 --eps-cross-v 0.001 --eps-cross-a 0.001 --eps-round-v 0.001 --eps-round-a 0.001 --n-samples 50
HM12,4,4,2026,0,4,reverse_blocks,/home/s110/code/ttpi_iclr/repro/results/HM12_state40_action50_iter30_orderreverse_blocks_seed4_formal5080.json,/home/s110/miniconda3/envs/tt_5080/bin/python3 /home/s110/code/ttpi_iclr/repro/scripts/run_hardmove.py --n-actuator 12 --env-variant standard --training-seed 4 --environment-seed 2026 --permutation-seed 0 --state-sampling-seed 4 --action-order reverse_blocks --run-tag formal5080 --n-state 40 --n-action 50 --n-iter 30 --n-iter-v 1 --callback-freq 10 --n-test 100 --device cuda --max-batch-v 10000 --max-batch-a 100000 --nswp-v 5 --nswp-a 10 --rmax-v 100 --rmax-a 100 --kickrank-v 10 --kickrank-a 10 --eps-cross-v 0.001 --eps-cross-a 0.001 --eps-round-v 0.001 --eps-round-a 0.001 --n-samples 50
HM12,4,4,2026,0,4,flip_within_block,/home/s110/code/ttpi_iclr/repro/results/HM12_state40_action50_iter30_orderflip_within_block_seed4_formal5080.json,/home/s110/miniconda3/envs/tt_5080/bin/python3 /home/s110/code/ttpi_iclr/repro/scripts/run_hardmove.py --n-actuator 12 --env-variant standard --training-seed 4 --environment-seed 2026 --permutation-seed 0 --state-sampling-seed 4 --action-order flip_within_block --run-tag formal5080 --n-state 40 --n-action 50 --n-iter 30 --n-iter-v 1 --callback-freq 10 --n-test 100 --device cuda --max-batch-v 10000 --max-batch-a 100000 --nswp-v 5 --nswp-a 10 --rmax-v 100 --rmax-a 100 --kickrank-v 10 --kickrank-a 10 --eps-cross-v 0.001 --eps-cross-a 0.001 --eps-round-v 0.001 --eps-round-a 0.001 --n-samples 50
HM12,4,4,2026,0,4,pam_greedy,/home/s110/code/ttpi_iclr/repro/results/HM12_state40_action50_iter30_orderpam_greedy_seed4_formal5080.json,/home/s110/miniconda3/envs/tt_5080/bin/python3 /home/s110/code/ttpi_iclr/repro/scripts/run_hardmove.py --n-actuator 12 --env-variant standard --training-seed 4 --environment-seed 2026 --permutation-seed 0 --state-sampling-seed 4 --action-order pam_greedy --run-tag formal5080 --n-state 40 --n-action 50 --n-iter 30 --n-iter-v 1 --callback-freq 10 --n-test 100 --device cuda --max-batch-v 10000 --max-batch-a 100000 --nswp-v 5 --nswp-a 10 --rmax-v 100 --rmax-a 100 --kickrank-v 10 --kickrank-a 10 --eps-cross-v 0.001 --eps-cross-a 0.001 --eps-round-v 0.001 --eps-round-a 0.001 --n-samples 50
HM12,4,4,2026,0,4,pam_spectral,/home/s110/code/ttpi_iclr/repro/results/HM12_state40_action50_iter30_orderpam_spectral_seed4_formal5080.json,/home/s110/miniconda3/envs/tt_5080/bin/python3 /home/s110/code/ttpi_iclr/repro/scripts/run_hardmove.py --n-actuator 12 --env-variant standard --training-seed 4 --environment-seed 2026 --permutation-seed 0 --state-sampling-seed 4 --action-order pam_spectral --run-tag formal5080 --n-state 40 --n-action 50 --n-iter 30 --n-iter-v 1 --callback-freq 10 --n-test 100 --device cuda --max-batch-v 10000 --max-batch-a 100000 --nswp-v 5 --nswp-a 10 --rmax-v 100 --rmax-a 100 --kickrank-v 10 --kickrank-a 10 --eps-cross-v 0.001 --eps-cross-a 0.001 --eps-round-v 0.001 --eps-round-a 0.001 --n-samples 50
HM12,4,4,2026,0,4,block_pam,/home/s110/code/ttpi_iclr/repro/results/HM12_state40_action50_iter30_orderblock_pam_seed4_formal5080.json,/home/s110/miniconda3/envs/tt_5080/bin/python3 /home/s110/code/ttpi_iclr/repro/scripts/run_hardmove.py --n-actuator 12 --env-variant standard --training-seed 4 --environment-seed 2026 --permutation-seed 0 --state-sampling-seed 4 --action-order block_pam --run-tag formal5080 --n-state 40 --n-action 50 --n-iter 30 --n-iter-v 1 --callback-freq 10 --n-test 100 --device cuda --max-batch-v 10000 --max-batch-a 100000 --nswp-v 5 --nswp-a 10 --rmax-v 100 --rmax-a 100 --kickrank-v 10 --kickrank-a 10 --eps-cross-v 0.001 --eps-cross-a 0.001 --eps-round-v 0.001 --eps-round-a 0.001 --n-samples 50
HM12,4,4,2026,0,4,free_pam,/home/s110/code/ttpi_iclr/repro/results/HM12_state40_action50_iter30_orderfree_pam_seed4_formal5080.json,/home/s110/miniconda3/envs/tt_5080/bin/python3 /home/s110/code/ttpi_iclr/repro/scripts/run_hardmove.py --n-actuator 12 --env-variant standard --training-seed 4 --environment-seed 2026 --permutation-seed 0 --state-sampling-seed 4 --action-order free_pam --run-tag formal5080 --n-state 40 --n-action 50 --n-iter 30 --n-iter-v 1 --callback-freq 10 --n-test 100 --device cuda --max-batch-v 10000 --max-batch-a 100000 --nswp-v 5 --nswp-a 10 --rmax-v 100 --rmax-a 100 --kickrank-v 10 --kickrank-a 10 --eps-cross-v 0.001 --eps-cross-a 0.001 --eps-round-v 0.001 --eps-round-a 0.001 --n-samples 50
HM12,4,4,2026,0,4,peakcut_pam,/home/s110/code/ttpi_iclr/repro/results/HM12_state40_action50_iter30_orderpeakcut_pam_seed4_formal5080.json,/home/s110/miniconda3/envs/tt_5080/bin/python3 /home/s110/code/ttpi_iclr/repro/scripts/run_hardmove.py --n-actuator 12 --env-variant standard --training-seed 4 --environment-seed 2026 --permutation-seed 0 --state-sampling-seed 4 --action-order peakcut_pam --run-tag formal5080 --n-state 40 --n-action 50 --n-iter 30 --n-iter-v 1 --callback-freq 10 --n-test 100 --device cuda --max-batch-v 10000 --max-batch-a 100000 --nswp-v 5 --nswp-a 10 --rmax-v 100 --rmax-a 100 --kickrank-v 10 --kickrank-a 10 --eps-cross-v 0.001 --eps-cross-a 0.001 --eps-round-v 0.001 --eps-round-a 0.001 --n-samples 50
HM12,4,4,2026,0,4,sensitivity_pam,/home/s110/code/ttpi_iclr/repro/results/HM12_state40_action50_iter30_ordersensitivity_pam_seed4_formal5080.json,/home/s110/miniconda3/envs/tt_5080/bin/python3 /home/s110/code/ttpi_iclr/repro/scripts/run_hardmove.py --n-actuator 12 --env-variant standard --training-seed 4 --environment-seed 2026 --permutation-seed 0 --state-sampling-seed 4 --action-order sensitivity_pam --run-tag formal5080 --n-state 40 --n-action 50 --n-iter 30 --n-iter-v 1 --callback-freq 10 --n-test 100 --device cuda --max-batch-v 10000 --max-batch-a 100000 --nswp-v 5 --nswp-a 10 --rmax-v 100 --rmax-a 100 --kickrank-v 10 --kickrank-a 10 --eps-cross-v 0.001 --eps-cross-a 0.001 --eps-round-v 0.001 --eps-round-a 0.001 --n-samples 50
HM12,4,4,2026,0,4,rankaware_proxy_pam,/home/s110/code/ttpi_iclr/repro/results/HM12_state40_action50_iter30_orderrankaware_proxy_pam_seed4_formal5080.json,/home/s110/miniconda3/envs/tt_5080/bin/python3 /home/s110/code/ttpi_iclr/repro/scripts/run_hardmove.py --n-actuator 12 --env-variant standard --training-seed 4 --environment-seed 2026 --permutation-seed 0 --state-sampling-seed 4 --action-order rankaware_proxy_pam --run-tag formal5080 --n-state 40 --n-action 50 --n-iter 30 --n-iter-v 1 --callback-freq 10 --n-test 100 --device cuda --max-batch-v 10000 --max-batch-a 100000 --nswp-v 5 --nswp-a 10 --rmax-v 100 --rmax-a 100 --kickrank-v 10 --kickrank-a 10 --eps-cross-v 0.001 --eps-cross-a 0.001 --eps-round-v 0.001 --eps-round-a 0.001 --n-samples 50
HM12,4,4,2026,0,4,hybrid_pam,/home/s110/code/ttpi_iclr/repro/results/HM12_state40_action50_iter30_orderhybrid_pam_seed4_formal5080.json,/home/s110/miniconda3/envs/tt_5080/bin/python3 /home/s110/code/ttpi_iclr/repro/scripts/run_hardmove.py --n-actuator 12 --env-variant standard --training-seed 4 --environment-seed 2026 --permutation-seed 0 --state-sampling-seed 4 --action-order hybrid_pam --run-tag formal5080 --n-state 40 --n-action 50 --n-iter 30 --n-iter-v 1 --callback-freq 10 --n-test 100 --device cuda --max-batch-v 10000 --max-batch-a 100000 --nswp-v 5 --nswp-a 10 --rmax-v 100 --rmax-a 100 --kickrank-v 10 --kickrank-a 10 --eps-cross-v 0.001 --eps-cross-a 0.001 --eps-round-v 0.001 --eps-round-a 0.001 --n-samples 50
HM12,5,5,2026,0,5,local,/home/s110/code/ttpi_iclr/repro/results/HM12_state40_action50_iter30_orderlocal_seed5_formal5080.json,/home/s110/miniconda3/envs/tt_5080/bin/python3 /home/s110/code/ttpi_iclr/repro/scripts/run_hardmove.py --n-actuator 12 --env-variant standard --training-seed 5 --environment-seed 2026 --permutation-seed 0 --state-sampling-seed 5 --action-order local --run-tag formal5080 --n-state 40 --n-action 50 --n-iter 30 --n-iter-v 1 --callback-freq 10 --n-test 100 --device cuda --max-batch-v 10000 --max-batch-a 100000 --nswp-v 5 --nswp-a 10 --rmax-v 100 --rmax-a 100 --kickrank-v 10 --kickrank-a 10 --eps-cross-v 0.001 --eps-cross-a 0.001 --eps-round-v 0.001 --eps-round-a 0.001 --n-samples 50
HM12,5,5,2026,0,5,random,/home/s110/code/ttpi_iclr/repro/results/HM12_state40_action50_iter30_orderrandom_seed5_permseed0_formal5080.json,/home/s110/miniconda3/envs/tt_5080/bin/python3 /home/s110/code/ttpi_iclr/repro/scripts/run_hardmove.py --n-actuator 12 --env-variant standard --training-seed 5 --environment-seed 2026 --permutation-seed 0 --include-permutation-seed-in-run-id --state-sampling-seed 5 --action-order random --run-tag formal5080 --n-state 40 --n-action 50 --n-iter 30 --n-iter-v 1 --callback-freq 10 --n-test 100 --device cuda --max-batch-v 10000 --max-batch-a 100000 --nswp-v 5 --nswp-a 10 --rmax-v 100 --rmax-a 100 --kickrank-v 10 --kickrank-a 10 --eps-cross-v 0.001 --eps-cross-a 0.001 --eps-round-v 0.001 --eps-round-a 0.001 --n-samples 50
HM12,5,5,2026,1,5,random,/home/s110/code/ttpi_iclr/repro/results/HM12_state40_action50_iter30_orderrandom_seed5_permseed1_formal5080.json,/home/s110/miniconda3/envs/tt_5080/bin/python3 /home/s110/code/ttpi_iclr/repro/scripts/run_hardmove.py --n-actuator 12 --env-variant standard --training-seed 5 --environment-seed 2026 --permutation-seed 1 --include-permutation-seed-in-run-id --state-sampling-seed 5 --action-order random --run-tag formal5080 --n-state 40 --n-action 50 --n-iter 30 --n-iter-v 1 --callback-freq 10 --n-test 100 --device cuda --max-batch-v 10000 --max-batch-a 100000 --nswp-v 5 --nswp-a 10 --rmax-v 100 --rmax-a 100 --kickrank-v 10 --kickrank-a 10 --eps-cross-v 0.001 --eps-cross-a 0.001 --eps-round-v 0.001 --eps-round-a 0.001 --n-samples 50
HM12,5,5,2026,2,5,random,/home/s110/code/ttpi_iclr/repro/results/HM12_state40_action50_iter30_orderrandom_seed5_permseed2_formal5080.json,/home/s110/miniconda3/envs/tt_5080/bin/python3 /home/s110/code/ttpi_iclr/repro/scripts/run_hardmove.py --n-actuator 12 --env-variant standard --training-seed 5 --environment-seed 2026 --permutation-seed 2 --include-permutation-seed-in-run-id --state-sampling-seed 5 --action-order random --run-tag formal5080 --n-state 40 --n-action 50 --n-iter 30 --n-iter-v 1 --callback-freq 10 --n-test 100 --device cuda --max-batch-v 10000 --max-batch-a 100000 --nswp-v 5 --nswp-a 10 --rmax-v 100 --rmax-a 100 --kickrank-v 10 --kickrank-a 10 --eps-cross-v 0.001 --eps-cross-a 0.001 --eps-round-v 0.001 --eps-round-a 0.001 --n-samples 50
HM12,5,5,2026,0,5,badsplit,/home/s110/code/ttpi_iclr/repro/results/HM12_state40_action50_iter30_orderbadsplit_seed5_formal5080.json,/home/s110/miniconda3/envs/tt_5080/bin/python3 /home/s110/code/ttpi_iclr/repro/scripts/run_hardmove.py --n-actuator 12 --env-variant standard --training-seed 5 --environment-seed 2026 --permutation-seed 0 --state-sampling-seed 5 --action-order badsplit --run-tag formal5080 --n-state 40 --n-action 50 --n-iter 30 --n-iter-v 1 --callback-freq 10 --n-test 100 --device cuda --max-batch-v 10000 --max-batch-a 100000 --nswp-v 5 --nswp-a 10 --rmax-v 100 --rmax-a 100 --kickrank-v 10 --kickrank-a 10 --eps-cross-v 0.001 --eps-cross-a 0.001 --eps-round-v 0.001 --eps-round-a 0.001 --n-samples 50
HM12,5,5,2026,0,5,reverse_blocks,/home/s110/code/ttpi_iclr/repro/results/HM12_state40_action50_iter30_orderreverse_blocks_seed5_formal5080.json,/home/s110/miniconda3/envs/tt_5080/bin/python3 /home/s110/code/ttpi_iclr/repro/scripts/run_hardmove.py --n-actuator 12 --env-variant standard --training-seed 5 --environment-seed 2026 --permutation-seed 0 --state-sampling-seed 5 --action-order reverse_blocks --run-tag formal5080 --n-state 40 --n-action 50 --n-iter 30 --n-iter-v 1 --callback-freq 10 --n-test 100 --device cuda --max-batch-v 10000 --max-batch-a 100000 --nswp-v 5 --nswp-a 10 --rmax-v 100 --rmax-a 100 --kickrank-v 10 --kickrank-a 10 --eps-cross-v 0.001 --eps-cross-a 0.001 --eps-round-v 0.001 --eps-round-a 0.001 --n-samples 50
HM12,5,5,2026,0,5,flip_within_block,/home/s110/code/ttpi_iclr/repro/results/HM12_state40_action50_iter30_orderflip_within_block_seed5_formal5080.json,/home/s110/miniconda3/envs/tt_5080/bin/python3 /home/s110/code/ttpi_iclr/repro/scripts/run_hardmove.py --n-actuator 12 --env-variant standard --training-seed 5 --environment-seed 2026 --permutation-seed 0 --state-sampling-seed 5 --action-order flip_within_block --run-tag formal5080 --n-state 40 --n-action 50 --n-iter 30 --n-iter-v 1 --callback-freq 10 --n-test 100 --device cuda --max-batch-v 10000 --max-batch-a 100000 --nswp-v 5 --nswp-a 10 --rmax-v 100 --rmax-a 100 --kickrank-v 10 --kickrank-a 10 --eps-cross-v 0.001 --eps-cross-a 0.001 --eps-round-v 0.001 --eps-round-a 0.001 --n-samples 50
HM12,5,5,2026,0,5,pam_greedy,/home/s110/code/ttpi_iclr/repro/results/HM12_state40_action50_iter30_orderpam_greedy_seed5_formal5080.json,/home/s110/miniconda3/envs/tt_5080/bin/python3 /home/s110/code/ttpi_iclr/repro/scripts/run_hardmove.py --n-actuator 12 --env-variant standard --training-seed 5 --environment-seed 2026 --permutation-seed 0 --state-sampling-seed 5 --action-order pam_greedy --run-tag formal5080 --n-state 40 --n-action 50 --n-iter 30 --n-iter-v 1 --callback-freq 10 --n-test 100 --device cuda --max-batch-v 10000 --max-batch-a 100000 --nswp-v 5 --nswp-a 10 --rmax-v 100 --rmax-a 100 --kickrank-v 10 --kickrank-a 10 --eps-cross-v 0.001 --eps-cross-a 0.001 --eps-round-v 0.001 --eps-round-a 0.001 --n-samples 50
HM12,5,5,2026,0,5,pam_spectral,/home/s110/code/ttpi_iclr/repro/results/HM12_state40_action50_iter30_orderpam_spectral_seed5_formal5080.json,/home/s110/miniconda3/envs/tt_5080/bin/python3 /home/s110/code/ttpi_iclr/repro/scripts/run_hardmove.py --n-actuator 12 --env-variant standard --training-seed 5 --environment-seed 2026 --permutation-seed 0 --state-sampling-seed 5 --action-order pam_spectral --run-tag formal5080 --n-state 40 --n-action 50 --n-iter 30 --n-iter-v 1 --callback-freq 10 --n-test 100 --device cuda --max-batch-v 10000 --max-batch-a 100000 --nswp-v 5 --nswp-a 10 --rmax-v 100 --rmax-a 100 --kickrank-v 10 --kickrank-a 10 --eps-cross-v 0.001 --eps-cross-a 0.001 --eps-round-v 0.001 --eps-round-a 0.001 --n-samples 50
HM12,5,5,2026,0,5,block_pam,/home/s110/code/ttpi_iclr/repro/results/HM12_state40_action50_iter30_orderblock_pam_seed5_formal5080.json,/home/s110/miniconda3/envs/tt_5080/bin/python3 /home/s110/code/ttpi_iclr/repro/scripts/run_hardmove.py --n-actuator 12 --env-variant standard --training-seed 5 --environment-seed 2026 --permutation-seed 0 --state-sampling-seed 5 --action-order block_pam --run-tag formal5080 --n-state 40 --n-action 50 --n-iter 30 --n-iter-v 1 --callback-freq 10 --n-test 100 --device cuda --max-batch-v 10000 --max-batch-a 100000 --nswp-v 5 --nswp-a 10 --rmax-v 100 --rmax-a 100 --kickrank-v 10 --kickrank-a 10 --eps-cross-v 0.001 --eps-cross-a 0.001 --eps-round-v 0.001 --eps-round-a 0.001 --n-samples 50
HM12,5,5,2026,0,5,free_pam,/home/s110/code/ttpi_iclr/repro/results/HM12_state40_action50_iter30_orderfree_pam_seed5_formal5080.json,/home/s110/miniconda3/envs/tt_5080/bin/python3 /home/s110/code/ttpi_iclr/repro/scripts/run_hardmove.py --n-actuator 12 --env-variant standard --training-seed 5 --environment-seed 2026 --permutation-seed 0 --state-sampling-seed 5 --action-order free_pam --run-tag formal5080 --n-state 40 --n-action 50 --n-iter 30 --n-iter-v 1 --callback-freq 10 --n-test 100 --device cuda --max-batch-v 10000 --max-batch-a 100000 --nswp-v 5 --nswp-a 10 --rmax-v 100 --rmax-a 100 --kickrank-v 10 --kickrank-a 10 --eps-cross-v 0.001 --eps-cross-a 0.001 --eps-round-v 0.001 --eps-round-a 0.001 --n-samples 50
HM12,5,5,2026,0,5,peakcut_pam,/home/s110/code/ttpi_iclr/repro/results/HM12_state40_action50_iter30_orderpeakcut_pam_seed5_formal5080.json,/home/s110/miniconda3/envs/tt_5080/bin/python3 /home/s110/code/ttpi_iclr/repro/scripts/run_hardmove.py --n-actuator 12 --env-variant standard --training-seed 5 --environment-seed 2026 --permutation-seed 0 --state-sampling-seed 5 --action-order peakcut_pam --run-tag formal5080 --n-state 40 --n-action 50 --n-iter 30 --n-iter-v 1 --callback-freq 10 --n-test 100 --device cuda --max-batch-v 10000 --max-batch-a 100000 --nswp-v 5 --nswp-a 10 --rmax-v 100 --rmax-a 100 --kickrank-v 10 --kickrank-a 10 --eps-cross-v 0.001 --eps-cross-a 0.001 --eps-round-v 0.001 --eps-round-a 0.001 --n-samples 50
HM12,5,5,2026,0,5,sensitivity_pam,/home/s110/code/ttpi_iclr/repro/results/HM12_state40_action50_iter30_ordersensitivity_pam_seed5_formal5080.json,/home/s110/miniconda3/envs/tt_5080/bin/python3 /home/s110/code/ttpi_iclr/repro/scripts/run_hardmove.py --n-actuator 12 --env-variant standard --training-seed 5 --environment-seed 2026 --permutation-seed 0 --state-sampling-seed 5 --action-order sensitivity_pam --run-tag formal5080 --n-state 40 --n-action 50 --n-iter 30 --n-iter-v 1 --callback-freq 10 --n-test 100 --device cuda --max-batch-v 10000 --max-batch-a 100000 --nswp-v 5 --nswp-a 10 --rmax-v 100 --rmax-a 100 --kickrank-v 10 --kickrank-a 10 --eps-cross-v 0.001 --eps-cross-a 0.001 --eps-round-v 0.001 --eps-round-a 0.001 --n-samples 50
HM12,5,5,2026,0,5,rankaware_proxy_pam,/home/s110/code/ttpi_iclr/repro/results/HM12_state40_action50_iter30_orderrankaware_proxy_pam_seed5_formal5080.json,/home/s110/miniconda3/envs/tt_5080/bin/python3 /home/s110/code/ttpi_iclr/repro/scripts/run_hardmove.py --n-actuator 12 --env-variant standard --training-seed 5 --environment-seed 2026 --permutation-seed 0 --state-sampling-seed 5 --action-order rankaware_proxy_pam --run-tag formal5080 --n-state 40 --n-action 50 --n-iter 30 --n-iter-v 1 --callback-freq 10 --n-test 100 --device cuda --max-batch-v 10000 --max-batch-a 100000 --nswp-v 5 --nswp-a 10 --rmax-v 100 --rmax-a 100 --kickrank-v 10 --kickrank-a 10 --eps-cross-v 0.001 --eps-cross-a 0.001 --eps-round-v 0.001 --eps-round-a 0.001 --n-samples 50
HM12,5,5,2026,0,5,hybrid_pam,/home/s110/code/ttpi_iclr/repro/results/HM12_state40_action50_iter30_orderhybrid_pam_seed5_formal5080.json,/home/s110/miniconda3/envs/tt_5080/bin/python3 /home/s110/code/ttpi_iclr/repro/scripts/run_hardmove.py --n-actuator 12 --env-variant standard --training-seed 5 --environment-seed 2026 --permutation-seed 0 --state-sampling-seed 5 --action-order hybrid_pam --run-tag formal5080 --n-state 40 --n-action 50 --n-iter 30 --n-iter-v 1 --callback-freq 10 --n-test 100 --device cuda --max-batch-v 10000 --max-batch-a 100000 --nswp-v 5 --nswp-a 10 --rmax-v 100 --rmax-a 100 --kickrank-v 10 --kickrank-a 10 --eps-cross-v 0.001 --eps-cross-a 0.001 --eps-round-v 0.001 --eps-round-a 0.001 --n-samples 50
HM12,6,6,2026,0,6,local,/home/s110/code/ttpi_iclr/repro/results/HM12_state40_action50_iter30_orderlocal_seed6_formal5080.json,/home/s110/miniconda3/envs/tt_5080/bin/python3 /home/s110/code/ttpi_iclr/repro/scripts/run_hardmove.py --n-actuator 12 --env-variant standard --training-seed 6 --environment-seed 2026 --permutation-seed 0 --state-sampling-seed 6 --action-order local --run-tag formal5080 --n-state 40 --n-action 50 --n-iter 30 --n-iter-v 1 --callback-freq 10 --n-test 100 --device cuda --max-batch-v 10000 --max-batch-a 100000 --nswp-v 5 --nswp-a 10 --rmax-v 100 --rmax-a 100 --kickrank-v 10 --kickrank-a 10 --eps-cross-v 0.001 --eps-cross-a 0.001 --eps-round-v 0.001 --eps-round-a 0.001 --n-samples 50
HM12,6,6,2026,0,6,random,/home/s110/code/ttpi_iclr/repro/results/HM12_state40_action50_iter30_orderrandom_seed6_permseed0_formal5080.json,/home/s110/miniconda3/envs/tt_5080/bin/python3 /home/s110/code/ttpi_iclr/repro/scripts/run_hardmove.py --n-actuator 12 --env-variant standard --training-seed 6 --environment-seed 2026 --permutation-seed 0 --include-permutation-seed-in-run-id --state-sampling-seed 6 --action-order random --run-tag formal5080 --n-state 40 --n-action 50 --n-iter 30 --n-iter-v 1 --callback-freq 10 --n-test 100 --device cuda --max-batch-v 10000 --max-batch-a 100000 --nswp-v 5 --nswp-a 10 --rmax-v 100 --rmax-a 100 --kickrank-v 10 --kickrank-a 10 --eps-cross-v 0.001 --eps-cross-a 0.001 --eps-round-v 0.001 --eps-round-a 0.001 --n-samples 50
HM12,6,6,2026,1,6,random,/home/s110/code/ttpi_iclr/repro/results/HM12_state40_action50_iter30_orderrandom_seed6_permseed1_formal5080.json,/home/s110/miniconda3/envs/tt_5080/bin/python3 /home/s110/code/ttpi_iclr/repro/scripts/run_hardmove.py --n-actuator 12 --env-variant standard --training-seed 6 --environment-seed 2026 --permutation-seed 1 --include-permutation-seed-in-run-id --state-sampling-seed 6 --action-order random --run-tag formal5080 --n-state 40 --n-action 50 --n-iter 30 --n-iter-v 1 --callback-freq 10 --n-test 100 --device cuda --max-batch-v 10000 --max-batch-a 100000 --nswp-v 5 --nswp-a 10 --rmax-v 100 --rmax-a 100 --kickrank-v 10 --kickrank-a 10 --eps-cross-v 0.001 --eps-cross-a 0.001 --eps-round-v 0.001 --eps-round-a 0.001 --n-samples 50
HM12,6,6,2026,2,6,random,/home/s110/code/ttpi_iclr/repro/results/HM12_state40_action50_iter30_orderrandom_seed6_permseed2_formal5080.json,/home/s110/miniconda3/envs/tt_5080/bin/python3 /home/s110/code/ttpi_iclr/repro/scripts/run_hardmove.py --n-actuator 12 --env-variant standard --training-seed 6 --environment-seed 2026 --permutation-seed 2 --include-permutation-seed-in-run-id --state-sampling-seed 6 --action-order random --run-tag formal5080 --n-state 40 --n-action 50 --n-iter 30 --n-iter-v 1 --callback-freq 10 --n-test 100 --device cuda --max-batch-v 10000 --max-batch-a 100000 --nswp-v 5 --nswp-a 10 --rmax-v 100 --rmax-a 100 --kickrank-v 10 --kickrank-a 10 --eps-cross-v 0.001 --eps-cross-a 0.001 --eps-round-v 0.001 --eps-round-a 0.001 --n-samples 50
HM12,6,6,2026,0,6,badsplit,/home/s110/code/ttpi_iclr/repro/results/HM12_state40_action50_iter30_orderbadsplit_seed6_formal5080.json,/home/s110/miniconda3/envs/tt_5080/bin/python3 /home/s110/code/ttpi_iclr/repro/scripts/run_hardmove.py --n-actuator 12 --env-variant standard --training-seed 6 --environment-seed 2026 --permutation-seed 0 --state-sampling-seed 6 --action-order badsplit --run-tag formal5080 --n-state 40 --n-action 50 --n-iter 30 --n-iter-v 1 --callback-freq 10 --n-test 100 --device cuda --max-batch-v 10000 --max-batch-a 100000 --nswp-v 5 --nswp-a 10 --rmax-v 100 --rmax-a 100 --kickrank-v 10 --kickrank-a 10 --eps-cross-v 0.001 --eps-cross-a 0.001 --eps-round-v 0.001 --eps-round-a 0.001 --n-samples 50
HM12,6,6,2026,0,6,reverse_blocks,/home/s110/code/ttpi_iclr/repro/results/HM12_state40_action50_iter30_orderreverse_blocks_seed6_formal5080.json,/home/s110/miniconda3/envs/tt_5080/bin/python3 /home/s110/code/ttpi_iclr/repro/scripts/run_hardmove.py --n-actuator 12 --env-variant standard --training-seed 6 --environment-seed 2026 --permutation-seed 0 --state-sampling-seed 6 --action-order reverse_blocks --run-tag formal5080 --n-state 40 --n-action 50 --n-iter 30 --n-iter-v 1 --callback-freq 10 --n-test 100 --device cuda --max-batch-v 10000 --max-batch-a 100000 --nswp-v 5 --nswp-a 10 --rmax-v 100 --rmax-a 100 --kickrank-v 10 --kickrank-a 10 --eps-cross-v 0.001 --eps-cross-a 0.001 --eps-round-v 0.001 --eps-round-a 0.001 --n-samples 50
HM12,6,6,2026,0,6,flip_within_block,/home/s110/code/ttpi_iclr/repro/results/HM12_state40_action50_iter30_orderflip_within_block_seed6_formal5080.json,/home/s110/miniconda3/envs/tt_5080/bin/python3 /home/s110/code/ttpi_iclr/repro/scripts/run_hardmove.py --n-actuator 12 --env-variant standard --training-seed 6 --environment-seed 2026 --permutation-seed 0 --state-sampling-seed 6 --action-order flip_within_block --run-tag formal5080 --n-state 40 --n-action 50 --n-iter 30 --n-iter-v 1 --callback-freq 10 --n-test 100 --device cuda --max-batch-v 10000 --max-batch-a 100000 --nswp-v 5 --nswp-a 10 --rmax-v 100 --rmax-a 100 --kickrank-v 10 --kickrank-a 10 --eps-cross-v 0.001 --eps-cross-a 0.001 --eps-round-v 0.001 --eps-round-a 0.001 --n-samples 50
HM12,6,6,2026,0,6,pam_greedy,/home/s110/code/ttpi_iclr/repro/results/HM12_state40_action50_iter30_orderpam_greedy_seed6_formal5080.json,/home/s110/miniconda3/envs/tt_5080/bin/python3 /home/s110/code/ttpi_iclr/repro/scripts/run_hardmove.py --n-actuator 12 --env-variant standard --training-seed 6 --environment-seed 2026 --permutation-seed 0 --state-sampling-seed 6 --action-order pam_greedy --run-tag formal5080 --n-state 40 --n-action 50 --n-iter 30 --n-iter-v 1 --callback-freq 10 --n-test 100 --device cuda --max-batch-v 10000 --max-batch-a 100000 --nswp-v 5 --nswp-a 10 --rmax-v 100 --rmax-a 100 --kickrank-v 10 --kickrank-a 10 --eps-cross-v 0.001 --eps-cross-a 0.001 --eps-round-v 0.001 --eps-round-a 0.001 --n-samples 50
HM12,6,6,2026,0,6,pam_spectral,/home/s110/code/ttpi_iclr/repro/results/HM12_state40_action50_iter30_orderpam_spectral_seed6_formal5080.json,/home/s110/miniconda3/envs/tt_5080/bin/python3 /home/s110/code/ttpi_iclr/repro/scripts/run_hardmove.py --n-actuator 12 --env-variant standard --training-seed 6 --environment-seed 2026 --permutation-seed 0 --state-sampling-seed 6 --action-order pam_spectral --run-tag formal5080 --n-state 40 --n-action 50 --n-iter 30 --n-iter-v 1 --callback-freq 10 --n-test 100 --device cuda --max-batch-v 10000 --max-batch-a 100000 --nswp-v 5 --nswp-a 10 --rmax-v 100 --rmax-a 100 --kickrank-v 10 --kickrank-a 10 --eps-cross-v 0.001 --eps-cross-a 0.001 --eps-round-v 0.001 --eps-round-a 0.001 --n-samples 50
HM12,6,6,2026,0,6,block_pam,/home/s110/code/ttpi_iclr/repro/results/HM12_state40_action50_iter30_orderblock_pam_seed6_formal5080.json,/home/s110/miniconda3/envs/tt_5080/bin/python3 /home/s110/code/ttpi_iclr/repro/scripts/run_hardmove.py --n-actuator 12 --env-variant standard --training-seed 6 --environment-seed 2026 --permutation-seed 0 --state-sampling-seed 6 --action-order block_pam --run-tag formal5080 --n-state 40 --n-action 50 --n-iter 30 --n-iter-v 1 --callback-freq 10 --n-test 100 --device cuda --max-batch-v 10000 --max-batch-a 100000 --nswp-v 5 --nswp-a 10 --rmax-v 100 --rmax-a 100 --kickrank-v 10 --kickrank-a 10 --eps-cross-v 0.001 --eps-cross-a 0.001 --eps-round-v 0.001 --eps-round-a 0.001 --n-samples 50
HM12,6,6,2026,0,6,free_pam,/home/s110/code/ttpi_iclr/repro/results/HM12_state40_action50_iter30_orderfree_pam_seed6_formal5080.json,/home/s110/miniconda3/envs/tt_5080/bin/python3 /home/s110/code/ttpi_iclr/repro/scripts/run_hardmove.py --n-actuator 12 --env-variant standard --training-seed 6 --environment-seed 2026 --permutation-seed 0 --state-sampling-seed 6 --action-order free_pam --run-tag formal5080 --n-state 40 --n-action 50 --n-iter 30 --n-iter-v 1 --callback-freq 10 --n-test 100 --device cuda --max-batch-v 10000 --max-batch-a 100000 --nswp-v 5 --nswp-a 10 --rmax-v 100 --rmax-a 100 --kickrank-v 10 --kickrank-a 10 --eps-cross-v 0.001 --eps-cross-a 0.001 --eps-round-v 0.001 --eps-round-a 0.001 --n-samples 50
HM12,6,6,2026,0,6,peakcut_pam,/home/s110/code/ttpi_iclr/repro/results/HM12_state40_action50_iter30_orderpeakcut_pam_seed6_formal5080.json,/home/s110/miniconda3/envs/tt_5080/bin/python3 /home/s110/code/ttpi_iclr/repro/scripts/run_hardmove.py --n-actuator 12 --env-variant standard --training-seed 6 --environment-seed 2026 --permutation-seed 0 --state-sampling-seed 6 --action-order peakcut_pam --run-tag formal5080 --n-state 40 --n-action 50 --n-iter 30 --n-iter-v 1 --callback-freq 10 --n-test 100 --device cuda --max-batch-v 10000 --max-batch-a 100000 --nswp-v 5 --nswp-a 10 --rmax-v 100 --rmax-a 100 --kickrank-v 10 --kickrank-a 10 --eps-cross-v 0.001 --eps-cross-a 0.001 --eps-round-v 0.001 --eps-round-a 0.001 --n-samples 50
HM12,6,6,2026,0,6,sensitivity_pam,/home/s110/code/ttpi_iclr/repro/results/HM12_state40_action50_iter30_ordersensitivity_pam_seed6_formal5080.json,/home/s110/miniconda3/envs/tt_5080/bin/python3 /home/s110/code/ttpi_iclr/repro/scripts/run_hardmove.py --n-actuator 12 --env-variant standard --training-seed 6 --environment-seed 2026 --permutation-seed 0 --state-sampling-seed 6 --action-order sensitivity_pam --run-tag formal5080 --n-state 40 --n-action 50 --n-iter 30 --n-iter-v 1 --callback-freq 10 --n-test 100 --device cuda --max-batch-v 10000 --max-batch-a 100000 --nswp-v 5 --nswp-a 10 --rmax-v 100 --rmax-a 100 --kickrank-v 10 --kickrank-a 10 --eps-cross-v 0.001 --eps-cross-a 0.001 --eps-round-v 0.001 --eps-round-a 0.001 --n-samples 50
HM12,6,6,2026,0,6,rankaware_proxy_pam,/home/s110/code/ttpi_iclr/repro/results/HM12_state40_action50_iter30_orderrankaware_proxy_pam_seed6_formal5080.json,/home/s110/miniconda3/envs/tt_5080/bin/python3 /home/s110/code/ttpi_iclr/repro/scripts/run_hardmove.py --n-actuator 12 --env-variant standard --training-seed 6 --environment-seed 2026 --permutation-seed 0 --state-sampling-seed 6 --action-order rankaware_proxy_pam --run-tag formal5080 --n-state 40 --n-action 50 --n-iter 30 --n-iter-v 1 --callback-freq 10 --n-test 100 --device cuda --max-batch-v 10000 --max-batch-a 100000 --nswp-v 5 --nswp-a 10 --rmax-v 100 --rmax-a 100 --kickrank-v 10 --kickrank-a 10 --eps-cross-v 0.001 --eps-cross-a 0.001 --eps-round-v 0.001 --eps-round-a 0.001 --n-samples 50
HM12,6,6,2026,0,6,hybrid_pam,/home/s110/code/ttpi_iclr/repro/results/HM12_state40_action50_iter30_orderhybrid_pam_seed6_formal5080.json,/home/s110/miniconda3/envs/tt_5080/bin/python3 /home/s110/code/ttpi_iclr/repro/scripts/run_hardmove.py --n-actuator 12 --env-variant standard --training-seed 6 --environment-seed 2026 --permutation-seed 0 --state-sampling-seed 6 --action-order hybrid_pam --run-tag formal5080 --n-state 40 --n-action 50 --n-iter 30 --n-iter-v 1 --callback-freq 10 --n-test 100 --device cuda --max-batch-v 10000 --max-batch-a 100000 --nswp-v 5 --nswp-a 10 --rmax-v 100 --rmax-a 100 --kickrank-v 10 --kickrank-a 10 --eps-cross-v 0.001 --eps-cross-a 0.001 --eps-round-v 0.001 --eps-round-a 0.001 --n-samples 50
HM12,7,7,2026,0,7,local,/home/s110/code/ttpi_iclr/repro/results/HM12_state40_action50_iter30_orderlocal_seed7_formal5080.json,/home/s110/miniconda3/envs/tt_5080/bin/python3 /home/s110/code/ttpi_iclr/repro/scripts/run_hardmove.py --n-actuator 12 --env-variant standard --training-seed 7 --environment-seed 2026 --permutation-seed 0 --state-sampling-seed 7 --action-order local --run-tag formal5080 --n-state 40 --n-action 50 --n-iter 30 --n-iter-v 1 --callback-freq 10 --n-test 100 --device cuda --max-batch-v 10000 --max-batch-a 100000 --nswp-v 5 --nswp-a 10 --rmax-v 100 --rmax-a 100 --kickrank-v 10 --kickrank-a 10 --eps-cross-v 0.001 --eps-cross-a 0.001 --eps-round-v 0.001 --eps-round-a 0.001 --n-samples 50
HM12,7,7,2026,0,7,random,/home/s110/code/ttpi_iclr/repro/results/HM12_state40_action50_iter30_orderrandom_seed7_permseed0_formal5080.json,/home/s110/miniconda3/envs/tt_5080/bin/python3 /home/s110/code/ttpi_iclr/repro/scripts/run_hardmove.py --n-actuator 12 --env-variant standard --training-seed 7 --environment-seed 2026 --permutation-seed 0 --include-permutation-seed-in-run-id --state-sampling-seed 7 --action-order random --run-tag formal5080 --n-state 40 --n-action 50 --n-iter 30 --n-iter-v 1 --callback-freq 10 --n-test 100 --device cuda --max-batch-v 10000 --max-batch-a 100000 --nswp-v 5 --nswp-a 10 --rmax-v 100 --rmax-a 100 --kickrank-v 10 --kickrank-a 10 --eps-cross-v 0.001 --eps-cross-a 0.001 --eps-round-v 0.001 --eps-round-a 0.001 --n-samples 50
HM12,7,7,2026,1,7,random,/home/s110/code/ttpi_iclr/repro/results/HM12_state40_action50_iter30_orderrandom_seed7_permseed1_formal5080.json,/home/s110/miniconda3/envs/tt_5080/bin/python3 /home/s110/code/ttpi_iclr/repro/scripts/run_hardmove.py --n-actuator 12 --env-variant standard --training-seed 7 --environment-seed 2026 --permutation-seed 1 --include-permutation-seed-in-run-id --state-sampling-seed 7 --action-order random --run-tag formal5080 --n-state 40 --n-action 50 --n-iter 30 --n-iter-v 1 --callback-freq 10 --n-test 100 --device cuda --max-batch-v 10000 --max-batch-a 100000 --nswp-v 5 --nswp-a 10 --rmax-v 100 --rmax-a 100 --kickrank-v 10 --kickrank-a 10 --eps-cross-v 0.001 --eps-cross-a 0.001 --eps-round-v 0.001 --eps-round-a 0.001 --n-samples 50
HM12,7,7,2026,2,7,random,/home/s110/code/ttpi_iclr/repro/results/HM12_state40_action50_iter30_orderrandom_seed7_permseed2_formal5080.json,/home/s110/miniconda3/envs/tt_5080/bin/python3 /home/s110/code/ttpi_iclr/repro/scripts/run_hardmove.py --n-actuator 12 --env-variant standard --training-seed 7 --environment-seed 2026 --permutation-seed 2 --include-permutation-seed-in-run-id --state-sampling-seed 7 --action-order random --run-tag formal5080 --n-state 40 --n-action 50 --n-iter 30 --n-iter-v 1 --callback-freq 10 --n-test 100 --device cuda --max-batch-v 10000 --max-batch-a 100000 --nswp-v 5 --nswp-a 10 --rmax-v 100 --rmax-a 100 --kickrank-v 10 --kickrank-a 10 --eps-cross-v 0.001 --eps-cross-a 0.001 --eps-round-v 0.001 --eps-round-a 0.001 --n-samples 50
HM12,7,7,2026,0,7,badsplit,/home/s110/code/ttpi_iclr/repro/results/HM12_state40_action50_iter30_orderbadsplit_seed7_formal5080.json,/home/s110/miniconda3/envs/tt_5080/bin/python3 /home/s110/code/ttpi_iclr/repro/scripts/run_hardmove.py --n-actuator 12 --env-variant standard --training-seed 7 --environment-seed 2026 --permutation-seed 0 --state-sampling-seed 7 --action-order badsplit --run-tag formal5080 --n-state 40 --n-action 50 --n-iter 30 --n-iter-v 1 --callback-freq 10 --n-test 100 --device cuda --max-batch-v 10000 --max-batch-a 100000 --nswp-v 5 --nswp-a 10 --rmax-v 100 --rmax-a 100 --kickrank-v 10 --kickrank-a 10 --eps-cross-v 0.001 --eps-cross-a 0.001 --eps-round-v 0.001 --eps-round-a 0.001 --n-samples 50
HM12,7,7,2026,0,7,reverse_blocks,/home/s110/code/ttpi_iclr/repro/results/HM12_state40_action50_iter30_orderreverse_blocks_seed7_formal5080.json,/home/s110/miniconda3/envs/tt_5080/bin/python3 /home/s110/code/ttpi_iclr/repro/scripts/run_hardmove.py --n-actuator 12 --env-variant standard --training-seed 7 --environment-seed 2026 --permutation-seed 0 --state-sampling-seed 7 --action-order reverse_blocks --run-tag formal5080 --n-state 40 --n-action 50 --n-iter 30 --n-iter-v 1 --callback-freq 10 --n-test 100 --device cuda --max-batch-v 10000 --max-batch-a 100000 --nswp-v 5 --nswp-a 10 --rmax-v 100 --rmax-a 100 --kickrank-v 10 --kickrank-a 10 --eps-cross-v 0.001 --eps-cross-a 0.001 --eps-round-v 0.001 --eps-round-a 0.001 --n-samples 50
HM12,7,7,2026,0,7,flip_within_block,/home/s110/code/ttpi_iclr/repro/results/HM12_state40_action50_iter30_orderflip_within_block_seed7_formal5080.json,/home/s110/miniconda3/envs/tt_5080/bin/python3 /home/s110/code/ttpi_iclr/repro/scripts/run_hardmove.py --n-actuator 12 --env-variant standard --training-seed 7 --environment-seed 2026 --permutation-seed 0 --state-sampling-seed 7 --action-order flip_within_block --run-tag formal5080 --n-state 40 --n-action 50 --n-iter 30 --n-iter-v 1 --callback-freq 10 --n-test 100 --device cuda --max-batch-v 10000 --max-batch-a 100000 --nswp-v 5 --nswp-a 10 --rmax-v 100 --rmax-a 100 --kickrank-v 10 --kickrank-a 10 --eps-cross-v 0.001 --eps-cross-a 0.001 --eps-round-v 0.001 --eps-round-a 0.001 --n-samples 50
HM12,7,7,2026,0,7,pam_greedy,/home/s110/code/ttpi_iclr/repro/results/HM12_state40_action50_iter30_orderpam_greedy_seed7_formal5080.json,/home/s110/miniconda3/envs/tt_5080/bin/python3 /home/s110/code/ttpi_iclr/repro/scripts/run_hardmove.py --n-actuator 12 --env-variant standard --training-seed 7 --environment-seed 2026 --permutation-seed 0 --state-sampling-seed 7 --action-order pam_greedy --run-tag formal5080 --n-state 40 --n-action 50 --n-iter 30 --n-iter-v 1 --callback-freq 10 --n-test 100 --device cuda --max-batch-v 10000 --max-batch-a 100000 --nswp-v 5 --nswp-a 10 --rmax-v 100 --rmax-a 100 --kickrank-v 10 --kickrank-a 10 --eps-cross-v 0.001 --eps-cross-a 0.001 --eps-round-v 0.001 --eps-round-a 0.001 --n-samples 50
HM12,7,7,2026,0,7,pam_spectral,/home/s110/code/ttpi_iclr/repro/results/HM12_state40_action50_iter30_orderpam_spectral_seed7_formal5080.json,/home/s110/miniconda3/envs/tt_5080/bin/python3 /home/s110/code/ttpi_iclr/repro/scripts/run_hardmove.py --n-actuator 12 --env-variant standard --training-seed 7 --environment-seed 2026 --permutation-seed 0 --state-sampling-seed 7 --action-order pam_spectral --run-tag formal5080 --n-state 40 --n-action 50 --n-iter 30 --n-iter-v 1 --callback-freq 10 --n-test 100 --device cuda --max-batch-v 10000 --max-batch-a 100000 --nswp-v 5 --nswp-a 10 --rmax-v 100 --rmax-a 100 --kickrank-v 10 --kickrank-a 10 --eps-cross-v 0.001 --eps-cross-a 0.001 --eps-round-v 0.001 --eps-round-a 0.001 --n-samples 50
HM12,7,7,2026,0,7,block_pam,/home/s110/code/ttpi_iclr/repro/results/HM12_state40_action50_iter30_orderblock_pam_seed7_formal5080.json,/home/s110/miniconda3/envs/tt_5080/bin/python3 /home/s110/code/ttpi_iclr/repro/scripts/run_hardmove.py --n-actuator 12 --env-variant standard --training-seed 7 --environment-seed 2026 --permutation-seed 0 --state-sampling-seed 7 --action-order block_pam --run-tag formal5080 --n-state 40 --n-action 50 --n-iter 30 --n-iter-v 1 --callback-freq 10 --n-test 100 --device cuda --max-batch-v 10000 --max-batch-a 100000 --nswp-v 5 --nswp-a 10 --rmax-v 100 --rmax-a 100 --kickrank-v 10 --kickrank-a 10 --eps-cross-v 0.001 --eps-cross-a 0.001 --eps-round-v 0.001 --eps-round-a 0.001 --n-samples 50
HM12,7,7,2026,0,7,free_pam,/home/s110/code/ttpi_iclr/repro/results/HM12_state40_action50_iter30_orderfree_pam_seed7_formal5080.json,/home/s110/miniconda3/envs/tt_5080/bin/python3 /home/s110/code/ttpi_iclr/repro/scripts/run_hardmove.py --n-actuator 12 --env-variant standard --training-seed 7 --environment-seed 2026 --permutation-seed 0 --state-sampling-seed 7 --action-order free_pam --run-tag formal5080 --n-state 40 --n-action 50 --n-iter 30 --n-iter-v 1 --callback-freq 10 --n-test 100 --device cuda --max-batch-v 10000 --max-batch-a 100000 --nswp-v 5 --nswp-a 10 --rmax-v 100 --rmax-a 100 --kickrank-v 10 --kickrank-a 10 --eps-cross-v 0.001 --eps-cross-a 0.001 --eps-round-v 0.001 --eps-round-a 0.001 --n-samples 50
HM12,7,7,2026,0,7,peakcut_pam,/home/s110/code/ttpi_iclr/repro/results/HM12_state40_action50_iter30_orderpeakcut_pam_seed7_formal5080.json,/home/s110/miniconda3/envs/tt_5080/bin/python3 /home/s110/code/ttpi_iclr/repro/scripts/run_hardmove.py --n-actuator 12 --env-variant standard --training-seed 7 --environment-seed 2026 --permutation-seed 0 --state-sampling-seed 7 --action-order peakcut_pam --run-tag formal5080 --n-state 40 --n-action 50 --n-iter 30 --n-iter-v 1 --callback-freq 10 --n-test 100 --device cuda --max-batch-v 10000 --max-batch-a 100000 --nswp-v 5 --nswp-a 10 --rmax-v 100 --rmax-a 100 --kickrank-v 10 --kickrank-a 10 --eps-cross-v 0.001 --eps-cross-a 0.001 --eps-round-v 0.001 --eps-round-a 0.001 --n-samples 50
HM12,7,7,2026,0,7,sensitivity_pam,/home/s110/code/ttpi_iclr/repro/results/HM12_state40_action50_iter30_ordersensitivity_pam_seed7_formal5080.json,/home/s110/miniconda3/envs/tt_5080/bin/python3 /home/s110/code/ttpi_iclr/repro/scripts/run_hardmove.py --n-actuator 12 --env-variant standard --training-seed 7 --environment-seed 2026 --permutation-seed 0 --state-sampling-seed 7 --action-order sensitivity_pam --run-tag formal5080 --n-state 40 --n-action 50 --n-iter 30 --n-iter-v 1 --callback-freq 10 --n-test 100 --device cuda --max-batch-v 10000 --max-batch-a 100000 --nswp-v 5 --nswp-a 10 --rmax-v 100 --rmax-a 100 --kickrank-v 10 --kickrank-a 10 --eps-cross-v 0.001 --eps-cross-a 0.001 --eps-round-v 0.001 --eps-round-a 0.001 --n-samples 50
HM12,7,7,2026,0,7,rankaware_proxy_pam,/home/s110/code/ttpi_iclr/repro/results/HM12_state40_action50_iter30_orderrankaware_proxy_pam_seed7_formal5080.json,/home/s110/miniconda3/envs/tt_5080/bin/python3 /home/s110/code/ttpi_iclr/repro/scripts/run_hardmove.py --n-actuator 12 --env-variant standard --training-seed 7 --environment-seed 2026 --permutation-seed 0 --state-sampling-seed 7 --action-order rankaware_proxy_pam --run-tag formal5080 --n-state 40 --n-action 50 --n-iter 30 --n-iter-v 1 --callback-freq 10 --n-test 100 --device cuda --max-batch-v 10000 --max-batch-a 100000 --nswp-v 5 --nswp-a 10 --rmax-v 100 --rmax-a 100 --kickrank-v 10 --kickrank-a 10 --eps-cross-v 0.001 --eps-cross-a 0.001 --eps-round-v 0.001 --eps-round-a 0.001 --n-samples 50
HM12,7,7,2026,0,7,hybrid_pam,/home/s110/code/ttpi_iclr/repro/results/HM12_state40_action50_iter30_orderhybrid_pam_seed7_formal5080.json,/home/s110/miniconda3/envs/tt_5080/bin/python3 /home/s110/code/ttpi_iclr/repro/scripts/run_hardmove.py --n-actuator 12 --env-variant standard --training-seed 7 --environment-seed 2026 --permutation-seed 0 --state-sampling-seed 7 --action-order hybrid_pam --run-tag formal5080 --n-state 40 --n-action 50 --n-iter 30 --n-iter-v 1 --callback-freq 10 --n-test 100 --device cuda --max-batch-v 10000 --max-batch-a 100000 --nswp-v 5 --nswp-a 10 --rmax-v 100 --rmax-a 100 --kickrank-v 10 --kickrank-a 10 --eps-cross-v 0.001 --eps-cross-a 0.001 --eps-round-v 0.001 --eps-round-a 0.001 --n-samples 50
HM12,8,8,2026,0,8,local,/home/s110/code/ttpi_iclr/repro/results/HM12_state40_action50_iter30_orderlocal_seed8_formal5080.json,/home/s110/miniconda3/envs/tt_5080/bin/python3 /home/s110/code/ttpi_iclr/repro/scripts/run_hardmove.py --n-actuator 12 --env-variant standard --training-seed 8 --environment-seed 2026 --permutation-seed 0 --state-sampling-seed 8 --action-order local --run-tag formal5080 --n-state 40 --n-action 50 --n-iter 30 --n-iter-v 1 --callback-freq 10 --n-test 100 --device cuda --max-batch-v 10000 --max-batch-a 100000 --nswp-v 5 --nswp-a 10 --rmax-v 100 --rmax-a 100 --kickrank-v 10 --kickrank-a 10 --eps-cross-v 0.001 --eps-cross-a 0.001 --eps-round-v 0.001 --eps-round-a 0.001 --n-samples 50
HM12,8,8,2026,0,8,random,/home/s110/code/ttpi_iclr/repro/results/HM12_state40_action50_iter30_orderrandom_seed8_permseed0_formal5080.json,/home/s110/miniconda3/envs/tt_5080/bin/python3 /home/s110/code/ttpi_iclr/repro/scripts/run_hardmove.py --n-actuator 12 --env-variant standard --training-seed 8 --environment-seed 2026 --permutation-seed 0 --include-permutation-seed-in-run-id --state-sampling-seed 8 --action-order random --run-tag formal5080 --n-state 40 --n-action 50 --n-iter 30 --n-iter-v 1 --callback-freq 10 --n-test 100 --device cuda --max-batch-v 10000 --max-batch-a 100000 --nswp-v 5 --nswp-a 10 --rmax-v 100 --rmax-a 100 --kickrank-v 10 --kickrank-a 10 --eps-cross-v 0.001 --eps-cross-a 0.001 --eps-round-v 0.001 --eps-round-a 0.001 --n-samples 50
HM12,8,8,2026,1,8,random,/home/s110/code/ttpi_iclr/repro/results/HM12_state40_action50_iter30_orderrandom_seed8_permseed1_formal5080.json,/home/s110/miniconda3/envs/tt_5080/bin/python3 /home/s110/code/ttpi_iclr/repro/scripts/run_hardmove.py --n-actuator 12 --env-variant standard --training-seed 8 --environment-seed 2026 --permutation-seed 1 --include-permutation-seed-in-run-id --state-sampling-seed 8 --action-order random --run-tag formal5080 --n-state 40 --n-action 50 --n-iter 30 --n-iter-v 1 --callback-freq 10 --n-test 100 --device cuda --max-batch-v 10000 --max-batch-a 100000 --nswp-v 5 --nswp-a 10 --rmax-v 100 --rmax-a 100 --kickrank-v 10 --kickrank-a 10 --eps-cross-v 0.001 --eps-cross-a 0.001 --eps-round-v 0.001 --eps-round-a 0.001 --n-samples 50
HM12,8,8,2026,2,8,random,/home/s110/code/ttpi_iclr/repro/results/HM12_state40_action50_iter30_orderrandom_seed8_permseed2_formal5080.json,/home/s110/miniconda3/envs/tt_5080/bin/python3 /home/s110/code/ttpi_iclr/repro/scripts/run_hardmove.py --n-actuator 12 --env-variant standard --training-seed 8 --environment-seed 2026 --permutation-seed 2 --include-permutation-seed-in-run-id --state-sampling-seed 8 --action-order random --run-tag formal5080 --n-state 40 --n-action 50 --n-iter 30 --n-iter-v 1 --callback-freq 10 --n-test 100 --device cuda --max-batch-v 10000 --max-batch-a 100000 --nswp-v 5 --nswp-a 10 --rmax-v 100 --rmax-a 100 --kickrank-v 10 --kickrank-a 10 --eps-cross-v 0.001 --eps-cross-a 0.001 --eps-round-v 0.001 --eps-round-a 0.001 --n-samples 50
HM12,8,8,2026,0,8,badsplit,/home/s110/code/ttpi_iclr/repro/results/HM12_state40_action50_iter30_orderbadsplit_seed8_formal5080.json,/home/s110/miniconda3/envs/tt_5080/bin/python3 /home/s110/code/ttpi_iclr/repro/scripts/run_hardmove.py --n-actuator 12 --env-variant standard --training-seed 8 --environment-seed 2026 --permutation-seed 0 --state-sampling-seed 8 --action-order badsplit --run-tag formal5080 --n-state 40 --n-action 50 --n-iter 30 --n-iter-v 1 --callback-freq 10 --n-test 100 --device cuda --max-batch-v 10000 --max-batch-a 100000 --nswp-v 5 --nswp-a 10 --rmax-v 100 --rmax-a 100 --kickrank-v 10 --kickrank-a 10 --eps-cross-v 0.001 --eps-cross-a 0.001 --eps-round-v 0.001 --eps-round-a 0.001 --n-samples 50
HM12,8,8,2026,0,8,reverse_blocks,/home/s110/code/ttpi_iclr/repro/results/HM12_state40_action50_iter30_orderreverse_blocks_seed8_formal5080.json,/home/s110/miniconda3/envs/tt_5080/bin/python3 /home/s110/code/ttpi_iclr/repro/scripts/run_hardmove.py --n-actuator 12 --env-variant standard --training-seed 8 --environment-seed 2026 --permutation-seed 0 --state-sampling-seed 8 --action-order reverse_blocks --run-tag formal5080 --n-state 40 --n-action 50 --n-iter 30 --n-iter-v 1 --callback-freq 10 --n-test 100 --device cuda --max-batch-v 10000 --max-batch-a 100000 --nswp-v 5 --nswp-a 10 --rmax-v 100 --rmax-a 100 --kickrank-v 10 --kickrank-a 10 --eps-cross-v 0.001 --eps-cross-a 0.001 --eps-round-v 0.001 --eps-round-a 0.001 --n-samples 50
HM12,8,8,2026,0,8,flip_within_block,/home/s110/code/ttpi_iclr/repro/results/HM12_state40_action50_iter30_orderflip_within_block_seed8_formal5080.json,/home/s110/miniconda3/envs/tt_5080/bin/python3 /home/s110/code/ttpi_iclr/repro/scripts/run_hardmove.py --n-actuator 12 --env-variant standard --training-seed 8 --environment-seed 2026 --permutation-seed 0 --state-sampling-seed 8 --action-order flip_within_block --run-tag formal5080 --n-state 40 --n-action 50 --n-iter 30 --n-iter-v 1 --callback-freq 10 --n-test 100 --device cuda --max-batch-v 10000 --max-batch-a 100000 --nswp-v 5 --nswp-a 10 --rmax-v 100 --rmax-a 100 --kickrank-v 10 --kickrank-a 10 --eps-cross-v 0.001 --eps-cross-a 0.001 --eps-round-v 0.001 --eps-round-a 0.001 --n-samples 50
HM12,8,8,2026,0,8,pam_greedy,/home/s110/code/ttpi_iclr/repro/results/HM12_state40_action50_iter30_orderpam_greedy_seed8_formal5080.json,/home/s110/miniconda3/envs/tt_5080/bin/python3 /home/s110/code/ttpi_iclr/repro/scripts/run_hardmove.py --n-actuator 12 --env-variant standard --training-seed 8 --environment-seed 2026 --permutation-seed 0 --state-sampling-seed 8 --action-order pam_greedy --run-tag formal5080 --n-state 40 --n-action 50 --n-iter 30 --n-iter-v 1 --callback-freq 10 --n-test 100 --device cuda --max-batch-v 10000 --max-batch-a 100000 --nswp-v 5 --nswp-a 10 --rmax-v 100 --rmax-a 100 --kickrank-v 10 --kickrank-a 10 --eps-cross-v 0.001 --eps-cross-a 0.001 --eps-round-v 0.001 --eps-round-a 0.001 --n-samples 50
HM12,8,8,2026,0,8,pam_spectral,/home/s110/code/ttpi_iclr/repro/results/HM12_state40_action50_iter30_orderpam_spectral_seed8_formal5080.json,/home/s110/miniconda3/envs/tt_5080/bin/python3 /home/s110/code/ttpi_iclr/repro/scripts/run_hardmove.py --n-actuator 12 --env-variant standard --training-seed 8 --environment-seed 2026 --permutation-seed 0 --state-sampling-seed 8 --action-order pam_spectral --run-tag formal5080 --n-state 40 --n-action 50 --n-iter 30 --n-iter-v 1 --callback-freq 10 --n-test 100 --device cuda --max-batch-v 10000 --max-batch-a 100000 --nswp-v 5 --nswp-a 10 --rmax-v 100 --rmax-a 100 --kickrank-v 10 --kickrank-a 10 --eps-cross-v 0.001 --eps-cross-a 0.001 --eps-round-v 0.001 --eps-round-a 0.001 --n-samples 50
HM12,8,8,2026,0,8,block_pam,/home/s110/code/ttpi_iclr/repro/results/HM12_state40_action50_iter30_orderblock_pam_seed8_formal5080.json,/home/s110/miniconda3/envs/tt_5080/bin/python3 /home/s110/code/ttpi_iclr/repro/scripts/run_hardmove.py --n-actuator 12 --env-variant standard --training-seed 8 --environment-seed 2026 --permutation-seed 0 --state-sampling-seed 8 --action-order block_pam --run-tag formal5080 --n-state 40 --n-action 50 --n-iter 30 --n-iter-v 1 --callback-freq 10 --n-test 100 --device cuda --max-batch-v 10000 --max-batch-a 100000 --nswp-v 5 --nswp-a 10 --rmax-v 100 --rmax-a 100 --kickrank-v 10 --kickrank-a 10 --eps-cross-v 0.001 --eps-cross-a 0.001 --eps-round-v 0.001 --eps-round-a 0.001 --n-samples 50
HM12,8,8,2026,0,8,free_pam,/home/s110/code/ttpi_iclr/repro/results/HM12_state40_action50_iter30_orderfree_pam_seed8_formal5080.json,/home/s110/miniconda3/envs/tt_5080/bin/python3 /home/s110/code/ttpi_iclr/repro/scripts/run_hardmove.py --n-actuator 12 --env-variant standard --training-seed 8 --environment-seed 2026 --permutation-seed 0 --state-sampling-seed 8 --action-order free_pam --run-tag formal5080 --n-state 40 --n-action 50 --n-iter 30 --n-iter-v 1 --callback-freq 10 --n-test 100 --device cuda --max-batch-v 10000 --max-batch-a 100000 --nswp-v 5 --nswp-a 10 --rmax-v 100 --rmax-a 100 --kickrank-v 10 --kickrank-a 10 --eps-cross-v 0.001 --eps-cross-a 0.001 --eps-round-v 0.001 --eps-round-a 0.001 --n-samples 50
HM12,8,8,2026,0,8,peakcut_pam,/home/s110/code/ttpi_iclr/repro/results/HM12_state40_action50_iter30_orderpeakcut_pam_seed8_formal5080.json,/home/s110/miniconda3/envs/tt_5080/bin/python3 /home/s110/code/ttpi_iclr/repro/scripts/run_hardmove.py --n-actuator 12 --env-variant standard --training-seed 8 --environment-seed 2026 --permutation-seed 0 --state-sampling-seed 8 --action-order peakcut_pam --run-tag formal5080 --n-state 40 --n-action 50 --n-iter 30 --n-iter-v 1 --callback-freq 10 --n-test 100 --device cuda --max-batch-v 10000 --max-batch-a 100000 --nswp-v 5 --nswp-a 10 --rmax-v 100 --rmax-a 100 --kickrank-v 10 --kickrank-a 10 --eps-cross-v 0.001 --eps-cross-a 0.001 --eps-round-v 0.001 --eps-round-a 0.001 --n-samples 50
HM12,8,8,2026,0,8,sensitivity_pam,/home/s110/code/ttpi_iclr/repro/results/HM12_state40_action50_iter30_ordersensitivity_pam_seed8_formal5080.json,/home/s110/miniconda3/envs/tt_5080/bin/python3 /home/s110/code/ttpi_iclr/repro/scripts/run_hardmove.py --n-actuator 12 --env-variant standard --training-seed 8 --environment-seed 2026 --permutation-seed 0 --state-sampling-seed 8 --action-order sensitivity_pam --run-tag formal5080 --n-state 40 --n-action 50 --n-iter 30 --n-iter-v 1 --callback-freq 10 --n-test 100 --device cuda --max-batch-v 10000 --max-batch-a 100000 --nswp-v 5 --nswp-a 10 --rmax-v 100 --rmax-a 100 --kickrank-v 10 --kickrank-a 10 --eps-cross-v 0.001 --eps-cross-a 0.001 --eps-round-v 0.001 --eps-round-a 0.001 --n-samples 50
HM12,8,8,2026,0,8,rankaware_proxy_pam,/home/s110/code/ttpi_iclr/repro/results/HM12_state40_action50_iter30_orderrankaware_proxy_pam_seed8_formal5080.json,/home/s110/miniconda3/envs/tt_5080/bin/python3 /home/s110/code/ttpi_iclr/repro/scripts/run_hardmove.py --n-actuator 12 --env-variant standard --training-seed 8 --environment-seed 2026 --permutation-seed 0 --state-sampling-seed 8 --action-order rankaware_proxy_pam --run-tag formal5080 --n-state 40 --n-action 50 --n-iter 30 --n-iter-v 1 --callback-freq 10 --n-test 100 --device cuda --max-batch-v 10000 --max-batch-a 100000 --nswp-v 5 --nswp-a 10 --rmax-v 100 --rmax-a 100 --kickrank-v 10 --kickrank-a 10 --eps-cross-v 0.001 --eps-cross-a 0.001 --eps-round-v 0.001 --eps-round-a 0.001 --n-samples 50
HM12,8,8,2026,0,8,hybrid_pam,/home/s110/code/ttpi_iclr/repro/results/HM12_state40_action50_iter30_orderhybrid_pam_seed8_formal5080.json,/home/s110/miniconda3/envs/tt_5080/bin/python3 /home/s110/code/ttpi_iclr/repro/scripts/run_hardmove.py --n-actuator 12 --env-variant standard --training-seed 8 --environment-seed 2026 --permutation-seed 0 --state-sampling-seed 8 --action-order hybrid_pam --run-tag formal5080 --n-state 40 --n-action 50 --n-iter 30 --n-iter-v 1 --callback-freq 10 --n-test 100 --device cuda --max-batch-v 10000 --max-batch-a 100000 --nswp-v 5 --nswp-a 10 --rmax-v 100 --rmax-a 100 --kickrank-v 10 --kickrank-a 10 --eps-cross-v 0.001 --eps-cross-a 0.001 --eps-round-v 0.001 --eps-round-a 0.001 --n-samples 50
HM12,9,9,2026,0,9,local,/home/s110/code/ttpi_iclr/repro/results/HM12_state40_action50_iter30_orderlocal_seed9_formal5080.json,/home/s110/miniconda3/envs/tt_5080/bin/python3 /home/s110/code/ttpi_iclr/repro/scripts/run_hardmove.py --n-actuator 12 --env-variant standard --training-seed 9 --environment-seed 2026 --permutation-seed 0 --state-sampling-seed 9 --action-order local --run-tag formal5080 --n-state 40 --n-action 50 --n-iter 30 --n-iter-v 1 --callback-freq 10 --n-test 100 --device cuda --max-batch-v 10000 --max-batch-a 100000 --nswp-v 5 --nswp-a 10 --rmax-v 100 --rmax-a 100 --kickrank-v 10 --kickrank-a 10 --eps-cross-v 0.001 --eps-cross-a 0.001 --eps-round-v 0.001 --eps-round-a 0.001 --n-samples 50
HM12,9,9,2026,0,9,random,/home/s110/code/ttpi_iclr/repro/results/HM12_state40_action50_iter30_orderrandom_seed9_permseed0_formal5080.json,/home/s110/miniconda3/envs/tt_5080/bin/python3 /home/s110/code/ttpi_iclr/repro/scripts/run_hardmove.py --n-actuator 12 --env-variant standard --training-seed 9 --environment-seed 2026 --permutation-seed 0 --include-permutation-seed-in-run-id --state-sampling-seed 9 --action-order random --run-tag formal5080 --n-state 40 --n-action 50 --n-iter 30 --n-iter-v 1 --callback-freq 10 --n-test 100 --device cuda --max-batch-v 10000 --max-batch-a 100000 --nswp-v 5 --nswp-a 10 --rmax-v 100 --rmax-a 100 --kickrank-v 10 --kickrank-a 10 --eps-cross-v 0.001 --eps-cross-a 0.001 --eps-round-v 0.001 --eps-round-a 0.001 --n-samples 50
HM12,9,9,2026,1,9,random,/home/s110/code/ttpi_iclr/repro/results/HM12_state40_action50_iter30_orderrandom_seed9_permseed1_formal5080.json,/home/s110/miniconda3/envs/tt_5080/bin/python3 /home/s110/code/ttpi_iclr/repro/scripts/run_hardmove.py --n-actuator 12 --env-variant standard --training-seed 9 --environment-seed 2026 --permutation-seed 1 --include-permutation-seed-in-run-id --state-sampling-seed 9 --action-order random --run-tag formal5080 --n-state 40 --n-action 50 --n-iter 30 --n-iter-v 1 --callback-freq 10 --n-test 100 --device cuda --max-batch-v 10000 --max-batch-a 100000 --nswp-v 5 --nswp-a 10 --rmax-v 100 --rmax-a 100 --kickrank-v 10 --kickrank-a 10 --eps-cross-v 0.001 --eps-cross-a 0.001 --eps-round-v 0.001 --eps-round-a 0.001 --n-samples 50
HM12,9,9,2026,2,9,random,/home/s110/code/ttpi_iclr/repro/results/HM12_state40_action50_iter30_orderrandom_seed9_permseed2_formal5080.json,/home/s110/miniconda3/envs/tt_5080/bin/python3 /home/s110/code/ttpi_iclr/repro/scripts/run_hardmove.py --n-actuator 12 --env-variant standard --training-seed 9 --environment-seed 2026 --permutation-seed 2 --include-permutation-seed-in-run-id --state-sampling-seed 9 --action-order random --run-tag formal5080 --n-state 40 --n-action 50 --n-iter 30 --n-iter-v 1 --callback-freq 10 --n-test 100 --device cuda --max-batch-v 10000 --max-batch-a 100000 --nswp-v 5 --nswp-a 10 --rmax-v 100 --rmax-a 100 --kickrank-v 10 --kickrank-a 10 --eps-cross-v 0.001 --eps-cross-a 0.001 --eps-round-v 0.001 --eps-round-a 0.001 --n-samples 50
HM12,9,9,2026,0,9,badsplit,/home/s110/code/ttpi_iclr/repro/results/HM12_state40_action50_iter30_orderbadsplit_seed9_formal5080.json,/home/s110/miniconda3/envs/tt_5080/bin/python3 /home/s110/code/ttpi_iclr/repro/scripts/run_hardmove.py --n-actuator 12 --env-variant standard --training-seed 9 --environment-seed 2026 --permutation-seed 0 --state-sampling-seed 9 --action-order badsplit --run-tag formal5080 --n-state 40 --n-action 50 --n-iter 30 --n-iter-v 1 --callback-freq 10 --n-test 100 --device cuda --max-batch-v 10000 --max-batch-a 100000 --nswp-v 5 --nswp-a 10 --rmax-v 100 --rmax-a 100 --kickrank-v 10 --kickrank-a 10 --eps-cross-v 0.001 --eps-cross-a 0.001 --eps-round-v 0.001 --eps-round-a 0.001 --n-samples 50
HM12,9,9,2026,0,9,reverse_blocks,/home/s110/code/ttpi_iclr/repro/results/HM12_state40_action50_iter30_orderreverse_blocks_seed9_formal5080.json,/home/s110/miniconda3/envs/tt_5080/bin/python3 /home/s110/code/ttpi_iclr/repro/scripts/run_hardmove.py --n-actuator 12 --env-variant standard --training-seed 9 --environment-seed 2026 --permutation-seed 0 --state-sampling-seed 9 --action-order reverse_blocks --run-tag formal5080 --n-state 40 --n-action 50 --n-iter 30 --n-iter-v 1 --callback-freq 10 --n-test 100 --device cuda --max-batch-v 10000 --max-batch-a 100000 --nswp-v 5 --nswp-a 10 --rmax-v 100 --rmax-a 100 --kickrank-v 10 --kickrank-a 10 --eps-cross-v 0.001 --eps-cross-a 0.001 --eps-round-v 0.001 --eps-round-a 0.001 --n-samples 50
HM12,9,9,2026,0,9,flip_within_block,/home/s110/code/ttpi_iclr/repro/results/HM12_state40_action50_iter30_orderflip_within_block_seed9_formal5080.json,/home/s110/miniconda3/envs/tt_5080/bin/python3 /home/s110/code/ttpi_iclr/repro/scripts/run_hardmove.py --n-actuator 12 --env-variant standard --training-seed 9 --environment-seed 2026 --permutation-seed 0 --state-sampling-seed 9 --action-order flip_within_block --run-tag formal5080 --n-state 40 --n-action 50 --n-iter 30 --n-iter-v 1 --callback-freq 10 --n-test 100 --device cuda --max-batch-v 10000 --max-batch-a 100000 --nswp-v 5 --nswp-a 10 --rmax-v 100 --rmax-a 100 --kickrank-v 10 --kickrank-a 10 --eps-cross-v 0.001 --eps-cross-a 0.001 --eps-round-v 0.001 --eps-round-a 0.001 --n-samples 50
HM12,9,9,2026,0,9,pam_greedy,/home/s110/code/ttpi_iclr/repro/results/HM12_state40_action50_iter30_orderpam_greedy_seed9_formal5080.json,/home/s110/miniconda3/envs/tt_5080/bin/python3 /home/s110/code/ttpi_iclr/repro/scripts/run_hardmove.py --n-actuator 12 --env-variant standard --training-seed 9 --environment-seed 2026 --permutation-seed 0 --state-sampling-seed 9 --action-order pam_greedy --run-tag formal5080 --n-state 40 --n-action 50 --n-iter 30 --n-iter-v 1 --callback-freq 10 --n-test 100 --device cuda --max-batch-v 10000 --max-batch-a 100000 --nswp-v 5 --nswp-a 10 --rmax-v 100 --rmax-a 100 --kickrank-v 10 --kickrank-a 10 --eps-cross-v 0.001 --eps-cross-a 0.001 --eps-round-v 0.001 --eps-round-a 0.001 --n-samples 50
HM12,9,9,2026,0,9,pam_spectral,/home/s110/code/ttpi_iclr/repro/results/HM12_state40_action50_iter30_orderpam_spectral_seed9_formal5080.json,/home/s110/miniconda3/envs/tt_5080/bin/python3 /home/s110/code/ttpi_iclr/repro/scripts/run_hardmove.py --n-actuator 12 --env-variant standard --training-seed 9 --environment-seed 2026 --permutation-seed 0 --state-sampling-seed 9 --action-order pam_spectral --run-tag formal5080 --n-state 40 --n-action 50 --n-iter 30 --n-iter-v 1 --callback-freq 10 --n-test 100 --device cuda --max-batch-v 10000 --max-batch-a 100000 --nswp-v 5 --nswp-a 10 --rmax-v 100 --rmax-a 100 --kickrank-v 10 --kickrank-a 10 --eps-cross-v 0.001 --eps-cross-a 0.001 --eps-round-v 0.001 --eps-round-a 0.001 --n-samples 50
HM12,9,9,2026,0,9,block_pam,/home/s110/code/ttpi_iclr/repro/results/HM12_state40_action50_iter30_orderblock_pam_seed9_formal5080.json,/home/s110/miniconda3/envs/tt_5080/bin/python3 /home/s110/code/ttpi_iclr/repro/scripts/run_hardmove.py --n-actuator 12 --env-variant standard --training-seed 9 --environment-seed 2026 --permutation-seed 0 --state-sampling-seed 9 --action-order block_pam --run-tag formal5080 --n-state 40 --n-action 50 --n-iter 30 --n-iter-v 1 --callback-freq 10 --n-test 100 --device cuda --max-batch-v 10000 --max-batch-a 100000 --nswp-v 5 --nswp-a 10 --rmax-v 100 --rmax-a 100 --kickrank-v 10 --kickrank-a 10 --eps-cross-v 0.001 --eps-cross-a 0.001 --eps-round-v 0.001 --eps-round-a 0.001 --n-samples 50
HM12,9,9,2026,0,9,free_pam,/home/s110/code/ttpi_iclr/repro/results/HM12_state40_action50_iter30_orderfree_pam_seed9_formal5080.json,/home/s110/miniconda3/envs/tt_5080/bin/python3 /home/s110/code/ttpi_iclr/repro/scripts/run_hardmove.py --n-actuator 12 --env-variant standard --training-seed 9 --environment-seed 2026 --permutation-seed 0 --state-sampling-seed 9 --action-order free_pam --run-tag formal5080 --n-state 40 --n-action 50 --n-iter 30 --n-iter-v 1 --callback-freq 10 --n-test 100 --device cuda --max-batch-v 10000 --max-batch-a 100000 --nswp-v 5 --nswp-a 10 --rmax-v 100 --rmax-a 100 --kickrank-v 10 --kickrank-a 10 --eps-cross-v 0.001 --eps-cross-a 0.001 --eps-round-v 0.001 --eps-round-a 0.001 --n-samples 50
HM12,9,9,2026,0,9,peakcut_pam,/home/s110/code/ttpi_iclr/repro/results/HM12_state40_action50_iter30_orderpeakcut_pam_seed9_formal5080.json,/home/s110/miniconda3/envs/tt_5080/bin/python3 /home/s110/code/ttpi_iclr/repro/scripts/run_hardmove.py --n-actuator 12 --env-variant standard --training-seed 9 --environment-seed 2026 --permutation-seed 0 --state-sampling-seed 9 --action-order peakcut_pam --run-tag formal5080 --n-state 40 --n-action 50 --n-iter 30 --n-iter-v 1 --callback-freq 10 --n-test 100 --device cuda --max-batch-v 10000 --max-batch-a 100000 --nswp-v 5 --nswp-a 10 --rmax-v 100 --rmax-a 100 --kickrank-v 10 --kickrank-a 10 --eps-cross-v 0.001 --eps-cross-a 0.001 --eps-round-v 0.001 --eps-round-a 0.001 --n-samples 50
HM12,9,9,2026,0,9,sensitivity_pam,/home/s110/code/ttpi_iclr/repro/results/HM12_state40_action50_iter30_ordersensitivity_pam_seed9_formal5080.json,/home/s110/miniconda3/envs/tt_5080/bin/python3 /home/s110/code/ttpi_iclr/repro/scripts/run_hardmove.py --n-actuator 12 --env-variant standard --training-seed 9 --environment-seed 2026 --permutation-seed 0 --state-sampling-seed 9 --action-order sensitivity_pam --run-tag formal5080 --n-state 40 --n-action 50 --n-iter 30 --n-iter-v 1 --callback-freq 10 --n-test 100 --device cuda --max-batch-v 10000 --max-batch-a 100000 --nswp-v 5 --nswp-a 10 --rmax-v 100 --rmax-a 100 --kickrank-v 10 --kickrank-a 10 --eps-cross-v 0.001 --eps-cross-a 0.001 --eps-round-v 0.001 --eps-round-a 0.001 --n-samples 50
HM12,9,9,2026,0,9,rankaware_proxy_pam,/home/s110/code/ttpi_iclr/repro/results/HM12_state40_action50_iter30_orderrankaware_proxy_pam_seed9_formal5080.json,/home/s110/miniconda3/envs/tt_5080/bin/python3 /home/s110/code/ttpi_iclr/repro/scripts/run_hardmove.py --n-actuator 12 --env-variant standard --training-seed 9 --environment-seed 2026 --permutation-seed 0 --state-sampling-seed 9 --action-order rankaware_proxy_pam --run-tag formal5080 --n-state 40 --n-action 50 --n-iter 30 --n-iter-v 1 --callback-freq 10 --n-test 100 --device cuda --max-batch-v 10000 --max-batch-a 100000 --nswp-v 5 --nswp-a 10 --rmax-v 100 --rmax-a 100 --kickrank-v 10 --kickrank-a 10 --eps-cross-v 0.001 --eps-cross-a 0.001 --eps-round-v 0.001 --eps-round-a 0.001 --n-samples 50
HM12,9,9,2026,0,9,hybrid_pam,/home/s110/code/ttpi_iclr/repro/results/HM12_state40_action50_iter30_orderhybrid_pam_seed9_formal5080.json,/home/s110/miniconda3/envs/tt_5080/bin/python3 /home/s110/code/ttpi_iclr/repro/scripts/run_hardmove.py --n-actuator 12 --env-variant standard --training-seed 9 --environment-seed 2026 --permutation-seed 0 --state-sampling-seed 9 --action-order hybrid_pam --run-tag formal5080 --n-state 40 --n-action 50 --n-iter 30 --n-iter-v 1 --callback-freq 10 --n-test 100 --device cuda --max-batch-v 10000 --max-batch-a 100000 --nswp-v 5 --nswp-a 10 --rmax-v 100 --rmax-a 100 --kickrank-v 10 --kickrank-a 10 --eps-cross-v 0.001 --eps-cross-a 0.001 --eps-round-v 0.001 --eps-round-a 0.001 --n-samples 50
HM16,0,0,2026,0,0,local,/home/s110/code/ttpi_iclr/repro/results/HM16_state40_action50_iter30_orderlocal_seed0_formal5080.json,/home/s110/miniconda3/envs/tt_5080/bin/python3 /home/s110/code/ttpi_iclr/repro/scripts/run_hardmove.py --n-actuator 16 --env-variant standard --training-seed 0 --environment-seed 2026 --permutation-seed 0 --state-sampling-seed 0 --action-order local --run-tag formal5080 --n-state 40 --n-action 50 --n-iter 30 --n-iter-v 1 --callback-freq 10 --n-test 100 --device cuda --max-batch-v 10000 --max-batch-a 100000 --nswp-v 5 --nswp-a 10 --rmax-v 100 --rmax-a 100 --kickrank-v 10 --kickrank-a 10 --eps-cross-v 0.001 --eps-cross-a 0.001 --eps-round-v 0.001 --eps-round-a 0.001 --n-samples 50
HM16,0,0,2026,0,0,random,/home/s110/code/ttpi_iclr/repro/results/HM16_state40_action50_iter30_orderrandom_seed0_permseed0_formal5080.json,/home/s110/miniconda3/envs/tt_5080/bin/python3 /home/s110/code/ttpi_iclr/repro/scripts/run_hardmove.py --n-actuator 16 --env-variant standard --training-seed 0 --environment-seed 2026 --permutation-seed 0 --include-permutation-seed-in-run-id --state-sampling-seed 0 --action-order random --run-tag formal5080 --n-state 40 --n-action 50 --n-iter 30 --n-iter-v 1 --callback-freq 10 --n-test 100 --device cuda --max-batch-v 10000 --max-batch-a 100000 --nswp-v 5 --nswp-a 10 --rmax-v 100 --rmax-a 100 --kickrank-v 10 --kickrank-a 10 --eps-cross-v 0.001 --eps-cross-a 0.001 --eps-round-v 0.001 --eps-round-a 0.001 --n-samples 50
HM16,0,0,2026,1,0,random,/home/s110/code/ttpi_iclr/repro/results/HM16_state40_action50_iter30_orderrandom_seed0_permseed1_formal5080.json,/home/s110/miniconda3/envs/tt_5080/bin/python3 /home/s110/code/ttpi_iclr/repro/scripts/run_hardmove.py --n-actuator 16 --env-variant standard --training-seed 0 --environment-seed 2026 --permutation-seed 1 --include-permutation-seed-in-run-id --state-sampling-seed 0 --action-order random --run-tag formal5080 --n-state 40 --n-action 50 --n-iter 30 --n-iter-v 1 --callback-freq 10 --n-test 100 --device cuda --max-batch-v 10000 --max-batch-a 100000 --nswp-v 5 --nswp-a 10 --rmax-v 100 --rmax-a 100 --kickrank-v 10 --kickrank-a 10 --eps-cross-v 0.001 --eps-cross-a 0.001 --eps-round-v 0.001 --eps-round-a 0.001 --n-samples 50
HM16,0,0,2026,2,0,random,/home/s110/code/ttpi_iclr/repro/results/HM16_state40_action50_iter30_orderrandom_seed0_permseed2_formal5080.json,/home/s110/miniconda3/envs/tt_5080/bin/python3 /home/s110/code/ttpi_iclr/repro/scripts/run_hardmove.py --n-actuator 16 --env-variant standard --training-seed 0 --environment-seed 2026 --permutation-seed 2 --include-permutation-seed-in-run-id --state-sampling-seed 0 --action-order random --run-tag formal5080 --n-state 40 --n-action 50 --n-iter 30 --n-iter-v 1 --callback-freq 10 --n-test 100 --device cuda --max-batch-v 10000 --max-batch-a 100000 --nswp-v 5 --nswp-a 10 --rmax-v 100 --rmax-a 100 --kickrank-v 10 --kickrank-a 10 --eps-cross-v 0.001 --eps-cross-a 0.001 --eps-round-v 0.001 --eps-round-a 0.001 --n-samples 50
HM16,0,0,2026,0,0,badsplit,/home/s110/code/ttpi_iclr/repro/results/HM16_state40_action50_iter30_orderbadsplit_seed0_formal5080.json,/home/s110/miniconda3/envs/tt_5080/bin/python3 /home/s110/code/ttpi_iclr/repro/scripts/run_hardmove.py --n-actuator 16 --env-variant standard --training-seed 0 --environment-seed 2026 --permutation-seed 0 --state-sampling-seed 0 --action-order badsplit --run-tag formal5080 --n-state 40 --n-action 50 --n-iter 30 --n-iter-v 1 --callback-freq 10 --n-test 100 --device cuda --max-batch-v 10000 --max-batch-a 100000 --nswp-v 5 --nswp-a 10 --rmax-v 100 --rmax-a 100 --kickrank-v 10 --kickrank-a 10 --eps-cross-v 0.001 --eps-cross-a 0.001 --eps-round-v 0.001 --eps-round-a 0.001 --n-samples 50
HM16,0,0,2026,0,0,reverse_blocks,/home/s110/code/ttpi_iclr/repro/results/HM16_state40_action50_iter30_orderreverse_blocks_seed0_formal5080.json,/home/s110/miniconda3/envs/tt_5080/bin/python3 /home/s110/code/ttpi_iclr/repro/scripts/run_hardmove.py --n-actuator 16 --env-variant standard --training-seed 0 --environment-seed 2026 --permutation-seed 0 --state-sampling-seed 0 --action-order reverse_blocks --run-tag formal5080 --n-state 40 --n-action 50 --n-iter 30 --n-iter-v 1 --callback-freq 10 --n-test 100 --device cuda --max-batch-v 10000 --max-batch-a 100000 --nswp-v 5 --nswp-a 10 --rmax-v 100 --rmax-a 100 --kickrank-v 10 --kickrank-a 10 --eps-cross-v 0.001 --eps-cross-a 0.001 --eps-round-v 0.001 --eps-round-a 0.001 --n-samples 50
HM16,0,0,2026,0,0,flip_within_block,/home/s110/code/ttpi_iclr/repro/results/HM16_state40_action50_iter30_orderflip_within_block_seed0_formal5080.json,/home/s110/miniconda3/envs/tt_5080/bin/python3 /home/s110/code/ttpi_iclr/repro/scripts/run_hardmove.py --n-actuator 16 --env-variant standard --training-seed 0 --environment-seed 2026 --permutation-seed 0 --state-sampling-seed 0 --action-order flip_within_block --run-tag formal5080 --n-state 40 --n-action 50 --n-iter 30 --n-iter-v 1 --callback-freq 10 --n-test 100 --device cuda --max-batch-v 10000 --max-batch-a 100000 --nswp-v 5 --nswp-a 10 --rmax-v 100 --rmax-a 100 --kickrank-v 10 --kickrank-a 10 --eps-cross-v 0.001 --eps-cross-a 0.001 --eps-round-v 0.001 --eps-round-a 0.001 --n-samples 50
HM16,0,0,2026,0,0,pam_greedy,/home/s110/code/ttpi_iclr/repro/results/HM16_state40_action50_iter30_orderpam_greedy_seed0_formal5080.json,/home/s110/miniconda3/envs/tt_5080/bin/python3 /home/s110/code/ttpi_iclr/repro/scripts/run_hardmove.py --n-actuator 16 --env-variant standard --training-seed 0 --environment-seed 2026 --permutation-seed 0 --state-sampling-seed 0 --action-order pam_greedy --run-tag formal5080 --n-state 40 --n-action 50 --n-iter 30 --n-iter-v 1 --callback-freq 10 --n-test 100 --device cuda --max-batch-v 10000 --max-batch-a 100000 --nswp-v 5 --nswp-a 10 --rmax-v 100 --rmax-a 100 --kickrank-v 10 --kickrank-a 10 --eps-cross-v 0.001 --eps-cross-a 0.001 --eps-round-v 0.001 --eps-round-a 0.001 --n-samples 50
HM16,0,0,2026,0,0,pam_spectral,/home/s110/code/ttpi_iclr/repro/results/HM16_state40_action50_iter30_orderpam_spectral_seed0_formal5080.json,/home/s110/miniconda3/envs/tt_5080/bin/python3 /home/s110/code/ttpi_iclr/repro/scripts/run_hardmove.py --n-actuator 16 --env-variant standard --training-seed 0 --environment-seed 2026 --permutation-seed 0 --state-sampling-seed 0 --action-order pam_spectral --run-tag formal5080 --n-state 40 --n-action 50 --n-iter 30 --n-iter-v 1 --callback-freq 10 --n-test 100 --device cuda --max-batch-v 10000 --max-batch-a 100000 --nswp-v 5 --nswp-a 10 --rmax-v 100 --rmax-a 100 --kickrank-v 10 --kickrank-a 10 --eps-cross-v 0.001 --eps-cross-a 0.001 --eps-round-v 0.001 --eps-round-a 0.001 --n-samples 50
HM16,0,0,2026,0,0,block_pam,/home/s110/code/ttpi_iclr/repro/results/HM16_state40_action50_iter30_orderblock_pam_seed0_formal5080.json,/home/s110/miniconda3/envs/tt_5080/bin/python3 /home/s110/code/ttpi_iclr/repro/scripts/run_hardmove.py --n-actuator 16 --env-variant standard --training-seed 0 --environment-seed 2026 --permutation-seed 0 --state-sampling-seed 0 --action-order block_pam --run-tag formal5080 --n-state 40 --n-action 50 --n-iter 30 --n-iter-v 1 --callback-freq 10 --n-test 100 --device cuda --max-batch-v 10000 --max-batch-a 100000 --nswp-v 5 --nswp-a 10 --rmax-v 100 --rmax-a 100 --kickrank-v 10 --kickrank-a 10 --eps-cross-v 0.001 --eps-cross-a 0.001 --eps-round-v 0.001 --eps-round-a 0.001 --n-samples 50
HM16,0,0,2026,0,0,free_pam,/home/s110/code/ttpi_iclr/repro/results/HM16_state40_action50_iter30_orderfree_pam_seed0_formal5080.json,/home/s110/miniconda3/envs/tt_5080/bin/python3 /home/s110/code/ttpi_iclr/repro/scripts/run_hardmove.py --n-actuator 16 --env-variant standard --training-seed 0 --environment-seed 2026 --permutation-seed 0 --state-sampling-seed 0 --action-order free_pam --run-tag formal5080 --n-state 40 --n-action 50 --n-iter 30 --n-iter-v 1 --callback-freq 10 --n-test 100 --device cuda --max-batch-v 10000 --max-batch-a 100000 --nswp-v 5 --nswp-a 10 --rmax-v 100 --rmax-a 100 --kickrank-v 10 --kickrank-a 10 --eps-cross-v 0.001 --eps-cross-a 0.001 --eps-round-v 0.001 --eps-round-a 0.001 --n-samples 50
HM16,0,0,2026,0,0,peakcut_pam,/home/s110/code/ttpi_iclr/repro/results/HM16_state40_action50_iter30_orderpeakcut_pam_seed0_formal5080.json,/home/s110/miniconda3/envs/tt_5080/bin/python3 /home/s110/code/ttpi_iclr/repro/scripts/run_hardmove.py --n-actuator 16 --env-variant standard --training-seed 0 --environment-seed 2026 --permutation-seed 0 --state-sampling-seed 0 --action-order peakcut_pam --run-tag formal5080 --n-state 40 --n-action 50 --n-iter 30 --n-iter-v 1 --callback-freq 10 --n-test 100 --device cuda --max-batch-v 10000 --max-batch-a 100000 --nswp-v 5 --nswp-a 10 --rmax-v 100 --rmax-a 100 --kickrank-v 10 --kickrank-a 10 --eps-cross-v 0.001 --eps-cross-a 0.001 --eps-round-v 0.001 --eps-round-a 0.001 --n-samples 50
HM16,0,0,2026,0,0,sensitivity_pam,/home/s110/code/ttpi_iclr/repro/results/HM16_state40_action50_iter30_ordersensitivity_pam_seed0_formal5080.json,/home/s110/miniconda3/envs/tt_5080/bin/python3 /home/s110/code/ttpi_iclr/repro/scripts/run_hardmove.py --n-actuator 16 --env-variant standard --training-seed 0 --environment-seed 2026 --permutation-seed 0 --state-sampling-seed 0 --action-order sensitivity_pam --run-tag formal5080 --n-state 40 --n-action 50 --n-iter 30 --n-iter-v 1 --callback-freq 10 --n-test 100 --device cuda --max-batch-v 10000 --max-batch-a 100000 --nswp-v 5 --nswp-a 10 --rmax-v 100 --rmax-a 100 --kickrank-v 10 --kickrank-a 10 --eps-cross-v 0.001 --eps-cross-a 0.001 --eps-round-v 0.001 --eps-round-a 0.001 --n-samples 50
HM16,0,0,2026,0,0,rankaware_proxy_pam,/home/s110/code/ttpi_iclr/repro/results/HM16_state40_action50_iter30_orderrankaware_proxy_pam_seed0_formal5080.json,/home/s110/miniconda3/envs/tt_5080/bin/python3 /home/s110/code/ttpi_iclr/repro/scripts/run_hardmove.py --n-actuator 16 --env-variant standard --training-seed 0 --environment-seed 2026 --permutation-seed 0 --state-sampling-seed 0 --action-order rankaware_proxy_pam --run-tag formal5080 --n-state 40 --n-action 50 --n-iter 30 --n-iter-v 1 --callback-freq 10 --n-test 100 --device cuda --max-batch-v 10000 --max-batch-a 100000 --nswp-v 5 --nswp-a 10 --rmax-v 100 --rmax-a 100 --kickrank-v 10 --kickrank-a 10 --eps-cross-v 0.001 --eps-cross-a 0.001 --eps-round-v 0.001 --eps-round-a 0.001 --n-samples 50
HM16,0,0,2026,0,0,hybrid_pam,/home/s110/code/ttpi_iclr/repro/results/HM16_state40_action50_iter30_orderhybrid_pam_seed0_formal5080.json,/home/s110/miniconda3/envs/tt_5080/bin/python3 /home/s110/code/ttpi_iclr/repro/scripts/run_hardmove.py --n-actuator 16 --env-variant standard --training-seed 0 --environment-seed 2026 --permutation-seed 0 --state-sampling-seed 0 --action-order hybrid_pam --run-tag formal5080 --n-state 40 --n-action 50 --n-iter 30 --n-iter-v 1 --callback-freq 10 --n-test 100 --device cuda --max-batch-v 10000 --max-batch-a 100000 --nswp-v 5 --nswp-a 10 --rmax-v 100 --rmax-a 100 --kickrank-v 10 --kickrank-a 10 --eps-cross-v 0.001 --eps-cross-a 0.001 --eps-round-v 0.001 --eps-round-a 0.001 --n-samples 50
HM16,1,1,2026,0,1,local,/home/s110/code/ttpi_iclr/repro/results/HM16_state40_action50_iter30_orderlocal_seed1_formal5080.json,/home/s110/miniconda3/envs/tt_5080/bin/python3 /home/s110/code/ttpi_iclr/repro/scripts/run_hardmove.py --n-actuator 16 --env-variant standard --training-seed 1 --environment-seed 2026 --permutation-seed 0 --state-sampling-seed 1 --action-order local --run-tag formal5080 --n-state 40 --n-action 50 --n-iter 30 --n-iter-v 1 --callback-freq 10 --n-test 100 --device cuda --max-batch-v 10000 --max-batch-a 100000 --nswp-v 5 --nswp-a 10 --rmax-v 100 --rmax-a 100 --kickrank-v 10 --kickrank-a 10 --eps-cross-v 0.001 --eps-cross-a 0.001 --eps-round-v 0.001 --eps-round-a 0.001 --n-samples 50
HM16,1,1,2026,0,1,random,/home/s110/code/ttpi_iclr/repro/results/HM16_state40_action50_iter30_orderrandom_seed1_permseed0_formal5080.json,/home/s110/miniconda3/envs/tt_5080/bin/python3 /home/s110/code/ttpi_iclr/repro/scripts/run_hardmove.py --n-actuator 16 --env-variant standard --training-seed 1 --environment-seed 2026 --permutation-seed 0 --include-permutation-seed-in-run-id --state-sampling-seed 1 --action-order random --run-tag formal5080 --n-state 40 --n-action 50 --n-iter 30 --n-iter-v 1 --callback-freq 10 --n-test 100 --device cuda --max-batch-v 10000 --max-batch-a 100000 --nswp-v 5 --nswp-a 10 --rmax-v 100 --rmax-a 100 --kickrank-v 10 --kickrank-a 10 --eps-cross-v 0.001 --eps-cross-a 0.001 --eps-round-v 0.001 --eps-round-a 0.001 --n-samples 50
HM16,1,1,2026,1,1,random,/home/s110/code/ttpi_iclr/repro/results/HM16_state40_action50_iter30_orderrandom_seed1_permseed1_formal5080.json,/home/s110/miniconda3/envs/tt_5080/bin/python3 /home/s110/code/ttpi_iclr/repro/scripts/run_hardmove.py --n-actuator 16 --env-variant standard --training-seed 1 --environment-seed 2026 --permutation-seed 1 --include-permutation-seed-in-run-id --state-sampling-seed 1 --action-order random --run-tag formal5080 --n-state 40 --n-action 50 --n-iter 30 --n-iter-v 1 --callback-freq 10 --n-test 100 --device cuda --max-batch-v 10000 --max-batch-a 100000 --nswp-v 5 --nswp-a 10 --rmax-v 100 --rmax-a 100 --kickrank-v 10 --kickrank-a 10 --eps-cross-v 0.001 --eps-cross-a 0.001 --eps-round-v 0.001 --eps-round-a 0.001 --n-samples 50
HM16,1,1,2026,2,1,random,/home/s110/code/ttpi_iclr/repro/results/HM16_state40_action50_iter30_orderrandom_seed1_permseed2_formal5080.json,/home/s110/miniconda3/envs/tt_5080/bin/python3 /home/s110/code/ttpi_iclr/repro/scripts/run_hardmove.py --n-actuator 16 --env-variant standard --training-seed 1 --environment-seed 2026 --permutation-seed 2 --include-permutation-seed-in-run-id --state-sampling-seed 1 --action-order random --run-tag formal5080 --n-state 40 --n-action 50 --n-iter 30 --n-iter-v 1 --callback-freq 10 --n-test 100 --device cuda --max-batch-v 10000 --max-batch-a 100000 --nswp-v 5 --nswp-a 10 --rmax-v 100 --rmax-a 100 --kickrank-v 10 --kickrank-a 10 --eps-cross-v 0.001 --eps-cross-a 0.001 --eps-round-v 0.001 --eps-round-a 0.001 --n-samples 50
HM16,1,1,2026,0,1,badsplit,/home/s110/code/ttpi_iclr/repro/results/HM16_state40_action50_iter30_orderbadsplit_seed1_formal5080.json,/home/s110/miniconda3/envs/tt_5080/bin/python3 /home/s110/code/ttpi_iclr/repro/scripts/run_hardmove.py --n-actuator 16 --env-variant standard --training-seed 1 --environment-seed 2026 --permutation-seed 0 --state-sampling-seed 1 --action-order badsplit --run-tag formal5080 --n-state 40 --n-action 50 --n-iter 30 --n-iter-v 1 --callback-freq 10 --n-test 100 --device cuda --max-batch-v 10000 --max-batch-a 100000 --nswp-v 5 --nswp-a 10 --rmax-v 100 --rmax-a 100 --kickrank-v 10 --kickrank-a 10 --eps-cross-v 0.001 --eps-cross-a 0.001 --eps-round-v 0.001 --eps-round-a 0.001 --n-samples 50
HM16,1,1,2026,0,1,reverse_blocks,/home/s110/code/ttpi_iclr/repro/results/HM16_state40_action50_iter30_orderreverse_blocks_seed1_formal5080.json,/home/s110/miniconda3/envs/tt_5080/bin/python3 /home/s110/code/ttpi_iclr/repro/scripts/run_hardmove.py --n-actuator 16 --env-variant standard --training-seed 1 --environment-seed 2026 --permutation-seed 0 --state-sampling-seed 1 --action-order reverse_blocks --run-tag formal5080 --n-state 40 --n-action 50 --n-iter 30 --n-iter-v 1 --callback-freq 10 --n-test 100 --device cuda --max-batch-v 10000 --max-batch-a 100000 --nswp-v 5 --nswp-a 10 --rmax-v 100 --rmax-a 100 --kickrank-v 10 --kickrank-a 10 --eps-cross-v 0.001 --eps-cross-a 0.001 --eps-round-v 0.001 --eps-round-a 0.001 --n-samples 50
HM16,1,1,2026,0,1,flip_within_block,/home/s110/code/ttpi_iclr/repro/results/HM16_state40_action50_iter30_orderflip_within_block_seed1_formal5080.json,/home/s110/miniconda3/envs/tt_5080/bin/python3 /home/s110/code/ttpi_iclr/repro/scripts/run_hardmove.py --n-actuator 16 --env-variant standard --training-seed 1 --environment-seed 2026 --permutation-seed 0 --state-sampling-seed 1 --action-order flip_within_block --run-tag formal5080 --n-state 40 --n-action 50 --n-iter 30 --n-iter-v 1 --callback-freq 10 --n-test 100 --device cuda --max-batch-v 10000 --max-batch-a 100000 --nswp-v 5 --nswp-a 10 --rmax-v 100 --rmax-a 100 --kickrank-v 10 --kickrank-a 10 --eps-cross-v 0.001 --eps-cross-a 0.001 --eps-round-v 0.001 --eps-round-a 0.001 --n-samples 50
HM16,1,1,2026,0,1,pam_greedy,/home/s110/code/ttpi_iclr/repro/results/HM16_state40_action50_iter30_orderpam_greedy_seed1_formal5080.json,/home/s110/miniconda3/envs/tt_5080/bin/python3 /home/s110/code/ttpi_iclr/repro/scripts/run_hardmove.py --n-actuator 16 --env-variant standard --training-seed 1 --environment-seed 2026 --permutation-seed 0 --state-sampling-seed 1 --action-order pam_greedy --run-tag formal5080 --n-state 40 --n-action 50 --n-iter 30 --n-iter-v 1 --callback-freq 10 --n-test 100 --device cuda --max-batch-v 10000 --max-batch-a 100000 --nswp-v 5 --nswp-a 10 --rmax-v 100 --rmax-a 100 --kickrank-v 10 --kickrank-a 10 --eps-cross-v 0.001 --eps-cross-a 0.001 --eps-round-v 0.001 --eps-round-a 0.001 --n-samples 50
HM16,1,1,2026,0,1,pam_spectral,/home/s110/code/ttpi_iclr/repro/results/HM16_state40_action50_iter30_orderpam_spectral_seed1_formal5080.json,/home/s110/miniconda3/envs/tt_5080/bin/python3 /home/s110/code/ttpi_iclr/repro/scripts/run_hardmove.py --n-actuator 16 --env-variant standard --training-seed 1 --environment-seed 2026 --permutation-seed 0 --state-sampling-seed 1 --action-order pam_spectral --run-tag formal5080 --n-state 40 --n-action 50 --n-iter 30 --n-iter-v 1 --callback-freq 10 --n-test 100 --device cuda --max-batch-v 10000 --max-batch-a 100000 --nswp-v 5 --nswp-a 10 --rmax-v 100 --rmax-a 100 --kickrank-v 10 --kickrank-a 10 --eps-cross-v 0.001 --eps-cross-a 0.001 --eps-round-v 0.001 --eps-round-a 0.001 --n-samples 50
HM16,1,1,2026,0,1,block_pam,/home/s110/code/ttpi_iclr/repro/results/HM16_state40_action50_iter30_orderblock_pam_seed1_formal5080.json,/home/s110/miniconda3/envs/tt_5080/bin/python3 /home/s110/code/ttpi_iclr/repro/scripts/run_hardmove.py --n-actuator 16 --env-variant standard --training-seed 1 --environment-seed 2026 --permutation-seed 0 --state-sampling-seed 1 --action-order block_pam --run-tag formal5080 --n-state 40 --n-action 50 --n-iter 30 --n-iter-v 1 --callback-freq 10 --n-test 100 --device cuda --max-batch-v 10000 --max-batch-a 100000 --nswp-v 5 --nswp-a 10 --rmax-v 100 --rmax-a 100 --kickrank-v 10 --kickrank-a 10 --eps-cross-v 0.001 --eps-cross-a 0.001 --eps-round-v 0.001 --eps-round-a 0.001 --n-samples 50
HM16,1,1,2026,0,1,free_pam,/home/s110/code/ttpi_iclr/repro/results/HM16_state40_action50_iter30_orderfree_pam_seed1_formal5080.json,/home/s110/miniconda3/envs/tt_5080/bin/python3 /home/s110/code/ttpi_iclr/repro/scripts/run_hardmove.py --n-actuator 16 --env-variant standard --training-seed 1 --environment-seed 2026 --permutation-seed 0 --state-sampling-seed 1 --action-order free_pam --run-tag formal5080 --n-state 40 --n-action 50 --n-iter 30 --n-iter-v 1 --callback-freq 10 --n-test 100 --device cuda --max-batch-v 10000 --max-batch-a 100000 --nswp-v 5 --nswp-a 10 --rmax-v 100 --rmax-a 100 --kickrank-v 10 --kickrank-a 10 --eps-cross-v 0.001 --eps-cross-a 0.001 --eps-round-v 0.001 --eps-round-a 0.001 --n-samples 50
HM16,1,1,2026,0,1,peakcut_pam,/home/s110/code/ttpi_iclr/repro/results/HM16_state40_action50_iter30_orderpeakcut_pam_seed1_formal5080.json,/home/s110/miniconda3/envs/tt_5080/bin/python3 /home/s110/code/ttpi_iclr/repro/scripts/run_hardmove.py --n-actuator 16 --env-variant standard --training-seed 1 --environment-seed 2026 --permutation-seed 0 --state-sampling-seed 1 --action-order peakcut_pam --run-tag formal5080 --n-state 40 --n-action 50 --n-iter 30 --n-iter-v 1 --callback-freq 10 --n-test 100 --device cuda --max-batch-v 10000 --max-batch-a 100000 --nswp-v 5 --nswp-a 10 --rmax-v 100 --rmax-a 100 --kickrank-v 10 --kickrank-a 10 --eps-cross-v 0.001 --eps-cross-a 0.001 --eps-round-v 0.001 --eps-round-a 0.001 --n-samples 50
HM16,1,1,2026,0,1,sensitivity_pam,/home/s110/code/ttpi_iclr/repro/results/HM16_state40_action50_iter30_ordersensitivity_pam_seed1_formal5080.json,/home/s110/miniconda3/envs/tt_5080/bin/python3 /home/s110/code/ttpi_iclr/repro/scripts/run_hardmove.py --n-actuator 16 --env-variant standard --training-seed 1 --environment-seed 2026 --permutation-seed 0 --state-sampling-seed 1 --action-order sensitivity_pam --run-tag formal5080 --n-state 40 --n-action 50 --n-iter 30 --n-iter-v 1 --callback-freq 10 --n-test 100 --device cuda --max-batch-v 10000 --max-batch-a 100000 --nswp-v 5 --nswp-a 10 --rmax-v 100 --rmax-a 100 --kickrank-v 10 --kickrank-a 10 --eps-cross-v 0.001 --eps-cross-a 0.001 --eps-round-v 0.001 --eps-round-a 0.001 --n-samples 50
HM16,1,1,2026,0,1,rankaware_proxy_pam,/home/s110/code/ttpi_iclr/repro/results/HM16_state40_action50_iter30_orderrankaware_proxy_pam_seed1_formal5080.json,/home/s110/miniconda3/envs/tt_5080/bin/python3 /home/s110/code/ttpi_iclr/repro/scripts/run_hardmove.py --n-actuator 16 --env-variant standard --training-seed 1 --environment-seed 2026 --permutation-seed 0 --state-sampling-seed 1 --action-order rankaware_proxy_pam --run-tag formal5080 --n-state 40 --n-action 50 --n-iter 30 --n-iter-v 1 --callback-freq 10 --n-test 100 --device cuda --max-batch-v 10000 --max-batch-a 100000 --nswp-v 5 --nswp-a 10 --rmax-v 100 --rmax-a 100 --kickrank-v 10 --kickrank-a 10 --eps-cross-v 0.001 --eps-cross-a 0.001 --eps-round-v 0.001 --eps-round-a 0.001 --n-samples 50
HM16,1,1,2026,0,1,hybrid_pam,/home/s110/code/ttpi_iclr/repro/results/HM16_state40_action50_iter30_orderhybrid_pam_seed1_formal5080.json,/home/s110/miniconda3/envs/tt_5080/bin/python3 /home/s110/code/ttpi_iclr/repro/scripts/run_hardmove.py --n-actuator 16 --env-variant standard --training-seed 1 --environment-seed 2026 --permutation-seed 0 --state-sampling-seed 1 --action-order hybrid_pam --run-tag formal5080 --n-state 40 --n-action 50 --n-iter 30 --n-iter-v 1 --callback-freq 10 --n-test 100 --device cuda --max-batch-v 10000 --max-batch-a 100000 --nswp-v 5 --nswp-a 10 --rmax-v 100 --rmax-a 100 --kickrank-v 10 --kickrank-a 10 --eps-cross-v 0.001 --eps-cross-a 0.001 --eps-round-v 0.001 --eps-round-a 0.001 --n-samples 50
HM16,2,2,2026,0,2,local,/home/s110/code/ttpi_iclr/repro/results/HM16_state40_action50_iter30_orderlocal_seed2_formal5080.json,/home/s110/miniconda3/envs/tt_5080/bin/python3 /home/s110/code/ttpi_iclr/repro/scripts/run_hardmove.py --n-actuator 16 --env-variant standard --training-seed 2 --environment-seed 2026 --permutation-seed 0 --state-sampling-seed 2 --action-order local --run-tag formal5080 --n-state 40 --n-action 50 --n-iter 30 --n-iter-v 1 --callback-freq 10 --n-test 100 --device cuda --max-batch-v 10000 --max-batch-a 100000 --nswp-v 5 --nswp-a 10 --rmax-v 100 --rmax-a 100 --kickrank-v 10 --kickrank-a 10 --eps-cross-v 0.001 --eps-cross-a 0.001 --eps-round-v 0.001 --eps-round-a 0.001 --n-samples 50
HM16,2,2,2026,0,2,random,/home/s110/code/ttpi_iclr/repro/results/HM16_state40_action50_iter30_orderrandom_seed2_permseed0_formal5080.json,/home/s110/miniconda3/envs/tt_5080/bin/python3 /home/s110/code/ttpi_iclr/repro/scripts/run_hardmove.py --n-actuator 16 --env-variant standard --training-seed 2 --environment-seed 2026 --permutation-seed 0 --include-permutation-seed-in-run-id --state-sampling-seed 2 --action-order random --run-tag formal5080 --n-state 40 --n-action 50 --n-iter 30 --n-iter-v 1 --callback-freq 10 --n-test 100 --device cuda --max-batch-v 10000 --max-batch-a 100000 --nswp-v 5 --nswp-a 10 --rmax-v 100 --rmax-a 100 --kickrank-v 10 --kickrank-a 10 --eps-cross-v 0.001 --eps-cross-a 0.001 --eps-round-v 0.001 --eps-round-a 0.001 --n-samples 50
HM16,2,2,2026,1,2,random,/home/s110/code/ttpi_iclr/repro/results/HM16_state40_action50_iter30_orderrandom_seed2_permseed1_formal5080.json,/home/s110/miniconda3/envs/tt_5080/bin/python3 /home/s110/code/ttpi_iclr/repro/scripts/run_hardmove.py --n-actuator 16 --env-variant standard --training-seed 2 --environment-seed 2026 --permutation-seed 1 --include-permutation-seed-in-run-id --state-sampling-seed 2 --action-order random --run-tag formal5080 --n-state 40 --n-action 50 --n-iter 30 --n-iter-v 1 --callback-freq 10 --n-test 100 --device cuda --max-batch-v 10000 --max-batch-a 100000 --nswp-v 5 --nswp-a 10 --rmax-v 100 --rmax-a 100 --kickrank-v 10 --kickrank-a 10 --eps-cross-v 0.001 --eps-cross-a 0.001 --eps-round-v 0.001 --eps-round-a 0.001 --n-samples 50
HM16,2,2,2026,2,2,random,/home/s110/code/ttpi_iclr/repro/results/HM16_state40_action50_iter30_orderrandom_seed2_permseed2_formal5080.json,/home/s110/miniconda3/envs/tt_5080/bin/python3 /home/s110/code/ttpi_iclr/repro/scripts/run_hardmove.py --n-actuator 16 --env-variant standard --training-seed 2 --environment-seed 2026 --permutation-seed 2 --include-permutation-seed-in-run-id --state-sampling-seed 2 --action-order random --run-tag formal5080 --n-state 40 --n-action 50 --n-iter 30 --n-iter-v 1 --callback-freq 10 --n-test 100 --device cuda --max-batch-v 10000 --max-batch-a 100000 --nswp-v 5 --nswp-a 10 --rmax-v 100 --rmax-a 100 --kickrank-v 10 --kickrank-a 10 --eps-cross-v 0.001 --eps-cross-a 0.001 --eps-round-v 0.001 --eps-round-a 0.001 --n-samples 50
HM16,2,2,2026,0,2,badsplit,/home/s110/code/ttpi_iclr/repro/results/HM16_state40_action50_iter30_orderbadsplit_seed2_formal5080.json,/home/s110/miniconda3/envs/tt_5080/bin/python3 /home/s110/code/ttpi_iclr/repro/scripts/run_hardmove.py --n-actuator 16 --env-variant standard --training-seed 2 --environment-seed 2026 --permutation-seed 0 --state-sampling-seed 2 --action-order badsplit --run-tag formal5080 --n-state 40 --n-action 50 --n-iter 30 --n-iter-v 1 --callback-freq 10 --n-test 100 --device cuda --max-batch-v 10000 --max-batch-a 100000 --nswp-v 5 --nswp-a 10 --rmax-v 100 --rmax-a 100 --kickrank-v 10 --kickrank-a 10 --eps-cross-v 0.001 --eps-cross-a 0.001 --eps-round-v 0.001 --eps-round-a 0.001 --n-samples 50
HM16,2,2,2026,0,2,reverse_blocks,/home/s110/code/ttpi_iclr/repro/results/HM16_state40_action50_iter30_orderreverse_blocks_seed2_formal5080.json,/home/s110/miniconda3/envs/tt_5080/bin/python3 /home/s110/code/ttpi_iclr/repro/scripts/run_hardmove.py --n-actuator 16 --env-variant standard --training-seed 2 --environment-seed 2026 --permutation-seed 0 --state-sampling-seed 2 --action-order reverse_blocks --run-tag formal5080 --n-state 40 --n-action 50 --n-iter 30 --n-iter-v 1 --callback-freq 10 --n-test 100 --device cuda --max-batch-v 10000 --max-batch-a 100000 --nswp-v 5 --nswp-a 10 --rmax-v 100 --rmax-a 100 --kickrank-v 10 --kickrank-a 10 --eps-cross-v 0.001 --eps-cross-a 0.001 --eps-round-v 0.001 --eps-round-a 0.001 --n-samples 50
HM16,2,2,2026,0,2,flip_within_block,/home/s110/code/ttpi_iclr/repro/results/HM16_state40_action50_iter30_orderflip_within_block_seed2_formal5080.json,/home/s110/miniconda3/envs/tt_5080/bin/python3 /home/s110/code/ttpi_iclr/repro/scripts/run_hardmove.py --n-actuator 16 --env-variant standard --training-seed 2 --environment-seed 2026 --permutation-seed 0 --state-sampling-seed 2 --action-order flip_within_block --run-tag formal5080 --n-state 40 --n-action 50 --n-iter 30 --n-iter-v 1 --callback-freq 10 --n-test 100 --device cuda --max-batch-v 10000 --max-batch-a 100000 --nswp-v 5 --nswp-a 10 --rmax-v 100 --rmax-a 100 --kickrank-v 10 --kickrank-a 10 --eps-cross-v 0.001 --eps-cross-a 0.001 --eps-round-v 0.001 --eps-round-a 0.001 --n-samples 50
HM16,2,2,2026,0,2,pam_greedy,/home/s110/code/ttpi_iclr/repro/results/HM16_state40_action50_iter30_orderpam_greedy_seed2_formal5080.json,/home/s110/miniconda3/envs/tt_5080/bin/python3 /home/s110/code/ttpi_iclr/repro/scripts/run_hardmove.py --n-actuator 16 --env-variant standard --training-seed 2 --environment-seed 2026 --permutation-seed 0 --state-sampling-seed 2 --action-order pam_greedy --run-tag formal5080 --n-state 40 --n-action 50 --n-iter 30 --n-iter-v 1 --callback-freq 10 --n-test 100 --device cuda --max-batch-v 10000 --max-batch-a 100000 --nswp-v 5 --nswp-a 10 --rmax-v 100 --rmax-a 100 --kickrank-v 10 --kickrank-a 10 --eps-cross-v 0.001 --eps-cross-a 0.001 --eps-round-v 0.001 --eps-round-a 0.001 --n-samples 50
HM16,2,2,2026,0,2,pam_spectral,/home/s110/code/ttpi_iclr/repro/results/HM16_state40_action50_iter30_orderpam_spectral_seed2_formal5080.json,/home/s110/miniconda3/envs/tt_5080/bin/python3 /home/s110/code/ttpi_iclr/repro/scripts/run_hardmove.py --n-actuator 16 --env-variant standard --training-seed 2 --environment-seed 2026 --permutation-seed 0 --state-sampling-seed 2 --action-order pam_spectral --run-tag formal5080 --n-state 40 --n-action 50 --n-iter 30 --n-iter-v 1 --callback-freq 10 --n-test 100 --device cuda --max-batch-v 10000 --max-batch-a 100000 --nswp-v 5 --nswp-a 10 --rmax-v 100 --rmax-a 100 --kickrank-v 10 --kickrank-a 10 --eps-cross-v 0.001 --eps-cross-a 0.001 --eps-round-v 0.001 --eps-round-a 0.001 --n-samples 50
HM16,2,2,2026,0,2,block_pam,/home/s110/code/ttpi_iclr/repro/results/HM16_state40_action50_iter30_orderblock_pam_seed2_formal5080.json,/home/s110/miniconda3/envs/tt_5080/bin/python3 /home/s110/code/ttpi_iclr/repro/scripts/run_hardmove.py --n-actuator 16 --env-variant standard --training-seed 2 --environment-seed 2026 --permutation-seed 0 --state-sampling-seed 2 --action-order block_pam --run-tag formal5080 --n-state 40 --n-action 50 --n-iter 30 --n-iter-v 1 --callback-freq 10 --n-test 100 --device cuda --max-batch-v 10000 --max-batch-a 100000 --nswp-v 5 --nswp-a 10 --rmax-v 100 --rmax-a 100 --kickrank-v 10 --kickrank-a 10 --eps-cross-v 0.001 --eps-cross-a 0.001 --eps-round-v 0.001 --eps-round-a 0.001 --n-samples 50
HM16,2,2,2026,0,2,free_pam,/home/s110/code/ttpi_iclr/repro/results/HM16_state40_action50_iter30_orderfree_pam_seed2_formal5080.json,/home/s110/miniconda3/envs/tt_5080/bin/python3 /home/s110/code/ttpi_iclr/repro/scripts/run_hardmove.py --n-actuator 16 --env-variant standard --training-seed 2 --environment-seed 2026 --permutation-seed 0 --state-sampling-seed 2 --action-order free_pam --run-tag formal5080 --n-state 40 --n-action 50 --n-iter 30 --n-iter-v 1 --callback-freq 10 --n-test 100 --device cuda --max-batch-v 10000 --max-batch-a 100000 --nswp-v 5 --nswp-a 10 --rmax-v 100 --rmax-a 100 --kickrank-v 10 --kickrank-a 10 --eps-cross-v 0.001 --eps-cross-a 0.001 --eps-round-v 0.001 --eps-round-a 0.001 --n-samples 50
HM16,2,2,2026,0,2,peakcut_pam,/home/s110/code/ttpi_iclr/repro/results/HM16_state40_action50_iter30_orderpeakcut_pam_seed2_formal5080.json,/home/s110/miniconda3/envs/tt_5080/bin/python3 /home/s110/code/ttpi_iclr/repro/scripts/run_hardmove.py --n-actuator 16 --env-variant standard --training-seed 2 --environment-seed 2026 --permutation-seed 0 --state-sampling-seed 2 --action-order peakcut_pam --run-tag formal5080 --n-state 40 --n-action 50 --n-iter 30 --n-iter-v 1 --callback-freq 10 --n-test 100 --device cuda --max-batch-v 10000 --max-batch-a 100000 --nswp-v 5 --nswp-a 10 --rmax-v 100 --rmax-a 100 --kickrank-v 10 --kickrank-a 10 --eps-cross-v 0.001 --eps-cross-a 0.001 --eps-round-v 0.001 --eps-round-a 0.001 --n-samples 50
HM16,2,2,2026,0,2,sensitivity_pam,/home/s110/code/ttpi_iclr/repro/results/HM16_state40_action50_iter30_ordersensitivity_pam_seed2_formal5080.json,/home/s110/miniconda3/envs/tt_5080/bin/python3 /home/s110/code/ttpi_iclr/repro/scripts/run_hardmove.py --n-actuator 16 --env-variant standard --training-seed 2 --environment-seed 2026 --permutation-seed 0 --state-sampling-seed 2 --action-order sensitivity_pam --run-tag formal5080 --n-state 40 --n-action 50 --n-iter 30 --n-iter-v 1 --callback-freq 10 --n-test 100 --device cuda --max-batch-v 10000 --max-batch-a 100000 --nswp-v 5 --nswp-a 10 --rmax-v 100 --rmax-a 100 --kickrank-v 10 --kickrank-a 10 --eps-cross-v 0.001 --eps-cross-a 0.001 --eps-round-v 0.001 --eps-round-a 0.001 --n-samples 50
HM16,2,2,2026,0,2,rankaware_proxy_pam,/home/s110/code/ttpi_iclr/repro/results/HM16_state40_action50_iter30_orderrankaware_proxy_pam_seed2_formal5080.json,/home/s110/miniconda3/envs/tt_5080/bin/python3 /home/s110/code/ttpi_iclr/repro/scripts/run_hardmove.py --n-actuator 16 --env-variant standard --training-seed 2 --environment-seed 2026 --permutation-seed 0 --state-sampling-seed 2 --action-order rankaware_proxy_pam --run-tag formal5080 --n-state 40 --n-action 50 --n-iter 30 --n-iter-v 1 --callback-freq 10 --n-test 100 --device cuda --max-batch-v 10000 --max-batch-a 100000 --nswp-v 5 --nswp-a 10 --rmax-v 100 --rmax-a 100 --kickrank-v 10 --kickrank-a 10 --eps-cross-v 0.001 --eps-cross-a 0.001 --eps-round-v 0.001 --eps-round-a 0.001 --n-samples 50
HM16,2,2,2026,0,2,hybrid_pam,/home/s110/code/ttpi_iclr/repro/results/HM16_state40_action50_iter30_orderhybrid_pam_seed2_formal5080.json,/home/s110/miniconda3/envs/tt_5080/bin/python3 /home/s110/code/ttpi_iclr/repro/scripts/run_hardmove.py --n-actuator 16 --env-variant standard --training-seed 2 --environment-seed 2026 --permutation-seed 0 --state-sampling-seed 2 --action-order hybrid_pam --run-tag formal5080 --n-state 40 --n-action 50 --n-iter 30 --n-iter-v 1 --callback-freq 10 --n-test 100 --device cuda --max-batch-v 10000 --max-batch-a 100000 --nswp-v 5 --nswp-a 10 --rmax-v 100 --rmax-a 100 --kickrank-v 10 --kickrank-a 10 --eps-cross-v 0.001 --eps-cross-a 0.001 --eps-round-v 0.001 --eps-round-a 0.001 --n-samples 50
HM16,3,3,2026,0,3,local,/home/s110/code/ttpi_iclr/repro/results/HM16_state40_action50_iter30_orderlocal_seed3_formal5080.json,/home/s110/miniconda3/envs/tt_5080/bin/python3 /home/s110/code/ttpi_iclr/repro/scripts/run_hardmove.py --n-actuator 16 --env-variant standard --training-seed 3 --environment-seed 2026 --permutation-seed 0 --state-sampling-seed 3 --action-order local --run-tag formal5080 --n-state 40 --n-action 50 --n-iter 30 --n-iter-v 1 --callback-freq 10 --n-test 100 --device cuda --max-batch-v 10000 --max-batch-a 100000 --nswp-v 5 --nswp-a 10 --rmax-v 100 --rmax-a 100 --kickrank-v 10 --kickrank-a 10 --eps-cross-v 0.001 --eps-cross-a 0.001 --eps-round-v 0.001 --eps-round-a 0.001 --n-samples 50
HM16,3,3,2026,0,3,random,/home/s110/code/ttpi_iclr/repro/results/HM16_state40_action50_iter30_orderrandom_seed3_permseed0_formal5080.json,/home/s110/miniconda3/envs/tt_5080/bin/python3 /home/s110/code/ttpi_iclr/repro/scripts/run_hardmove.py --n-actuator 16 --env-variant standard --training-seed 3 --environment-seed 2026 --permutation-seed 0 --include-permutation-seed-in-run-id --state-sampling-seed 3 --action-order random --run-tag formal5080 --n-state 40 --n-action 50 --n-iter 30 --n-iter-v 1 --callback-freq 10 --n-test 100 --device cuda --max-batch-v 10000 --max-batch-a 100000 --nswp-v 5 --nswp-a 10 --rmax-v 100 --rmax-a 100 --kickrank-v 10 --kickrank-a 10 --eps-cross-v 0.001 --eps-cross-a 0.001 --eps-round-v 0.001 --eps-round-a 0.001 --n-samples 50
HM16,3,3,2026,1,3,random,/home/s110/code/ttpi_iclr/repro/results/HM16_state40_action50_iter30_orderrandom_seed3_permseed1_formal5080.json,/home/s110/miniconda3/envs/tt_5080/bin/python3 /home/s110/code/ttpi_iclr/repro/scripts/run_hardmove.py --n-actuator 16 --env-variant standard --training-seed 3 --environment-seed 2026 --permutation-seed 1 --include-permutation-seed-in-run-id --state-sampling-seed 3 --action-order random --run-tag formal5080 --n-state 40 --n-action 50 --n-iter 30 --n-iter-v 1 --callback-freq 10 --n-test 100 --device cuda --max-batch-v 10000 --max-batch-a 100000 --nswp-v 5 --nswp-a 10 --rmax-v 100 --rmax-a 100 --kickrank-v 10 --kickrank-a 10 --eps-cross-v 0.001 --eps-cross-a 0.001 --eps-round-v 0.001 --eps-round-a 0.001 --n-samples 50
HM16,3,3,2026,2,3,random,/home/s110/code/ttpi_iclr/repro/results/HM16_state40_action50_iter30_orderrandom_seed3_permseed2_formal5080.json,/home/s110/miniconda3/envs/tt_5080/bin/python3 /home/s110/code/ttpi_iclr/repro/scripts/run_hardmove.py --n-actuator 16 --env-variant standard --training-seed 3 --environment-seed 2026 --permutation-seed 2 --include-permutation-seed-in-run-id --state-sampling-seed 3 --action-order random --run-tag formal5080 --n-state 40 --n-action 50 --n-iter 30 --n-iter-v 1 --callback-freq 10 --n-test 100 --device cuda --max-batch-v 10000 --max-batch-a 100000 --nswp-v 5 --nswp-a 10 --rmax-v 100 --rmax-a 100 --kickrank-v 10 --kickrank-a 10 --eps-cross-v 0.001 --eps-cross-a 0.001 --eps-round-v 0.001 --eps-round-a 0.001 --n-samples 50
HM16,3,3,2026,0,3,badsplit,/home/s110/code/ttpi_iclr/repro/results/HM16_state40_action50_iter30_orderbadsplit_seed3_formal5080.json,/home/s110/miniconda3/envs/tt_5080/bin/python3 /home/s110/code/ttpi_iclr/repro/scripts/run_hardmove.py --n-actuator 16 --env-variant standard --training-seed 3 --environment-seed 2026 --permutation-seed 0 --state-sampling-seed 3 --action-order badsplit --run-tag formal5080 --n-state 40 --n-action 50 --n-iter 30 --n-iter-v 1 --callback-freq 10 --n-test 100 --device cuda --max-batch-v 10000 --max-batch-a 100000 --nswp-v 5 --nswp-a 10 --rmax-v 100 --rmax-a 100 --kickrank-v 10 --kickrank-a 10 --eps-cross-v 0.001 --eps-cross-a 0.001 --eps-round-v 0.001 --eps-round-a 0.001 --n-samples 50
HM16,3,3,2026,0,3,reverse_blocks,/home/s110/code/ttpi_iclr/repro/results/HM16_state40_action50_iter30_orderreverse_blocks_seed3_formal5080.json,/home/s110/miniconda3/envs/tt_5080/bin/python3 /home/s110/code/ttpi_iclr/repro/scripts/run_hardmove.py --n-actuator 16 --env-variant standard --training-seed 3 --environment-seed 2026 --permutation-seed 0 --state-sampling-seed 3 --action-order reverse_blocks --run-tag formal5080 --n-state 40 --n-action 50 --n-iter 30 --n-iter-v 1 --callback-freq 10 --n-test 100 --device cuda --max-batch-v 10000 --max-batch-a 100000 --nswp-v 5 --nswp-a 10 --rmax-v 100 --rmax-a 100 --kickrank-v 10 --kickrank-a 10 --eps-cross-v 0.001 --eps-cross-a 0.001 --eps-round-v 0.001 --eps-round-a 0.001 --n-samples 50
HM16,3,3,2026,0,3,flip_within_block,/home/s110/code/ttpi_iclr/repro/results/HM16_state40_action50_iter30_orderflip_within_block_seed3_formal5080.json,/home/s110/miniconda3/envs/tt_5080/bin/python3 /home/s110/code/ttpi_iclr/repro/scripts/run_hardmove.py --n-actuator 16 --env-variant standard --training-seed 3 --environment-seed 2026 --permutation-seed 0 --state-sampling-seed 3 --action-order flip_within_block --run-tag formal5080 --n-state 40 --n-action 50 --n-iter 30 --n-iter-v 1 --callback-freq 10 --n-test 100 --device cuda --max-batch-v 10000 --max-batch-a 100000 --nswp-v 5 --nswp-a 10 --rmax-v 100 --rmax-a 100 --kickrank-v 10 --kickrank-a 10 --eps-cross-v 0.001 --eps-cross-a 0.001 --eps-round-v 0.001 --eps-round-a 0.001 --n-samples 50
HM16,3,3,2026,0,3,pam_greedy,/home/s110/code/ttpi_iclr/repro/results/HM16_state40_action50_iter30_orderpam_greedy_seed3_formal5080.json,/home/s110/miniconda3/envs/tt_5080/bin/python3 /home/s110/code/ttpi_iclr/repro/scripts/run_hardmove.py --n-actuator 16 --env-variant standard --training-seed 3 --environment-seed 2026 --permutation-seed 0 --state-sampling-seed 3 --action-order pam_greedy --run-tag formal5080 --n-state 40 --n-action 50 --n-iter 30 --n-iter-v 1 --callback-freq 10 --n-test 100 --device cuda --max-batch-v 10000 --max-batch-a 100000 --nswp-v 5 --nswp-a 10 --rmax-v 100 --rmax-a 100 --kickrank-v 10 --kickrank-a 10 --eps-cross-v 0.001 --eps-cross-a 0.001 --eps-round-v 0.001 --eps-round-a 0.001 --n-samples 50
HM16,3,3,2026,0,3,pam_spectral,/home/s110/code/ttpi_iclr/repro/results/HM16_state40_action50_iter30_orderpam_spectral_seed3_formal5080.json,/home/s110/miniconda3/envs/tt_5080/bin/python3 /home/s110/code/ttpi_iclr/repro/scripts/run_hardmove.py --n-actuator 16 --env-variant standard --training-seed 3 --environment-seed 2026 --permutation-seed 0 --state-sampling-seed 3 --action-order pam_spectral --run-tag formal5080 --n-state 40 --n-action 50 --n-iter 30 --n-iter-v 1 --callback-freq 10 --n-test 100 --device cuda --max-batch-v 10000 --max-batch-a 100000 --nswp-v 5 --nswp-a 10 --rmax-v 100 --rmax-a 100 --kickrank-v 10 --kickrank-a 10 --eps-cross-v 0.001 --eps-cross-a 0.001 --eps-round-v 0.001 --eps-round-a 0.001 --n-samples 50
HM16,3,3,2026,0,3,block_pam,/home/s110/code/ttpi_iclr/repro/results/HM16_state40_action50_iter30_orderblock_pam_seed3_formal5080.json,/home/s110/miniconda3/envs/tt_5080/bin/python3 /home/s110/code/ttpi_iclr/repro/scripts/run_hardmove.py --n-actuator 16 --env-variant standard --training-seed 3 --environment-seed 2026 --permutation-seed 0 --state-sampling-seed 3 --action-order block_pam --run-tag formal5080 --n-state 40 --n-action 50 --n-iter 30 --n-iter-v 1 --callback-freq 10 --n-test 100 --device cuda --max-batch-v 10000 --max-batch-a 100000 --nswp-v 5 --nswp-a 10 --rmax-v 100 --rmax-a 100 --kickrank-v 10 --kickrank-a 10 --eps-cross-v 0.001 --eps-cross-a 0.001 --eps-round-v 0.001 --eps-round-a 0.001 --n-samples 50
HM16,3,3,2026,0,3,free_pam,/home/s110/code/ttpi_iclr/repro/results/HM16_state40_action50_iter30_orderfree_pam_seed3_formal5080.json,/home/s110/miniconda3/envs/tt_5080/bin/python3 /home/s110/code/ttpi_iclr/repro/scripts/run_hardmove.py --n-actuator 16 --env-variant standard --training-seed 3 --environment-seed 2026 --permutation-seed 0 --state-sampling-seed 3 --action-order free_pam --run-tag formal5080 --n-state 40 --n-action 50 --n-iter 30 --n-iter-v 1 --callback-freq 10 --n-test 100 --device cuda --max-batch-v 10000 --max-batch-a 100000 --nswp-v 5 --nswp-a 10 --rmax-v 100 --rmax-a 100 --kickrank-v 10 --kickrank-a 10 --eps-cross-v 0.001 --eps-cross-a 0.001 --eps-round-v 0.001 --eps-round-a 0.001 --n-samples 50
HM16,3,3,2026,0,3,peakcut_pam,/home/s110/code/ttpi_iclr/repro/results/HM16_state40_action50_iter30_orderpeakcut_pam_seed3_formal5080.json,/home/s110/miniconda3/envs/tt_5080/bin/python3 /home/s110/code/ttpi_iclr/repro/scripts/run_hardmove.py --n-actuator 16 --env-variant standard --training-seed 3 --environment-seed 2026 --permutation-seed 0 --state-sampling-seed 3 --action-order peakcut_pam --run-tag formal5080 --n-state 40 --n-action 50 --n-iter 30 --n-iter-v 1 --callback-freq 10 --n-test 100 --device cuda --max-batch-v 10000 --max-batch-a 100000 --nswp-v 5 --nswp-a 10 --rmax-v 100 --rmax-a 100 --kickrank-v 10 --kickrank-a 10 --eps-cross-v 0.001 --eps-cross-a 0.001 --eps-round-v 0.001 --eps-round-a 0.001 --n-samples 50
HM16,3,3,2026,0,3,sensitivity_pam,/home/s110/code/ttpi_iclr/repro/results/HM16_state40_action50_iter30_ordersensitivity_pam_seed3_formal5080.json,/home/s110/miniconda3/envs/tt_5080/bin/python3 /home/s110/code/ttpi_iclr/repro/scripts/run_hardmove.py --n-actuator 16 --env-variant standard --training-seed 3 --environment-seed 2026 --permutation-seed 0 --state-sampling-seed 3 --action-order sensitivity_pam --run-tag formal5080 --n-state 40 --n-action 50 --n-iter 30 --n-iter-v 1 --callback-freq 10 --n-test 100 --device cuda --max-batch-v 10000 --max-batch-a 100000 --nswp-v 5 --nswp-a 10 --rmax-v 100 --rmax-a 100 --kickrank-v 10 --kickrank-a 10 --eps-cross-v 0.001 --eps-cross-a 0.001 --eps-round-v 0.001 --eps-round-a 0.001 --n-samples 50
HM16,3,3,2026,0,3,rankaware_proxy_pam,/home/s110/code/ttpi_iclr/repro/results/HM16_state40_action50_iter30_orderrankaware_proxy_pam_seed3_formal5080.json,/home/s110/miniconda3/envs/tt_5080/bin/python3 /home/s110/code/ttpi_iclr/repro/scripts/run_hardmove.py --n-actuator 16 --env-variant standard --training-seed 3 --environment-seed 2026 --permutation-seed 0 --state-sampling-seed 3 --action-order rankaware_proxy_pam --run-tag formal5080 --n-state 40 --n-action 50 --n-iter 30 --n-iter-v 1 --callback-freq 10 --n-test 100 --device cuda --max-batch-v 10000 --max-batch-a 100000 --nswp-v 5 --nswp-a 10 --rmax-v 100 --rmax-a 100 --kickrank-v 10 --kickrank-a 10 --eps-cross-v 0.001 --eps-cross-a 0.001 --eps-round-v 0.001 --eps-round-a 0.001 --n-samples 50
HM16,3,3,2026,0,3,hybrid_pam,/home/s110/code/ttpi_iclr/repro/results/HM16_state40_action50_iter30_orderhybrid_pam_seed3_formal5080.json,/home/s110/miniconda3/envs/tt_5080/bin/python3 /home/s110/code/ttpi_iclr/repro/scripts/run_hardmove.py --n-actuator 16 --env-variant standard --training-seed 3 --environment-seed 2026 --permutation-seed 0 --state-sampling-seed 3 --action-order hybrid_pam --run-tag formal5080 --n-state 40 --n-action 50 --n-iter 30 --n-iter-v 1 --callback-freq 10 --n-test 100 --device cuda --max-batch-v 10000 --max-batch-a 100000 --nswp-v 5 --nswp-a 10 --rmax-v 100 --rmax-a 100 --kickrank-v 10 --kickrank-a 10 --eps-cross-v 0.001 --eps-cross-a 0.001 --eps-round-v 0.001 --eps-round-a 0.001 --n-samples 50
HM16,4,4,2026,0,4,local,/home/s110/code/ttpi_iclr/repro/results/HM16_state40_action50_iter30_orderlocal_seed4_formal5080.json,/home/s110/miniconda3/envs/tt_5080/bin/python3 /home/s110/code/ttpi_iclr/repro/scripts/run_hardmove.py --n-actuator 16 --env-variant standard --training-seed 4 --environment-seed 2026 --permutation-seed 0 --state-sampling-seed 4 --action-order local --run-tag formal5080 --n-state 40 --n-action 50 --n-iter 30 --n-iter-v 1 --callback-freq 10 --n-test 100 --device cuda --max-batch-v 10000 --max-batch-a 100000 --nswp-v 5 --nswp-a 10 --rmax-v 100 --rmax-a 100 --kickrank-v 10 --kickrank-a 10 --eps-cross-v 0.001 --eps-cross-a 0.001 --eps-round-v 0.001 --eps-round-a 0.001 --n-samples 50
HM16,4,4,2026,0,4,random,/home/s110/code/ttpi_iclr/repro/results/HM16_state40_action50_iter30_orderrandom_seed4_permseed0_formal5080.json,/home/s110/miniconda3/envs/tt_5080/bin/python3 /home/s110/code/ttpi_iclr/repro/scripts/run_hardmove.py --n-actuator 16 --env-variant standard --training-seed 4 --environment-seed 2026 --permutation-seed 0 --include-permutation-seed-in-run-id --state-sampling-seed 4 --action-order random --run-tag formal5080 --n-state 40 --n-action 50 --n-iter 30 --n-iter-v 1 --callback-freq 10 --n-test 100 --device cuda --max-batch-v 10000 --max-batch-a 100000 --nswp-v 5 --nswp-a 10 --rmax-v 100 --rmax-a 100 --kickrank-v 10 --kickrank-a 10 --eps-cross-v 0.001 --eps-cross-a 0.001 --eps-round-v 0.001 --eps-round-a 0.001 --n-samples 50
HM16,4,4,2026,1,4,random,/home/s110/code/ttpi_iclr/repro/results/HM16_state40_action50_iter30_orderrandom_seed4_permseed1_formal5080.json,/home/s110/miniconda3/envs/tt_5080/bin/python3 /home/s110/code/ttpi_iclr/repro/scripts/run_hardmove.py --n-actuator 16 --env-variant standard --training-seed 4 --environment-seed 2026 --permutation-seed 1 --include-permutation-seed-in-run-id --state-sampling-seed 4 --action-order random --run-tag formal5080 --n-state 40 --n-action 50 --n-iter 30 --n-iter-v 1 --callback-freq 10 --n-test 100 --device cuda --max-batch-v 10000 --max-batch-a 100000 --nswp-v 5 --nswp-a 10 --rmax-v 100 --rmax-a 100 --kickrank-v 10 --kickrank-a 10 --eps-cross-v 0.001 --eps-cross-a 0.001 --eps-round-v 0.001 --eps-round-a 0.001 --n-samples 50
HM16,4,4,2026,2,4,random,/home/s110/code/ttpi_iclr/repro/results/HM16_state40_action50_iter30_orderrandom_seed4_permseed2_formal5080.json,/home/s110/miniconda3/envs/tt_5080/bin/python3 /home/s110/code/ttpi_iclr/repro/scripts/run_hardmove.py --n-actuator 16 --env-variant standard --training-seed 4 --environment-seed 2026 --permutation-seed 2 --include-permutation-seed-in-run-id --state-sampling-seed 4 --action-order random --run-tag formal5080 --n-state 40 --n-action 50 --n-iter 30 --n-iter-v 1 --callback-freq 10 --n-test 100 --device cuda --max-batch-v 10000 --max-batch-a 100000 --nswp-v 5 --nswp-a 10 --rmax-v 100 --rmax-a 100 --kickrank-v 10 --kickrank-a 10 --eps-cross-v 0.001 --eps-cross-a 0.001 --eps-round-v 0.001 --eps-round-a 0.001 --n-samples 50
HM16,4,4,2026,0,4,badsplit,/home/s110/code/ttpi_iclr/repro/results/HM16_state40_action50_iter30_orderbadsplit_seed4_formal5080.json,/home/s110/miniconda3/envs/tt_5080/bin/python3 /home/s110/code/ttpi_iclr/repro/scripts/run_hardmove.py --n-actuator 16 --env-variant standard --training-seed 4 --environment-seed 2026 --permutation-seed 0 --state-sampling-seed 4 --action-order badsplit --run-tag formal5080 --n-state 40 --n-action 50 --n-iter 30 --n-iter-v 1 --callback-freq 10 --n-test 100 --device cuda --max-batch-v 10000 --max-batch-a 100000 --nswp-v 5 --nswp-a 10 --rmax-v 100 --rmax-a 100 --kickrank-v 10 --kickrank-a 10 --eps-cross-v 0.001 --eps-cross-a 0.001 --eps-round-v 0.001 --eps-round-a 0.001 --n-samples 50
HM16,4,4,2026,0,4,reverse_blocks,/home/s110/code/ttpi_iclr/repro/results/HM16_state40_action50_iter30_orderreverse_blocks_seed4_formal5080.json,/home/s110/miniconda3/envs/tt_5080/bin/python3 /home/s110/code/ttpi_iclr/repro/scripts/run_hardmove.py --n-actuator 16 --env-variant standard --training-seed 4 --environment-seed 2026 --permutation-seed 0 --state-sampling-seed 4 --action-order reverse_blocks --run-tag formal5080 --n-state 40 --n-action 50 --n-iter 30 --n-iter-v 1 --callback-freq 10 --n-test 100 --device cuda --max-batch-v 10000 --max-batch-a 100000 --nswp-v 5 --nswp-a 10 --rmax-v 100 --rmax-a 100 --kickrank-v 10 --kickrank-a 10 --eps-cross-v 0.001 --eps-cross-a 0.001 --eps-round-v 0.001 --eps-round-a 0.001 --n-samples 50
HM16,4,4,2026,0,4,flip_within_block,/home/s110/code/ttpi_iclr/repro/results/HM16_state40_action50_iter30_orderflip_within_block_seed4_formal5080.json,/home/s110/miniconda3/envs/tt_5080/bin/python3 /home/s110/code/ttpi_iclr/repro/scripts/run_hardmove.py --n-actuator 16 --env-variant standard --training-seed 4 --environment-seed 2026 --permutation-seed 0 --state-sampling-seed 4 --action-order flip_within_block --run-tag formal5080 --n-state 40 --n-action 50 --n-iter 30 --n-iter-v 1 --callback-freq 10 --n-test 100 --device cuda --max-batch-v 10000 --max-batch-a 100000 --nswp-v 5 --nswp-a 10 --rmax-v 100 --rmax-a 100 --kickrank-v 10 --kickrank-a 10 --eps-cross-v 0.001 --eps-cross-a 0.001 --eps-round-v 0.001 --eps-round-a 0.001 --n-samples 50
HM16,4,4,2026,0,4,pam_greedy,/home/s110/code/ttpi_iclr/repro/results/HM16_state40_action50_iter30_orderpam_greedy_seed4_formal5080.json,/home/s110/miniconda3/envs/tt_5080/bin/python3 /home/s110/code/ttpi_iclr/repro/scripts/run_hardmove.py --n-actuator 16 --env-variant standard --training-seed 4 --environment-seed 2026 --permutation-seed 0 --state-sampling-seed 4 --action-order pam_greedy --run-tag formal5080 --n-state 40 --n-action 50 --n-iter 30 --n-iter-v 1 --callback-freq 10 --n-test 100 --device cuda --max-batch-v 10000 --max-batch-a 100000 --nswp-v 5 --nswp-a 10 --rmax-v 100 --rmax-a 100 --kickrank-v 10 --kickrank-a 10 --eps-cross-v 0.001 --eps-cross-a 0.001 --eps-round-v 0.001 --eps-round-a 0.001 --n-samples 50
HM16,4,4,2026,0,4,pam_spectral,/home/s110/code/ttpi_iclr/repro/results/HM16_state40_action50_iter30_orderpam_spectral_seed4_formal5080.json,/home/s110/miniconda3/envs/tt_5080/bin/python3 /home/s110/code/ttpi_iclr/repro/scripts/run_hardmove.py --n-actuator 16 --env-variant standard --training-seed 4 --environment-seed 2026 --permutation-seed 0 --state-sampling-seed 4 --action-order pam_spectral --run-tag formal5080 --n-state 40 --n-action 50 --n-iter 30 --n-iter-v 1 --callback-freq 10 --n-test 100 --device cuda --max-batch-v 10000 --max-batch-a 100000 --nswp-v 5 --nswp-a 10 --rmax-v 100 --rmax-a 100 --kickrank-v 10 --kickrank-a 10 --eps-cross-v 0.001 --eps-cross-a 0.001 --eps-round-v 0.001 --eps-round-a 0.001 --n-samples 50
HM16,4,4,2026,0,4,block_pam,/home/s110/code/ttpi_iclr/repro/results/HM16_state40_action50_iter30_orderblock_pam_seed4_formal5080.json,/home/s110/miniconda3/envs/tt_5080/bin/python3 /home/s110/code/ttpi_iclr/repro/scripts/run_hardmove.py --n-actuator 16 --env-variant standard --training-seed 4 --environment-seed 2026 --permutation-seed 0 --state-sampling-seed 4 --action-order block_pam --run-tag formal5080 --n-state 40 --n-action 50 --n-iter 30 --n-iter-v 1 --callback-freq 10 --n-test 100 --device cuda --max-batch-v 10000 --max-batch-a 100000 --nswp-v 5 --nswp-a 10 --rmax-v 100 --rmax-a 100 --kickrank-v 10 --kickrank-a 10 --eps-cross-v 0.001 --eps-cross-a 0.001 --eps-round-v 0.001 --eps-round-a 0.001 --n-samples 50
HM16,4,4,2026,0,4,free_pam,/home/s110/code/ttpi_iclr/repro/results/HM16_state40_action50_iter30_orderfree_pam_seed4_formal5080.json,/home/s110/miniconda3/envs/tt_5080/bin/python3 /home/s110/code/ttpi_iclr/repro/scripts/run_hardmove.py --n-actuator 16 --env-variant standard --training-seed 4 --environment-seed 2026 --permutation-seed 0 --state-sampling-seed 4 --action-order free_pam --run-tag formal5080 --n-state 40 --n-action 50 --n-iter 30 --n-iter-v 1 --callback-freq 10 --n-test 100 --device cuda --max-batch-v 10000 --max-batch-a 100000 --nswp-v 5 --nswp-a 10 --rmax-v 100 --rmax-a 100 --kickrank-v 10 --kickrank-a 10 --eps-cross-v 0.001 --eps-cross-a 0.001 --eps-round-v 0.001 --eps-round-a 0.001 --n-samples 50
HM16,4,4,2026,0,4,peakcut_pam,/home/s110/code/ttpi_iclr/repro/results/HM16_state40_action50_iter30_orderpeakcut_pam_seed4_formal5080.json,/home/s110/miniconda3/envs/tt_5080/bin/python3 /home/s110/code/ttpi_iclr/repro/scripts/run_hardmove.py --n-actuator 16 --env-variant standard --training-seed 4 --environment-seed 2026 --permutation-seed 0 --state-sampling-seed 4 --action-order peakcut_pam --run-tag formal5080 --n-state 40 --n-action 50 --n-iter 30 --n-iter-v 1 --callback-freq 10 --n-test 100 --device cuda --max-batch-v 10000 --max-batch-a 100000 --nswp-v 5 --nswp-a 10 --rmax-v 100 --rmax-a 100 --kickrank-v 10 --kickrank-a 10 --eps-cross-v 0.001 --eps-cross-a 0.001 --eps-round-v 0.001 --eps-round-a 0.001 --n-samples 50
HM16,4,4,2026,0,4,sensitivity_pam,/home/s110/code/ttpi_iclr/repro/results/HM16_state40_action50_iter30_ordersensitivity_pam_seed4_formal5080.json,/home/s110/miniconda3/envs/tt_5080/bin/python3 /home/s110/code/ttpi_iclr/repro/scripts/run_hardmove.py --n-actuator 16 --env-variant standard --training-seed 4 --environment-seed 2026 --permutation-seed 0 --state-sampling-seed 4 --action-order sensitivity_pam --run-tag formal5080 --n-state 40 --n-action 50 --n-iter 30 --n-iter-v 1 --callback-freq 10 --n-test 100 --device cuda --max-batch-v 10000 --max-batch-a 100000 --nswp-v 5 --nswp-a 10 --rmax-v 100 --rmax-a 100 --kickrank-v 10 --kickrank-a 10 --eps-cross-v 0.001 --eps-cross-a 0.001 --eps-round-v 0.001 --eps-round-a 0.001 --n-samples 50
HM16,4,4,2026,0,4,rankaware_proxy_pam,/home/s110/code/ttpi_iclr/repro/results/HM16_state40_action50_iter30_orderrankaware_proxy_pam_seed4_formal5080.json,/home/s110/miniconda3/envs/tt_5080/bin/python3 /home/s110/code/ttpi_iclr/repro/scripts/run_hardmove.py --n-actuator 16 --env-variant standard --training-seed 4 --environment-seed 2026 --permutation-seed 0 --state-sampling-seed 4 --action-order rankaware_proxy_pam --run-tag formal5080 --n-state 40 --n-action 50 --n-iter 30 --n-iter-v 1 --callback-freq 10 --n-test 100 --device cuda --max-batch-v 10000 --max-batch-a 100000 --nswp-v 5 --nswp-a 10 --rmax-v 100 --rmax-a 100 --kickrank-v 10 --kickrank-a 10 --eps-cross-v 0.001 --eps-cross-a 0.001 --eps-round-v 0.001 --eps-round-a 0.001 --n-samples 50
HM16,4,4,2026,0,4,hybrid_pam,/home/s110/code/ttpi_iclr/repro/results/HM16_state40_action50_iter30_orderhybrid_pam_seed4_formal5080.json,/home/s110/miniconda3/envs/tt_5080/bin/python3 /home/s110/code/ttpi_iclr/repro/scripts/run_hardmove.py --n-actuator 16 --env-variant standard --training-seed 4 --environment-seed 2026 --permutation-seed 0 --state-sampling-seed 4 --action-order hybrid_pam --run-tag formal5080 --n-state 40 --n-action 50 --n-iter 30 --n-iter-v 1 --callback-freq 10 --n-test 100 --device cuda --max-batch-v 10000 --max-batch-a 100000 --nswp-v 5 --nswp-a 10 --rmax-v 100 --rmax-a 100 --kickrank-v 10 --kickrank-a 10 --eps-cross-v 0.001 --eps-cross-a 0.001 --eps-round-v 0.001 --eps-round-a 0.001 --n-samples 50
HM16,5,5,2026,0,5,local,/home/s110/code/ttpi_iclr/repro/results/HM16_state40_action50_iter30_orderlocal_seed5_formal5080.json,/home/s110/miniconda3/envs/tt_5080/bin/python3 /home/s110/code/ttpi_iclr/repro/scripts/run_hardmove.py --n-actuator 16 --env-variant standard --training-seed 5 --environment-seed 2026 --permutation-seed 0 --state-sampling-seed 5 --action-order local --run-tag formal5080 --n-state 40 --n-action 50 --n-iter 30 --n-iter-v 1 --callback-freq 10 --n-test 100 --device cuda --max-batch-v 10000 --max-batch-a 100000 --nswp-v 5 --nswp-a 10 --rmax-v 100 --rmax-a 100 --kickrank-v 10 --kickrank-a 10 --eps-cross-v 0.001 --eps-cross-a 0.001 --eps-round-v 0.001 --eps-round-a 0.001 --n-samples 50
HM16,5,5,2026,0,5,random,/home/s110/code/ttpi_iclr/repro/results/HM16_state40_action50_iter30_orderrandom_seed5_permseed0_formal5080.json,/home/s110/miniconda3/envs/tt_5080/bin/python3 /home/s110/code/ttpi_iclr/repro/scripts/run_hardmove.py --n-actuator 16 --env-variant standard --training-seed 5 --environment-seed 2026 --permutation-seed 0 --include-permutation-seed-in-run-id --state-sampling-seed 5 --action-order random --run-tag formal5080 --n-state 40 --n-action 50 --n-iter 30 --n-iter-v 1 --callback-freq 10 --n-test 100 --device cuda --max-batch-v 10000 --max-batch-a 100000 --nswp-v 5 --nswp-a 10 --rmax-v 100 --rmax-a 100 --kickrank-v 10 --kickrank-a 10 --eps-cross-v 0.001 --eps-cross-a 0.001 --eps-round-v 0.001 --eps-round-a 0.001 --n-samples 50
HM16,5,5,2026,1,5,random,/home/s110/code/ttpi_iclr/repro/results/HM16_state40_action50_iter30_orderrandom_seed5_permseed1_formal5080.json,/home/s110/miniconda3/envs/tt_5080/bin/python3 /home/s110/code/ttpi_iclr/repro/scripts/run_hardmove.py --n-actuator 16 --env-variant standard --training-seed 5 --environment-seed 2026 --permutation-seed 1 --include-permutation-seed-in-run-id --state-sampling-seed 5 --action-order random --run-tag formal5080 --n-state 40 --n-action 50 --n-iter 30 --n-iter-v 1 --callback-freq 10 --n-test 100 --device cuda --max-batch-v 10000 --max-batch-a 100000 --nswp-v 5 --nswp-a 10 --rmax-v 100 --rmax-a 100 --kickrank-v 10 --kickrank-a 10 --eps-cross-v 0.001 --eps-cross-a 0.001 --eps-round-v 0.001 --eps-round-a 0.001 --n-samples 50
HM16,5,5,2026,2,5,random,/home/s110/code/ttpi_iclr/repro/results/HM16_state40_action50_iter30_orderrandom_seed5_permseed2_formal5080.json,/home/s110/miniconda3/envs/tt_5080/bin/python3 /home/s110/code/ttpi_iclr/repro/scripts/run_hardmove.py --n-actuator 16 --env-variant standard --training-seed 5 --environment-seed 2026 --permutation-seed 2 --include-permutation-seed-in-run-id --state-sampling-seed 5 --action-order random --run-tag formal5080 --n-state 40 --n-action 50 --n-iter 30 --n-iter-v 1 --callback-freq 10 --n-test 100 --device cuda --max-batch-v 10000 --max-batch-a 100000 --nswp-v 5 --nswp-a 10 --rmax-v 100 --rmax-a 100 --kickrank-v 10 --kickrank-a 10 --eps-cross-v 0.001 --eps-cross-a 0.001 --eps-round-v 0.001 --eps-round-a 0.001 --n-samples 50
HM16,5,5,2026,0,5,badsplit,/home/s110/code/ttpi_iclr/repro/results/HM16_state40_action50_iter30_orderbadsplit_seed5_formal5080.json,/home/s110/miniconda3/envs/tt_5080/bin/python3 /home/s110/code/ttpi_iclr/repro/scripts/run_hardmove.py --n-actuator 16 --env-variant standard --training-seed 5 --environment-seed 2026 --permutation-seed 0 --state-sampling-seed 5 --action-order badsplit --run-tag formal5080 --n-state 40 --n-action 50 --n-iter 30 --n-iter-v 1 --callback-freq 10 --n-test 100 --device cuda --max-batch-v 10000 --max-batch-a 100000 --nswp-v 5 --nswp-a 10 --rmax-v 100 --rmax-a 100 --kickrank-v 10 --kickrank-a 10 --eps-cross-v 0.001 --eps-cross-a 0.001 --eps-round-v 0.001 --eps-round-a 0.001 --n-samples 50
HM16,5,5,2026,0,5,reverse_blocks,/home/s110/code/ttpi_iclr/repro/results/HM16_state40_action50_iter30_orderreverse_blocks_seed5_formal5080.json,/home/s110/miniconda3/envs/tt_5080/bin/python3 /home/s110/code/ttpi_iclr/repro/scripts/run_hardmove.py --n-actuator 16 --env-variant standard --training-seed 5 --environment-seed 2026 --permutation-seed 0 --state-sampling-seed 5 --action-order reverse_blocks --run-tag formal5080 --n-state 40 --n-action 50 --n-iter 30 --n-iter-v 1 --callback-freq 10 --n-test 100 --device cuda --max-batch-v 10000 --max-batch-a 100000 --nswp-v 5 --nswp-a 10 --rmax-v 100 --rmax-a 100 --kickrank-v 10 --kickrank-a 10 --eps-cross-v 0.001 --eps-cross-a 0.001 --eps-round-v 0.001 --eps-round-a 0.001 --n-samples 50
HM16,5,5,2026,0,5,flip_within_block,/home/s110/code/ttpi_iclr/repro/results/HM16_state40_action50_iter30_orderflip_within_block_seed5_formal5080.json,/home/s110/miniconda3/envs/tt_5080/bin/python3 /home/s110/code/ttpi_iclr/repro/scripts/run_hardmove.py --n-actuator 16 --env-variant standard --training-seed 5 --environment-seed 2026 --permutation-seed 0 --state-sampling-seed 5 --action-order flip_within_block --run-tag formal5080 --n-state 40 --n-action 50 --n-iter 30 --n-iter-v 1 --callback-freq 10 --n-test 100 --device cuda --max-batch-v 10000 --max-batch-a 100000 --nswp-v 5 --nswp-a 10 --rmax-v 100 --rmax-a 100 --kickrank-v 10 --kickrank-a 10 --eps-cross-v 0.001 --eps-cross-a 0.001 --eps-round-v 0.001 --eps-round-a 0.001 --n-samples 50
HM16,5,5,2026,0,5,pam_greedy,/home/s110/code/ttpi_iclr/repro/results/HM16_state40_action50_iter30_orderpam_greedy_seed5_formal5080.json,/home/s110/miniconda3/envs/tt_5080/bin/python3 /home/s110/code/ttpi_iclr/repro/scripts/run_hardmove.py --n-actuator 16 --env-variant standard --training-seed 5 --environment-seed 2026 --permutation-seed 0 --state-sampling-seed 5 --action-order pam_greedy --run-tag formal5080 --n-state 40 --n-action 50 --n-iter 30 --n-iter-v 1 --callback-freq 10 --n-test 100 --device cuda --max-batch-v 10000 --max-batch-a 100000 --nswp-v 5 --nswp-a 10 --rmax-v 100 --rmax-a 100 --kickrank-v 10 --kickrank-a 10 --eps-cross-v 0.001 --eps-cross-a 0.001 --eps-round-v 0.001 --eps-round-a 0.001 --n-samples 50
HM16,5,5,2026,0,5,pam_spectral,/home/s110/code/ttpi_iclr/repro/results/HM16_state40_action50_iter30_orderpam_spectral_seed5_formal5080.json,/home/s110/miniconda3/envs/tt_5080/bin/python3 /home/s110/code/ttpi_iclr/repro/scripts/run_hardmove.py --n-actuator 16 --env-variant standard --training-seed 5 --environment-seed 2026 --permutation-seed 0 --state-sampling-seed 5 --action-order pam_spectral --run-tag formal5080 --n-state 40 --n-action 50 --n-iter 30 --n-iter-v 1 --callback-freq 10 --n-test 100 --device cuda --max-batch-v 10000 --max-batch-a 100000 --nswp-v 5 --nswp-a 10 --rmax-v 100 --rmax-a 100 --kickrank-v 10 --kickrank-a 10 --eps-cross-v 0.001 --eps-cross-a 0.001 --eps-round-v 0.001 --eps-round-a 0.001 --n-samples 50
HM16,5,5,2026,0,5,block_pam,/home/s110/code/ttpi_iclr/repro/results/HM16_state40_action50_iter30_orderblock_pam_seed5_formal5080.json,/home/s110/miniconda3/envs/tt_5080/bin/python3 /home/s110/code/ttpi_iclr/repro/scripts/run_hardmove.py --n-actuator 16 --env-variant standard --training-seed 5 --environment-seed 2026 --permutation-seed 0 --state-sampling-seed 5 --action-order block_pam --run-tag formal5080 --n-state 40 --n-action 50 --n-iter 30 --n-iter-v 1 --callback-freq 10 --n-test 100 --device cuda --max-batch-v 10000 --max-batch-a 100000 --nswp-v 5 --nswp-a 10 --rmax-v 100 --rmax-a 100 --kickrank-v 10 --kickrank-a 10 --eps-cross-v 0.001 --eps-cross-a 0.001 --eps-round-v 0.001 --eps-round-a 0.001 --n-samples 50
HM16,5,5,2026,0,5,free_pam,/home/s110/code/ttpi_iclr/repro/results/HM16_state40_action50_iter30_orderfree_pam_seed5_formal5080.json,/home/s110/miniconda3/envs/tt_5080/bin/python3 /home/s110/code/ttpi_iclr/repro/scripts/run_hardmove.py --n-actuator 16 --env-variant standard --training-seed 5 --environment-seed 2026 --permutation-seed 0 --state-sampling-seed 5 --action-order free_pam --run-tag formal5080 --n-state 40 --n-action 50 --n-iter 30 --n-iter-v 1 --callback-freq 10 --n-test 100 --device cuda --max-batch-v 10000 --max-batch-a 100000 --nswp-v 5 --nswp-a 10 --rmax-v 100 --rmax-a 100 --kickrank-v 10 --kickrank-a 10 --eps-cross-v 0.001 --eps-cross-a 0.001 --eps-round-v 0.001 --eps-round-a 0.001 --n-samples 50
HM16,5,5,2026,0,5,peakcut_pam,/home/s110/code/ttpi_iclr/repro/results/HM16_state40_action50_iter30_orderpeakcut_pam_seed5_formal5080.json,/home/s110/miniconda3/envs/tt_5080/bin/python3 /home/s110/code/ttpi_iclr/repro/scripts/run_hardmove.py --n-actuator 16 --env-variant standard --training-seed 5 --environment-seed 2026 --permutation-seed 0 --state-sampling-seed 5 --action-order peakcut_pam --run-tag formal5080 --n-state 40 --n-action 50 --n-iter 30 --n-iter-v 1 --callback-freq 10 --n-test 100 --device cuda --max-batch-v 10000 --max-batch-a 100000 --nswp-v 5 --nswp-a 10 --rmax-v 100 --rmax-a 100 --kickrank-v 10 --kickrank-a 10 --eps-cross-v 0.001 --eps-cross-a 0.001 --eps-round-v 0.001 --eps-round-a 0.001 --n-samples 50
HM16,5,5,2026,0,5,sensitivity_pam,/home/s110/code/ttpi_iclr/repro/results/HM16_state40_action50_iter30_ordersensitivity_pam_seed5_formal5080.json,/home/s110/miniconda3/envs/tt_5080/bin/python3 /home/s110/code/ttpi_iclr/repro/scripts/run_hardmove.py --n-actuator 16 --env-variant standard --training-seed 5 --environment-seed 2026 --permutation-seed 0 --state-sampling-seed 5 --action-order sensitivity_pam --run-tag formal5080 --n-state 40 --n-action 50 --n-iter 30 --n-iter-v 1 --callback-freq 10 --n-test 100 --device cuda --max-batch-v 10000 --max-batch-a 100000 --nswp-v 5 --nswp-a 10 --rmax-v 100 --rmax-a 100 --kickrank-v 10 --kickrank-a 10 --eps-cross-v 0.001 --eps-cross-a 0.001 --eps-round-v 0.001 --eps-round-a 0.001 --n-samples 50
HM16,5,5,2026,0,5,rankaware_proxy_pam,/home/s110/code/ttpi_iclr/repro/results/HM16_state40_action50_iter30_orderrankaware_proxy_pam_seed5_formal5080.json,/home/s110/miniconda3/envs/tt_5080/bin/python3 /home/s110/code/ttpi_iclr/repro/scripts/run_hardmove.py --n-actuator 16 --env-variant standard --training-seed 5 --environment-seed 2026 --permutation-seed 0 --state-sampling-seed 5 --action-order rankaware_proxy_pam --run-tag formal5080 --n-state 40 --n-action 50 --n-iter 30 --n-iter-v 1 --callback-freq 10 --n-test 100 --device cuda --max-batch-v 10000 --max-batch-a 100000 --nswp-v 5 --nswp-a 10 --rmax-v 100 --rmax-a 100 --kickrank-v 10 --kickrank-a 10 --eps-cross-v 0.001 --eps-cross-a 0.001 --eps-round-v 0.001 --eps-round-a 0.001 --n-samples 50
HM16,5,5,2026,0,5,hybrid_pam,/home/s110/code/ttpi_iclr/repro/results/HM16_state40_action50_iter30_orderhybrid_pam_seed5_formal5080.json,/home/s110/miniconda3/envs/tt_5080/bin/python3 /home/s110/code/ttpi_iclr/repro/scripts/run_hardmove.py --n-actuator 16 --env-variant standard --training-seed 5 --environment-seed 2026 --permutation-seed 0 --state-sampling-seed 5 --action-order hybrid_pam --run-tag formal5080 --n-state 40 --n-action 50 --n-iter 30 --n-iter-v 1 --callback-freq 10 --n-test 100 --device cuda --max-batch-v 10000 --max-batch-a 100000 --nswp-v 5 --nswp-a 10 --rmax-v 100 --rmax-a 100 --kickrank-v 10 --kickrank-a 10 --eps-cross-v 0.001 --eps-cross-a 0.001 --eps-round-v 0.001 --eps-round-a 0.001 --n-samples 50
HM16,6,6,2026,0,6,local,/home/s110/code/ttpi_iclr/repro/results/HM16_state40_action50_iter30_orderlocal_seed6_formal5080.json,/home/s110/miniconda3/envs/tt_5080/bin/python3 /home/s110/code/ttpi_iclr/repro/scripts/run_hardmove.py --n-actuator 16 --env-variant standard --training-seed 6 --environment-seed 2026 --permutation-seed 0 --state-sampling-seed 6 --action-order local --run-tag formal5080 --n-state 40 --n-action 50 --n-iter 30 --n-iter-v 1 --callback-freq 10 --n-test 100 --device cuda --max-batch-v 10000 --max-batch-a 100000 --nswp-v 5 --nswp-a 10 --rmax-v 100 --rmax-a 100 --kickrank-v 10 --kickrank-a 10 --eps-cross-v 0.001 --eps-cross-a 0.001 --eps-round-v 0.001 --eps-round-a 0.001 --n-samples 50
HM16,6,6,2026,0,6,random,/home/s110/code/ttpi_iclr/repro/results/HM16_state40_action50_iter30_orderrandom_seed6_permseed0_formal5080.json,/home/s110/miniconda3/envs/tt_5080/bin/python3 /home/s110/code/ttpi_iclr/repro/scripts/run_hardmove.py --n-actuator 16 --env-variant standard --training-seed 6 --environment-seed 2026 --permutation-seed 0 --include-permutation-seed-in-run-id --state-sampling-seed 6 --action-order random --run-tag formal5080 --n-state 40 --n-action 50 --n-iter 30 --n-iter-v 1 --callback-freq 10 --n-test 100 --device cuda --max-batch-v 10000 --max-batch-a 100000 --nswp-v 5 --nswp-a 10 --rmax-v 100 --rmax-a 100 --kickrank-v 10 --kickrank-a 10 --eps-cross-v 0.001 --eps-cross-a 0.001 --eps-round-v 0.001 --eps-round-a 0.001 --n-samples 50
HM16,6,6,2026,1,6,random,/home/s110/code/ttpi_iclr/repro/results/HM16_state40_action50_iter30_orderrandom_seed6_permseed1_formal5080.json,/home/s110/miniconda3/envs/tt_5080/bin/python3 /home/s110/code/ttpi_iclr/repro/scripts/run_hardmove.py --n-actuator 16 --env-variant standard --training-seed 6 --environment-seed 2026 --permutation-seed 1 --include-permutation-seed-in-run-id --state-sampling-seed 6 --action-order random --run-tag formal5080 --n-state 40 --n-action 50 --n-iter 30 --n-iter-v 1 --callback-freq 10 --n-test 100 --device cuda --max-batch-v 10000 --max-batch-a 100000 --nswp-v 5 --nswp-a 10 --rmax-v 100 --rmax-a 100 --kickrank-v 10 --kickrank-a 10 --eps-cross-v 0.001 --eps-cross-a 0.001 --eps-round-v 0.001 --eps-round-a 0.001 --n-samples 50
HM16,6,6,2026,2,6,random,/home/s110/code/ttpi_iclr/repro/results/HM16_state40_action50_iter30_orderrandom_seed6_permseed2_formal5080.json,/home/s110/miniconda3/envs/tt_5080/bin/python3 /home/s110/code/ttpi_iclr/repro/scripts/run_hardmove.py --n-actuator 16 --env-variant standard --training-seed 6 --environment-seed 2026 --permutation-seed 2 --include-permutation-seed-in-run-id --state-sampling-seed 6 --action-order random --run-tag formal5080 --n-state 40 --n-action 50 --n-iter 30 --n-iter-v 1 --callback-freq 10 --n-test 100 --device cuda --max-batch-v 10000 --max-batch-a 100000 --nswp-v 5 --nswp-a 10 --rmax-v 100 --rmax-a 100 --kickrank-v 10 --kickrank-a 10 --eps-cross-v 0.001 --eps-cross-a 0.001 --eps-round-v 0.001 --eps-round-a 0.001 --n-samples 50
HM16,6,6,2026,0,6,badsplit,/home/s110/code/ttpi_iclr/repro/results/HM16_state40_action50_iter30_orderbadsplit_seed6_formal5080.json,/home/s110/miniconda3/envs/tt_5080/bin/python3 /home/s110/code/ttpi_iclr/repro/scripts/run_hardmove.py --n-actuator 16 --env-variant standard --training-seed 6 --environment-seed 2026 --permutation-seed 0 --state-sampling-seed 6 --action-order badsplit --run-tag formal5080 --n-state 40 --n-action 50 --n-iter 30 --n-iter-v 1 --callback-freq 10 --n-test 100 --device cuda --max-batch-v 10000 --max-batch-a 100000 --nswp-v 5 --nswp-a 10 --rmax-v 100 --rmax-a 100 --kickrank-v 10 --kickrank-a 10 --eps-cross-v 0.001 --eps-cross-a 0.001 --eps-round-v 0.001 --eps-round-a 0.001 --n-samples 50
HM16,6,6,2026,0,6,reverse_blocks,/home/s110/code/ttpi_iclr/repro/results/HM16_state40_action50_iter30_orderreverse_blocks_seed6_formal5080.json,/home/s110/miniconda3/envs/tt_5080/bin/python3 /home/s110/code/ttpi_iclr/repro/scripts/run_hardmove.py --n-actuator 16 --env-variant standard --training-seed 6 --environment-seed 2026 --permutation-seed 0 --state-sampling-seed 6 --action-order reverse_blocks --run-tag formal5080 --n-state 40 --n-action 50 --n-iter 30 --n-iter-v 1 --callback-freq 10 --n-test 100 --device cuda --max-batch-v 10000 --max-batch-a 100000 --nswp-v 5 --nswp-a 10 --rmax-v 100 --rmax-a 100 --kickrank-v 10 --kickrank-a 10 --eps-cross-v 0.001 --eps-cross-a 0.001 --eps-round-v 0.001 --eps-round-a 0.001 --n-samples 50
HM16,6,6,2026,0,6,flip_within_block,/home/s110/code/ttpi_iclr/repro/results/HM16_state40_action50_iter30_orderflip_within_block_seed6_formal5080.json,/home/s110/miniconda3/envs/tt_5080/bin/python3 /home/s110/code/ttpi_iclr/repro/scripts/run_hardmove.py --n-actuator 16 --env-variant standard --training-seed 6 --environment-seed 2026 --permutation-seed 0 --state-sampling-seed 6 --action-order flip_within_block --run-tag formal5080 --n-state 40 --n-action 50 --n-iter 30 --n-iter-v 1 --callback-freq 10 --n-test 100 --device cuda --max-batch-v 10000 --max-batch-a 100000 --nswp-v 5 --nswp-a 10 --rmax-v 100 --rmax-a 100 --kickrank-v 10 --kickrank-a 10 --eps-cross-v 0.001 --eps-cross-a 0.001 --eps-round-v 0.001 --eps-round-a 0.001 --n-samples 50
HM16,6,6,2026,0,6,pam_greedy,/home/s110/code/ttpi_iclr/repro/results/HM16_state40_action50_iter30_orderpam_greedy_seed6_formal5080.json,/home/s110/miniconda3/envs/tt_5080/bin/python3 /home/s110/code/ttpi_iclr/repro/scripts/run_hardmove.py --n-actuator 16 --env-variant standard --training-seed 6 --environment-seed 2026 --permutation-seed 0 --state-sampling-seed 6 --action-order pam_greedy --run-tag formal5080 --n-state 40 --n-action 50 --n-iter 30 --n-iter-v 1 --callback-freq 10 --n-test 100 --device cuda --max-batch-v 10000 --max-batch-a 100000 --nswp-v 5 --nswp-a 10 --rmax-v 100 --rmax-a 100 --kickrank-v 10 --kickrank-a 10 --eps-cross-v 0.001 --eps-cross-a 0.001 --eps-round-v 0.001 --eps-round-a 0.001 --n-samples 50
HM16,6,6,2026,0,6,pam_spectral,/home/s110/code/ttpi_iclr/repro/results/HM16_state40_action50_iter30_orderpam_spectral_seed6_formal5080.json,/home/s110/miniconda3/envs/tt_5080/bin/python3 /home/s110/code/ttpi_iclr/repro/scripts/run_hardmove.py --n-actuator 16 --env-variant standard --training-seed 6 --environment-seed 2026 --permutation-seed 0 --state-sampling-seed 6 --action-order pam_spectral --run-tag formal5080 --n-state 40 --n-action 50 --n-iter 30 --n-iter-v 1 --callback-freq 10 --n-test 100 --device cuda --max-batch-v 10000 --max-batch-a 100000 --nswp-v 5 --nswp-a 10 --rmax-v 100 --rmax-a 100 --kickrank-v 10 --kickrank-a 10 --eps-cross-v 0.001 --eps-cross-a 0.001 --eps-round-v 0.001 --eps-round-a 0.001 --n-samples 50
HM16,6,6,2026,0,6,block_pam,/home/s110/code/ttpi_iclr/repro/results/HM16_state40_action50_iter30_orderblock_pam_seed6_formal5080.json,/home/s110/miniconda3/envs/tt_5080/bin/python3 /home/s110/code/ttpi_iclr/repro/scripts/run_hardmove.py --n-actuator 16 --env-variant standard --training-seed 6 --environment-seed 2026 --permutation-seed 0 --state-sampling-seed 6 --action-order block_pam --run-tag formal5080 --n-state 40 --n-action 50 --n-iter 30 --n-iter-v 1 --callback-freq 10 --n-test 100 --device cuda --max-batch-v 10000 --max-batch-a 100000 --nswp-v 5 --nswp-a 10 --rmax-v 100 --rmax-a 100 --kickrank-v 10 --kickrank-a 10 --eps-cross-v 0.001 --eps-cross-a 0.001 --eps-round-v 0.001 --eps-round-a 0.001 --n-samples 50
HM16,6,6,2026,0,6,free_pam,/home/s110/code/ttpi_iclr/repro/results/HM16_state40_action50_iter30_orderfree_pam_seed6_formal5080.json,/home/s110/miniconda3/envs/tt_5080/bin/python3 /home/s110/code/ttpi_iclr/repro/scripts/run_hardmove.py --n-actuator 16 --env-variant standard --training-seed 6 --environment-seed 2026 --permutation-seed 0 --state-sampling-seed 6 --action-order free_pam --run-tag formal5080 --n-state 40 --n-action 50 --n-iter 30 --n-iter-v 1 --callback-freq 10 --n-test 100 --device cuda --max-batch-v 10000 --max-batch-a 100000 --nswp-v 5 --nswp-a 10 --rmax-v 100 --rmax-a 100 --kickrank-v 10 --kickrank-a 10 --eps-cross-v 0.001 --eps-cross-a 0.001 --eps-round-v 0.001 --eps-round-a 0.001 --n-samples 50
HM16,6,6,2026,0,6,peakcut_pam,/home/s110/code/ttpi_iclr/repro/results/HM16_state40_action50_iter30_orderpeakcut_pam_seed6_formal5080.json,/home/s110/miniconda3/envs/tt_5080/bin/python3 /home/s110/code/ttpi_iclr/repro/scripts/run_hardmove.py --n-actuator 16 --env-variant standard --training-seed 6 --environment-seed 2026 --permutation-seed 0 --state-sampling-seed 6 --action-order peakcut_pam --run-tag formal5080 --n-state 40 --n-action 50 --n-iter 30 --n-iter-v 1 --callback-freq 10 --n-test 100 --device cuda --max-batch-v 10000 --max-batch-a 100000 --nswp-v 5 --nswp-a 10 --rmax-v 100 --rmax-a 100 --kickrank-v 10 --kickrank-a 10 --eps-cross-v 0.001 --eps-cross-a 0.001 --eps-round-v 0.001 --eps-round-a 0.001 --n-samples 50
HM16,6,6,2026,0,6,sensitivity_pam,/home/s110/code/ttpi_iclr/repro/results/HM16_state40_action50_iter30_ordersensitivity_pam_seed6_formal5080.json,/home/s110/miniconda3/envs/tt_5080/bin/python3 /home/s110/code/ttpi_iclr/repro/scripts/run_hardmove.py --n-actuator 16 --env-variant standard --training-seed 6 --environment-seed 2026 --permutation-seed 0 --state-sampling-seed 6 --action-order sensitivity_pam --run-tag formal5080 --n-state 40 --n-action 50 --n-iter 30 --n-iter-v 1 --callback-freq 10 --n-test 100 --device cuda --max-batch-v 10000 --max-batch-a 100000 --nswp-v 5 --nswp-a 10 --rmax-v 100 --rmax-a 100 --kickrank-v 10 --kickrank-a 10 --eps-cross-v 0.001 --eps-cross-a 0.001 --eps-round-v 0.001 --eps-round-a 0.001 --n-samples 50
HM16,6,6,2026,0,6,rankaware_proxy_pam,/home/s110/code/ttpi_iclr/repro/results/HM16_state40_action50_iter30_orderrankaware_proxy_pam_seed6_formal5080.json,/home/s110/miniconda3/envs/tt_5080/bin/python3 /home/s110/code/ttpi_iclr/repro/scripts/run_hardmove.py --n-actuator 16 --env-variant standard --training-seed 6 --environment-seed 2026 --permutation-seed 0 --state-sampling-seed 6 --action-order rankaware_proxy_pam --run-tag formal5080 --n-state 40 --n-action 50 --n-iter 30 --n-iter-v 1 --callback-freq 10 --n-test 100 --device cuda --max-batch-v 10000 --max-batch-a 100000 --nswp-v 5 --nswp-a 10 --rmax-v 100 --rmax-a 100 --kickrank-v 10 --kickrank-a 10 --eps-cross-v 0.001 --eps-cross-a 0.001 --eps-round-v 0.001 --eps-round-a 0.001 --n-samples 50
HM16,6,6,2026,0,6,hybrid_pam,/home/s110/code/ttpi_iclr/repro/results/HM16_state40_action50_iter30_orderhybrid_pam_seed6_formal5080.json,/home/s110/miniconda3/envs/tt_5080/bin/python3 /home/s110/code/ttpi_iclr/repro/scripts/run_hardmove.py --n-actuator 16 --env-variant standard --training-seed 6 --environment-seed 2026 --permutation-seed 0 --state-sampling-seed 6 --action-order hybrid_pam --run-tag formal5080 --n-state 40 --n-action 50 --n-iter 30 --n-iter-v 1 --callback-freq 10 --n-test 100 --device cuda --max-batch-v 10000 --max-batch-a 100000 --nswp-v 5 --nswp-a 10 --rmax-v 100 --rmax-a 100 --kickrank-v 10 --kickrank-a 10 --eps-cross-v 0.001 --eps-cross-a 0.001 --eps-round-v 0.001 --eps-round-a 0.001 --n-samples 50
HM16,7,7,2026,0,7,local,/home/s110/code/ttpi_iclr/repro/results/HM16_state40_action50_iter30_orderlocal_seed7_formal5080.json,/home/s110/miniconda3/envs/tt_5080/bin/python3 /home/s110/code/ttpi_iclr/repro/scripts/run_hardmove.py --n-actuator 16 --env-variant standard --training-seed 7 --environment-seed 2026 --permutation-seed 0 --state-sampling-seed 7 --action-order local --run-tag formal5080 --n-state 40 --n-action 50 --n-iter 30 --n-iter-v 1 --callback-freq 10 --n-test 100 --device cuda --max-batch-v 10000 --max-batch-a 100000 --nswp-v 5 --nswp-a 10 --rmax-v 100 --rmax-a 100 --kickrank-v 10 --kickrank-a 10 --eps-cross-v 0.001 --eps-cross-a 0.001 --eps-round-v 0.001 --eps-round-a 0.001 --n-samples 50
HM16,7,7,2026,0,7,random,/home/s110/code/ttpi_iclr/repro/results/HM16_state40_action50_iter30_orderrandom_seed7_permseed0_formal5080.json,/home/s110/miniconda3/envs/tt_5080/bin/python3 /home/s110/code/ttpi_iclr/repro/scripts/run_hardmove.py --n-actuator 16 --env-variant standard --training-seed 7 --environment-seed 2026 --permutation-seed 0 --include-permutation-seed-in-run-id --state-sampling-seed 7 --action-order random --run-tag formal5080 --n-state 40 --n-action 50 --n-iter 30 --n-iter-v 1 --callback-freq 10 --n-test 100 --device cuda --max-batch-v 10000 --max-batch-a 100000 --nswp-v 5 --nswp-a 10 --rmax-v 100 --rmax-a 100 --kickrank-v 10 --kickrank-a 10 --eps-cross-v 0.001 --eps-cross-a 0.001 --eps-round-v 0.001 --eps-round-a 0.001 --n-samples 50
HM16,7,7,2026,1,7,random,/home/s110/code/ttpi_iclr/repro/results/HM16_state40_action50_iter30_orderrandom_seed7_permseed1_formal5080.json,/home/s110/miniconda3/envs/tt_5080/bin/python3 /home/s110/code/ttpi_iclr/repro/scripts/run_hardmove.py --n-actuator 16 --env-variant standard --training-seed 7 --environment-seed 2026 --permutation-seed 1 --include-permutation-seed-in-run-id --state-sampling-seed 7 --action-order random --run-tag formal5080 --n-state 40 --n-action 50 --n-iter 30 --n-iter-v 1 --callback-freq 10 --n-test 100 --device cuda --max-batch-v 10000 --max-batch-a 100000 --nswp-v 5 --nswp-a 10 --rmax-v 100 --rmax-a 100 --kickrank-v 10 --kickrank-a 10 --eps-cross-v 0.001 --eps-cross-a 0.001 --eps-round-v 0.001 --eps-round-a 0.001 --n-samples 50
HM16,7,7,2026,2,7,random,/home/s110/code/ttpi_iclr/repro/results/HM16_state40_action50_iter30_orderrandom_seed7_permseed2_formal5080.json,/home/s110/miniconda3/envs/tt_5080/bin/python3 /home/s110/code/ttpi_iclr/repro/scripts/run_hardmove.py --n-actuator 16 --env-variant standard --training-seed 7 --environment-seed 2026 --permutation-seed 2 --include-permutation-seed-in-run-id --state-sampling-seed 7 --action-order random --run-tag formal5080 --n-state 40 --n-action 50 --n-iter 30 --n-iter-v 1 --callback-freq 10 --n-test 100 --device cuda --max-batch-v 10000 --max-batch-a 100000 --nswp-v 5 --nswp-a 10 --rmax-v 100 --rmax-a 100 --kickrank-v 10 --kickrank-a 10 --eps-cross-v 0.001 --eps-cross-a 0.001 --eps-round-v 0.001 --eps-round-a 0.001 --n-samples 50
HM16,7,7,2026,0,7,badsplit,/home/s110/code/ttpi_iclr/repro/results/HM16_state40_action50_iter30_orderbadsplit_seed7_formal5080.json,/home/s110/miniconda3/envs/tt_5080/bin/python3 /home/s110/code/ttpi_iclr/repro/scripts/run_hardmove.py --n-actuator 16 --env-variant standard --training-seed 7 --environment-seed 2026 --permutation-seed 0 --state-sampling-seed 7 --action-order badsplit --run-tag formal5080 --n-state 40 --n-action 50 --n-iter 30 --n-iter-v 1 --callback-freq 10 --n-test 100 --device cuda --max-batch-v 10000 --max-batch-a 100000 --nswp-v 5 --nswp-a 10 --rmax-v 100 --rmax-a 100 --kickrank-v 10 --kickrank-a 10 --eps-cross-v 0.001 --eps-cross-a 0.001 --eps-round-v 0.001 --eps-round-a 0.001 --n-samples 50
HM16,7,7,2026,0,7,reverse_blocks,/home/s110/code/ttpi_iclr/repro/results/HM16_state40_action50_iter30_orderreverse_blocks_seed7_formal5080.json,/home/s110/miniconda3/envs/tt_5080/bin/python3 /home/s110/code/ttpi_iclr/repro/scripts/run_hardmove.py --n-actuator 16 --env-variant standard --training-seed 7 --environment-seed 2026 --permutation-seed 0 --state-sampling-seed 7 --action-order reverse_blocks --run-tag formal5080 --n-state 40 --n-action 50 --n-iter 30 --n-iter-v 1 --callback-freq 10 --n-test 100 --device cuda --max-batch-v 10000 --max-batch-a 100000 --nswp-v 5 --nswp-a 10 --rmax-v 100 --rmax-a 100 --kickrank-v 10 --kickrank-a 10 --eps-cross-v 0.001 --eps-cross-a 0.001 --eps-round-v 0.001 --eps-round-a 0.001 --n-samples 50
HM16,7,7,2026,0,7,flip_within_block,/home/s110/code/ttpi_iclr/repro/results/HM16_state40_action50_iter30_orderflip_within_block_seed7_formal5080.json,/home/s110/miniconda3/envs/tt_5080/bin/python3 /home/s110/code/ttpi_iclr/repro/scripts/run_hardmove.py --n-actuator 16 --env-variant standard --training-seed 7 --environment-seed 2026 --permutation-seed 0 --state-sampling-seed 7 --action-order flip_within_block --run-tag formal5080 --n-state 40 --n-action 50 --n-iter 30 --n-iter-v 1 --callback-freq 10 --n-test 100 --device cuda --max-batch-v 10000 --max-batch-a 100000 --nswp-v 5 --nswp-a 10 --rmax-v 100 --rmax-a 100 --kickrank-v 10 --kickrank-a 10 --eps-cross-v 0.001 --eps-cross-a 0.001 --eps-round-v 0.001 --eps-round-a 0.001 --n-samples 50
HM16,7,7,2026,0,7,pam_greedy,/home/s110/code/ttpi_iclr/repro/results/HM16_state40_action50_iter30_orderpam_greedy_seed7_formal5080.json,/home/s110/miniconda3/envs/tt_5080/bin/python3 /home/s110/code/ttpi_iclr/repro/scripts/run_hardmove.py --n-actuator 16 --env-variant standard --training-seed 7 --environment-seed 2026 --permutation-seed 0 --state-sampling-seed 7 --action-order pam_greedy --run-tag formal5080 --n-state 40 --n-action 50 --n-iter 30 --n-iter-v 1 --callback-freq 10 --n-test 100 --device cuda --max-batch-v 10000 --max-batch-a 100000 --nswp-v 5 --nswp-a 10 --rmax-v 100 --rmax-a 100 --kickrank-v 10 --kickrank-a 10 --eps-cross-v 0.001 --eps-cross-a 0.001 --eps-round-v 0.001 --eps-round-a 0.001 --n-samples 50
HM16,7,7,2026,0,7,pam_spectral,/home/s110/code/ttpi_iclr/repro/results/HM16_state40_action50_iter30_orderpam_spectral_seed7_formal5080.json,/home/s110/miniconda3/envs/tt_5080/bin/python3 /home/s110/code/ttpi_iclr/repro/scripts/run_hardmove.py --n-actuator 16 --env-variant standard --training-seed 7 --environment-seed 2026 --permutation-seed 0 --state-sampling-seed 7 --action-order pam_spectral --run-tag formal5080 --n-state 40 --n-action 50 --n-iter 30 --n-iter-v 1 --callback-freq 10 --n-test 100 --device cuda --max-batch-v 10000 --max-batch-a 100000 --nswp-v 5 --nswp-a 10 --rmax-v 100 --rmax-a 100 --kickrank-v 10 --kickrank-a 10 --eps-cross-v 0.001 --eps-cross-a 0.001 --eps-round-v 0.001 --eps-round-a 0.001 --n-samples 50
HM16,7,7,2026,0,7,block_pam,/home/s110/code/ttpi_iclr/repro/results/HM16_state40_action50_iter30_orderblock_pam_seed7_formal5080.json,/home/s110/miniconda3/envs/tt_5080/bin/python3 /home/s110/code/ttpi_iclr/repro/scripts/run_hardmove.py --n-actuator 16 --env-variant standard --training-seed 7 --environment-seed 2026 --permutation-seed 0 --state-sampling-seed 7 --action-order block_pam --run-tag formal5080 --n-state 40 --n-action 50 --n-iter 30 --n-iter-v 1 --callback-freq 10 --n-test 100 --device cuda --max-batch-v 10000 --max-batch-a 100000 --nswp-v 5 --nswp-a 10 --rmax-v 100 --rmax-a 100 --kickrank-v 10 --kickrank-a 10 --eps-cross-v 0.001 --eps-cross-a 0.001 --eps-round-v 0.001 --eps-round-a 0.001 --n-samples 50
HM16,7,7,2026,0,7,free_pam,/home/s110/code/ttpi_iclr/repro/results/HM16_state40_action50_iter30_orderfree_pam_seed7_formal5080.json,/home/s110/miniconda3/envs/tt_5080/bin/python3 /home/s110/code/ttpi_iclr/repro/scripts/run_hardmove.py --n-actuator 16 --env-variant standard --training-seed 7 --environment-seed 2026 --permutation-seed 0 --state-sampling-seed 7 --action-order free_pam --run-tag formal5080 --n-state 40 --n-action 50 --n-iter 30 --n-iter-v 1 --callback-freq 10 --n-test 100 --device cuda --max-batch-v 10000 --max-batch-a 100000 --nswp-v 5 --nswp-a 10 --rmax-v 100 --rmax-a 100 --kickrank-v 10 --kickrank-a 10 --eps-cross-v 0.001 --eps-cross-a 0.001 --eps-round-v 0.001 --eps-round-a 0.001 --n-samples 50
HM16,7,7,2026,0,7,peakcut_pam,/home/s110/code/ttpi_iclr/repro/results/HM16_state40_action50_iter30_orderpeakcut_pam_seed7_formal5080.json,/home/s110/miniconda3/envs/tt_5080/bin/python3 /home/s110/code/ttpi_iclr/repro/scripts/run_hardmove.py --n-actuator 16 --env-variant standard --training-seed 7 --environment-seed 2026 --permutation-seed 0 --state-sampling-seed 7 --action-order peakcut_pam --run-tag formal5080 --n-state 40 --n-action 50 --n-iter 30 --n-iter-v 1 --callback-freq 10 --n-test 100 --device cuda --max-batch-v 10000 --max-batch-a 100000 --nswp-v 5 --nswp-a 10 --rmax-v 100 --rmax-a 100 --kickrank-v 10 --kickrank-a 10 --eps-cross-v 0.001 --eps-cross-a 0.001 --eps-round-v 0.001 --eps-round-a 0.001 --n-samples 50
HM16,7,7,2026,0,7,sensitivity_pam,/home/s110/code/ttpi_iclr/repro/results/HM16_state40_action50_iter30_ordersensitivity_pam_seed7_formal5080.json,/home/s110/miniconda3/envs/tt_5080/bin/python3 /home/s110/code/ttpi_iclr/repro/scripts/run_hardmove.py --n-actuator 16 --env-variant standard --training-seed 7 --environment-seed 2026 --permutation-seed 0 --state-sampling-seed 7 --action-order sensitivity_pam --run-tag formal5080 --n-state 40 --n-action 50 --n-iter 30 --n-iter-v 1 --callback-freq 10 --n-test 100 --device cuda --max-batch-v 10000 --max-batch-a 100000 --nswp-v 5 --nswp-a 10 --rmax-v 100 --rmax-a 100 --kickrank-v 10 --kickrank-a 10 --eps-cross-v 0.001 --eps-cross-a 0.001 --eps-round-v 0.001 --eps-round-a 0.001 --n-samples 50
HM16,7,7,2026,0,7,rankaware_proxy_pam,/home/s110/code/ttpi_iclr/repro/results/HM16_state40_action50_iter30_orderrankaware_proxy_pam_seed7_formal5080.json,/home/s110/miniconda3/envs/tt_5080/bin/python3 /home/s110/code/ttpi_iclr/repro/scripts/run_hardmove.py --n-actuator 16 --env-variant standard --training-seed 7 --environment-seed 2026 --permutation-seed 0 --state-sampling-seed 7 --action-order rankaware_proxy_pam --run-tag formal5080 --n-state 40 --n-action 50 --n-iter 30 --n-iter-v 1 --callback-freq 10 --n-test 100 --device cuda --max-batch-v 10000 --max-batch-a 100000 --nswp-v 5 --nswp-a 10 --rmax-v 100 --rmax-a 100 --kickrank-v 10 --kickrank-a 10 --eps-cross-v 0.001 --eps-cross-a 0.001 --eps-round-v 0.001 --eps-round-a 0.001 --n-samples 50
HM16,7,7,2026,0,7,hybrid_pam,/home/s110/code/ttpi_iclr/repro/results/HM16_state40_action50_iter30_orderhybrid_pam_seed7_formal5080.json,/home/s110/miniconda3/envs/tt_5080/bin/python3 /home/s110/code/ttpi_iclr/repro/scripts/run_hardmove.py --n-actuator 16 --env-variant standard --training-seed 7 --environment-seed 2026 --permutation-seed 0 --state-sampling-seed 7 --action-order hybrid_pam --run-tag formal5080 --n-state 40 --n-action 50 --n-iter 30 --n-iter-v 1 --callback-freq 10 --n-test 100 --device cuda --max-batch-v 10000 --max-batch-a 100000 --nswp-v 5 --nswp-a 10 --rmax-v 100 --rmax-a 100 --kickrank-v 10 --kickrank-a 10 --eps-cross-v 0.001 --eps-cross-a 0.001 --eps-round-v 0.001 --eps-round-a 0.001 --n-samples 50
HM16,8,8,2026,0,8,local,/home/s110/code/ttpi_iclr/repro/results/HM16_state40_action50_iter30_orderlocal_seed8_formal5080.json,/home/s110/miniconda3/envs/tt_5080/bin/python3 /home/s110/code/ttpi_iclr/repro/scripts/run_hardmove.py --n-actuator 16 --env-variant standard --training-seed 8 --environment-seed 2026 --permutation-seed 0 --state-sampling-seed 8 --action-order local --run-tag formal5080 --n-state 40 --n-action 50 --n-iter 30 --n-iter-v 1 --callback-freq 10 --n-test 100 --device cuda --max-batch-v 10000 --max-batch-a 100000 --nswp-v 5 --nswp-a 10 --rmax-v 100 --rmax-a 100 --kickrank-v 10 --kickrank-a 10 --eps-cross-v 0.001 --eps-cross-a 0.001 --eps-round-v 0.001 --eps-round-a 0.001 --n-samples 50
HM16,8,8,2026,0,8,random,/home/s110/code/ttpi_iclr/repro/results/HM16_state40_action50_iter30_orderrandom_seed8_permseed0_formal5080.json,/home/s110/miniconda3/envs/tt_5080/bin/python3 /home/s110/code/ttpi_iclr/repro/scripts/run_hardmove.py --n-actuator 16 --env-variant standard --training-seed 8 --environment-seed 2026 --permutation-seed 0 --include-permutation-seed-in-run-id --state-sampling-seed 8 --action-order random --run-tag formal5080 --n-state 40 --n-action 50 --n-iter 30 --n-iter-v 1 --callback-freq 10 --n-test 100 --device cuda --max-batch-v 10000 --max-batch-a 100000 --nswp-v 5 --nswp-a 10 --rmax-v 100 --rmax-a 100 --kickrank-v 10 --kickrank-a 10 --eps-cross-v 0.001 --eps-cross-a 0.001 --eps-round-v 0.001 --eps-round-a 0.001 --n-samples 50
HM16,8,8,2026,1,8,random,/home/s110/code/ttpi_iclr/repro/results/HM16_state40_action50_iter30_orderrandom_seed8_permseed1_formal5080.json,/home/s110/miniconda3/envs/tt_5080/bin/python3 /home/s110/code/ttpi_iclr/repro/scripts/run_hardmove.py --n-actuator 16 --env-variant standard --training-seed 8 --environment-seed 2026 --permutation-seed 1 --include-permutation-seed-in-run-id --state-sampling-seed 8 --action-order random --run-tag formal5080 --n-state 40 --n-action 50 --n-iter 30 --n-iter-v 1 --callback-freq 10 --n-test 100 --device cuda --max-batch-v 10000 --max-batch-a 100000 --nswp-v 5 --nswp-a 10 --rmax-v 100 --rmax-a 100 --kickrank-v 10 --kickrank-a 10 --eps-cross-v 0.001 --eps-cross-a 0.001 --eps-round-v 0.001 --eps-round-a 0.001 --n-samples 50
HM16,8,8,2026,2,8,random,/home/s110/code/ttpi_iclr/repro/results/HM16_state40_action50_iter30_orderrandom_seed8_permseed2_formal5080.json,/home/s110/miniconda3/envs/tt_5080/bin/python3 /home/s110/code/ttpi_iclr/repro/scripts/run_hardmove.py --n-actuator 16 --env-variant standard --training-seed 8 --environment-seed 2026 --permutation-seed 2 --include-permutation-seed-in-run-id --state-sampling-seed 8 --action-order random --run-tag formal5080 --n-state 40 --n-action 50 --n-iter 30 --n-iter-v 1 --callback-freq 10 --n-test 100 --device cuda --max-batch-v 10000 --max-batch-a 100000 --nswp-v 5 --nswp-a 10 --rmax-v 100 --rmax-a 100 --kickrank-v 10 --kickrank-a 10 --eps-cross-v 0.001 --eps-cross-a 0.001 --eps-round-v 0.001 --eps-round-a 0.001 --n-samples 50
HM16,8,8,2026,0,8,badsplit,/home/s110/code/ttpi_iclr/repro/results/HM16_state40_action50_iter30_orderbadsplit_seed8_formal5080.json,/home/s110/miniconda3/envs/tt_5080/bin/python3 /home/s110/code/ttpi_iclr/repro/scripts/run_hardmove.py --n-actuator 16 --env-variant standard --training-seed 8 --environment-seed 2026 --permutation-seed 0 --state-sampling-seed 8 --action-order badsplit --run-tag formal5080 --n-state 40 --n-action 50 --n-iter 30 --n-iter-v 1 --callback-freq 10 --n-test 100 --device cuda --max-batch-v 10000 --max-batch-a 100000 --nswp-v 5 --nswp-a 10 --rmax-v 100 --rmax-a 100 --kickrank-v 10 --kickrank-a 10 --eps-cross-v 0.001 --eps-cross-a 0.001 --eps-round-v 0.001 --eps-round-a 0.001 --n-samples 50
HM16,8,8,2026,0,8,reverse_blocks,/home/s110/code/ttpi_iclr/repro/results/HM16_state40_action50_iter30_orderreverse_blocks_seed8_formal5080.json,/home/s110/miniconda3/envs/tt_5080/bin/python3 /home/s110/code/ttpi_iclr/repro/scripts/run_hardmove.py --n-actuator 16 --env-variant standard --training-seed 8 --environment-seed 2026 --permutation-seed 0 --state-sampling-seed 8 --action-order reverse_blocks --run-tag formal5080 --n-state 40 --n-action 50 --n-iter 30 --n-iter-v 1 --callback-freq 10 --n-test 100 --device cuda --max-batch-v 10000 --max-batch-a 100000 --nswp-v 5 --nswp-a 10 --rmax-v 100 --rmax-a 100 --kickrank-v 10 --kickrank-a 10 --eps-cross-v 0.001 --eps-cross-a 0.001 --eps-round-v 0.001 --eps-round-a 0.001 --n-samples 50
HM16,8,8,2026,0,8,flip_within_block,/home/s110/code/ttpi_iclr/repro/results/HM16_state40_action50_iter30_orderflip_within_block_seed8_formal5080.json,/home/s110/miniconda3/envs/tt_5080/bin/python3 /home/s110/code/ttpi_iclr/repro/scripts/run_hardmove.py --n-actuator 16 --env-variant standard --training-seed 8 --environment-seed 2026 --permutation-seed 0 --state-sampling-seed 8 --action-order flip_within_block --run-tag formal5080 --n-state 40 --n-action 50 --n-iter 30 --n-iter-v 1 --callback-freq 10 --n-test 100 --device cuda --max-batch-v 10000 --max-batch-a 100000 --nswp-v 5 --nswp-a 10 --rmax-v 100 --rmax-a 100 --kickrank-v 10 --kickrank-a 10 --eps-cross-v 0.001 --eps-cross-a 0.001 --eps-round-v 0.001 --eps-round-a 0.001 --n-samples 50
HM16,8,8,2026,0,8,pam_greedy,/home/s110/code/ttpi_iclr/repro/results/HM16_state40_action50_iter30_orderpam_greedy_seed8_formal5080.json,/home/s110/miniconda3/envs/tt_5080/bin/python3 /home/s110/code/ttpi_iclr/repro/scripts/run_hardmove.py --n-actuator 16 --env-variant standard --training-seed 8 --environment-seed 2026 --permutation-seed 0 --state-sampling-seed 8 --action-order pam_greedy --run-tag formal5080 --n-state 40 --n-action 50 --n-iter 30 --n-iter-v 1 --callback-freq 10 --n-test 100 --device cuda --max-batch-v 10000 --max-batch-a 100000 --nswp-v 5 --nswp-a 10 --rmax-v 100 --rmax-a 100 --kickrank-v 10 --kickrank-a 10 --eps-cross-v 0.001 --eps-cross-a 0.001 --eps-round-v 0.001 --eps-round-a 0.001 --n-samples 50
HM16,8,8,2026,0,8,pam_spectral,/home/s110/code/ttpi_iclr/repro/results/HM16_state40_action50_iter30_orderpam_spectral_seed8_formal5080.json,/home/s110/miniconda3/envs/tt_5080/bin/python3 /home/s110/code/ttpi_iclr/repro/scripts/run_hardmove.py --n-actuator 16 --env-variant standard --training-seed 8 --environment-seed 2026 --permutation-seed 0 --state-sampling-seed 8 --action-order pam_spectral --run-tag formal5080 --n-state 40 --n-action 50 --n-iter 30 --n-iter-v 1 --callback-freq 10 --n-test 100 --device cuda --max-batch-v 10000 --max-batch-a 100000 --nswp-v 5 --nswp-a 10 --rmax-v 100 --rmax-a 100 --kickrank-v 10 --kickrank-a 10 --eps-cross-v 0.001 --eps-cross-a 0.001 --eps-round-v 0.001 --eps-round-a 0.001 --n-samples 50
HM16,8,8,2026,0,8,block_pam,/home/s110/code/ttpi_iclr/repro/results/HM16_state40_action50_iter30_orderblock_pam_seed8_formal5080.json,/home/s110/miniconda3/envs/tt_5080/bin/python3 /home/s110/code/ttpi_iclr/repro/scripts/run_hardmove.py --n-actuator 16 --env-variant standard --training-seed 8 --environment-seed 2026 --permutation-seed 0 --state-sampling-seed 8 --action-order block_pam --run-tag formal5080 --n-state 40 --n-action 50 --n-iter 30 --n-iter-v 1 --callback-freq 10 --n-test 100 --device cuda --max-batch-v 10000 --max-batch-a 100000 --nswp-v 5 --nswp-a 10 --rmax-v 100 --rmax-a 100 --kickrank-v 10 --kickrank-a 10 --eps-cross-v 0.001 --eps-cross-a 0.001 --eps-round-v 0.001 --eps-round-a 0.001 --n-samples 50
HM16,8,8,2026,0,8,free_pam,/home/s110/code/ttpi_iclr/repro/results/HM16_state40_action50_iter30_orderfree_pam_seed8_formal5080.json,/home/s110/miniconda3/envs/tt_5080/bin/python3 /home/s110/code/ttpi_iclr/repro/scripts/run_hardmove.py --n-actuator 16 --env-variant standard --training-seed 8 --environment-seed 2026 --permutation-seed 0 --state-sampling-seed 8 --action-order free_pam --run-tag formal5080 --n-state 40 --n-action 50 --n-iter 30 --n-iter-v 1 --callback-freq 10 --n-test 100 --device cuda --max-batch-v 10000 --max-batch-a 100000 --nswp-v 5 --nswp-a 10 --rmax-v 100 --rmax-a 100 --kickrank-v 10 --kickrank-a 10 --eps-cross-v 0.001 --eps-cross-a 0.001 --eps-round-v 0.001 --eps-round-a 0.001 --n-samples 50
HM16,8,8,2026,0,8,peakcut_pam,/home/s110/code/ttpi_iclr/repro/results/HM16_state40_action50_iter30_orderpeakcut_pam_seed8_formal5080.json,/home/s110/miniconda3/envs/tt_5080/bin/python3 /home/s110/code/ttpi_iclr/repro/scripts/run_hardmove.py --n-actuator 16 --env-variant standard --training-seed 8 --environment-seed 2026 --permutation-seed 0 --state-sampling-seed 8 --action-order peakcut_pam --run-tag formal5080 --n-state 40 --n-action 50 --n-iter 30 --n-iter-v 1 --callback-freq 10 --n-test 100 --device cuda --max-batch-v 10000 --max-batch-a 100000 --nswp-v 5 --nswp-a 10 --rmax-v 100 --rmax-a 100 --kickrank-v 10 --kickrank-a 10 --eps-cross-v 0.001 --eps-cross-a 0.001 --eps-round-v 0.001 --eps-round-a 0.001 --n-samples 50
HM16,8,8,2026,0,8,sensitivity_pam,/home/s110/code/ttpi_iclr/repro/results/HM16_state40_action50_iter30_ordersensitivity_pam_seed8_formal5080.json,/home/s110/miniconda3/envs/tt_5080/bin/python3 /home/s110/code/ttpi_iclr/repro/scripts/run_hardmove.py --n-actuator 16 --env-variant standard --training-seed 8 --environment-seed 2026 --permutation-seed 0 --state-sampling-seed 8 --action-order sensitivity_pam --run-tag formal5080 --n-state 40 --n-action 50 --n-iter 30 --n-iter-v 1 --callback-freq 10 --n-test 100 --device cuda --max-batch-v 10000 --max-batch-a 100000 --nswp-v 5 --nswp-a 10 --rmax-v 100 --rmax-a 100 --kickrank-v 10 --kickrank-a 10 --eps-cross-v 0.001 --eps-cross-a 0.001 --eps-round-v 0.001 --eps-round-a 0.001 --n-samples 50
HM16,8,8,2026,0,8,rankaware_proxy_pam,/home/s110/code/ttpi_iclr/repro/results/HM16_state40_action50_iter30_orderrankaware_proxy_pam_seed8_formal5080.json,/home/s110/miniconda3/envs/tt_5080/bin/python3 /home/s110/code/ttpi_iclr/repro/scripts/run_hardmove.py --n-actuator 16 --env-variant standard --training-seed 8 --environment-seed 2026 --permutation-seed 0 --state-sampling-seed 8 --action-order rankaware_proxy_pam --run-tag formal5080 --n-state 40 --n-action 50 --n-iter 30 --n-iter-v 1 --callback-freq 10 --n-test 100 --device cuda --max-batch-v 10000 --max-batch-a 100000 --nswp-v 5 --nswp-a 10 --rmax-v 100 --rmax-a 100 --kickrank-v 10 --kickrank-a 10 --eps-cross-v 0.001 --eps-cross-a 0.001 --eps-round-v 0.001 --eps-round-a 0.001 --n-samples 50
HM16,8,8,2026,0,8,hybrid_pam,/home/s110/code/ttpi_iclr/repro/results/HM16_state40_action50_iter30_orderhybrid_pam_seed8_formal5080.json,/home/s110/miniconda3/envs/tt_5080/bin/python3 /home/s110/code/ttpi_iclr/repro/scripts/run_hardmove.py --n-actuator 16 --env-variant standard --training-seed 8 --environment-seed 2026 --permutation-seed 0 --state-sampling-seed 8 --action-order hybrid_pam --run-tag formal5080 --n-state 40 --n-action 50 --n-iter 30 --n-iter-v 1 --callback-freq 10 --n-test 100 --device cuda --max-batch-v 10000 --max-batch-a 100000 --nswp-v 5 --nswp-a 10 --rmax-v 100 --rmax-a 100 --kickrank-v 10 --kickrank-a 10 --eps-cross-v 0.001 --eps-cross-a 0.001 --eps-round-v 0.001 --eps-round-a 0.001 --n-samples 50
HM16,9,9,2026,0,9,local,/home/s110/code/ttpi_iclr/repro/results/HM16_state40_action50_iter30_orderlocal_seed9_formal5080.json,/home/s110/miniconda3/envs/tt_5080/bin/python3 /home/s110/code/ttpi_iclr/repro/scripts/run_hardmove.py --n-actuator 16 --env-variant standard --training-seed 9 --environment-seed 2026 --permutation-seed 0 --state-sampling-seed 9 --action-order local --run-tag formal5080 --n-state 40 --n-action 50 --n-iter 30 --n-iter-v 1 --callback-freq 10 --n-test 100 --device cuda --max-batch-v 10000 --max-batch-a 100000 --nswp-v 5 --nswp-a 10 --rmax-v 100 --rmax-a 100 --kickrank-v 10 --kickrank-a 10 --eps-cross-v 0.001 --eps-cross-a 0.001 --eps-round-v 0.001 --eps-round-a 0.001 --n-samples 50
HM16,9,9,2026,0,9,random,/home/s110/code/ttpi_iclr/repro/results/HM16_state40_action50_iter30_orderrandom_seed9_permseed0_formal5080.json,/home/s110/miniconda3/envs/tt_5080/bin/python3 /home/s110/code/ttpi_iclr/repro/scripts/run_hardmove.py --n-actuator 16 --env-variant standard --training-seed 9 --environment-seed 2026 --permutation-seed 0 --include-permutation-seed-in-run-id --state-sampling-seed 9 --action-order random --run-tag formal5080 --n-state 40 --n-action 50 --n-iter 30 --n-iter-v 1 --callback-freq 10 --n-test 100 --device cuda --max-batch-v 10000 --max-batch-a 100000 --nswp-v 5 --nswp-a 10 --rmax-v 100 --rmax-a 100 --kickrank-v 10 --kickrank-a 10 --eps-cross-v 0.001 --eps-cross-a 0.001 --eps-round-v 0.001 --eps-round-a 0.001 --n-samples 50
HM16,9,9,2026,1,9,random,/home/s110/code/ttpi_iclr/repro/results/HM16_state40_action50_iter30_orderrandom_seed9_permseed1_formal5080.json,/home/s110/miniconda3/envs/tt_5080/bin/python3 /home/s110/code/ttpi_iclr/repro/scripts/run_hardmove.py --n-actuator 16 --env-variant standard --training-seed 9 --environment-seed 2026 --permutation-seed 1 --include-permutation-seed-in-run-id --state-sampling-seed 9 --action-order random --run-tag formal5080 --n-state 40 --n-action 50 --n-iter 30 --n-iter-v 1 --callback-freq 10 --n-test 100 --device cuda --max-batch-v 10000 --max-batch-a 100000 --nswp-v 5 --nswp-a 10 --rmax-v 100 --rmax-a 100 --kickrank-v 10 --kickrank-a 10 --eps-cross-v 0.001 --eps-cross-a 0.001 --eps-round-v 0.001 --eps-round-a 0.001 --n-samples 50
HM16,9,9,2026,2,9,random,/home/s110/code/ttpi_iclr/repro/results/HM16_state40_action50_iter30_orderrandom_seed9_permseed2_formal5080.json,/home/s110/miniconda3/envs/tt_5080/bin/python3 /home/s110/code/ttpi_iclr/repro/scripts/run_hardmove.py --n-actuator 16 --env-variant standard --training-seed 9 --environment-seed 2026 --permutation-seed 2 --include-permutation-seed-in-run-id --state-sampling-seed 9 --action-order random --run-tag formal5080 --n-state 40 --n-action 50 --n-iter 30 --n-iter-v 1 --callback-freq 10 --n-test 100 --device cuda --max-batch-v 10000 --max-batch-a 100000 --nswp-v 5 --nswp-a 10 --rmax-v 100 --rmax-a 100 --kickrank-v 10 --kickrank-a 10 --eps-cross-v 0.001 --eps-cross-a 0.001 --eps-round-v 0.001 --eps-round-a 0.001 --n-samples 50
HM16,9,9,2026,0,9,badsplit,/home/s110/code/ttpi_iclr/repro/results/HM16_state40_action50_iter30_orderbadsplit_seed9_formal5080.json,/home/s110/miniconda3/envs/tt_5080/bin/python3 /home/s110/code/ttpi_iclr/repro/scripts/run_hardmove.py --n-actuator 16 --env-variant standard --training-seed 9 --environment-seed 2026 --permutation-seed 0 --state-sampling-seed 9 --action-order badsplit --run-tag formal5080 --n-state 40 --n-action 50 --n-iter 30 --n-iter-v 1 --callback-freq 10 --n-test 100 --device cuda --max-batch-v 10000 --max-batch-a 100000 --nswp-v 5 --nswp-a 10 --rmax-v 100 --rmax-a 100 --kickrank-v 10 --kickrank-a 10 --eps-cross-v 0.001 --eps-cross-a 0.001 --eps-round-v 0.001 --eps-round-a 0.001 --n-samples 50
HM16,9,9,2026,0,9,reverse_blocks,/home/s110/code/ttpi_iclr/repro/results/HM16_state40_action50_iter30_orderreverse_blocks_seed9_formal5080.json,/home/s110/miniconda3/envs/tt_5080/bin/python3 /home/s110/code/ttpi_iclr/repro/scripts/run_hardmove.py --n-actuator 16 --env-variant standard --training-seed 9 --environment-seed 2026 --permutation-seed 0 --state-sampling-seed 9 --action-order reverse_blocks --run-tag formal5080 --n-state 40 --n-action 50 --n-iter 30 --n-iter-v 1 --callback-freq 10 --n-test 100 --device cuda --max-batch-v 10000 --max-batch-a 100000 --nswp-v 5 --nswp-a 10 --rmax-v 100 --rmax-a 100 --kickrank-v 10 --kickrank-a 10 --eps-cross-v 0.001 --eps-cross-a 0.001 --eps-round-v 0.001 --eps-round-a 0.001 --n-samples 50
HM16,9,9,2026,0,9,flip_within_block,/home/s110/code/ttpi_iclr/repro/results/HM16_state40_action50_iter30_orderflip_within_block_seed9_formal5080.json,/home/s110/miniconda3/envs/tt_5080/bin/python3 /home/s110/code/ttpi_iclr/repro/scripts/run_hardmove.py --n-actuator 16 --env-variant standard --training-seed 9 --environment-seed 2026 --permutation-seed 0 --state-sampling-seed 9 --action-order flip_within_block --run-tag formal5080 --n-state 40 --n-action 50 --n-iter 30 --n-iter-v 1 --callback-freq 10 --n-test 100 --device cuda --max-batch-v 10000 --max-batch-a 100000 --nswp-v 5 --nswp-a 10 --rmax-v 100 --rmax-a 100 --kickrank-v 10 --kickrank-a 10 --eps-cross-v 0.001 --eps-cross-a 0.001 --eps-round-v 0.001 --eps-round-a 0.001 --n-samples 50
HM16,9,9,2026,0,9,pam_greedy,/home/s110/code/ttpi_iclr/repro/results/HM16_state40_action50_iter30_orderpam_greedy_seed9_formal5080.json,/home/s110/miniconda3/envs/tt_5080/bin/python3 /home/s110/code/ttpi_iclr/repro/scripts/run_hardmove.py --n-actuator 16 --env-variant standard --training-seed 9 --environment-seed 2026 --permutation-seed 0 --state-sampling-seed 9 --action-order pam_greedy --run-tag formal5080 --n-state 40 --n-action 50 --n-iter 30 --n-iter-v 1 --callback-freq 10 --n-test 100 --device cuda --max-batch-v 10000 --max-batch-a 100000 --nswp-v 5 --nswp-a 10 --rmax-v 100 --rmax-a 100 --kickrank-v 10 --kickrank-a 10 --eps-cross-v 0.001 --eps-cross-a 0.001 --eps-round-v 0.001 --eps-round-a 0.001 --n-samples 50
HM16,9,9,2026,0,9,pam_spectral,/home/s110/code/ttpi_iclr/repro/results/HM16_state40_action50_iter30_orderpam_spectral_seed9_formal5080.json,/home/s110/miniconda3/envs/tt_5080/bin/python3 /home/s110/code/ttpi_iclr/repro/scripts/run_hardmove.py --n-actuator 16 --env-variant standard --training-seed 9 --environment-seed 2026 --permutation-seed 0 --state-sampling-seed 9 --action-order pam_spectral --run-tag formal5080 --n-state 40 --n-action 50 --n-iter 30 --n-iter-v 1 --callback-freq 10 --n-test 100 --device cuda --max-batch-v 10000 --max-batch-a 100000 --nswp-v 5 --nswp-a 10 --rmax-v 100 --rmax-a 100 --kickrank-v 10 --kickrank-a 10 --eps-cross-v 0.001 --eps-cross-a 0.001 --eps-round-v 0.001 --eps-round-a 0.001 --n-samples 50
HM16,9,9,2026,0,9,block_pam,/home/s110/code/ttpi_iclr/repro/results/HM16_state40_action50_iter30_orderblock_pam_seed9_formal5080.json,/home/s110/miniconda3/envs/tt_5080/bin/python3 /home/s110/code/ttpi_iclr/repro/scripts/run_hardmove.py --n-actuator 16 --env-variant standard --training-seed 9 --environment-seed 2026 --permutation-seed 0 --state-sampling-seed 9 --action-order block_pam --run-tag formal5080 --n-state 40 --n-action 50 --n-iter 30 --n-iter-v 1 --callback-freq 10 --n-test 100 --device cuda --max-batch-v 10000 --max-batch-a 100000 --nswp-v 5 --nswp-a 10 --rmax-v 100 --rmax-a 100 --kickrank-v 10 --kickrank-a 10 --eps-cross-v 0.001 --eps-cross-a 0.001 --eps-round-v 0.001 --eps-round-a 0.001 --n-samples 50
HM16,9,9,2026,0,9,free_pam,/home/s110/code/ttpi_iclr/repro/results/HM16_state40_action50_iter30_orderfree_pam_seed9_formal5080.json,/home/s110/miniconda3/envs/tt_5080/bin/python3 /home/s110/code/ttpi_iclr/repro/scripts/run_hardmove.py --n-actuator 16 --env-variant standard --training-seed 9 --environment-seed 2026 --permutation-seed 0 --state-sampling-seed 9 --action-order free_pam --run-tag formal5080 --n-state 40 --n-action 50 --n-iter 30 --n-iter-v 1 --callback-freq 10 --n-test 100 --device cuda --max-batch-v 10000 --max-batch-a 100000 --nswp-v 5 --nswp-a 10 --rmax-v 100 --rmax-a 100 --kickrank-v 10 --kickrank-a 10 --eps-cross-v 0.001 --eps-cross-a 0.001 --eps-round-v 0.001 --eps-round-a 0.001 --n-samples 50
HM16,9,9,2026,0,9,peakcut_pam,/home/s110/code/ttpi_iclr/repro/results/HM16_state40_action50_iter30_orderpeakcut_pam_seed9_formal5080.json,/home/s110/miniconda3/envs/tt_5080/bin/python3 /home/s110/code/ttpi_iclr/repro/scripts/run_hardmove.py --n-actuator 16 --env-variant standard --training-seed 9 --environment-seed 2026 --permutation-seed 0 --state-sampling-seed 9 --action-order peakcut_pam --run-tag formal5080 --n-state 40 --n-action 50 --n-iter 30 --n-iter-v 1 --callback-freq 10 --n-test 100 --device cuda --max-batch-v 10000 --max-batch-a 100000 --nswp-v 5 --nswp-a 10 --rmax-v 100 --rmax-a 100 --kickrank-v 10 --kickrank-a 10 --eps-cross-v 0.001 --eps-cross-a 0.001 --eps-round-v 0.001 --eps-round-a 0.001 --n-samples 50
HM16,9,9,2026,0,9,sensitivity_pam,/home/s110/code/ttpi_iclr/repro/results/HM16_state40_action50_iter30_ordersensitivity_pam_seed9_formal5080.json,/home/s110/miniconda3/envs/tt_5080/bin/python3 /home/s110/code/ttpi_iclr/repro/scripts/run_hardmove.py --n-actuator 16 --env-variant standard --training-seed 9 --environment-seed 2026 --permutation-seed 0 --state-sampling-seed 9 --action-order sensitivity_pam --run-tag formal5080 --n-state 40 --n-action 50 --n-iter 30 --n-iter-v 1 --callback-freq 10 --n-test 100 --device cuda --max-batch-v 10000 --max-batch-a 100000 --nswp-v 5 --nswp-a 10 --rmax-v 100 --rmax-a 100 --kickrank-v 10 --kickrank-a 10 --eps-cross-v 0.001 --eps-cross-a 0.001 --eps-round-v 0.001 --eps-round-a 0.001 --n-samples 50
HM16,9,9,2026,0,9,rankaware_proxy_pam,/home/s110/code/ttpi_iclr/repro/results/HM16_state40_action50_iter30_orderrankaware_proxy_pam_seed9_formal5080.json,/home/s110/miniconda3/envs/tt_5080/bin/python3 /home/s110/code/ttpi_iclr/repro/scripts/run_hardmove.py --n-actuator 16 --env-variant standard --training-seed 9 --environment-seed 2026 --permutation-seed 0 --state-sampling-seed 9 --action-order rankaware_proxy_pam --run-tag formal5080 --n-state 40 --n-action 50 --n-iter 30 --n-iter-v 1 --callback-freq 10 --n-test 100 --device cuda --max-batch-v 10000 --max-batch-a 100000 --nswp-v 5 --nswp-a 10 --rmax-v 100 --rmax-a 100 --kickrank-v 10 --kickrank-a 10 --eps-cross-v 0.001 --eps-cross-a 0.001 --eps-round-v 0.001 --eps-round-a 0.001 --n-samples 50
HM16,9,9,2026,0,9,hybrid_pam,/home/s110/code/ttpi_iclr/repro/results/HM16_state40_action50_iter30_orderhybrid_pam_seed9_formal5080.json,/home/s110/miniconda3/envs/tt_5080/bin/python3 /home/s110/code/ttpi_iclr/repro/scripts/run_hardmove.py --n-actuator 16 --env-variant standard --training-seed 9 --environment-seed 2026 --permutation-seed 0 --state-sampling-seed 9 --action-order hybrid_pam --run-tag formal5080 --n-state 40 --n-action 50 --n-iter 30 --n-iter-v 1 --callback-freq 10 --n-test 100 --device cuda --max-batch-v 10000 --max-batch-a 100000 --nswp-v 5 --nswp-a 10 --rmax-v 100 --rmax-a 100 --kickrank-v 10 --kickrank-a 10 --eps-cross-v 0.001 --eps-cross-a 0.001 --eps-round-v 0.001 --eps-round-a 0.001 --n-samples 50
HM8_actuator_relabelled,0,0,2026,0,0,local,/home/s110/code/ttpi_iclr/repro/results/HM8_actuator_relabelled_state40_action50_iter30_orderlocal_seed0_formal5080.json,/home/s110/miniconda3/envs/tt_5080/bin/python3 /home/s110/code/ttpi_iclr/repro/scripts/run_hardmove.py --n-actuator 8 --env-variant actuator_relabelled --training-seed 0 --environment-seed 2026 --permutation-seed 0 --state-sampling-seed 0 --action-order local --run-tag formal5080 --n-state 40 --n-action 50 --n-iter 30 --n-iter-v 1 --callback-freq 10 --n-test 100 --device cuda --max-batch-v 10000 --max-batch-a 100000 --nswp-v 5 --nswp-a 10 --rmax-v 100 --rmax-a 100 --kickrank-v 10 --kickrank-a 10 --eps-cross-v 0.001 --eps-cross-a 0.001 --eps-round-v 0.001 --eps-round-a 0.001 --n-samples 50
HM8_actuator_relabelled,0,0,2026,0,0,random,/home/s110/code/ttpi_iclr/repro/results/HM8_actuator_relabelled_state40_action50_iter30_orderrandom_seed0_permseed0_formal5080.json,/home/s110/miniconda3/envs/tt_5080/bin/python3 /home/s110/code/ttpi_iclr/repro/scripts/run_hardmove.py --n-actuator 8 --env-variant actuator_relabelled --training-seed 0 --environment-seed 2026 --permutation-seed 0 --include-permutation-seed-in-run-id --state-sampling-seed 0 --action-order random --run-tag formal5080 --n-state 40 --n-action 50 --n-iter 30 --n-iter-v 1 --callback-freq 10 --n-test 100 --device cuda --max-batch-v 10000 --max-batch-a 100000 --nswp-v 5 --nswp-a 10 --rmax-v 100 --rmax-a 100 --kickrank-v 10 --kickrank-a 10 --eps-cross-v 0.001 --eps-cross-a 0.001 --eps-round-v 0.001 --eps-round-a 0.001 --n-samples 50
HM8_actuator_relabelled,0,0,2026,1,0,random,/home/s110/code/ttpi_iclr/repro/results/HM8_actuator_relabelled_state40_action50_iter30_orderrandom_seed0_permseed1_formal5080.json,/home/s110/miniconda3/envs/tt_5080/bin/python3 /home/s110/code/ttpi_iclr/repro/scripts/run_hardmove.py --n-actuator 8 --env-variant actuator_relabelled --training-seed 0 --environment-seed 2026 --permutation-seed 1 --include-permutation-seed-in-run-id --state-sampling-seed 0 --action-order random --run-tag formal5080 --n-state 40 --n-action 50 --n-iter 30 --n-iter-v 1 --callback-freq 10 --n-test 100 --device cuda --max-batch-v 10000 --max-batch-a 100000 --nswp-v 5 --nswp-a 10 --rmax-v 100 --rmax-a 100 --kickrank-v 10 --kickrank-a 10 --eps-cross-v 0.001 --eps-cross-a 0.001 --eps-round-v 0.001 --eps-round-a 0.001 --n-samples 50
HM8_actuator_relabelled,0,0,2026,2,0,random,/home/s110/code/ttpi_iclr/repro/results/HM8_actuator_relabelled_state40_action50_iter30_orderrandom_seed0_permseed2_formal5080.json,/home/s110/miniconda3/envs/tt_5080/bin/python3 /home/s110/code/ttpi_iclr/repro/scripts/run_hardmove.py --n-actuator 8 --env-variant actuator_relabelled --training-seed 0 --environment-seed 2026 --permutation-seed 2 --include-permutation-seed-in-run-id --state-sampling-seed 0 --action-order random --run-tag formal5080 --n-state 40 --n-action 50 --n-iter 30 --n-iter-v 1 --callback-freq 10 --n-test 100 --device cuda --max-batch-v 10000 --max-batch-a 100000 --nswp-v 5 --nswp-a 10 --rmax-v 100 --rmax-a 100 --kickrank-v 10 --kickrank-a 10 --eps-cross-v 0.001 --eps-cross-a 0.001 --eps-round-v 0.001 --eps-round-a 0.001 --n-samples 50
HM8_actuator_relabelled,0,0,2026,0,0,badsplit,/home/s110/code/ttpi_iclr/repro/results/HM8_actuator_relabelled_state40_action50_iter30_orderbadsplit_seed0_formal5080.json,/home/s110/miniconda3/envs/tt_5080/bin/python3 /home/s110/code/ttpi_iclr/repro/scripts/run_hardmove.py --n-actuator 8 --env-variant actuator_relabelled --training-seed 0 --environment-seed 2026 --permutation-seed 0 --state-sampling-seed 0 --action-order badsplit --run-tag formal5080 --n-state 40 --n-action 50 --n-iter 30 --n-iter-v 1 --callback-freq 10 --n-test 100 --device cuda --max-batch-v 10000 --max-batch-a 100000 --nswp-v 5 --nswp-a 10 --rmax-v 100 --rmax-a 100 --kickrank-v 10 --kickrank-a 10 --eps-cross-v 0.001 --eps-cross-a 0.001 --eps-round-v 0.001 --eps-round-a 0.001 --n-samples 50
HM8_actuator_relabelled,0,0,2026,0,0,reverse_blocks,/home/s110/code/ttpi_iclr/repro/results/HM8_actuator_relabelled_state40_action50_iter30_orderreverse_blocks_seed0_formal5080.json,/home/s110/miniconda3/envs/tt_5080/bin/python3 /home/s110/code/ttpi_iclr/repro/scripts/run_hardmove.py --n-actuator 8 --env-variant actuator_relabelled --training-seed 0 --environment-seed 2026 --permutation-seed 0 --state-sampling-seed 0 --action-order reverse_blocks --run-tag formal5080 --n-state 40 --n-action 50 --n-iter 30 --n-iter-v 1 --callback-freq 10 --n-test 100 --device cuda --max-batch-v 10000 --max-batch-a 100000 --nswp-v 5 --nswp-a 10 --rmax-v 100 --rmax-a 100 --kickrank-v 10 --kickrank-a 10 --eps-cross-v 0.001 --eps-cross-a 0.001 --eps-round-v 0.001 --eps-round-a 0.001 --n-samples 50
HM8_actuator_relabelled,0,0,2026,0,0,flip_within_block,/home/s110/code/ttpi_iclr/repro/results/HM8_actuator_relabelled_state40_action50_iter30_orderflip_within_block_seed0_formal5080.json,/home/s110/miniconda3/envs/tt_5080/bin/python3 /home/s110/code/ttpi_iclr/repro/scripts/run_hardmove.py --n-actuator 8 --env-variant actuator_relabelled --training-seed 0 --environment-seed 2026 --permutation-seed 0 --state-sampling-seed 0 --action-order flip_within_block --run-tag formal5080 --n-state 40 --n-action 50 --n-iter 30 --n-iter-v 1 --callback-freq 10 --n-test 100 --device cuda --max-batch-v 10000 --max-batch-a 100000 --nswp-v 5 --nswp-a 10 --rmax-v 100 --rmax-a 100 --kickrank-v 10 --kickrank-a 10 --eps-cross-v 0.001 --eps-cross-a 0.001 --eps-round-v 0.001 --eps-round-a 0.001 --n-samples 50
HM8_actuator_relabelled,0,0,2026,0,0,pam_greedy,/home/s110/code/ttpi_iclr/repro/results/HM8_actuator_relabelled_state40_action50_iter30_orderpam_greedy_seed0_formal5080.json,/home/s110/miniconda3/envs/tt_5080/bin/python3 /home/s110/code/ttpi_iclr/repro/scripts/run_hardmove.py --n-actuator 8 --env-variant actuator_relabelled --training-seed 0 --environment-seed 2026 --permutation-seed 0 --state-sampling-seed 0 --action-order pam_greedy --run-tag formal5080 --n-state 40 --n-action 50 --n-iter 30 --n-iter-v 1 --callback-freq 10 --n-test 100 --device cuda --max-batch-v 10000 --max-batch-a 100000 --nswp-v 5 --nswp-a 10 --rmax-v 100 --rmax-a 100 --kickrank-v 10 --kickrank-a 10 --eps-cross-v 0.001 --eps-cross-a 0.001 --eps-round-v 0.001 --eps-round-a 0.001 --n-samples 50
HM8_actuator_relabelled,0,0,2026,0,0,pam_spectral,/home/s110/code/ttpi_iclr/repro/results/HM8_actuator_relabelled_state40_action50_iter30_orderpam_spectral_seed0_formal5080.json,/home/s110/miniconda3/envs/tt_5080/bin/python3 /home/s110/code/ttpi_iclr/repro/scripts/run_hardmove.py --n-actuator 8 --env-variant actuator_relabelled --training-seed 0 --environment-seed 2026 --permutation-seed 0 --state-sampling-seed 0 --action-order pam_spectral --run-tag formal5080 --n-state 40 --n-action 50 --n-iter 30 --n-iter-v 1 --callback-freq 10 --n-test 100 --device cuda --max-batch-v 10000 --max-batch-a 100000 --nswp-v 5 --nswp-a 10 --rmax-v 100 --rmax-a 100 --kickrank-v 10 --kickrank-a 10 --eps-cross-v 0.001 --eps-cross-a 0.001 --eps-round-v 0.001 --eps-round-a 0.001 --n-samples 50
HM8_actuator_relabelled,0,0,2026,0,0,block_pam,/home/s110/code/ttpi_iclr/repro/results/HM8_actuator_relabelled_state40_action50_iter30_orderblock_pam_seed0_formal5080.json,/home/s110/miniconda3/envs/tt_5080/bin/python3 /home/s110/code/ttpi_iclr/repro/scripts/run_hardmove.py --n-actuator 8 --env-variant actuator_relabelled --training-seed 0 --environment-seed 2026 --permutation-seed 0 --state-sampling-seed 0 --action-order block_pam --run-tag formal5080 --n-state 40 --n-action 50 --n-iter 30 --n-iter-v 1 --callback-freq 10 --n-test 100 --device cuda --max-batch-v 10000 --max-batch-a 100000 --nswp-v 5 --nswp-a 10 --rmax-v 100 --rmax-a 100 --kickrank-v 10 --kickrank-a 10 --eps-cross-v 0.001 --eps-cross-a 0.001 --eps-round-v 0.001 --eps-round-a 0.001 --n-samples 50
HM8_actuator_relabelled,0,0,2026,0,0,free_pam,/home/s110/code/ttpi_iclr/repro/results/HM8_actuator_relabelled_state40_action50_iter30_orderfree_pam_seed0_formal5080.json,/home/s110/miniconda3/envs/tt_5080/bin/python3 /home/s110/code/ttpi_iclr/repro/scripts/run_hardmove.py --n-actuator 8 --env-variant actuator_relabelled --training-seed 0 --environment-seed 2026 --permutation-seed 0 --state-sampling-seed 0 --action-order free_pam --run-tag formal5080 --n-state 40 --n-action 50 --n-iter 30 --n-iter-v 1 --callback-freq 10 --n-test 100 --device cuda --max-batch-v 10000 --max-batch-a 100000 --nswp-v 5 --nswp-a 10 --rmax-v 100 --rmax-a 100 --kickrank-v 10 --kickrank-a 10 --eps-cross-v 0.001 --eps-cross-a 0.001 --eps-round-v 0.001 --eps-round-a 0.001 --n-samples 50
HM8_actuator_relabelled,0,0,2026,0,0,peakcut_pam,/home/s110/code/ttpi_iclr/repro/results/HM8_actuator_relabelled_state40_action50_iter30_orderpeakcut_pam_seed0_formal5080.json,/home/s110/miniconda3/envs/tt_5080/bin/python3 /home/s110/code/ttpi_iclr/repro/scripts/run_hardmove.py --n-actuator 8 --env-variant actuator_relabelled --training-seed 0 --environment-seed 2026 --permutation-seed 0 --state-sampling-seed 0 --action-order peakcut_pam --run-tag formal5080 --n-state 40 --n-action 50 --n-iter 30 --n-iter-v 1 --callback-freq 10 --n-test 100 --device cuda --max-batch-v 10000 --max-batch-a 100000 --nswp-v 5 --nswp-a 10 --rmax-v 100 --rmax-a 100 --kickrank-v 10 --kickrank-a 10 --eps-cross-v 0.001 --eps-cross-a 0.001 --eps-round-v 0.001 --eps-round-a 0.001 --n-samples 50
HM8_actuator_relabelled,0,0,2026,0,0,sensitivity_pam,/home/s110/code/ttpi_iclr/repro/results/HM8_actuator_relabelled_state40_action50_iter30_ordersensitivity_pam_seed0_formal5080.json,/home/s110/miniconda3/envs/tt_5080/bin/python3 /home/s110/code/ttpi_iclr/repro/scripts/run_hardmove.py --n-actuator 8 --env-variant actuator_relabelled --training-seed 0 --environment-seed 2026 --permutation-seed 0 --state-sampling-seed 0 --action-order sensitivity_pam --run-tag formal5080 --n-state 40 --n-action 50 --n-iter 30 --n-iter-v 1 --callback-freq 10 --n-test 100 --device cuda --max-batch-v 10000 --max-batch-a 100000 --nswp-v 5 --nswp-a 10 --rmax-v 100 --rmax-a 100 --kickrank-v 10 --kickrank-a 10 --eps-cross-v 0.001 --eps-cross-a 0.001 --eps-round-v 0.001 --eps-round-a 0.001 --n-samples 50
HM8_actuator_relabelled,0,0,2026,0,0,rankaware_proxy_pam,/home/s110/code/ttpi_iclr/repro/results/HM8_actuator_relabelled_state40_action50_iter30_orderrankaware_proxy_pam_seed0_formal5080.json,/home/s110/miniconda3/envs/tt_5080/bin/python3 /home/s110/code/ttpi_iclr/repro/scripts/run_hardmove.py --n-actuator 8 --env-variant actuator_relabelled --training-seed 0 --environment-seed 2026 --permutation-seed 0 --state-sampling-seed 0 --action-order rankaware_proxy_pam --run-tag formal5080 --n-state 40 --n-action 50 --n-iter 30 --n-iter-v 1 --callback-freq 10 --n-test 100 --device cuda --max-batch-v 10000 --max-batch-a 100000 --nswp-v 5 --nswp-a 10 --rmax-v 100 --rmax-a 100 --kickrank-v 10 --kickrank-a 10 --eps-cross-v 0.001 --eps-cross-a 0.001 --eps-round-v 0.001 --eps-round-a 0.001 --n-samples 50
HM8_actuator_relabelled,0,0,2026,0,0,hybrid_pam,/home/s110/code/ttpi_iclr/repro/results/HM8_actuator_relabelled_state40_action50_iter30_orderhybrid_pam_seed0_formal5080.json,/home/s110/miniconda3/envs/tt_5080/bin/python3 /home/s110/code/ttpi_iclr/repro/scripts/run_hardmove.py --n-actuator 8 --env-variant actuator_relabelled --training-seed 0 --environment-seed 2026 --permutation-seed 0 --state-sampling-seed 0 --action-order hybrid_pam --run-tag formal5080 --n-state 40 --n-action 50 --n-iter 30 --n-iter-v 1 --callback-freq 10 --n-test 100 --device cuda --max-batch-v 10000 --max-batch-a 100000 --nswp-v 5 --nswp-a 10 --rmax-v 100 --rmax-a 100 --kickrank-v 10 --kickrank-a 10 --eps-cross-v 0.001 --eps-cross-a 0.001 --eps-round-v 0.001 --eps-round-a 0.001 --n-samples 50
HM8_actuator_relabelled,1,1,2026,0,1,local,/home/s110/code/ttpi_iclr/repro/results/HM8_actuator_relabelled_state40_action50_iter30_orderlocal_seed1_formal5080.json,/home/s110/miniconda3/envs/tt_5080/bin/python3 /home/s110/code/ttpi_iclr/repro/scripts/run_hardmove.py --n-actuator 8 --env-variant actuator_relabelled --training-seed 1 --environment-seed 2026 --permutation-seed 0 --state-sampling-seed 1 --action-order local --run-tag formal5080 --n-state 40 --n-action 50 --n-iter 30 --n-iter-v 1 --callback-freq 10 --n-test 100 --device cuda --max-batch-v 10000 --max-batch-a 100000 --nswp-v 5 --nswp-a 10 --rmax-v 100 --rmax-a 100 --kickrank-v 10 --kickrank-a 10 --eps-cross-v 0.001 --eps-cross-a 0.001 --eps-round-v 0.001 --eps-round-a 0.001 --n-samples 50
HM8_actuator_relabelled,1,1,2026,0,1,random,/home/s110/code/ttpi_iclr/repro/results/HM8_actuator_relabelled_state40_action50_iter30_orderrandom_seed1_permseed0_formal5080.json,/home/s110/miniconda3/envs/tt_5080/bin/python3 /home/s110/code/ttpi_iclr/repro/scripts/run_hardmove.py --n-actuator 8 --env-variant actuator_relabelled --training-seed 1 --environment-seed 2026 --permutation-seed 0 --include-permutation-seed-in-run-id --state-sampling-seed 1 --action-order random --run-tag formal5080 --n-state 40 --n-action 50 --n-iter 30 --n-iter-v 1 --callback-freq 10 --n-test 100 --device cuda --max-batch-v 10000 --max-batch-a 100000 --nswp-v 5 --nswp-a 10 --rmax-v 100 --rmax-a 100 --kickrank-v 10 --kickrank-a 10 --eps-cross-v 0.001 --eps-cross-a 0.001 --eps-round-v 0.001 --eps-round-a 0.001 --n-samples 50
HM8_actuator_relabelled,1,1,2026,1,1,random,/home/s110/code/ttpi_iclr/repro/results/HM8_actuator_relabelled_state40_action50_iter30_orderrandom_seed1_permseed1_formal5080.json,/home/s110/miniconda3/envs/tt_5080/bin/python3 /home/s110/code/ttpi_iclr/repro/scripts/run_hardmove.py --n-actuator 8 --env-variant actuator_relabelled --training-seed 1 --environment-seed 2026 --permutation-seed 1 --include-permutation-seed-in-run-id --state-sampling-seed 1 --action-order random --run-tag formal5080 --n-state 40 --n-action 50 --n-iter 30 --n-iter-v 1 --callback-freq 10 --n-test 100 --device cuda --max-batch-v 10000 --max-batch-a 100000 --nswp-v 5 --nswp-a 10 --rmax-v 100 --rmax-a 100 --kickrank-v 10 --kickrank-a 10 --eps-cross-v 0.001 --eps-cross-a 0.001 --eps-round-v 0.001 --eps-round-a 0.001 --n-samples 50
HM8_actuator_relabelled,1,1,2026,2,1,random,/home/s110/code/ttpi_iclr/repro/results/HM8_actuator_relabelled_state40_action50_iter30_orderrandom_seed1_permseed2_formal5080.json,/home/s110/miniconda3/envs/tt_5080/bin/python3 /home/s110/code/ttpi_iclr/repro/scripts/run_hardmove.py --n-actuator 8 --env-variant actuator_relabelled --training-seed 1 --environment-seed 2026 --permutation-seed 2 --include-permutation-seed-in-run-id --state-sampling-seed 1 --action-order random --run-tag formal5080 --n-state 40 --n-action 50 --n-iter 30 --n-iter-v 1 --callback-freq 10 --n-test 100 --device cuda --max-batch-v 10000 --max-batch-a 100000 --nswp-v 5 --nswp-a 10 --rmax-v 100 --rmax-a 100 --kickrank-v 10 --kickrank-a 10 --eps-cross-v 0.001 --eps-cross-a 0.001 --eps-round-v 0.001 --eps-round-a 0.001 --n-samples 50
HM8_actuator_relabelled,1,1,2026,0,1,badsplit,/home/s110/code/ttpi_iclr/repro/results/HM8_actuator_relabelled_state40_action50_iter30_orderbadsplit_seed1_formal5080.json,/home/s110/miniconda3/envs/tt_5080/bin/python3 /home/s110/code/ttpi_iclr/repro/scripts/run_hardmove.py --n-actuator 8 --env-variant actuator_relabelled --training-seed 1 --environment-seed 2026 --permutation-seed 0 --state-sampling-seed 1 --action-order badsplit --run-tag formal5080 --n-state 40 --n-action 50 --n-iter 30 --n-iter-v 1 --callback-freq 10 --n-test 100 --device cuda --max-batch-v 10000 --max-batch-a 100000 --nswp-v 5 --nswp-a 10 --rmax-v 100 --rmax-a 100 --kickrank-v 10 --kickrank-a 10 --eps-cross-v 0.001 --eps-cross-a 0.001 --eps-round-v 0.001 --eps-round-a 0.001 --n-samples 50
HM8_actuator_relabelled,1,1,2026,0,1,reverse_blocks,/home/s110/code/ttpi_iclr/repro/results/HM8_actuator_relabelled_state40_action50_iter30_orderreverse_blocks_seed1_formal5080.json,/home/s110/miniconda3/envs/tt_5080/bin/python3 /home/s110/code/ttpi_iclr/repro/scripts/run_hardmove.py --n-actuator 8 --env-variant actuator_relabelled --training-seed 1 --environment-seed 2026 --permutation-seed 0 --state-sampling-seed 1 --action-order reverse_blocks --run-tag formal5080 --n-state 40 --n-action 50 --n-iter 30 --n-iter-v 1 --callback-freq 10 --n-test 100 --device cuda --max-batch-v 10000 --max-batch-a 100000 --nswp-v 5 --nswp-a 10 --rmax-v 100 --rmax-a 100 --kickrank-v 10 --kickrank-a 10 --eps-cross-v 0.001 --eps-cross-a 0.001 --eps-round-v 0.001 --eps-round-a 0.001 --n-samples 50
HM8_actuator_relabelled,1,1,2026,0,1,flip_within_block,/home/s110/code/ttpi_iclr/repro/results/HM8_actuator_relabelled_state40_action50_iter30_orderflip_within_block_seed1_formal5080.json,/home/s110/miniconda3/envs/tt_5080/bin/python3 /home/s110/code/ttpi_iclr/repro/scripts/run_hardmove.py --n-actuator 8 --env-variant actuator_relabelled --training-seed 1 --environment-seed 2026 --permutation-seed 0 --state-sampling-seed 1 --action-order flip_within_block --run-tag formal5080 --n-state 40 --n-action 50 --n-iter 30 --n-iter-v 1 --callback-freq 10 --n-test 100 --device cuda --max-batch-v 10000 --max-batch-a 100000 --nswp-v 5 --nswp-a 10 --rmax-v 100 --rmax-a 100 --kickrank-v 10 --kickrank-a 10 --eps-cross-v 0.001 --eps-cross-a 0.001 --eps-round-v 0.001 --eps-round-a 0.001 --n-samples 50
HM8_actuator_relabelled,1,1,2026,0,1,pam_greedy,/home/s110/code/ttpi_iclr/repro/results/HM8_actuator_relabelled_state40_action50_iter30_orderpam_greedy_seed1_formal5080.json,/home/s110/miniconda3/envs/tt_5080/bin/python3 /home/s110/code/ttpi_iclr/repro/scripts/run_hardmove.py --n-actuator 8 --env-variant actuator_relabelled --training-seed 1 --environment-seed 2026 --permutation-seed 0 --state-sampling-seed 1 --action-order pam_greedy --run-tag formal5080 --n-state 40 --n-action 50 --n-iter 30 --n-iter-v 1 --callback-freq 10 --n-test 100 --device cuda --max-batch-v 10000 --max-batch-a 100000 --nswp-v 5 --nswp-a 10 --rmax-v 100 --rmax-a 100 --kickrank-v 10 --kickrank-a 10 --eps-cross-v 0.001 --eps-cross-a 0.001 --eps-round-v 0.001 --eps-round-a 0.001 --n-samples 50
HM8_actuator_relabelled,1,1,2026,0,1,pam_spectral,/home/s110/code/ttpi_iclr/repro/results/HM8_actuator_relabelled_state40_action50_iter30_orderpam_spectral_seed1_formal5080.json,/home/s110/miniconda3/envs/tt_5080/bin/python3 /home/s110/code/ttpi_iclr/repro/scripts/run_hardmove.py --n-actuator 8 --env-variant actuator_relabelled --training-seed 1 --environment-seed 2026 --permutation-seed 0 --state-sampling-seed 1 --action-order pam_spectral --run-tag formal5080 --n-state 40 --n-action 50 --n-iter 30 --n-iter-v 1 --callback-freq 10 --n-test 100 --device cuda --max-batch-v 10000 --max-batch-a 100000 --nswp-v 5 --nswp-a 10 --rmax-v 100 --rmax-a 100 --kickrank-v 10 --kickrank-a 10 --eps-cross-v 0.001 --eps-cross-a 0.001 --eps-round-v 0.001 --eps-round-a 0.001 --n-samples 50
HM8_actuator_relabelled,1,1,2026,0,1,block_pam,/home/s110/code/ttpi_iclr/repro/results/HM8_actuator_relabelled_state40_action50_iter30_orderblock_pam_seed1_formal5080.json,/home/s110/miniconda3/envs/tt_5080/bin/python3 /home/s110/code/ttpi_iclr/repro/scripts/run_hardmove.py --n-actuator 8 --env-variant actuator_relabelled --training-seed 1 --environment-seed 2026 --permutation-seed 0 --state-sampling-seed 1 --action-order block_pam --run-tag formal5080 --n-state 40 --n-action 50 --n-iter 30 --n-iter-v 1 --callback-freq 10 --n-test 100 --device cuda --max-batch-v 10000 --max-batch-a 100000 --nswp-v 5 --nswp-a 10 --rmax-v 100 --rmax-a 100 --kickrank-v 10 --kickrank-a 10 --eps-cross-v 0.001 --eps-cross-a 0.001 --eps-round-v 0.001 --eps-round-a 0.001 --n-samples 50
HM8_actuator_relabelled,1,1,2026,0,1,free_pam,/home/s110/code/ttpi_iclr/repro/results/HM8_actuator_relabelled_state40_action50_iter30_orderfree_pam_seed1_formal5080.json,/home/s110/miniconda3/envs/tt_5080/bin/python3 /home/s110/code/ttpi_iclr/repro/scripts/run_hardmove.py --n-actuator 8 --env-variant actuator_relabelled --training-seed 1 --environment-seed 2026 --permutation-seed 0 --state-sampling-seed 1 --action-order free_pam --run-tag formal5080 --n-state 40 --n-action 50 --n-iter 30 --n-iter-v 1 --callback-freq 10 --n-test 100 --device cuda --max-batch-v 10000 --max-batch-a 100000 --nswp-v 5 --nswp-a 10 --rmax-v 100 --rmax-a 100 --kickrank-v 10 --kickrank-a 10 --eps-cross-v 0.001 --eps-cross-a 0.001 --eps-round-v 0.001 --eps-round-a 0.001 --n-samples 50
HM8_actuator_relabelled,1,1,2026,0,1,peakcut_pam,/home/s110/code/ttpi_iclr/repro/results/HM8_actuator_relabelled_state40_action50_iter30_orderpeakcut_pam_seed1_formal5080.json,/home/s110/miniconda3/envs/tt_5080/bin/python3 /home/s110/code/ttpi_iclr/repro/scripts/run_hardmove.py --n-actuator 8 --env-variant actuator_relabelled --training-seed 1 --environment-seed 2026 --permutation-seed 0 --state-sampling-seed 1 --action-order peakcut_pam --run-tag formal5080 --n-state 40 --n-action 50 --n-iter 30 --n-iter-v 1 --callback-freq 10 --n-test 100 --device cuda --max-batch-v 10000 --max-batch-a 100000 --nswp-v 5 --nswp-a 10 --rmax-v 100 --rmax-a 100 --kickrank-v 10 --kickrank-a 10 --eps-cross-v 0.001 --eps-cross-a 0.001 --eps-round-v 0.001 --eps-round-a 0.001 --n-samples 50
HM8_actuator_relabelled,1,1,2026,0,1,sensitivity_pam,/home/s110/code/ttpi_iclr/repro/results/HM8_actuator_relabelled_state40_action50_iter30_ordersensitivity_pam_seed1_formal5080.json,/home/s110/miniconda3/envs/tt_5080/bin/python3 /home/s110/code/ttpi_iclr/repro/scripts/run_hardmove.py --n-actuator 8 --env-variant actuator_relabelled --training-seed 1 --environment-seed 2026 --permutation-seed 0 --state-sampling-seed 1 --action-order sensitivity_pam --run-tag formal5080 --n-state 40 --n-action 50 --n-iter 30 --n-iter-v 1 --callback-freq 10 --n-test 100 --device cuda --max-batch-v 10000 --max-batch-a 100000 --nswp-v 5 --nswp-a 10 --rmax-v 100 --rmax-a 100 --kickrank-v 10 --kickrank-a 10 --eps-cross-v 0.001 --eps-cross-a 0.001 --eps-round-v 0.001 --eps-round-a 0.001 --n-samples 50
HM8_actuator_relabelled,1,1,2026,0,1,rankaware_proxy_pam,/home/s110/code/ttpi_iclr/repro/results/HM8_actuator_relabelled_state40_action50_iter30_orderrankaware_proxy_pam_seed1_formal5080.json,/home/s110/miniconda3/envs/tt_5080/bin/python3 /home/s110/code/ttpi_iclr/repro/scripts/run_hardmove.py --n-actuator 8 --env-variant actuator_relabelled --training-seed 1 --environment-seed 2026 --permutation-seed 0 --state-sampling-seed 1 --action-order rankaware_proxy_pam --run-tag formal5080 --n-state 40 --n-action 50 --n-iter 30 --n-iter-v 1 --callback-freq 10 --n-test 100 --device cuda --max-batch-v 10000 --max-batch-a 100000 --nswp-v 5 --nswp-a 10 --rmax-v 100 --rmax-a 100 --kickrank-v 10 --kickrank-a 10 --eps-cross-v 0.001 --eps-cross-a 0.001 --eps-round-v 0.001 --eps-round-a 0.001 --n-samples 50
HM8_actuator_relabelled,1,1,2026,0,1,hybrid_pam,/home/s110/code/ttpi_iclr/repro/results/HM8_actuator_relabelled_state40_action50_iter30_orderhybrid_pam_seed1_formal5080.json,/home/s110/miniconda3/envs/tt_5080/bin/python3 /home/s110/code/ttpi_iclr/repro/scripts/run_hardmove.py --n-actuator 8 --env-variant actuator_relabelled --training-seed 1 --environment-seed 2026 --permutation-seed 0 --state-sampling-seed 1 --action-order hybrid_pam --run-tag formal5080 --n-state 40 --n-action 50 --n-iter 30 --n-iter-v 1 --callback-freq 10 --n-test 100 --device cuda --max-batch-v 10000 --max-batch-a 100000 --nswp-v 5 --nswp-a 10 --rmax-v 100 --rmax-a 100 --kickrank-v 10 --kickrank-a 10 --eps-cross-v 0.001 --eps-cross-a 0.001 --eps-round-v 0.001 --eps-round-a 0.001 --n-samples 50
HM8_actuator_relabelled,2,2,2026,0,2,local,/home/s110/code/ttpi_iclr/repro/results/HM8_actuator_relabelled_state40_action50_iter30_orderlocal_seed2_formal5080.json,/home/s110/miniconda3/envs/tt_5080/bin/python3 /home/s110/code/ttpi_iclr/repro/scripts/run_hardmove.py --n-actuator 8 --env-variant actuator_relabelled --training-seed 2 --environment-seed 2026 --permutation-seed 0 --state-sampling-seed 2 --action-order local --run-tag formal5080 --n-state 40 --n-action 50 --n-iter 30 --n-iter-v 1 --callback-freq 10 --n-test 100 --device cuda --max-batch-v 10000 --max-batch-a 100000 --nswp-v 5 --nswp-a 10 --rmax-v 100 --rmax-a 100 --kickrank-v 10 --kickrank-a 10 --eps-cross-v 0.001 --eps-cross-a 0.001 --eps-round-v 0.001 --eps-round-a 0.001 --n-samples 50
HM8_actuator_relabelled,2,2,2026,0,2,random,/home/s110/code/ttpi_iclr/repro/results/HM8_actuator_relabelled_state40_action50_iter30_orderrandom_seed2_permseed0_formal5080.json,/home/s110/miniconda3/envs/tt_5080/bin/python3 /home/s110/code/ttpi_iclr/repro/scripts/run_hardmove.py --n-actuator 8 --env-variant actuator_relabelled --training-seed 2 --environment-seed 2026 --permutation-seed 0 --include-permutation-seed-in-run-id --state-sampling-seed 2 --action-order random --run-tag formal5080 --n-state 40 --n-action 50 --n-iter 30 --n-iter-v 1 --callback-freq 10 --n-test 100 --device cuda --max-batch-v 10000 --max-batch-a 100000 --nswp-v 5 --nswp-a 10 --rmax-v 100 --rmax-a 100 --kickrank-v 10 --kickrank-a 10 --eps-cross-v 0.001 --eps-cross-a 0.001 --eps-round-v 0.001 --eps-round-a 0.001 --n-samples 50
HM8_actuator_relabelled,2,2,2026,1,2,random,/home/s110/code/ttpi_iclr/repro/results/HM8_actuator_relabelled_state40_action50_iter30_orderrandom_seed2_permseed1_formal5080.json,/home/s110/miniconda3/envs/tt_5080/bin/python3 /home/s110/code/ttpi_iclr/repro/scripts/run_hardmove.py --n-actuator 8 --env-variant actuator_relabelled --training-seed 2 --environment-seed 2026 --permutation-seed 1 --include-permutation-seed-in-run-id --state-sampling-seed 2 --action-order random --run-tag formal5080 --n-state 40 --n-action 50 --n-iter 30 --n-iter-v 1 --callback-freq 10 --n-test 100 --device cuda --max-batch-v 10000 --max-batch-a 100000 --nswp-v 5 --nswp-a 10 --rmax-v 100 --rmax-a 100 --kickrank-v 10 --kickrank-a 10 --eps-cross-v 0.001 --eps-cross-a 0.001 --eps-round-v 0.001 --eps-round-a 0.001 --n-samples 50
HM8_actuator_relabelled,2,2,2026,2,2,random,/home/s110/code/ttpi_iclr/repro/results/HM8_actuator_relabelled_state40_action50_iter30_orderrandom_seed2_permseed2_formal5080.json,/home/s110/miniconda3/envs/tt_5080/bin/python3 /home/s110/code/ttpi_iclr/repro/scripts/run_hardmove.py --n-actuator 8 --env-variant actuator_relabelled --training-seed 2 --environment-seed 2026 --permutation-seed 2 --include-permutation-seed-in-run-id --state-sampling-seed 2 --action-order random --run-tag formal5080 --n-state 40 --n-action 50 --n-iter 30 --n-iter-v 1 --callback-freq 10 --n-test 100 --device cuda --max-batch-v 10000 --max-batch-a 100000 --nswp-v 5 --nswp-a 10 --rmax-v 100 --rmax-a 100 --kickrank-v 10 --kickrank-a 10 --eps-cross-v 0.001 --eps-cross-a 0.001 --eps-round-v 0.001 --eps-round-a 0.001 --n-samples 50
HM8_actuator_relabelled,2,2,2026,0,2,badsplit,/home/s110/code/ttpi_iclr/repro/results/HM8_actuator_relabelled_state40_action50_iter30_orderbadsplit_seed2_formal5080.json,/home/s110/miniconda3/envs/tt_5080/bin/python3 /home/s110/code/ttpi_iclr/repro/scripts/run_hardmove.py --n-actuator 8 --env-variant actuator_relabelled --training-seed 2 --environment-seed 2026 --permutation-seed 0 --state-sampling-seed 2 --action-order badsplit --run-tag formal5080 --n-state 40 --n-action 50 --n-iter 30 --n-iter-v 1 --callback-freq 10 --n-test 100 --device cuda --max-batch-v 10000 --max-batch-a 100000 --nswp-v 5 --nswp-a 10 --rmax-v 100 --rmax-a 100 --kickrank-v 10 --kickrank-a 10 --eps-cross-v 0.001 --eps-cross-a 0.001 --eps-round-v 0.001 --eps-round-a 0.001 --n-samples 50
HM8_actuator_relabelled,2,2,2026,0,2,reverse_blocks,/home/s110/code/ttpi_iclr/repro/results/HM8_actuator_relabelled_state40_action50_iter30_orderreverse_blocks_seed2_formal5080.json,/home/s110/miniconda3/envs/tt_5080/bin/python3 /home/s110/code/ttpi_iclr/repro/scripts/run_hardmove.py --n-actuator 8 --env-variant actuator_relabelled --training-seed 2 --environment-seed 2026 --permutation-seed 0 --state-sampling-seed 2 --action-order reverse_blocks --run-tag formal5080 --n-state 40 --n-action 50 --n-iter 30 --n-iter-v 1 --callback-freq 10 --n-test 100 --device cuda --max-batch-v 10000 --max-batch-a 100000 --nswp-v 5 --nswp-a 10 --rmax-v 100 --rmax-a 100 --kickrank-v 10 --kickrank-a 10 --eps-cross-v 0.001 --eps-cross-a 0.001 --eps-round-v 0.001 --eps-round-a 0.001 --n-samples 50
HM8_actuator_relabelled,2,2,2026,0,2,flip_within_block,/home/s110/code/ttpi_iclr/repro/results/HM8_actuator_relabelled_state40_action50_iter30_orderflip_within_block_seed2_formal5080.json,/home/s110/miniconda3/envs/tt_5080/bin/python3 /home/s110/code/ttpi_iclr/repro/scripts/run_hardmove.py --n-actuator 8 --env-variant actuator_relabelled --training-seed 2 --environment-seed 2026 --permutation-seed 0 --state-sampling-seed 2 --action-order flip_within_block --run-tag formal5080 --n-state 40 --n-action 50 --n-iter 30 --n-iter-v 1 --callback-freq 10 --n-test 100 --device cuda --max-batch-v 10000 --max-batch-a 100000 --nswp-v 5 --nswp-a 10 --rmax-v 100 --rmax-a 100 --kickrank-v 10 --kickrank-a 10 --eps-cross-v 0.001 --eps-cross-a 0.001 --eps-round-v 0.001 --eps-round-a 0.001 --n-samples 50
HM8_actuator_relabelled,2,2,2026,0,2,pam_greedy,/home/s110/code/ttpi_iclr/repro/results/HM8_actuator_relabelled_state40_action50_iter30_orderpam_greedy_seed2_formal5080.json,/home/s110/miniconda3/envs/tt_5080/bin/python3 /home/s110/code/ttpi_iclr/repro/scripts/run_hardmove.py --n-actuator 8 --env-variant actuator_relabelled --training-seed 2 --environment-seed 2026 --permutation-seed 0 --state-sampling-seed 2 --action-order pam_greedy --run-tag formal5080 --n-state 40 --n-action 50 --n-iter 30 --n-iter-v 1 --callback-freq 10 --n-test 100 --device cuda --max-batch-v 10000 --max-batch-a 100000 --nswp-v 5 --nswp-a 10 --rmax-v 100 --rmax-a 100 --kickrank-v 10 --kickrank-a 10 --eps-cross-v 0.001 --eps-cross-a 0.001 --eps-round-v 0.001 --eps-round-a 0.001 --n-samples 50
HM8_actuator_relabelled,2,2,2026,0,2,pam_spectral,/home/s110/code/ttpi_iclr/repro/results/HM8_actuator_relabelled_state40_action50_iter30_orderpam_spectral_seed2_formal5080.json,/home/s110/miniconda3/envs/tt_5080/bin/python3 /home/s110/code/ttpi_iclr/repro/scripts/run_hardmove.py --n-actuator 8 --env-variant actuator_relabelled --training-seed 2 --environment-seed 2026 --permutation-seed 0 --state-sampling-seed 2 --action-order pam_spectral --run-tag formal5080 --n-state 40 --n-action 50 --n-iter 30 --n-iter-v 1 --callback-freq 10 --n-test 100 --device cuda --max-batch-v 10000 --max-batch-a 100000 --nswp-v 5 --nswp-a 10 --rmax-v 100 --rmax-a 100 --kickrank-v 10 --kickrank-a 10 --eps-cross-v 0.001 --eps-cross-a 0.001 --eps-round-v 0.001 --eps-round-a 0.001 --n-samples 50
HM8_actuator_relabelled,2,2,2026,0,2,block_pam,/home/s110/code/ttpi_iclr/repro/results/HM8_actuator_relabelled_state40_action50_iter30_orderblock_pam_seed2_formal5080.json,/home/s110/miniconda3/envs/tt_5080/bin/python3 /home/s110/code/ttpi_iclr/repro/scripts/run_hardmove.py --n-actuator 8 --env-variant actuator_relabelled --training-seed 2 --environment-seed 2026 --permutation-seed 0 --state-sampling-seed 2 --action-order block_pam --run-tag formal5080 --n-state 40 --n-action 50 --n-iter 30 --n-iter-v 1 --callback-freq 10 --n-test 100 --device cuda --max-batch-v 10000 --max-batch-a 100000 --nswp-v 5 --nswp-a 10 --rmax-v 100 --rmax-a 100 --kickrank-v 10 --kickrank-a 10 --eps-cross-v 0.001 --eps-cross-a 0.001 --eps-round-v 0.001 --eps-round-a 0.001 --n-samples 50
HM8_actuator_relabelled,2,2,2026,0,2,free_pam,/home/s110/code/ttpi_iclr/repro/results/HM8_actuator_relabelled_state40_action50_iter30_orderfree_pam_seed2_formal5080.json,/home/s110/miniconda3/envs/tt_5080/bin/python3 /home/s110/code/ttpi_iclr/repro/scripts/run_hardmove.py --n-actuator 8 --env-variant actuator_relabelled --training-seed 2 --environment-seed 2026 --permutation-seed 0 --state-sampling-seed 2 --action-order free_pam --run-tag formal5080 --n-state 40 --n-action 50 --n-iter 30 --n-iter-v 1 --callback-freq 10 --n-test 100 --device cuda --max-batch-v 10000 --max-batch-a 100000 --nswp-v 5 --nswp-a 10 --rmax-v 100 --rmax-a 100 --kickrank-v 10 --kickrank-a 10 --eps-cross-v 0.001 --eps-cross-a 0.001 --eps-round-v 0.001 --eps-round-a 0.001 --n-samples 50
HM8_actuator_relabelled,2,2,2026,0,2,peakcut_pam,/home/s110/code/ttpi_iclr/repro/results/HM8_actuator_relabelled_state40_action50_iter30_orderpeakcut_pam_seed2_formal5080.json,/home/s110/miniconda3/envs/tt_5080/bin/python3 /home/s110/code/ttpi_iclr/repro/scripts/run_hardmove.py --n-actuator 8 --env-variant actuator_relabelled --training-seed 2 --environment-seed 2026 --permutation-seed 0 --state-sampling-seed 2 --action-order peakcut_pam --run-tag formal5080 --n-state 40 --n-action 50 --n-iter 30 --n-iter-v 1 --callback-freq 10 --n-test 100 --device cuda --max-batch-v 10000 --max-batch-a 100000 --nswp-v 5 --nswp-a 10 --rmax-v 100 --rmax-a 100 --kickrank-v 10 --kickrank-a 10 --eps-cross-v 0.001 --eps-cross-a 0.001 --eps-round-v 0.001 --eps-round-a 0.001 --n-samples 50
HM8_actuator_relabelled,2,2,2026,0,2,sensitivity_pam,/home/s110/code/ttpi_iclr/repro/results/HM8_actuator_relabelled_state40_action50_iter30_ordersensitivity_pam_seed2_formal5080.json,/home/s110/miniconda3/envs/tt_5080/bin/python3 /home/s110/code/ttpi_iclr/repro/scripts/run_hardmove.py --n-actuator 8 --env-variant actuator_relabelled --training-seed 2 --environment-seed 2026 --permutation-seed 0 --state-sampling-seed 2 --action-order sensitivity_pam --run-tag formal5080 --n-state 40 --n-action 50 --n-iter 30 --n-iter-v 1 --callback-freq 10 --n-test 100 --device cuda --max-batch-v 10000 --max-batch-a 100000 --nswp-v 5 --nswp-a 10 --rmax-v 100 --rmax-a 100 --kickrank-v 10 --kickrank-a 10 --eps-cross-v 0.001 --eps-cross-a 0.001 --eps-round-v 0.001 --eps-round-a 0.001 --n-samples 50
HM8_actuator_relabelled,2,2,2026,0,2,rankaware_proxy_pam,/home/s110/code/ttpi_iclr/repro/results/HM8_actuator_relabelled_state40_action50_iter30_orderrankaware_proxy_pam_seed2_formal5080.json,/home/s110/miniconda3/envs/tt_5080/bin/python3 /home/s110/code/ttpi_iclr/repro/scripts/run_hardmove.py --n-actuator 8 --env-variant actuator_relabelled --training-seed 2 --environment-seed 2026 --permutation-seed 0 --state-sampling-seed 2 --action-order rankaware_proxy_pam --run-tag formal5080 --n-state 40 --n-action 50 --n-iter 30 --n-iter-v 1 --callback-freq 10 --n-test 100 --device cuda --max-batch-v 10000 --max-batch-a 100000 --nswp-v 5 --nswp-a 10 --rmax-v 100 --rmax-a 100 --kickrank-v 10 --kickrank-a 10 --eps-cross-v 0.001 --eps-cross-a 0.001 --eps-round-v 0.001 --eps-round-a 0.001 --n-samples 50
HM8_actuator_relabelled,2,2,2026,0,2,hybrid_pam,/home/s110/code/ttpi_iclr/repro/results/HM8_actuator_relabelled_state40_action50_iter30_orderhybrid_pam_seed2_formal5080.json,/home/s110/miniconda3/envs/tt_5080/bin/python3 /home/s110/code/ttpi_iclr/repro/scripts/run_hardmove.py --n-actuator 8 --env-variant actuator_relabelled --training-seed 2 --environment-seed 2026 --permutation-seed 0 --state-sampling-seed 2 --action-order hybrid_pam --run-tag formal5080 --n-state 40 --n-action 50 --n-iter 30 --n-iter-v 1 --callback-freq 10 --n-test 100 --device cuda --max-batch-v 10000 --max-batch-a 100000 --nswp-v 5 --nswp-a 10 --rmax-v 100 --rmax-a 100 --kickrank-v 10 --kickrank-a 10 --eps-cross-v 0.001 --eps-cross-a 0.001 --eps-round-v 0.001 --eps-round-a 0.001 --n-samples 50
HM8_actuator_relabelled,3,3,2026,0,3,local,/home/s110/code/ttpi_iclr/repro/results/HM8_actuator_relabelled_state40_action50_iter30_orderlocal_seed3_formal5080.json,/home/s110/miniconda3/envs/tt_5080/bin/python3 /home/s110/code/ttpi_iclr/repro/scripts/run_hardmove.py --n-actuator 8 --env-variant actuator_relabelled --training-seed 3 --environment-seed 2026 --permutation-seed 0 --state-sampling-seed 3 --action-order local --run-tag formal5080 --n-state 40 --n-action 50 --n-iter 30 --n-iter-v 1 --callback-freq 10 --n-test 100 --device cuda --max-batch-v 10000 --max-batch-a 100000 --nswp-v 5 --nswp-a 10 --rmax-v 100 --rmax-a 100 --kickrank-v 10 --kickrank-a 10 --eps-cross-v 0.001 --eps-cross-a 0.001 --eps-round-v 0.001 --eps-round-a 0.001 --n-samples 50
HM8_actuator_relabelled,3,3,2026,0,3,random,/home/s110/code/ttpi_iclr/repro/results/HM8_actuator_relabelled_state40_action50_iter30_orderrandom_seed3_permseed0_formal5080.json,/home/s110/miniconda3/envs/tt_5080/bin/python3 /home/s110/code/ttpi_iclr/repro/scripts/run_hardmove.py --n-actuator 8 --env-variant actuator_relabelled --training-seed 3 --environment-seed 2026 --permutation-seed 0 --include-permutation-seed-in-run-id --state-sampling-seed 3 --action-order random --run-tag formal5080 --n-state 40 --n-action 50 --n-iter 30 --n-iter-v 1 --callback-freq 10 --n-test 100 --device cuda --max-batch-v 10000 --max-batch-a 100000 --nswp-v 5 --nswp-a 10 --rmax-v 100 --rmax-a 100 --kickrank-v 10 --kickrank-a 10 --eps-cross-v 0.001 --eps-cross-a 0.001 --eps-round-v 0.001 --eps-round-a 0.001 --n-samples 50
HM8_actuator_relabelled,3,3,2026,1,3,random,/home/s110/code/ttpi_iclr/repro/results/HM8_actuator_relabelled_state40_action50_iter30_orderrandom_seed3_permseed1_formal5080.json,/home/s110/miniconda3/envs/tt_5080/bin/python3 /home/s110/code/ttpi_iclr/repro/scripts/run_hardmove.py --n-actuator 8 --env-variant actuator_relabelled --training-seed 3 --environment-seed 2026 --permutation-seed 1 --include-permutation-seed-in-run-id --state-sampling-seed 3 --action-order random --run-tag formal5080 --n-state 40 --n-action 50 --n-iter 30 --n-iter-v 1 --callback-freq 10 --n-test 100 --device cuda --max-batch-v 10000 --max-batch-a 100000 --nswp-v 5 --nswp-a 10 --rmax-v 100 --rmax-a 100 --kickrank-v 10 --kickrank-a 10 --eps-cross-v 0.001 --eps-cross-a 0.001 --eps-round-v 0.001 --eps-round-a 0.001 --n-samples 50
HM8_actuator_relabelled,3,3,2026,2,3,random,/home/s110/code/ttpi_iclr/repro/results/HM8_actuator_relabelled_state40_action50_iter30_orderrandom_seed3_permseed2_formal5080.json,/home/s110/miniconda3/envs/tt_5080/bin/python3 /home/s110/code/ttpi_iclr/repro/scripts/run_hardmove.py --n-actuator 8 --env-variant actuator_relabelled --training-seed 3 --environment-seed 2026 --permutation-seed 2 --include-permutation-seed-in-run-id --state-sampling-seed 3 --action-order random --run-tag formal5080 --n-state 40 --n-action 50 --n-iter 30 --n-iter-v 1 --callback-freq 10 --n-test 100 --device cuda --max-batch-v 10000 --max-batch-a 100000 --nswp-v 5 --nswp-a 10 --rmax-v 100 --rmax-a 100 --kickrank-v 10 --kickrank-a 10 --eps-cross-v 0.001 --eps-cross-a 0.001 --eps-round-v 0.001 --eps-round-a 0.001 --n-samples 50
HM8_actuator_relabelled,3,3,2026,0,3,badsplit,/home/s110/code/ttpi_iclr/repro/results/HM8_actuator_relabelled_state40_action50_iter30_orderbadsplit_seed3_formal5080.json,/home/s110/miniconda3/envs/tt_5080/bin/python3 /home/s110/code/ttpi_iclr/repro/scripts/run_hardmove.py --n-actuator 8 --env-variant actuator_relabelled --training-seed 3 --environment-seed 2026 --permutation-seed 0 --state-sampling-seed 3 --action-order badsplit --run-tag formal5080 --n-state 40 --n-action 50 --n-iter 30 --n-iter-v 1 --callback-freq 10 --n-test 100 --device cuda --max-batch-v 10000 --max-batch-a 100000 --nswp-v 5 --nswp-a 10 --rmax-v 100 --rmax-a 100 --kickrank-v 10 --kickrank-a 10 --eps-cross-v 0.001 --eps-cross-a 0.001 --eps-round-v 0.001 --eps-round-a 0.001 --n-samples 50
HM8_actuator_relabelled,3,3,2026,0,3,reverse_blocks,/home/s110/code/ttpi_iclr/repro/results/HM8_actuator_relabelled_state40_action50_iter30_orderreverse_blocks_seed3_formal5080.json,/home/s110/miniconda3/envs/tt_5080/bin/python3 /home/s110/code/ttpi_iclr/repro/scripts/run_hardmove.py --n-actuator 8 --env-variant actuator_relabelled --training-seed 3 --environment-seed 2026 --permutation-seed 0 --state-sampling-seed 3 --action-order reverse_blocks --run-tag formal5080 --n-state 40 --n-action 50 --n-iter 30 --n-iter-v 1 --callback-freq 10 --n-test 100 --device cuda --max-batch-v 10000 --max-batch-a 100000 --nswp-v 5 --nswp-a 10 --rmax-v 100 --rmax-a 100 --kickrank-v 10 --kickrank-a 10 --eps-cross-v 0.001 --eps-cross-a 0.001 --eps-round-v 0.001 --eps-round-a 0.001 --n-samples 50
HM8_actuator_relabelled,3,3,2026,0,3,flip_within_block,/home/s110/code/ttpi_iclr/repro/results/HM8_actuator_relabelled_state40_action50_iter30_orderflip_within_block_seed3_formal5080.json,/home/s110/miniconda3/envs/tt_5080/bin/python3 /home/s110/code/ttpi_iclr/repro/scripts/run_hardmove.py --n-actuator 8 --env-variant actuator_relabelled --training-seed 3 --environment-seed 2026 --permutation-seed 0 --state-sampling-seed 3 --action-order flip_within_block --run-tag formal5080 --n-state 40 --n-action 50 --n-iter 30 --n-iter-v 1 --callback-freq 10 --n-test 100 --device cuda --max-batch-v 10000 --max-batch-a 100000 --nswp-v 5 --nswp-a 10 --rmax-v 100 --rmax-a 100 --kickrank-v 10 --kickrank-a 10 --eps-cross-v 0.001 --eps-cross-a 0.001 --eps-round-v 0.001 --eps-round-a 0.001 --n-samples 50
HM8_actuator_relabelled,3,3,2026,0,3,pam_greedy,/home/s110/code/ttpi_iclr/repro/results/HM8_actuator_relabelled_state40_action50_iter30_orderpam_greedy_seed3_formal5080.json,/home/s110/miniconda3/envs/tt_5080/bin/python3 /home/s110/code/ttpi_iclr/repro/scripts/run_hardmove.py --n-actuator 8 --env-variant actuator_relabelled --training-seed 3 --environment-seed 2026 --permutation-seed 0 --state-sampling-seed 3 --action-order pam_greedy --run-tag formal5080 --n-state 40 --n-action 50 --n-iter 30 --n-iter-v 1 --callback-freq 10 --n-test 100 --device cuda --max-batch-v 10000 --max-batch-a 100000 --nswp-v 5 --nswp-a 10 --rmax-v 100 --rmax-a 100 --kickrank-v 10 --kickrank-a 10 --eps-cross-v 0.001 --eps-cross-a 0.001 --eps-round-v 0.001 --eps-round-a 0.001 --n-samples 50
HM8_actuator_relabelled,3,3,2026,0,3,pam_spectral,/home/s110/code/ttpi_iclr/repro/results/HM8_actuator_relabelled_state40_action50_iter30_orderpam_spectral_seed3_formal5080.json,/home/s110/miniconda3/envs/tt_5080/bin/python3 /home/s110/code/ttpi_iclr/repro/scripts/run_hardmove.py --n-actuator 8 --env-variant actuator_relabelled --training-seed 3 --environment-seed 2026 --permutation-seed 0 --state-sampling-seed 3 --action-order pam_spectral --run-tag formal5080 --n-state 40 --n-action 50 --n-iter 30 --n-iter-v 1 --callback-freq 10 --n-test 100 --device cuda --max-batch-v 10000 --max-batch-a 100000 --nswp-v 5 --nswp-a 10 --rmax-v 100 --rmax-a 100 --kickrank-v 10 --kickrank-a 10 --eps-cross-v 0.001 --eps-cross-a 0.001 --eps-round-v 0.001 --eps-round-a 0.001 --n-samples 50
HM8_actuator_relabelled,3,3,2026,0,3,block_pam,/home/s110/code/ttpi_iclr/repro/results/HM8_actuator_relabelled_state40_action50_iter30_orderblock_pam_seed3_formal5080.json,/home/s110/miniconda3/envs/tt_5080/bin/python3 /home/s110/code/ttpi_iclr/repro/scripts/run_hardmove.py --n-actuator 8 --env-variant actuator_relabelled --training-seed 3 --environment-seed 2026 --permutation-seed 0 --state-sampling-seed 3 --action-order block_pam --run-tag formal5080 --n-state 40 --n-action 50 --n-iter 30 --n-iter-v 1 --callback-freq 10 --n-test 100 --device cuda --max-batch-v 10000 --max-batch-a 100000 --nswp-v 5 --nswp-a 10 --rmax-v 100 --rmax-a 100 --kickrank-v 10 --kickrank-a 10 --eps-cross-v 0.001 --eps-cross-a 0.001 --eps-round-v 0.001 --eps-round-a 0.001 --n-samples 50
HM8_actuator_relabelled,3,3,2026,0,3,free_pam,/home/s110/code/ttpi_iclr/repro/results/HM8_actuator_relabelled_state40_action50_iter30_orderfree_pam_seed3_formal5080.json,/home/s110/miniconda3/envs/tt_5080/bin/python3 /home/s110/code/ttpi_iclr/repro/scripts/run_hardmove.py --n-actuator 8 --env-variant actuator_relabelled --training-seed 3 --environment-seed 2026 --permutation-seed 0 --state-sampling-seed 3 --action-order free_pam --run-tag formal5080 --n-state 40 --n-action 50 --n-iter 30 --n-iter-v 1 --callback-freq 10 --n-test 100 --device cuda --max-batch-v 10000 --max-batch-a 100000 --nswp-v 5 --nswp-a 10 --rmax-v 100 --rmax-a 100 --kickrank-v 10 --kickrank-a 10 --eps-cross-v 0.001 --eps-cross-a 0.001 --eps-round-v 0.001 --eps-round-a 0.001 --n-samples 50
HM8_actuator_relabelled,3,3,2026,0,3,peakcut_pam,/home/s110/code/ttpi_iclr/repro/results/HM8_actuator_relabelled_state40_action50_iter30_orderpeakcut_pam_seed3_formal5080.json,/home/s110/miniconda3/envs/tt_5080/bin/python3 /home/s110/code/ttpi_iclr/repro/scripts/run_hardmove.py --n-actuator 8 --env-variant actuator_relabelled --training-seed 3 --environment-seed 2026 --permutation-seed 0 --state-sampling-seed 3 --action-order peakcut_pam --run-tag formal5080 --n-state 40 --n-action 50 --n-iter 30 --n-iter-v 1 --callback-freq 10 --n-test 100 --device cuda --max-batch-v 10000 --max-batch-a 100000 --nswp-v 5 --nswp-a 10 --rmax-v 100 --rmax-a 100 --kickrank-v 10 --kickrank-a 10 --eps-cross-v 0.001 --eps-cross-a 0.001 --eps-round-v 0.001 --eps-round-a 0.001 --n-samples 50
HM8_actuator_relabelled,3,3,2026,0,3,sensitivity_pam,/home/s110/code/ttpi_iclr/repro/results/HM8_actuator_relabelled_state40_action50_iter30_ordersensitivity_pam_seed3_formal5080.json,/home/s110/miniconda3/envs/tt_5080/bin/python3 /home/s110/code/ttpi_iclr/repro/scripts/run_hardmove.py --n-actuator 8 --env-variant actuator_relabelled --training-seed 3 --environment-seed 2026 --permutation-seed 0 --state-sampling-seed 3 --action-order sensitivity_pam --run-tag formal5080 --n-state 40 --n-action 50 --n-iter 30 --n-iter-v 1 --callback-freq 10 --n-test 100 --device cuda --max-batch-v 10000 --max-batch-a 100000 --nswp-v 5 --nswp-a 10 --rmax-v 100 --rmax-a 100 --kickrank-v 10 --kickrank-a 10 --eps-cross-v 0.001 --eps-cross-a 0.001 --eps-round-v 0.001 --eps-round-a 0.001 --n-samples 50
HM8_actuator_relabelled,3,3,2026,0,3,rankaware_proxy_pam,/home/s110/code/ttpi_iclr/repro/results/HM8_actuator_relabelled_state40_action50_iter30_orderrankaware_proxy_pam_seed3_formal5080.json,/home/s110/miniconda3/envs/tt_5080/bin/python3 /home/s110/code/ttpi_iclr/repro/scripts/run_hardmove.py --n-actuator 8 --env-variant actuator_relabelled --training-seed 3 --environment-seed 2026 --permutation-seed 0 --state-sampling-seed 3 --action-order rankaware_proxy_pam --run-tag formal5080 --n-state 40 --n-action 50 --n-iter 30 --n-iter-v 1 --callback-freq 10 --n-test 100 --device cuda --max-batch-v 10000 --max-batch-a 100000 --nswp-v 5 --nswp-a 10 --rmax-v 100 --rmax-a 100 --kickrank-v 10 --kickrank-a 10 --eps-cross-v 0.001 --eps-cross-a 0.001 --eps-round-v 0.001 --eps-round-a 0.001 --n-samples 50
HM8_actuator_relabelled,3,3,2026,0,3,hybrid_pam,/home/s110/code/ttpi_iclr/repro/results/HM8_actuator_relabelled_state40_action50_iter30_orderhybrid_pam_seed3_formal5080.json,/home/s110/miniconda3/envs/tt_5080/bin/python3 /home/s110/code/ttpi_iclr/repro/scripts/run_hardmove.py --n-actuator 8 --env-variant actuator_relabelled --training-seed 3 --environment-seed 2026 --permutation-seed 0 --state-sampling-seed 3 --action-order hybrid_pam --run-tag formal5080 --n-state 40 --n-action 50 --n-iter 30 --n-iter-v 1 --callback-freq 10 --n-test 100 --device cuda --max-batch-v 10000 --max-batch-a 100000 --nswp-v 5 --nswp-a 10 --rmax-v 100 --rmax-a 100 --kickrank-v 10 --kickrank-a 10 --eps-cross-v 0.001 --eps-cross-a 0.001 --eps-round-v 0.001 --eps-round-a 0.001 --n-samples 50
HM8_actuator_relabelled,4,4,2026,0,4,local,/home/s110/code/ttpi_iclr/repro/results/HM8_actuator_relabelled_state40_action50_iter30_orderlocal_seed4_formal5080.json,/home/s110/miniconda3/envs/tt_5080/bin/python3 /home/s110/code/ttpi_iclr/repro/scripts/run_hardmove.py --n-actuator 8 --env-variant actuator_relabelled --training-seed 4 --environment-seed 2026 --permutation-seed 0 --state-sampling-seed 4 --action-order local --run-tag formal5080 --n-state 40 --n-action 50 --n-iter 30 --n-iter-v 1 --callback-freq 10 --n-test 100 --device cuda --max-batch-v 10000 --max-batch-a 100000 --nswp-v 5 --nswp-a 10 --rmax-v 100 --rmax-a 100 --kickrank-v 10 --kickrank-a 10 --eps-cross-v 0.001 --eps-cross-a 0.001 --eps-round-v 0.001 --eps-round-a 0.001 --n-samples 50
HM8_actuator_relabelled,4,4,2026,0,4,random,/home/s110/code/ttpi_iclr/repro/results/HM8_actuator_relabelled_state40_action50_iter30_orderrandom_seed4_permseed0_formal5080.json,/home/s110/miniconda3/envs/tt_5080/bin/python3 /home/s110/code/ttpi_iclr/repro/scripts/run_hardmove.py --n-actuator 8 --env-variant actuator_relabelled --training-seed 4 --environment-seed 2026 --permutation-seed 0 --include-permutation-seed-in-run-id --state-sampling-seed 4 --action-order random --run-tag formal5080 --n-state 40 --n-action 50 --n-iter 30 --n-iter-v 1 --callback-freq 10 --n-test 100 --device cuda --max-batch-v 10000 --max-batch-a 100000 --nswp-v 5 --nswp-a 10 --rmax-v 100 --rmax-a 100 --kickrank-v 10 --kickrank-a 10 --eps-cross-v 0.001 --eps-cross-a 0.001 --eps-round-v 0.001 --eps-round-a 0.001 --n-samples 50
HM8_actuator_relabelled,4,4,2026,1,4,random,/home/s110/code/ttpi_iclr/repro/results/HM8_actuator_relabelled_state40_action50_iter30_orderrandom_seed4_permseed1_formal5080.json,/home/s110/miniconda3/envs/tt_5080/bin/python3 /home/s110/code/ttpi_iclr/repro/scripts/run_hardmove.py --n-actuator 8 --env-variant actuator_relabelled --training-seed 4 --environment-seed 2026 --permutation-seed 1 --include-permutation-seed-in-run-id --state-sampling-seed 4 --action-order random --run-tag formal5080 --n-state 40 --n-action 50 --n-iter 30 --n-iter-v 1 --callback-freq 10 --n-test 100 --device cuda --max-batch-v 10000 --max-batch-a 100000 --nswp-v 5 --nswp-a 10 --rmax-v 100 --rmax-a 100 --kickrank-v 10 --kickrank-a 10 --eps-cross-v 0.001 --eps-cross-a 0.001 --eps-round-v 0.001 --eps-round-a 0.001 --n-samples 50
HM8_actuator_relabelled,4,4,2026,2,4,random,/home/s110/code/ttpi_iclr/repro/results/HM8_actuator_relabelled_state40_action50_iter30_orderrandom_seed4_permseed2_formal5080.json,/home/s110/miniconda3/envs/tt_5080/bin/python3 /home/s110/code/ttpi_iclr/repro/scripts/run_hardmove.py --n-actuator 8 --env-variant actuator_relabelled --training-seed 4 --environment-seed 2026 --permutation-seed 2 --include-permutation-seed-in-run-id --state-sampling-seed 4 --action-order random --run-tag formal5080 --n-state 40 --n-action 50 --n-iter 30 --n-iter-v 1 --callback-freq 10 --n-test 100 --device cuda --max-batch-v 10000 --max-batch-a 100000 --nswp-v 5 --nswp-a 10 --rmax-v 100 --rmax-a 100 --kickrank-v 10 --kickrank-a 10 --eps-cross-v 0.001 --eps-cross-a 0.001 --eps-round-v 0.001 --eps-round-a 0.001 --n-samples 50
HM8_actuator_relabelled,4,4,2026,0,4,badsplit,/home/s110/code/ttpi_iclr/repro/results/HM8_actuator_relabelled_state40_action50_iter30_orderbadsplit_seed4_formal5080.json,/home/s110/miniconda3/envs/tt_5080/bin/python3 /home/s110/code/ttpi_iclr/repro/scripts/run_hardmove.py --n-actuator 8 --env-variant actuator_relabelled --training-seed 4 --environment-seed 2026 --permutation-seed 0 --state-sampling-seed 4 --action-order badsplit --run-tag formal5080 --n-state 40 --n-action 50 --n-iter 30 --n-iter-v 1 --callback-freq 10 --n-test 100 --device cuda --max-batch-v 10000 --max-batch-a 100000 --nswp-v 5 --nswp-a 10 --rmax-v 100 --rmax-a 100 --kickrank-v 10 --kickrank-a 10 --eps-cross-v 0.001 --eps-cross-a 0.001 --eps-round-v 0.001 --eps-round-a 0.001 --n-samples 50
HM8_actuator_relabelled,4,4,2026,0,4,reverse_blocks,/home/s110/code/ttpi_iclr/repro/results/HM8_actuator_relabelled_state40_action50_iter30_orderreverse_blocks_seed4_formal5080.json,/home/s110/miniconda3/envs/tt_5080/bin/python3 /home/s110/code/ttpi_iclr/repro/scripts/run_hardmove.py --n-actuator 8 --env-variant actuator_relabelled --training-seed 4 --environment-seed 2026 --permutation-seed 0 --state-sampling-seed 4 --action-order reverse_blocks --run-tag formal5080 --n-state 40 --n-action 50 --n-iter 30 --n-iter-v 1 --callback-freq 10 --n-test 100 --device cuda --max-batch-v 10000 --max-batch-a 100000 --nswp-v 5 --nswp-a 10 --rmax-v 100 --rmax-a 100 --kickrank-v 10 --kickrank-a 10 --eps-cross-v 0.001 --eps-cross-a 0.001 --eps-round-v 0.001 --eps-round-a 0.001 --n-samples 50
HM8_actuator_relabelled,4,4,2026,0,4,flip_within_block,/home/s110/code/ttpi_iclr/repro/results/HM8_actuator_relabelled_state40_action50_iter30_orderflip_within_block_seed4_formal5080.json,/home/s110/miniconda3/envs/tt_5080/bin/python3 /home/s110/code/ttpi_iclr/repro/scripts/run_hardmove.py --n-actuator 8 --env-variant actuator_relabelled --training-seed 4 --environment-seed 2026 --permutation-seed 0 --state-sampling-seed 4 --action-order flip_within_block --run-tag formal5080 --n-state 40 --n-action 50 --n-iter 30 --n-iter-v 1 --callback-freq 10 --n-test 100 --device cuda --max-batch-v 10000 --max-batch-a 100000 --nswp-v 5 --nswp-a 10 --rmax-v 100 --rmax-a 100 --kickrank-v 10 --kickrank-a 10 --eps-cross-v 0.001 --eps-cross-a 0.001 --eps-round-v 0.001 --eps-round-a 0.001 --n-samples 50
HM8_actuator_relabelled,4,4,2026,0,4,pam_greedy,/home/s110/code/ttpi_iclr/repro/results/HM8_actuator_relabelled_state40_action50_iter30_orderpam_greedy_seed4_formal5080.json,/home/s110/miniconda3/envs/tt_5080/bin/python3 /home/s110/code/ttpi_iclr/repro/scripts/run_hardmove.py --n-actuator 8 --env-variant actuator_relabelled --training-seed 4 --environment-seed 2026 --permutation-seed 0 --state-sampling-seed 4 --action-order pam_greedy --run-tag formal5080 --n-state 40 --n-action 50 --n-iter 30 --n-iter-v 1 --callback-freq 10 --n-test 100 --device cuda --max-batch-v 10000 --max-batch-a 100000 --nswp-v 5 --nswp-a 10 --rmax-v 100 --rmax-a 100 --kickrank-v 10 --kickrank-a 10 --eps-cross-v 0.001 --eps-cross-a 0.001 --eps-round-v 0.001 --eps-round-a 0.001 --n-samples 50
HM8_actuator_relabelled,4,4,2026,0,4,pam_spectral,/home/s110/code/ttpi_iclr/repro/results/HM8_actuator_relabelled_state40_action50_iter30_orderpam_spectral_seed4_formal5080.json,/home/s110/miniconda3/envs/tt_5080/bin/python3 /home/s110/code/ttpi_iclr/repro/scripts/run_hardmove.py --n-actuator 8 --env-variant actuator_relabelled --training-seed 4 --environment-seed 2026 --permutation-seed 0 --state-sampling-seed 4 --action-order pam_spectral --run-tag formal5080 --n-state 40 --n-action 50 --n-iter 30 --n-iter-v 1 --callback-freq 10 --n-test 100 --device cuda --max-batch-v 10000 --max-batch-a 100000 --nswp-v 5 --nswp-a 10 --rmax-v 100 --rmax-a 100 --kickrank-v 10 --kickrank-a 10 --eps-cross-v 0.001 --eps-cross-a 0.001 --eps-round-v 0.001 --eps-round-a 0.001 --n-samples 50
HM8_actuator_relabelled,4,4,2026,0,4,block_pam,/home/s110/code/ttpi_iclr/repro/results/HM8_actuator_relabelled_state40_action50_iter30_orderblock_pam_seed4_formal5080.json,/home/s110/miniconda3/envs/tt_5080/bin/python3 /home/s110/code/ttpi_iclr/repro/scripts/run_hardmove.py --n-actuator 8 --env-variant actuator_relabelled --training-seed 4 --environment-seed 2026 --permutation-seed 0 --state-sampling-seed 4 --action-order block_pam --run-tag formal5080 --n-state 40 --n-action 50 --n-iter 30 --n-iter-v 1 --callback-freq 10 --n-test 100 --device cuda --max-batch-v 10000 --max-batch-a 100000 --nswp-v 5 --nswp-a 10 --rmax-v 100 --rmax-a 100 --kickrank-v 10 --kickrank-a 10 --eps-cross-v 0.001 --eps-cross-a 0.001 --eps-round-v 0.001 --eps-round-a 0.001 --n-samples 50
HM8_actuator_relabelled,4,4,2026,0,4,free_pam,/home/s110/code/ttpi_iclr/repro/results/HM8_actuator_relabelled_state40_action50_iter30_orderfree_pam_seed4_formal5080.json,/home/s110/miniconda3/envs/tt_5080/bin/python3 /home/s110/code/ttpi_iclr/repro/scripts/run_hardmove.py --n-actuator 8 --env-variant actuator_relabelled --training-seed 4 --environment-seed 2026 --permutation-seed 0 --state-sampling-seed 4 --action-order free_pam --run-tag formal5080 --n-state 40 --n-action 50 --n-iter 30 --n-iter-v 1 --callback-freq 10 --n-test 100 --device cuda --max-batch-v 10000 --max-batch-a 100000 --nswp-v 5 --nswp-a 10 --rmax-v 100 --rmax-a 100 --kickrank-v 10 --kickrank-a 10 --eps-cross-v 0.001 --eps-cross-a 0.001 --eps-round-v 0.001 --eps-round-a 0.001 --n-samples 50
HM8_actuator_relabelled,4,4,2026,0,4,peakcut_pam,/home/s110/code/ttpi_iclr/repro/results/HM8_actuator_relabelled_state40_action50_iter30_orderpeakcut_pam_seed4_formal5080.json,/home/s110/miniconda3/envs/tt_5080/bin/python3 /home/s110/code/ttpi_iclr/repro/scripts/run_hardmove.py --n-actuator 8 --env-variant actuator_relabelled --training-seed 4 --environment-seed 2026 --permutation-seed 0 --state-sampling-seed 4 --action-order peakcut_pam --run-tag formal5080 --n-state 40 --n-action 50 --n-iter 30 --n-iter-v 1 --callback-freq 10 --n-test 100 --device cuda --max-batch-v 10000 --max-batch-a 100000 --nswp-v 5 --nswp-a 10 --rmax-v 100 --rmax-a 100 --kickrank-v 10 --kickrank-a 10 --eps-cross-v 0.001 --eps-cross-a 0.001 --eps-round-v 0.001 --eps-round-a 0.001 --n-samples 50
HM8_actuator_relabelled,4,4,2026,0,4,sensitivity_pam,/home/s110/code/ttpi_iclr/repro/results/HM8_actuator_relabelled_state40_action50_iter30_ordersensitivity_pam_seed4_formal5080.json,/home/s110/miniconda3/envs/tt_5080/bin/python3 /home/s110/code/ttpi_iclr/repro/scripts/run_hardmove.py --n-actuator 8 --env-variant actuator_relabelled --training-seed 4 --environment-seed 2026 --permutation-seed 0 --state-sampling-seed 4 --action-order sensitivity_pam --run-tag formal5080 --n-state 40 --n-action 50 --n-iter 30 --n-iter-v 1 --callback-freq 10 --n-test 100 --device cuda --max-batch-v 10000 --max-batch-a 100000 --nswp-v 5 --nswp-a 10 --rmax-v 100 --rmax-a 100 --kickrank-v 10 --kickrank-a 10 --eps-cross-v 0.001 --eps-cross-a 0.001 --eps-round-v 0.001 --eps-round-a 0.001 --n-samples 50
HM8_actuator_relabelled,4,4,2026,0,4,rankaware_proxy_pam,/home/s110/code/ttpi_iclr/repro/results/HM8_actuator_relabelled_state40_action50_iter30_orderrankaware_proxy_pam_seed4_formal5080.json,/home/s110/miniconda3/envs/tt_5080/bin/python3 /home/s110/code/ttpi_iclr/repro/scripts/run_hardmove.py --n-actuator 8 --env-variant actuator_relabelled --training-seed 4 --environment-seed 2026 --permutation-seed 0 --state-sampling-seed 4 --action-order rankaware_proxy_pam --run-tag formal5080 --n-state 40 --n-action 50 --n-iter 30 --n-iter-v 1 --callback-freq 10 --n-test 100 --device cuda --max-batch-v 10000 --max-batch-a 100000 --nswp-v 5 --nswp-a 10 --rmax-v 100 --rmax-a 100 --kickrank-v 10 --kickrank-a 10 --eps-cross-v 0.001 --eps-cross-a 0.001 --eps-round-v 0.001 --eps-round-a 0.001 --n-samples 50
HM8_actuator_relabelled,4,4,2026,0,4,hybrid_pam,/home/s110/code/ttpi_iclr/repro/results/HM8_actuator_relabelled_state40_action50_iter30_orderhybrid_pam_seed4_formal5080.json,/home/s110/miniconda3/envs/tt_5080/bin/python3 /home/s110/code/ttpi_iclr/repro/scripts/run_hardmove.py --n-actuator 8 --env-variant actuator_relabelled --training-seed 4 --environment-seed 2026 --permutation-seed 0 --state-sampling-seed 4 --action-order hybrid_pam --run-tag formal5080 --n-state 40 --n-action 50 --n-iter 30 --n-iter-v 1 --callback-freq 10 --n-test 100 --device cuda --max-batch-v 10000 --max-batch-a 100000 --nswp-v 5 --nswp-a 10 --rmax-v 100 --rmax-a 100 --kickrank-v 10 --kickrank-a 10 --eps-cross-v 0.001 --eps-cross-a 0.001 --eps-round-v 0.001 --eps-round-a 0.001 --n-samples 50
HM8_actuator_relabelled,5,5,2026,0,5,local,/home/s110/code/ttpi_iclr/repro/results/HM8_actuator_relabelled_state40_action50_iter30_orderlocal_seed5_formal5080.json,/home/s110/miniconda3/envs/tt_5080/bin/python3 /home/s110/code/ttpi_iclr/repro/scripts/run_hardmove.py --n-actuator 8 --env-variant actuator_relabelled --training-seed 5 --environment-seed 2026 --permutation-seed 0 --state-sampling-seed 5 --action-order local --run-tag formal5080 --n-state 40 --n-action 50 --n-iter 30 --n-iter-v 1 --callback-freq 10 --n-test 100 --device cuda --max-batch-v 10000 --max-batch-a 100000 --nswp-v 5 --nswp-a 10 --rmax-v 100 --rmax-a 100 --kickrank-v 10 --kickrank-a 10 --eps-cross-v 0.001 --eps-cross-a 0.001 --eps-round-v 0.001 --eps-round-a 0.001 --n-samples 50
HM8_actuator_relabelled,5,5,2026,0,5,random,/home/s110/code/ttpi_iclr/repro/results/HM8_actuator_relabelled_state40_action50_iter30_orderrandom_seed5_permseed0_formal5080.json,/home/s110/miniconda3/envs/tt_5080/bin/python3 /home/s110/code/ttpi_iclr/repro/scripts/run_hardmove.py --n-actuator 8 --env-variant actuator_relabelled --training-seed 5 --environment-seed 2026 --permutation-seed 0 --include-permutation-seed-in-run-id --state-sampling-seed 5 --action-order random --run-tag formal5080 --n-state 40 --n-action 50 --n-iter 30 --n-iter-v 1 --callback-freq 10 --n-test 100 --device cuda --max-batch-v 10000 --max-batch-a 100000 --nswp-v 5 --nswp-a 10 --rmax-v 100 --rmax-a 100 --kickrank-v 10 --kickrank-a 10 --eps-cross-v 0.001 --eps-cross-a 0.001 --eps-round-v 0.001 --eps-round-a 0.001 --n-samples 50
HM8_actuator_relabelled,5,5,2026,1,5,random,/home/s110/code/ttpi_iclr/repro/results/HM8_actuator_relabelled_state40_action50_iter30_orderrandom_seed5_permseed1_formal5080.json,/home/s110/miniconda3/envs/tt_5080/bin/python3 /home/s110/code/ttpi_iclr/repro/scripts/run_hardmove.py --n-actuator 8 --env-variant actuator_relabelled --training-seed 5 --environment-seed 2026 --permutation-seed 1 --include-permutation-seed-in-run-id --state-sampling-seed 5 --action-order random --run-tag formal5080 --n-state 40 --n-action 50 --n-iter 30 --n-iter-v 1 --callback-freq 10 --n-test 100 --device cuda --max-batch-v 10000 --max-batch-a 100000 --nswp-v 5 --nswp-a 10 --rmax-v 100 --rmax-a 100 --kickrank-v 10 --kickrank-a 10 --eps-cross-v 0.001 --eps-cross-a 0.001 --eps-round-v 0.001 --eps-round-a 0.001 --n-samples 50
HM8_actuator_relabelled,5,5,2026,2,5,random,/home/s110/code/ttpi_iclr/repro/results/HM8_actuator_relabelled_state40_action50_iter30_orderrandom_seed5_permseed2_formal5080.json,/home/s110/miniconda3/envs/tt_5080/bin/python3 /home/s110/code/ttpi_iclr/repro/scripts/run_hardmove.py --n-actuator 8 --env-variant actuator_relabelled --training-seed 5 --environment-seed 2026 --permutation-seed 2 --include-permutation-seed-in-run-id --state-sampling-seed 5 --action-order random --run-tag formal5080 --n-state 40 --n-action 50 --n-iter 30 --n-iter-v 1 --callback-freq 10 --n-test 100 --device cuda --max-batch-v 10000 --max-batch-a 100000 --nswp-v 5 --nswp-a 10 --rmax-v 100 --rmax-a 100 --kickrank-v 10 --kickrank-a 10 --eps-cross-v 0.001 --eps-cross-a 0.001 --eps-round-v 0.001 --eps-round-a 0.001 --n-samples 50
HM8_actuator_relabelled,5,5,2026,0,5,badsplit,/home/s110/code/ttpi_iclr/repro/results/HM8_actuator_relabelled_state40_action50_iter30_orderbadsplit_seed5_formal5080.json,/home/s110/miniconda3/envs/tt_5080/bin/python3 /home/s110/code/ttpi_iclr/repro/scripts/run_hardmove.py --n-actuator 8 --env-variant actuator_relabelled --training-seed 5 --environment-seed 2026 --permutation-seed 0 --state-sampling-seed 5 --action-order badsplit --run-tag formal5080 --n-state 40 --n-action 50 --n-iter 30 --n-iter-v 1 --callback-freq 10 --n-test 100 --device cuda --max-batch-v 10000 --max-batch-a 100000 --nswp-v 5 --nswp-a 10 --rmax-v 100 --rmax-a 100 --kickrank-v 10 --kickrank-a 10 --eps-cross-v 0.001 --eps-cross-a 0.001 --eps-round-v 0.001 --eps-round-a 0.001 --n-samples 50
HM8_actuator_relabelled,5,5,2026,0,5,reverse_blocks,/home/s110/code/ttpi_iclr/repro/results/HM8_actuator_relabelled_state40_action50_iter30_orderreverse_blocks_seed5_formal5080.json,/home/s110/miniconda3/envs/tt_5080/bin/python3 /home/s110/code/ttpi_iclr/repro/scripts/run_hardmove.py --n-actuator 8 --env-variant actuator_relabelled --training-seed 5 --environment-seed 2026 --permutation-seed 0 --state-sampling-seed 5 --action-order reverse_blocks --run-tag formal5080 --n-state 40 --n-action 50 --n-iter 30 --n-iter-v 1 --callback-freq 10 --n-test 100 --device cuda --max-batch-v 10000 --max-batch-a 100000 --nswp-v 5 --nswp-a 10 --rmax-v 100 --rmax-a 100 --kickrank-v 10 --kickrank-a 10 --eps-cross-v 0.001 --eps-cross-a 0.001 --eps-round-v 0.001 --eps-round-a 0.001 --n-samples 50
HM8_actuator_relabelled,5,5,2026,0,5,flip_within_block,/home/s110/code/ttpi_iclr/repro/results/HM8_actuator_relabelled_state40_action50_iter30_orderflip_within_block_seed5_formal5080.json,/home/s110/miniconda3/envs/tt_5080/bin/python3 /home/s110/code/ttpi_iclr/repro/scripts/run_hardmove.py --n-actuator 8 --env-variant actuator_relabelled --training-seed 5 --environment-seed 2026 --permutation-seed 0 --state-sampling-seed 5 --action-order flip_within_block --run-tag formal5080 --n-state 40 --n-action 50 --n-iter 30 --n-iter-v 1 --callback-freq 10 --n-test 100 --device cuda --max-batch-v 10000 --max-batch-a 100000 --nswp-v 5 --nswp-a 10 --rmax-v 100 --rmax-a 100 --kickrank-v 10 --kickrank-a 10 --eps-cross-v 0.001 --eps-cross-a 0.001 --eps-round-v 0.001 --eps-round-a 0.001 --n-samples 50
HM8_actuator_relabelled,5,5,2026,0,5,pam_greedy,/home/s110/code/ttpi_iclr/repro/results/HM8_actuator_relabelled_state40_action50_iter30_orderpam_greedy_seed5_formal5080.json,/home/s110/miniconda3/envs/tt_5080/bin/python3 /home/s110/code/ttpi_iclr/repro/scripts/run_hardmove.py --n-actuator 8 --env-variant actuator_relabelled --training-seed 5 --environment-seed 2026 --permutation-seed 0 --state-sampling-seed 5 --action-order pam_greedy --run-tag formal5080 --n-state 40 --n-action 50 --n-iter 30 --n-iter-v 1 --callback-freq 10 --n-test 100 --device cuda --max-batch-v 10000 --max-batch-a 100000 --nswp-v 5 --nswp-a 10 --rmax-v 100 --rmax-a 100 --kickrank-v 10 --kickrank-a 10 --eps-cross-v 0.001 --eps-cross-a 0.001 --eps-round-v 0.001 --eps-round-a 0.001 --n-samples 50
HM8_actuator_relabelled,5,5,2026,0,5,pam_spectral,/home/s110/code/ttpi_iclr/repro/results/HM8_actuator_relabelled_state40_action50_iter30_orderpam_spectral_seed5_formal5080.json,/home/s110/miniconda3/envs/tt_5080/bin/python3 /home/s110/code/ttpi_iclr/repro/scripts/run_hardmove.py --n-actuator 8 --env-variant actuator_relabelled --training-seed 5 --environment-seed 2026 --permutation-seed 0 --state-sampling-seed 5 --action-order pam_spectral --run-tag formal5080 --n-state 40 --n-action 50 --n-iter 30 --n-iter-v 1 --callback-freq 10 --n-test 100 --device cuda --max-batch-v 10000 --max-batch-a 100000 --nswp-v 5 --nswp-a 10 --rmax-v 100 --rmax-a 100 --kickrank-v 10 --kickrank-a 10 --eps-cross-v 0.001 --eps-cross-a 0.001 --eps-round-v 0.001 --eps-round-a 0.001 --n-samples 50
HM8_actuator_relabelled,5,5,2026,0,5,block_pam,/home/s110/code/ttpi_iclr/repro/results/HM8_actuator_relabelled_state40_action50_iter30_orderblock_pam_seed5_formal5080.json,/home/s110/miniconda3/envs/tt_5080/bin/python3 /home/s110/code/ttpi_iclr/repro/scripts/run_hardmove.py --n-actuator 8 --env-variant actuator_relabelled --training-seed 5 --environment-seed 2026 --permutation-seed 0 --state-sampling-seed 5 --action-order block_pam --run-tag formal5080 --n-state 40 --n-action 50 --n-iter 30 --n-iter-v 1 --callback-freq 10 --n-test 100 --device cuda --max-batch-v 10000 --max-batch-a 100000 --nswp-v 5 --nswp-a 10 --rmax-v 100 --rmax-a 100 --kickrank-v 10 --kickrank-a 10 --eps-cross-v 0.001 --eps-cross-a 0.001 --eps-round-v 0.001 --eps-round-a 0.001 --n-samples 50
HM8_actuator_relabelled,5,5,2026,0,5,free_pam,/home/s110/code/ttpi_iclr/repro/results/HM8_actuator_relabelled_state40_action50_iter30_orderfree_pam_seed5_formal5080.json,/home/s110/miniconda3/envs/tt_5080/bin/python3 /home/s110/code/ttpi_iclr/repro/scripts/run_hardmove.py --n-actuator 8 --env-variant actuator_relabelled --training-seed 5 --environment-seed 2026 --permutation-seed 0 --state-sampling-seed 5 --action-order free_pam --run-tag formal5080 --n-state 40 --n-action 50 --n-iter 30 --n-iter-v 1 --callback-freq 10 --n-test 100 --device cuda --max-batch-v 10000 --max-batch-a 100000 --nswp-v 5 --nswp-a 10 --rmax-v 100 --rmax-a 100 --kickrank-v 10 --kickrank-a 10 --eps-cross-v 0.001 --eps-cross-a 0.001 --eps-round-v 0.001 --eps-round-a 0.001 --n-samples 50
HM8_actuator_relabelled,5,5,2026,0,5,peakcut_pam,/home/s110/code/ttpi_iclr/repro/results/HM8_actuator_relabelled_state40_action50_iter30_orderpeakcut_pam_seed5_formal5080.json,/home/s110/miniconda3/envs/tt_5080/bin/python3 /home/s110/code/ttpi_iclr/repro/scripts/run_hardmove.py --n-actuator 8 --env-variant actuator_relabelled --training-seed 5 --environment-seed 2026 --permutation-seed 0 --state-sampling-seed 5 --action-order peakcut_pam --run-tag formal5080 --n-state 40 --n-action 50 --n-iter 30 --n-iter-v 1 --callback-freq 10 --n-test 100 --device cuda --max-batch-v 10000 --max-batch-a 100000 --nswp-v 5 --nswp-a 10 --rmax-v 100 --rmax-a 100 --kickrank-v 10 --kickrank-a 10 --eps-cross-v 0.001 --eps-cross-a 0.001 --eps-round-v 0.001 --eps-round-a 0.001 --n-samples 50
HM8_actuator_relabelled,5,5,2026,0,5,sensitivity_pam,/home/s110/code/ttpi_iclr/repro/results/HM8_actuator_relabelled_state40_action50_iter30_ordersensitivity_pam_seed5_formal5080.json,/home/s110/miniconda3/envs/tt_5080/bin/python3 /home/s110/code/ttpi_iclr/repro/scripts/run_hardmove.py --n-actuator 8 --env-variant actuator_relabelled --training-seed 5 --environment-seed 2026 --permutation-seed 0 --state-sampling-seed 5 --action-order sensitivity_pam --run-tag formal5080 --n-state 40 --n-action 50 --n-iter 30 --n-iter-v 1 --callback-freq 10 --n-test 100 --device cuda --max-batch-v 10000 --max-batch-a 100000 --nswp-v 5 --nswp-a 10 --rmax-v 100 --rmax-a 100 --kickrank-v 10 --kickrank-a 10 --eps-cross-v 0.001 --eps-cross-a 0.001 --eps-round-v 0.001 --eps-round-a 0.001 --n-samples 50
HM8_actuator_relabelled,5,5,2026,0,5,rankaware_proxy_pam,/home/s110/code/ttpi_iclr/repro/results/HM8_actuator_relabelled_state40_action50_iter30_orderrankaware_proxy_pam_seed5_formal5080.json,/home/s110/miniconda3/envs/tt_5080/bin/python3 /home/s110/code/ttpi_iclr/repro/scripts/run_hardmove.py --n-actuator 8 --env-variant actuator_relabelled --training-seed 5 --environment-seed 2026 --permutation-seed 0 --state-sampling-seed 5 --action-order rankaware_proxy_pam --run-tag formal5080 --n-state 40 --n-action 50 --n-iter 30 --n-iter-v 1 --callback-freq 10 --n-test 100 --device cuda --max-batch-v 10000 --max-batch-a 100000 --nswp-v 5 --nswp-a 10 --rmax-v 100 --rmax-a 100 --kickrank-v 10 --kickrank-a 10 --eps-cross-v 0.001 --eps-cross-a 0.001 --eps-round-v 0.001 --eps-round-a 0.001 --n-samples 50
HM8_actuator_relabelled,5,5,2026,0,5,hybrid_pam,/home/s110/code/ttpi_iclr/repro/results/HM8_actuator_relabelled_state40_action50_iter30_orderhybrid_pam_seed5_formal5080.json,/home/s110/miniconda3/envs/tt_5080/bin/python3 /home/s110/code/ttpi_iclr/repro/scripts/run_hardmove.py --n-actuator 8 --env-variant actuator_relabelled --training-seed 5 --environment-seed 2026 --permutation-seed 0 --state-sampling-seed 5 --action-order hybrid_pam --run-tag formal5080 --n-state 40 --n-action 50 --n-iter 30 --n-iter-v 1 --callback-freq 10 --n-test 100 --device cuda --max-batch-v 10000 --max-batch-a 100000 --nswp-v 5 --nswp-a 10 --rmax-v 100 --rmax-a 100 --kickrank-v 10 --kickrank-a 10 --eps-cross-v 0.001 --eps-cross-a 0.001 --eps-round-v 0.001 --eps-round-a 0.001 --n-samples 50
HM8_actuator_relabelled,6,6,2026,0,6,local,/home/s110/code/ttpi_iclr/repro/results/HM8_actuator_relabelled_state40_action50_iter30_orderlocal_seed6_formal5080.json,/home/s110/miniconda3/envs/tt_5080/bin/python3 /home/s110/code/ttpi_iclr/repro/scripts/run_hardmove.py --n-actuator 8 --env-variant actuator_relabelled --training-seed 6 --environment-seed 2026 --permutation-seed 0 --state-sampling-seed 6 --action-order local --run-tag formal5080 --n-state 40 --n-action 50 --n-iter 30 --n-iter-v 1 --callback-freq 10 --n-test 100 --device cuda --max-batch-v 10000 --max-batch-a 100000 --nswp-v 5 --nswp-a 10 --rmax-v 100 --rmax-a 100 --kickrank-v 10 --kickrank-a 10 --eps-cross-v 0.001 --eps-cross-a 0.001 --eps-round-v 0.001 --eps-round-a 0.001 --n-samples 50
HM8_actuator_relabelled,6,6,2026,0,6,random,/home/s110/code/ttpi_iclr/repro/results/HM8_actuator_relabelled_state40_action50_iter30_orderrandom_seed6_permseed0_formal5080.json,/home/s110/miniconda3/envs/tt_5080/bin/python3 /home/s110/code/ttpi_iclr/repro/scripts/run_hardmove.py --n-actuator 8 --env-variant actuator_relabelled --training-seed 6 --environment-seed 2026 --permutation-seed 0 --include-permutation-seed-in-run-id --state-sampling-seed 6 --action-order random --run-tag formal5080 --n-state 40 --n-action 50 --n-iter 30 --n-iter-v 1 --callback-freq 10 --n-test 100 --device cuda --max-batch-v 10000 --max-batch-a 100000 --nswp-v 5 --nswp-a 10 --rmax-v 100 --rmax-a 100 --kickrank-v 10 --kickrank-a 10 --eps-cross-v 0.001 --eps-cross-a 0.001 --eps-round-v 0.001 --eps-round-a 0.001 --n-samples 50
HM8_actuator_relabelled,6,6,2026,1,6,random,/home/s110/code/ttpi_iclr/repro/results/HM8_actuator_relabelled_state40_action50_iter30_orderrandom_seed6_permseed1_formal5080.json,/home/s110/miniconda3/envs/tt_5080/bin/python3 /home/s110/code/ttpi_iclr/repro/scripts/run_hardmove.py --n-actuator 8 --env-variant actuator_relabelled --training-seed 6 --environment-seed 2026 --permutation-seed 1 --include-permutation-seed-in-run-id --state-sampling-seed 6 --action-order random --run-tag formal5080 --n-state 40 --n-action 50 --n-iter 30 --n-iter-v 1 --callback-freq 10 --n-test 100 --device cuda --max-batch-v 10000 --max-batch-a 100000 --nswp-v 5 --nswp-a 10 --rmax-v 100 --rmax-a 100 --kickrank-v 10 --kickrank-a 10 --eps-cross-v 0.001 --eps-cross-a 0.001 --eps-round-v 0.001 --eps-round-a 0.001 --n-samples 50
HM8_actuator_relabelled,6,6,2026,2,6,random,/home/s110/code/ttpi_iclr/repro/results/HM8_actuator_relabelled_state40_action50_iter30_orderrandom_seed6_permseed2_formal5080.json,/home/s110/miniconda3/envs/tt_5080/bin/python3 /home/s110/code/ttpi_iclr/repro/scripts/run_hardmove.py --n-actuator 8 --env-variant actuator_relabelled --training-seed 6 --environment-seed 2026 --permutation-seed 2 --include-permutation-seed-in-run-id --state-sampling-seed 6 --action-order random --run-tag formal5080 --n-state 40 --n-action 50 --n-iter 30 --n-iter-v 1 --callback-freq 10 --n-test 100 --device cuda --max-batch-v 10000 --max-batch-a 100000 --nswp-v 5 --nswp-a 10 --rmax-v 100 --rmax-a 100 --kickrank-v 10 --kickrank-a 10 --eps-cross-v 0.001 --eps-cross-a 0.001 --eps-round-v 0.001 --eps-round-a 0.001 --n-samples 50
HM8_actuator_relabelled,6,6,2026,0,6,badsplit,/home/s110/code/ttpi_iclr/repro/results/HM8_actuator_relabelled_state40_action50_iter30_orderbadsplit_seed6_formal5080.json,/home/s110/miniconda3/envs/tt_5080/bin/python3 /home/s110/code/ttpi_iclr/repro/scripts/run_hardmove.py --n-actuator 8 --env-variant actuator_relabelled --training-seed 6 --environment-seed 2026 --permutation-seed 0 --state-sampling-seed 6 --action-order badsplit --run-tag formal5080 --n-state 40 --n-action 50 --n-iter 30 --n-iter-v 1 --callback-freq 10 --n-test 100 --device cuda --max-batch-v 10000 --max-batch-a 100000 --nswp-v 5 --nswp-a 10 --rmax-v 100 --rmax-a 100 --kickrank-v 10 --kickrank-a 10 --eps-cross-v 0.001 --eps-cross-a 0.001 --eps-round-v 0.001 --eps-round-a 0.001 --n-samples 50
HM8_actuator_relabelled,6,6,2026,0,6,reverse_blocks,/home/s110/code/ttpi_iclr/repro/results/HM8_actuator_relabelled_state40_action50_iter30_orderreverse_blocks_seed6_formal5080.json,/home/s110/miniconda3/envs/tt_5080/bin/python3 /home/s110/code/ttpi_iclr/repro/scripts/run_hardmove.py --n-actuator 8 --env-variant actuator_relabelled --training-seed 6 --environment-seed 2026 --permutation-seed 0 --state-sampling-seed 6 --action-order reverse_blocks --run-tag formal5080 --n-state 40 --n-action 50 --n-iter 30 --n-iter-v 1 --callback-freq 10 --n-test 100 --device cuda --max-batch-v 10000 --max-batch-a 100000 --nswp-v 5 --nswp-a 10 --rmax-v 100 --rmax-a 100 --kickrank-v 10 --kickrank-a 10 --eps-cross-v 0.001 --eps-cross-a 0.001 --eps-round-v 0.001 --eps-round-a 0.001 --n-samples 50
HM8_actuator_relabelled,6,6,2026,0,6,flip_within_block,/home/s110/code/ttpi_iclr/repro/results/HM8_actuator_relabelled_state40_action50_iter30_orderflip_within_block_seed6_formal5080.json,/home/s110/miniconda3/envs/tt_5080/bin/python3 /home/s110/code/ttpi_iclr/repro/scripts/run_hardmove.py --n-actuator 8 --env-variant actuator_relabelled --training-seed 6 --environment-seed 2026 --permutation-seed 0 --state-sampling-seed 6 --action-order flip_within_block --run-tag formal5080 --n-state 40 --n-action 50 --n-iter 30 --n-iter-v 1 --callback-freq 10 --n-test 100 --device cuda --max-batch-v 10000 --max-batch-a 100000 --nswp-v 5 --nswp-a 10 --rmax-v 100 --rmax-a 100 --kickrank-v 10 --kickrank-a 10 --eps-cross-v 0.001 --eps-cross-a 0.001 --eps-round-v 0.001 --eps-round-a 0.001 --n-samples 50
HM8_actuator_relabelled,6,6,2026,0,6,pam_greedy,/home/s110/code/ttpi_iclr/repro/results/HM8_actuator_relabelled_state40_action50_iter30_orderpam_greedy_seed6_formal5080.json,/home/s110/miniconda3/envs/tt_5080/bin/python3 /home/s110/code/ttpi_iclr/repro/scripts/run_hardmove.py --n-actuator 8 --env-variant actuator_relabelled --training-seed 6 --environment-seed 2026 --permutation-seed 0 --state-sampling-seed 6 --action-order pam_greedy --run-tag formal5080 --n-state 40 --n-action 50 --n-iter 30 --n-iter-v 1 --callback-freq 10 --n-test 100 --device cuda --max-batch-v 10000 --max-batch-a 100000 --nswp-v 5 --nswp-a 10 --rmax-v 100 --rmax-a 100 --kickrank-v 10 --kickrank-a 10 --eps-cross-v 0.001 --eps-cross-a 0.001 --eps-round-v 0.001 --eps-round-a 0.001 --n-samples 50
HM8_actuator_relabelled,6,6,2026,0,6,pam_spectral,/home/s110/code/ttpi_iclr/repro/results/HM8_actuator_relabelled_state40_action50_iter30_orderpam_spectral_seed6_formal5080.json,/home/s110/miniconda3/envs/tt_5080/bin/python3 /home/s110/code/ttpi_iclr/repro/scripts/run_hardmove.py --n-actuator 8 --env-variant actuator_relabelled --training-seed 6 --environment-seed 2026 --permutation-seed 0 --state-sampling-seed 6 --action-order pam_spectral --run-tag formal5080 --n-state 40 --n-action 50 --n-iter 30 --n-iter-v 1 --callback-freq 10 --n-test 100 --device cuda --max-batch-v 10000 --max-batch-a 100000 --nswp-v 5 --nswp-a 10 --rmax-v 100 --rmax-a 100 --kickrank-v 10 --kickrank-a 10 --eps-cross-v 0.001 --eps-cross-a 0.001 --eps-round-v 0.001 --eps-round-a 0.001 --n-samples 50
HM8_actuator_relabelled,6,6,2026,0,6,block_pam,/home/s110/code/ttpi_iclr/repro/results/HM8_actuator_relabelled_state40_action50_iter30_orderblock_pam_seed6_formal5080.json,/home/s110/miniconda3/envs/tt_5080/bin/python3 /home/s110/code/ttpi_iclr/repro/scripts/run_hardmove.py --n-actuator 8 --env-variant actuator_relabelled --training-seed 6 --environment-seed 2026 --permutation-seed 0 --state-sampling-seed 6 --action-order block_pam --run-tag formal5080 --n-state 40 --n-action 50 --n-iter 30 --n-iter-v 1 --callback-freq 10 --n-test 100 --device cuda --max-batch-v 10000 --max-batch-a 100000 --nswp-v 5 --nswp-a 10 --rmax-v 100 --rmax-a 100 --kickrank-v 10 --kickrank-a 10 --eps-cross-v 0.001 --eps-cross-a 0.001 --eps-round-v 0.001 --eps-round-a 0.001 --n-samples 50
HM8_actuator_relabelled,6,6,2026,0,6,free_pam,/home/s110/code/ttpi_iclr/repro/results/HM8_actuator_relabelled_state40_action50_iter30_orderfree_pam_seed6_formal5080.json,/home/s110/miniconda3/envs/tt_5080/bin/python3 /home/s110/code/ttpi_iclr/repro/scripts/run_hardmove.py --n-actuator 8 --env-variant actuator_relabelled --training-seed 6 --environment-seed 2026 --permutation-seed 0 --state-sampling-seed 6 --action-order free_pam --run-tag formal5080 --n-state 40 --n-action 50 --n-iter 30 --n-iter-v 1 --callback-freq 10 --n-test 100 --device cuda --max-batch-v 10000 --max-batch-a 100000 --nswp-v 5 --nswp-a 10 --rmax-v 100 --rmax-a 100 --kickrank-v 10 --kickrank-a 10 --eps-cross-v 0.001 --eps-cross-a 0.001 --eps-round-v 0.001 --eps-round-a 0.001 --n-samples 50
HM8_actuator_relabelled,6,6,2026,0,6,peakcut_pam,/home/s110/code/ttpi_iclr/repro/results/HM8_actuator_relabelled_state40_action50_iter30_orderpeakcut_pam_seed6_formal5080.json,/home/s110/miniconda3/envs/tt_5080/bin/python3 /home/s110/code/ttpi_iclr/repro/scripts/run_hardmove.py --n-actuator 8 --env-variant actuator_relabelled --training-seed 6 --environment-seed 2026 --permutation-seed 0 --state-sampling-seed 6 --action-order peakcut_pam --run-tag formal5080 --n-state 40 --n-action 50 --n-iter 30 --n-iter-v 1 --callback-freq 10 --n-test 100 --device cuda --max-batch-v 10000 --max-batch-a 100000 --nswp-v 5 --nswp-a 10 --rmax-v 100 --rmax-a 100 --kickrank-v 10 --kickrank-a 10 --eps-cross-v 0.001 --eps-cross-a 0.001 --eps-round-v 0.001 --eps-round-a 0.001 --n-samples 50
HM8_actuator_relabelled,6,6,2026,0,6,sensitivity_pam,/home/s110/code/ttpi_iclr/repro/results/HM8_actuator_relabelled_state40_action50_iter30_ordersensitivity_pam_seed6_formal5080.json,/home/s110/miniconda3/envs/tt_5080/bin/python3 /home/s110/code/ttpi_iclr/repro/scripts/run_hardmove.py --n-actuator 8 --env-variant actuator_relabelled --training-seed 6 --environment-seed 2026 --permutation-seed 0 --state-sampling-seed 6 --action-order sensitivity_pam --run-tag formal5080 --n-state 40 --n-action 50 --n-iter 30 --n-iter-v 1 --callback-freq 10 --n-test 100 --device cuda --max-batch-v 10000 --max-batch-a 100000 --nswp-v 5 --nswp-a 10 --rmax-v 100 --rmax-a 100 --kickrank-v 10 --kickrank-a 10 --eps-cross-v 0.001 --eps-cross-a 0.001 --eps-round-v 0.001 --eps-round-a 0.001 --n-samples 50
HM8_actuator_relabelled,6,6,2026,0,6,rankaware_proxy_pam,/home/s110/code/ttpi_iclr/repro/results/HM8_actuator_relabelled_state40_action50_iter30_orderrankaware_proxy_pam_seed6_formal5080.json,/home/s110/miniconda3/envs/tt_5080/bin/python3 /home/s110/code/ttpi_iclr/repro/scripts/run_hardmove.py --n-actuator 8 --env-variant actuator_relabelled --training-seed 6 --environment-seed 2026 --permutation-seed 0 --state-sampling-seed 6 --action-order rankaware_proxy_pam --run-tag formal5080 --n-state 40 --n-action 50 --n-iter 30 --n-iter-v 1 --callback-freq 10 --n-test 100 --device cuda --max-batch-v 10000 --max-batch-a 100000 --nswp-v 5 --nswp-a 10 --rmax-v 100 --rmax-a 100 --kickrank-v 10 --kickrank-a 10 --eps-cross-v 0.001 --eps-cross-a 0.001 --eps-round-v 0.001 --eps-round-a 0.001 --n-samples 50
HM8_actuator_relabelled,6,6,2026,0,6,hybrid_pam,/home/s110/code/ttpi_iclr/repro/results/HM8_actuator_relabelled_state40_action50_iter30_orderhybrid_pam_seed6_formal5080.json,/home/s110/miniconda3/envs/tt_5080/bin/python3 /home/s110/code/ttpi_iclr/repro/scripts/run_hardmove.py --n-actuator 8 --env-variant actuator_relabelled --training-seed 6 --environment-seed 2026 --permutation-seed 0 --state-sampling-seed 6 --action-order hybrid_pam --run-tag formal5080 --n-state 40 --n-action 50 --n-iter 30 --n-iter-v 1 --callback-freq 10 --n-test 100 --device cuda --max-batch-v 10000 --max-batch-a 100000 --nswp-v 5 --nswp-a 10 --rmax-v 100 --rmax-a 100 --kickrank-v 10 --kickrank-a 10 --eps-cross-v 0.001 --eps-cross-a 0.001 --eps-round-v 0.001 --eps-round-a 0.001 --n-samples 50
HM8_actuator_relabelled,7,7,2026,0,7,local,/home/s110/code/ttpi_iclr/repro/results/HM8_actuator_relabelled_state40_action50_iter30_orderlocal_seed7_formal5080.json,/home/s110/miniconda3/envs/tt_5080/bin/python3 /home/s110/code/ttpi_iclr/repro/scripts/run_hardmove.py --n-actuator 8 --env-variant actuator_relabelled --training-seed 7 --environment-seed 2026 --permutation-seed 0 --state-sampling-seed 7 --action-order local --run-tag formal5080 --n-state 40 --n-action 50 --n-iter 30 --n-iter-v 1 --callback-freq 10 --n-test 100 --device cuda --max-batch-v 10000 --max-batch-a 100000 --nswp-v 5 --nswp-a 10 --rmax-v 100 --rmax-a 100 --kickrank-v 10 --kickrank-a 10 --eps-cross-v 0.001 --eps-cross-a 0.001 --eps-round-v 0.001 --eps-round-a 0.001 --n-samples 50
HM8_actuator_relabelled,7,7,2026,0,7,random,/home/s110/code/ttpi_iclr/repro/results/HM8_actuator_relabelled_state40_action50_iter30_orderrandom_seed7_permseed0_formal5080.json,/home/s110/miniconda3/envs/tt_5080/bin/python3 /home/s110/code/ttpi_iclr/repro/scripts/run_hardmove.py --n-actuator 8 --env-variant actuator_relabelled --training-seed 7 --environment-seed 2026 --permutation-seed 0 --include-permutation-seed-in-run-id --state-sampling-seed 7 --action-order random --run-tag formal5080 --n-state 40 --n-action 50 --n-iter 30 --n-iter-v 1 --callback-freq 10 --n-test 100 --device cuda --max-batch-v 10000 --max-batch-a 100000 --nswp-v 5 --nswp-a 10 --rmax-v 100 --rmax-a 100 --kickrank-v 10 --kickrank-a 10 --eps-cross-v 0.001 --eps-cross-a 0.001 --eps-round-v 0.001 --eps-round-a 0.001 --n-samples 50
HM8_actuator_relabelled,7,7,2026,1,7,random,/home/s110/code/ttpi_iclr/repro/results/HM8_actuator_relabelled_state40_action50_iter30_orderrandom_seed7_permseed1_formal5080.json,/home/s110/miniconda3/envs/tt_5080/bin/python3 /home/s110/code/ttpi_iclr/repro/scripts/run_hardmove.py --n-actuator 8 --env-variant actuator_relabelled --training-seed 7 --environment-seed 2026 --permutation-seed 1 --include-permutation-seed-in-run-id --state-sampling-seed 7 --action-order random --run-tag formal5080 --n-state 40 --n-action 50 --n-iter 30 --n-iter-v 1 --callback-freq 10 --n-test 100 --device cuda --max-batch-v 10000 --max-batch-a 100000 --nswp-v 5 --nswp-a 10 --rmax-v 100 --rmax-a 100 --kickrank-v 10 --kickrank-a 10 --eps-cross-v 0.001 --eps-cross-a 0.001 --eps-round-v 0.001 --eps-round-a 0.001 --n-samples 50
HM8_actuator_relabelled,7,7,2026,2,7,random,/home/s110/code/ttpi_iclr/repro/results/HM8_actuator_relabelled_state40_action50_iter30_orderrandom_seed7_permseed2_formal5080.json,/home/s110/miniconda3/envs/tt_5080/bin/python3 /home/s110/code/ttpi_iclr/repro/scripts/run_hardmove.py --n-actuator 8 --env-variant actuator_relabelled --training-seed 7 --environment-seed 2026 --permutation-seed 2 --include-permutation-seed-in-run-id --state-sampling-seed 7 --action-order random --run-tag formal5080 --n-state 40 --n-action 50 --n-iter 30 --n-iter-v 1 --callback-freq 10 --n-test 100 --device cuda --max-batch-v 10000 --max-batch-a 100000 --nswp-v 5 --nswp-a 10 --rmax-v 100 --rmax-a 100 --kickrank-v 10 --kickrank-a 10 --eps-cross-v 0.001 --eps-cross-a 0.001 --eps-round-v 0.001 --eps-round-a 0.001 --n-samples 50
HM8_actuator_relabelled,7,7,2026,0,7,badsplit,/home/s110/code/ttpi_iclr/repro/results/HM8_actuator_relabelled_state40_action50_iter30_orderbadsplit_seed7_formal5080.json,/home/s110/miniconda3/envs/tt_5080/bin/python3 /home/s110/code/ttpi_iclr/repro/scripts/run_hardmove.py --n-actuator 8 --env-variant actuator_relabelled --training-seed 7 --environment-seed 2026 --permutation-seed 0 --state-sampling-seed 7 --action-order badsplit --run-tag formal5080 --n-state 40 --n-action 50 --n-iter 30 --n-iter-v 1 --callback-freq 10 --n-test 100 --device cuda --max-batch-v 10000 --max-batch-a 100000 --nswp-v 5 --nswp-a 10 --rmax-v 100 --rmax-a 100 --kickrank-v 10 --kickrank-a 10 --eps-cross-v 0.001 --eps-cross-a 0.001 --eps-round-v 0.001 --eps-round-a 0.001 --n-samples 50
HM8_actuator_relabelled,7,7,2026,0,7,reverse_blocks,/home/s110/code/ttpi_iclr/repro/results/HM8_actuator_relabelled_state40_action50_iter30_orderreverse_blocks_seed7_formal5080.json,/home/s110/miniconda3/envs/tt_5080/bin/python3 /home/s110/code/ttpi_iclr/repro/scripts/run_hardmove.py --n-actuator 8 --env-variant actuator_relabelled --training-seed 7 --environment-seed 2026 --permutation-seed 0 --state-sampling-seed 7 --action-order reverse_blocks --run-tag formal5080 --n-state 40 --n-action 50 --n-iter 30 --n-iter-v 1 --callback-freq 10 --n-test 100 --device cuda --max-batch-v 10000 --max-batch-a 100000 --nswp-v 5 --nswp-a 10 --rmax-v 100 --rmax-a 100 --kickrank-v 10 --kickrank-a 10 --eps-cross-v 0.001 --eps-cross-a 0.001 --eps-round-v 0.001 --eps-round-a 0.001 --n-samples 50
HM8_actuator_relabelled,7,7,2026,0,7,flip_within_block,/home/s110/code/ttpi_iclr/repro/results/HM8_actuator_relabelled_state40_action50_iter30_orderflip_within_block_seed7_formal5080.json,/home/s110/miniconda3/envs/tt_5080/bin/python3 /home/s110/code/ttpi_iclr/repro/scripts/run_hardmove.py --n-actuator 8 --env-variant actuator_relabelled --training-seed 7 --environment-seed 2026 --permutation-seed 0 --state-sampling-seed 7 --action-order flip_within_block --run-tag formal5080 --n-state 40 --n-action 50 --n-iter 30 --n-iter-v 1 --callback-freq 10 --n-test 100 --device cuda --max-batch-v 10000 --max-batch-a 100000 --nswp-v 5 --nswp-a 10 --rmax-v 100 --rmax-a 100 --kickrank-v 10 --kickrank-a 10 --eps-cross-v 0.001 --eps-cross-a 0.001 --eps-round-v 0.001 --eps-round-a 0.001 --n-samples 50
HM8_actuator_relabelled,7,7,2026,0,7,pam_greedy,/home/s110/code/ttpi_iclr/repro/results/HM8_actuator_relabelled_state40_action50_iter30_orderpam_greedy_seed7_formal5080.json,/home/s110/miniconda3/envs/tt_5080/bin/python3 /home/s110/code/ttpi_iclr/repro/scripts/run_hardmove.py --n-actuator 8 --env-variant actuator_relabelled --training-seed 7 --environment-seed 2026 --permutation-seed 0 --state-sampling-seed 7 --action-order pam_greedy --run-tag formal5080 --n-state 40 --n-action 50 --n-iter 30 --n-iter-v 1 --callback-freq 10 --n-test 100 --device cuda --max-batch-v 10000 --max-batch-a 100000 --nswp-v 5 --nswp-a 10 --rmax-v 100 --rmax-a 100 --kickrank-v 10 --kickrank-a 10 --eps-cross-v 0.001 --eps-cross-a 0.001 --eps-round-v 0.001 --eps-round-a 0.001 --n-samples 50
HM8_actuator_relabelled,7,7,2026,0,7,pam_spectral,/home/s110/code/ttpi_iclr/repro/results/HM8_actuator_relabelled_state40_action50_iter30_orderpam_spectral_seed7_formal5080.json,/home/s110/miniconda3/envs/tt_5080/bin/python3 /home/s110/code/ttpi_iclr/repro/scripts/run_hardmove.py --n-actuator 8 --env-variant actuator_relabelled --training-seed 7 --environment-seed 2026 --permutation-seed 0 --state-sampling-seed 7 --action-order pam_spectral --run-tag formal5080 --n-state 40 --n-action 50 --n-iter 30 --n-iter-v 1 --callback-freq 10 --n-test 100 --device cuda --max-batch-v 10000 --max-batch-a 100000 --nswp-v 5 --nswp-a 10 --rmax-v 100 --rmax-a 100 --kickrank-v 10 --kickrank-a 10 --eps-cross-v 0.001 --eps-cross-a 0.001 --eps-round-v 0.001 --eps-round-a 0.001 --n-samples 50
HM8_actuator_relabelled,7,7,2026,0,7,block_pam,/home/s110/code/ttpi_iclr/repro/results/HM8_actuator_relabelled_state40_action50_iter30_orderblock_pam_seed7_formal5080.json,/home/s110/miniconda3/envs/tt_5080/bin/python3 /home/s110/code/ttpi_iclr/repro/scripts/run_hardmove.py --n-actuator 8 --env-variant actuator_relabelled --training-seed 7 --environment-seed 2026 --permutation-seed 0 --state-sampling-seed 7 --action-order block_pam --run-tag formal5080 --n-state 40 --n-action 50 --n-iter 30 --n-iter-v 1 --callback-freq 10 --n-test 100 --device cuda --max-batch-v 10000 --max-batch-a 100000 --nswp-v 5 --nswp-a 10 --rmax-v 100 --rmax-a 100 --kickrank-v 10 --kickrank-a 10 --eps-cross-v 0.001 --eps-cross-a 0.001 --eps-round-v 0.001 --eps-round-a 0.001 --n-samples 50
HM8_actuator_relabelled,7,7,2026,0,7,free_pam,/home/s110/code/ttpi_iclr/repro/results/HM8_actuator_relabelled_state40_action50_iter30_orderfree_pam_seed7_formal5080.json,/home/s110/miniconda3/envs/tt_5080/bin/python3 /home/s110/code/ttpi_iclr/repro/scripts/run_hardmove.py --n-actuator 8 --env-variant actuator_relabelled --training-seed 7 --environment-seed 2026 --permutation-seed 0 --state-sampling-seed 7 --action-order free_pam --run-tag formal5080 --n-state 40 --n-action 50 --n-iter 30 --n-iter-v 1 --callback-freq 10 --n-test 100 --device cuda --max-batch-v 10000 --max-batch-a 100000 --nswp-v 5 --nswp-a 10 --rmax-v 100 --rmax-a 100 --kickrank-v 10 --kickrank-a 10 --eps-cross-v 0.001 --eps-cross-a 0.001 --eps-round-v 0.001 --eps-round-a 0.001 --n-samples 50
HM8_actuator_relabelled,7,7,2026,0,7,peakcut_pam,/home/s110/code/ttpi_iclr/repro/results/HM8_actuator_relabelled_state40_action50_iter30_orderpeakcut_pam_seed7_formal5080.json,/home/s110/miniconda3/envs/tt_5080/bin/python3 /home/s110/code/ttpi_iclr/repro/scripts/run_hardmove.py --n-actuator 8 --env-variant actuator_relabelled --training-seed 7 --environment-seed 2026 --permutation-seed 0 --state-sampling-seed 7 --action-order peakcut_pam --run-tag formal5080 --n-state 40 --n-action 50 --n-iter 30 --n-iter-v 1 --callback-freq 10 --n-test 100 --device cuda --max-batch-v 10000 --max-batch-a 100000 --nswp-v 5 --nswp-a 10 --rmax-v 100 --rmax-a 100 --kickrank-v 10 --kickrank-a 10 --eps-cross-v 0.001 --eps-cross-a 0.001 --eps-round-v 0.001 --eps-round-a 0.001 --n-samples 50
HM8_actuator_relabelled,7,7,2026,0,7,sensitivity_pam,/home/s110/code/ttpi_iclr/repro/results/HM8_actuator_relabelled_state40_action50_iter30_ordersensitivity_pam_seed7_formal5080.json,/home/s110/miniconda3/envs/tt_5080/bin/python3 /home/s110/code/ttpi_iclr/repro/scripts/run_hardmove.py --n-actuator 8 --env-variant actuator_relabelled --training-seed 7 --environment-seed 2026 --permutation-seed 0 --state-sampling-seed 7 --action-order sensitivity_pam --run-tag formal5080 --n-state 40 --n-action 50 --n-iter 30 --n-iter-v 1 --callback-freq 10 --n-test 100 --device cuda --max-batch-v 10000 --max-batch-a 100000 --nswp-v 5 --nswp-a 10 --rmax-v 100 --rmax-a 100 --kickrank-v 10 --kickrank-a 10 --eps-cross-v 0.001 --eps-cross-a 0.001 --eps-round-v 0.001 --eps-round-a 0.001 --n-samples 50
HM8_actuator_relabelled,7,7,2026,0,7,rankaware_proxy_pam,/home/s110/code/ttpi_iclr/repro/results/HM8_actuator_relabelled_state40_action50_iter30_orderrankaware_proxy_pam_seed7_formal5080.json,/home/s110/miniconda3/envs/tt_5080/bin/python3 /home/s110/code/ttpi_iclr/repro/scripts/run_hardmove.py --n-actuator 8 --env-variant actuator_relabelled --training-seed 7 --environment-seed 2026 --permutation-seed 0 --state-sampling-seed 7 --action-order rankaware_proxy_pam --run-tag formal5080 --n-state 40 --n-action 50 --n-iter 30 --n-iter-v 1 --callback-freq 10 --n-test 100 --device cuda --max-batch-v 10000 --max-batch-a 100000 --nswp-v 5 --nswp-a 10 --rmax-v 100 --rmax-a 100 --kickrank-v 10 --kickrank-a 10 --eps-cross-v 0.001 --eps-cross-a 0.001 --eps-round-v 0.001 --eps-round-a 0.001 --n-samples 50
HM8_actuator_relabelled,7,7,2026,0,7,hybrid_pam,/home/s110/code/ttpi_iclr/repro/results/HM8_actuator_relabelled_state40_action50_iter30_orderhybrid_pam_seed7_formal5080.json,/home/s110/miniconda3/envs/tt_5080/bin/python3 /home/s110/code/ttpi_iclr/repro/scripts/run_hardmove.py --n-actuator 8 --env-variant actuator_relabelled --training-seed 7 --environment-seed 2026 --permutation-seed 0 --state-sampling-seed 7 --action-order hybrid_pam --run-tag formal5080 --n-state 40 --n-action 50 --n-iter 30 --n-iter-v 1 --callback-freq 10 --n-test 100 --device cuda --max-batch-v 10000 --max-batch-a 100000 --nswp-v 5 --nswp-a 10 --rmax-v 100 --rmax-a 100 --kickrank-v 10 --kickrank-a 10 --eps-cross-v 0.001 --eps-cross-a 0.001 --eps-round-v 0.001 --eps-round-a 0.001 --n-samples 50
HM8_actuator_relabelled,8,8,2026,0,8,local,/home/s110/code/ttpi_iclr/repro/results/HM8_actuator_relabelled_state40_action50_iter30_orderlocal_seed8_formal5080.json,/home/s110/miniconda3/envs/tt_5080/bin/python3 /home/s110/code/ttpi_iclr/repro/scripts/run_hardmove.py --n-actuator 8 --env-variant actuator_relabelled --training-seed 8 --environment-seed 2026 --permutation-seed 0 --state-sampling-seed 8 --action-order local --run-tag formal5080 --n-state 40 --n-action 50 --n-iter 30 --n-iter-v 1 --callback-freq 10 --n-test 100 --device cuda --max-batch-v 10000 --max-batch-a 100000 --nswp-v 5 --nswp-a 10 --rmax-v 100 --rmax-a 100 --kickrank-v 10 --kickrank-a 10 --eps-cross-v 0.001 --eps-cross-a 0.001 --eps-round-v 0.001 --eps-round-a 0.001 --n-samples 50
HM8_actuator_relabelled,8,8,2026,0,8,random,/home/s110/code/ttpi_iclr/repro/results/HM8_actuator_relabelled_state40_action50_iter30_orderrandom_seed8_permseed0_formal5080.json,/home/s110/miniconda3/envs/tt_5080/bin/python3 /home/s110/code/ttpi_iclr/repro/scripts/run_hardmove.py --n-actuator 8 --env-variant actuator_relabelled --training-seed 8 --environment-seed 2026 --permutation-seed 0 --include-permutation-seed-in-run-id --state-sampling-seed 8 --action-order random --run-tag formal5080 --n-state 40 --n-action 50 --n-iter 30 --n-iter-v 1 --callback-freq 10 --n-test 100 --device cuda --max-batch-v 10000 --max-batch-a 100000 --nswp-v 5 --nswp-a 10 --rmax-v 100 --rmax-a 100 --kickrank-v 10 --kickrank-a 10 --eps-cross-v 0.001 --eps-cross-a 0.001 --eps-round-v 0.001 --eps-round-a 0.001 --n-samples 50
HM8_actuator_relabelled,8,8,2026,1,8,random,/home/s110/code/ttpi_iclr/repro/results/HM8_actuator_relabelled_state40_action50_iter30_orderrandom_seed8_permseed1_formal5080.json,/home/s110/miniconda3/envs/tt_5080/bin/python3 /home/s110/code/ttpi_iclr/repro/scripts/run_hardmove.py --n-actuator 8 --env-variant actuator_relabelled --training-seed 8 --environment-seed 2026 --permutation-seed 1 --include-permutation-seed-in-run-id --state-sampling-seed 8 --action-order random --run-tag formal5080 --n-state 40 --n-action 50 --n-iter 30 --n-iter-v 1 --callback-freq 10 --n-test 100 --device cuda --max-batch-v 10000 --max-batch-a 100000 --nswp-v 5 --nswp-a 10 --rmax-v 100 --rmax-a 100 --kickrank-v 10 --kickrank-a 10 --eps-cross-v 0.001 --eps-cross-a 0.001 --eps-round-v 0.001 --eps-round-a 0.001 --n-samples 50
HM8_actuator_relabelled,8,8,2026,2,8,random,/home/s110/code/ttpi_iclr/repro/results/HM8_actuator_relabelled_state40_action50_iter30_orderrandom_seed8_permseed2_formal5080.json,/home/s110/miniconda3/envs/tt_5080/bin/python3 /home/s110/code/ttpi_iclr/repro/scripts/run_hardmove.py --n-actuator 8 --env-variant actuator_relabelled --training-seed 8 --environment-seed 2026 --permutation-seed 2 --include-permutation-seed-in-run-id --state-sampling-seed 8 --action-order random --run-tag formal5080 --n-state 40 --n-action 50 --n-iter 30 --n-iter-v 1 --callback-freq 10 --n-test 100 --device cuda --max-batch-v 10000 --max-batch-a 100000 --nswp-v 5 --nswp-a 10 --rmax-v 100 --rmax-a 100 --kickrank-v 10 --kickrank-a 10 --eps-cross-v 0.001 --eps-cross-a 0.001 --eps-round-v 0.001 --eps-round-a 0.001 --n-samples 50
HM8_actuator_relabelled,8,8,2026,0,8,badsplit,/home/s110/code/ttpi_iclr/repro/results/HM8_actuator_relabelled_state40_action50_iter30_orderbadsplit_seed8_formal5080.json,/home/s110/miniconda3/envs/tt_5080/bin/python3 /home/s110/code/ttpi_iclr/repro/scripts/run_hardmove.py --n-actuator 8 --env-variant actuator_relabelled --training-seed 8 --environment-seed 2026 --permutation-seed 0 --state-sampling-seed 8 --action-order badsplit --run-tag formal5080 --n-state 40 --n-action 50 --n-iter 30 --n-iter-v 1 --callback-freq 10 --n-test 100 --device cuda --max-batch-v 10000 --max-batch-a 100000 --nswp-v 5 --nswp-a 10 --rmax-v 100 --rmax-a 100 --kickrank-v 10 --kickrank-a 10 --eps-cross-v 0.001 --eps-cross-a 0.001 --eps-round-v 0.001 --eps-round-a 0.001 --n-samples 50
HM8_actuator_relabelled,8,8,2026,0,8,reverse_blocks,/home/s110/code/ttpi_iclr/repro/results/HM8_actuator_relabelled_state40_action50_iter30_orderreverse_blocks_seed8_formal5080.json,/home/s110/miniconda3/envs/tt_5080/bin/python3 /home/s110/code/ttpi_iclr/repro/scripts/run_hardmove.py --n-actuator 8 --env-variant actuator_relabelled --training-seed 8 --environment-seed 2026 --permutation-seed 0 --state-sampling-seed 8 --action-order reverse_blocks --run-tag formal5080 --n-state 40 --n-action 50 --n-iter 30 --n-iter-v 1 --callback-freq 10 --n-test 100 --device cuda --max-batch-v 10000 --max-batch-a 100000 --nswp-v 5 --nswp-a 10 --rmax-v 100 --rmax-a 100 --kickrank-v 10 --kickrank-a 10 --eps-cross-v 0.001 --eps-cross-a 0.001 --eps-round-v 0.001 --eps-round-a 0.001 --n-samples 50
HM8_actuator_relabelled,8,8,2026,0,8,flip_within_block,/home/s110/code/ttpi_iclr/repro/results/HM8_actuator_relabelled_state40_action50_iter30_orderflip_within_block_seed8_formal5080.json,/home/s110/miniconda3/envs/tt_5080/bin/python3 /home/s110/code/ttpi_iclr/repro/scripts/run_hardmove.py --n-actuator 8 --env-variant actuator_relabelled --training-seed 8 --environment-seed 2026 --permutation-seed 0 --state-sampling-seed 8 --action-order flip_within_block --run-tag formal5080 --n-state 40 --n-action 50 --n-iter 30 --n-iter-v 1 --callback-freq 10 --n-test 100 --device cuda --max-batch-v 10000 --max-batch-a 100000 --nswp-v 5 --nswp-a 10 --rmax-v 100 --rmax-a 100 --kickrank-v 10 --kickrank-a 10 --eps-cross-v 0.001 --eps-cross-a 0.001 --eps-round-v 0.001 --eps-round-a 0.001 --n-samples 50
HM8_actuator_relabelled,8,8,2026,0,8,pam_greedy,/home/s110/code/ttpi_iclr/repro/results/HM8_actuator_relabelled_state40_action50_iter30_orderpam_greedy_seed8_formal5080.json,/home/s110/miniconda3/envs/tt_5080/bin/python3 /home/s110/code/ttpi_iclr/repro/scripts/run_hardmove.py --n-actuator 8 --env-variant actuator_relabelled --training-seed 8 --environment-seed 2026 --permutation-seed 0 --state-sampling-seed 8 --action-order pam_greedy --run-tag formal5080 --n-state 40 --n-action 50 --n-iter 30 --n-iter-v 1 --callback-freq 10 --n-test 100 --device cuda --max-batch-v 10000 --max-batch-a 100000 --nswp-v 5 --nswp-a 10 --rmax-v 100 --rmax-a 100 --kickrank-v 10 --kickrank-a 10 --eps-cross-v 0.001 --eps-cross-a 0.001 --eps-round-v 0.001 --eps-round-a 0.001 --n-samples 50
HM8_actuator_relabelled,8,8,2026,0,8,pam_spectral,/home/s110/code/ttpi_iclr/repro/results/HM8_actuator_relabelled_state40_action50_iter30_orderpam_spectral_seed8_formal5080.json,/home/s110/miniconda3/envs/tt_5080/bin/python3 /home/s110/code/ttpi_iclr/repro/scripts/run_hardmove.py --n-actuator 8 --env-variant actuator_relabelled --training-seed 8 --environment-seed 2026 --permutation-seed 0 --state-sampling-seed 8 --action-order pam_spectral --run-tag formal5080 --n-state 40 --n-action 50 --n-iter 30 --n-iter-v 1 --callback-freq 10 --n-test 100 --device cuda --max-batch-v 10000 --max-batch-a 100000 --nswp-v 5 --nswp-a 10 --rmax-v 100 --rmax-a 100 --kickrank-v 10 --kickrank-a 10 --eps-cross-v 0.001 --eps-cross-a 0.001 --eps-round-v 0.001 --eps-round-a 0.001 --n-samples 50
HM8_actuator_relabelled,8,8,2026,0,8,block_pam,/home/s110/code/ttpi_iclr/repro/results/HM8_actuator_relabelled_state40_action50_iter30_orderblock_pam_seed8_formal5080.json,/home/s110/miniconda3/envs/tt_5080/bin/python3 /home/s110/code/ttpi_iclr/repro/scripts/run_hardmove.py --n-actuator 8 --env-variant actuator_relabelled --training-seed 8 --environment-seed 2026 --permutation-seed 0 --state-sampling-seed 8 --action-order block_pam --run-tag formal5080 --n-state 40 --n-action 50 --n-iter 30 --n-iter-v 1 --callback-freq 10 --n-test 100 --device cuda --max-batch-v 10000 --max-batch-a 100000 --nswp-v 5 --nswp-a 10 --rmax-v 100 --rmax-a 100 --kickrank-v 10 --kickrank-a 10 --eps-cross-v 0.001 --eps-cross-a 0.001 --eps-round-v 0.001 --eps-round-a 0.001 --n-samples 50
HM8_actuator_relabelled,8,8,2026,0,8,free_pam,/home/s110/code/ttpi_iclr/repro/results/HM8_actuator_relabelled_state40_action50_iter30_orderfree_pam_seed8_formal5080.json,/home/s110/miniconda3/envs/tt_5080/bin/python3 /home/s110/code/ttpi_iclr/repro/scripts/run_hardmove.py --n-actuator 8 --env-variant actuator_relabelled --training-seed 8 --environment-seed 2026 --permutation-seed 0 --state-sampling-seed 8 --action-order free_pam --run-tag formal5080 --n-state 40 --n-action 50 --n-iter 30 --n-iter-v 1 --callback-freq 10 --n-test 100 --device cuda --max-batch-v 10000 --max-batch-a 100000 --nswp-v 5 --nswp-a 10 --rmax-v 100 --rmax-a 100 --kickrank-v 10 --kickrank-a 10 --eps-cross-v 0.001 --eps-cross-a 0.001 --eps-round-v 0.001 --eps-round-a 0.001 --n-samples 50
HM8_actuator_relabelled,8,8,2026,0,8,peakcut_pam,/home/s110/code/ttpi_iclr/repro/results/HM8_actuator_relabelled_state40_action50_iter30_orderpeakcut_pam_seed8_formal5080.json,/home/s110/miniconda3/envs/tt_5080/bin/python3 /home/s110/code/ttpi_iclr/repro/scripts/run_hardmove.py --n-actuator 8 --env-variant actuator_relabelled --training-seed 8 --environment-seed 2026 --permutation-seed 0 --state-sampling-seed 8 --action-order peakcut_pam --run-tag formal5080 --n-state 40 --n-action 50 --n-iter 30 --n-iter-v 1 --callback-freq 10 --n-test 100 --device cuda --max-batch-v 10000 --max-batch-a 100000 --nswp-v 5 --nswp-a 10 --rmax-v 100 --rmax-a 100 --kickrank-v 10 --kickrank-a 10 --eps-cross-v 0.001 --eps-cross-a 0.001 --eps-round-v 0.001 --eps-round-a 0.001 --n-samples 50
HM8_actuator_relabelled,8,8,2026,0,8,sensitivity_pam,/home/s110/code/ttpi_iclr/repro/results/HM8_actuator_relabelled_state40_action50_iter30_ordersensitivity_pam_seed8_formal5080.json,/home/s110/miniconda3/envs/tt_5080/bin/python3 /home/s110/code/ttpi_iclr/repro/scripts/run_hardmove.py --n-actuator 8 --env-variant actuator_relabelled --training-seed 8 --environment-seed 2026 --permutation-seed 0 --state-sampling-seed 8 --action-order sensitivity_pam --run-tag formal5080 --n-state 40 --n-action 50 --n-iter 30 --n-iter-v 1 --callback-freq 10 --n-test 100 --device cuda --max-batch-v 10000 --max-batch-a 100000 --nswp-v 5 --nswp-a 10 --rmax-v 100 --rmax-a 100 --kickrank-v 10 --kickrank-a 10 --eps-cross-v 0.001 --eps-cross-a 0.001 --eps-round-v 0.001 --eps-round-a 0.001 --n-samples 50
HM8_actuator_relabelled,8,8,2026,0,8,rankaware_proxy_pam,/home/s110/code/ttpi_iclr/repro/results/HM8_actuator_relabelled_state40_action50_iter30_orderrankaware_proxy_pam_seed8_formal5080.json,/home/s110/miniconda3/envs/tt_5080/bin/python3 /home/s110/code/ttpi_iclr/repro/scripts/run_hardmove.py --n-actuator 8 --env-variant actuator_relabelled --training-seed 8 --environment-seed 2026 --permutation-seed 0 --state-sampling-seed 8 --action-order rankaware_proxy_pam --run-tag formal5080 --n-state 40 --n-action 50 --n-iter 30 --n-iter-v 1 --callback-freq 10 --n-test 100 --device cuda --max-batch-v 10000 --max-batch-a 100000 --nswp-v 5 --nswp-a 10 --rmax-v 100 --rmax-a 100 --kickrank-v 10 --kickrank-a 10 --eps-cross-v 0.001 --eps-cross-a 0.001 --eps-round-v 0.001 --eps-round-a 0.001 --n-samples 50
HM8_actuator_relabelled,8,8,2026,0,8,hybrid_pam,/home/s110/code/ttpi_iclr/repro/results/HM8_actuator_relabelled_state40_action50_iter30_orderhybrid_pam_seed8_formal5080.json,/home/s110/miniconda3/envs/tt_5080/bin/python3 /home/s110/code/ttpi_iclr/repro/scripts/run_hardmove.py --n-actuator 8 --env-variant actuator_relabelled --training-seed 8 --environment-seed 2026 --permutation-seed 0 --state-sampling-seed 8 --action-order hybrid_pam --run-tag formal5080 --n-state 40 --n-action 50 --n-iter 30 --n-iter-v 1 --callback-freq 10 --n-test 100 --device cuda --max-batch-v 10000 --max-batch-a 100000 --nswp-v 5 --nswp-a 10 --rmax-v 100 --rmax-a 100 --kickrank-v 10 --kickrank-a 10 --eps-cross-v 0.001 --eps-cross-a 0.001 --eps-round-v 0.001 --eps-round-a 0.001 --n-samples 50
HM8_actuator_relabelled,9,9,2026,0,9,local,/home/s110/code/ttpi_iclr/repro/results/HM8_actuator_relabelled_state40_action50_iter30_orderlocal_seed9_formal5080.json,/home/s110/miniconda3/envs/tt_5080/bin/python3 /home/s110/code/ttpi_iclr/repro/scripts/run_hardmove.py --n-actuator 8 --env-variant actuator_relabelled --training-seed 9 --environment-seed 2026 --permutation-seed 0 --state-sampling-seed 9 --action-order local --run-tag formal5080 --n-state 40 --n-action 50 --n-iter 30 --n-iter-v 1 --callback-freq 10 --n-test 100 --device cuda --max-batch-v 10000 --max-batch-a 100000 --nswp-v 5 --nswp-a 10 --rmax-v 100 --rmax-a 100 --kickrank-v 10 --kickrank-a 10 --eps-cross-v 0.001 --eps-cross-a 0.001 --eps-round-v 0.001 --eps-round-a 0.001 --n-samples 50
HM8_actuator_relabelled,9,9,2026,0,9,random,/home/s110/code/ttpi_iclr/repro/results/HM8_actuator_relabelled_state40_action50_iter30_orderrandom_seed9_permseed0_formal5080.json,/home/s110/miniconda3/envs/tt_5080/bin/python3 /home/s110/code/ttpi_iclr/repro/scripts/run_hardmove.py --n-actuator 8 --env-variant actuator_relabelled --training-seed 9 --environment-seed 2026 --permutation-seed 0 --include-permutation-seed-in-run-id --state-sampling-seed 9 --action-order random --run-tag formal5080 --n-state 40 --n-action 50 --n-iter 30 --n-iter-v 1 --callback-freq 10 --n-test 100 --device cuda --max-batch-v 10000 --max-batch-a 100000 --nswp-v 5 --nswp-a 10 --rmax-v 100 --rmax-a 100 --kickrank-v 10 --kickrank-a 10 --eps-cross-v 0.001 --eps-cross-a 0.001 --eps-round-v 0.001 --eps-round-a 0.001 --n-samples 50
HM8_actuator_relabelled,9,9,2026,1,9,random,/home/s110/code/ttpi_iclr/repro/results/HM8_actuator_relabelled_state40_action50_iter30_orderrandom_seed9_permseed1_formal5080.json,/home/s110/miniconda3/envs/tt_5080/bin/python3 /home/s110/code/ttpi_iclr/repro/scripts/run_hardmove.py --n-actuator 8 --env-variant actuator_relabelled --training-seed 9 --environment-seed 2026 --permutation-seed 1 --include-permutation-seed-in-run-id --state-sampling-seed 9 --action-order random --run-tag formal5080 --n-state 40 --n-action 50 --n-iter 30 --n-iter-v 1 --callback-freq 10 --n-test 100 --device cuda --max-batch-v 10000 --max-batch-a 100000 --nswp-v 5 --nswp-a 10 --rmax-v 100 --rmax-a 100 --kickrank-v 10 --kickrank-a 10 --eps-cross-v 0.001 --eps-cross-a 0.001 --eps-round-v 0.001 --eps-round-a 0.001 --n-samples 50
HM8_actuator_relabelled,9,9,2026,2,9,random,/home/s110/code/ttpi_iclr/repro/results/HM8_actuator_relabelled_state40_action50_iter30_orderrandom_seed9_permseed2_formal5080.json,/home/s110/miniconda3/envs/tt_5080/bin/python3 /home/s110/code/ttpi_iclr/repro/scripts/run_hardmove.py --n-actuator 8 --env-variant actuator_relabelled --training-seed 9 --environment-seed 2026 --permutation-seed 2 --include-permutation-seed-in-run-id --state-sampling-seed 9 --action-order random --run-tag formal5080 --n-state 40 --n-action 50 --n-iter 30 --n-iter-v 1 --callback-freq 10 --n-test 100 --device cuda --max-batch-v 10000 --max-batch-a 100000 --nswp-v 5 --nswp-a 10 --rmax-v 100 --rmax-a 100 --kickrank-v 10 --kickrank-a 10 --eps-cross-v 0.001 --eps-cross-a 0.001 --eps-round-v 0.001 --eps-round-a 0.001 --n-samples 50
HM8_actuator_relabelled,9,9,2026,0,9,badsplit,/home/s110/code/ttpi_iclr/repro/results/HM8_actuator_relabelled_state40_action50_iter30_orderbadsplit_seed9_formal5080.json,/home/s110/miniconda3/envs/tt_5080/bin/python3 /home/s110/code/ttpi_iclr/repro/scripts/run_hardmove.py --n-actuator 8 --env-variant actuator_relabelled --training-seed 9 --environment-seed 2026 --permutation-seed 0 --state-sampling-seed 9 --action-order badsplit --run-tag formal5080 --n-state 40 --n-action 50 --n-iter 30 --n-iter-v 1 --callback-freq 10 --n-test 100 --device cuda --max-batch-v 10000 --max-batch-a 100000 --nswp-v 5 --nswp-a 10 --rmax-v 100 --rmax-a 100 --kickrank-v 10 --kickrank-a 10 --eps-cross-v 0.001 --eps-cross-a 0.001 --eps-round-v 0.001 --eps-round-a 0.001 --n-samples 50
HM8_actuator_relabelled,9,9,2026,0,9,reverse_blocks,/home/s110/code/ttpi_iclr/repro/results/HM8_actuator_relabelled_state40_action50_iter30_orderreverse_blocks_seed9_formal5080.json,/home/s110/miniconda3/envs/tt_5080/bin/python3 /home/s110/code/ttpi_iclr/repro/scripts/run_hardmove.py --n-actuator 8 --env-variant actuator_relabelled --training-seed 9 --environment-seed 2026 --permutation-seed 0 --state-sampling-seed 9 --action-order reverse_blocks --run-tag formal5080 --n-state 40 --n-action 50 --n-iter 30 --n-iter-v 1 --callback-freq 10 --n-test 100 --device cuda --max-batch-v 10000 --max-batch-a 100000 --nswp-v 5 --nswp-a 10 --rmax-v 100 --rmax-a 100 --kickrank-v 10 --kickrank-a 10 --eps-cross-v 0.001 --eps-cross-a 0.001 --eps-round-v 0.001 --eps-round-a 0.001 --n-samples 50
HM8_actuator_relabelled,9,9,2026,0,9,flip_within_block,/home/s110/code/ttpi_iclr/repro/results/HM8_actuator_relabelled_state40_action50_iter30_orderflip_within_block_seed9_formal5080.json,/home/s110/miniconda3/envs/tt_5080/bin/python3 /home/s110/code/ttpi_iclr/repro/scripts/run_hardmove.py --n-actuator 8 --env-variant actuator_relabelled --training-seed 9 --environment-seed 2026 --permutation-seed 0 --state-sampling-seed 9 --action-order flip_within_block --run-tag formal5080 --n-state 40 --n-action 50 --n-iter 30 --n-iter-v 1 --callback-freq 10 --n-test 100 --device cuda --max-batch-v 10000 --max-batch-a 100000 --nswp-v 5 --nswp-a 10 --rmax-v 100 --rmax-a 100 --kickrank-v 10 --kickrank-a 10 --eps-cross-v 0.001 --eps-cross-a 0.001 --eps-round-v 0.001 --eps-round-a 0.001 --n-samples 50
HM8_actuator_relabelled,9,9,2026,0,9,pam_greedy,/home/s110/code/ttpi_iclr/repro/results/HM8_actuator_relabelled_state40_action50_iter30_orderpam_greedy_seed9_formal5080.json,/home/s110/miniconda3/envs/tt_5080/bin/python3 /home/s110/code/ttpi_iclr/repro/scripts/run_hardmove.py --n-actuator 8 --env-variant actuator_relabelled --training-seed 9 --environment-seed 2026 --permutation-seed 0 --state-sampling-seed 9 --action-order pam_greedy --run-tag formal5080 --n-state 40 --n-action 50 --n-iter 30 --n-iter-v 1 --callback-freq 10 --n-test 100 --device cuda --max-batch-v 10000 --max-batch-a 100000 --nswp-v 5 --nswp-a 10 --rmax-v 100 --rmax-a 100 --kickrank-v 10 --kickrank-a 10 --eps-cross-v 0.001 --eps-cross-a 0.001 --eps-round-v 0.001 --eps-round-a 0.001 --n-samples 50
HM8_actuator_relabelled,9,9,2026,0,9,pam_spectral,/home/s110/code/ttpi_iclr/repro/results/HM8_actuator_relabelled_state40_action50_iter30_orderpam_spectral_seed9_formal5080.json,/home/s110/miniconda3/envs/tt_5080/bin/python3 /home/s110/code/ttpi_iclr/repro/scripts/run_hardmove.py --n-actuator 8 --env-variant actuator_relabelled --training-seed 9 --environment-seed 2026 --permutation-seed 0 --state-sampling-seed 9 --action-order pam_spectral --run-tag formal5080 --n-state 40 --n-action 50 --n-iter 30 --n-iter-v 1 --callback-freq 10 --n-test 100 --device cuda --max-batch-v 10000 --max-batch-a 100000 --nswp-v 5 --nswp-a 10 --rmax-v 100 --rmax-a 100 --kickrank-v 10 --kickrank-a 10 --eps-cross-v 0.001 --eps-cross-a 0.001 --eps-round-v 0.001 --eps-round-a 0.001 --n-samples 50
HM8_actuator_relabelled,9,9,2026,0,9,block_pam,/home/s110/code/ttpi_iclr/repro/results/HM8_actuator_relabelled_state40_action50_iter30_orderblock_pam_seed9_formal5080.json,/home/s110/miniconda3/envs/tt_5080/bin/python3 /home/s110/code/ttpi_iclr/repro/scripts/run_hardmove.py --n-actuator 8 --env-variant actuator_relabelled --training-seed 9 --environment-seed 2026 --permutation-seed 0 --state-sampling-seed 9 --action-order block_pam --run-tag formal5080 --n-state 40 --n-action 50 --n-iter 30 --n-iter-v 1 --callback-freq 10 --n-test 100 --device cuda --max-batch-v 10000 --max-batch-a 100000 --nswp-v 5 --nswp-a 10 --rmax-v 100 --rmax-a 100 --kickrank-v 10 --kickrank-a 10 --eps-cross-v 0.001 --eps-cross-a 0.001 --eps-round-v 0.001 --eps-round-a 0.001 --n-samples 50
HM8_actuator_relabelled,9,9,2026,0,9,free_pam,/home/s110/code/ttpi_iclr/repro/results/HM8_actuator_relabelled_state40_action50_iter30_orderfree_pam_seed9_formal5080.json,/home/s110/miniconda3/envs/tt_5080/bin/python3 /home/s110/code/ttpi_iclr/repro/scripts/run_hardmove.py --n-actuator 8 --env-variant actuator_relabelled --training-seed 9 --environment-seed 2026 --permutation-seed 0 --state-sampling-seed 9 --action-order free_pam --run-tag formal5080 --n-state 40 --n-action 50 --n-iter 30 --n-iter-v 1 --callback-freq 10 --n-test 100 --device cuda --max-batch-v 10000 --max-batch-a 100000 --nswp-v 5 --nswp-a 10 --rmax-v 100 --rmax-a 100 --kickrank-v 10 --kickrank-a 10 --eps-cross-v 0.001 --eps-cross-a 0.001 --eps-round-v 0.001 --eps-round-a 0.001 --n-samples 50
HM8_actuator_relabelled,9,9,2026,0,9,peakcut_pam,/home/s110/code/ttpi_iclr/repro/results/HM8_actuator_relabelled_state40_action50_iter30_orderpeakcut_pam_seed9_formal5080.json,/home/s110/miniconda3/envs/tt_5080/bin/python3 /home/s110/code/ttpi_iclr/repro/scripts/run_hardmove.py --n-actuator 8 --env-variant actuator_relabelled --training-seed 9 --environment-seed 2026 --permutation-seed 0 --state-sampling-seed 9 --action-order peakcut_pam --run-tag formal5080 --n-state 40 --n-action 50 --n-iter 30 --n-iter-v 1 --callback-freq 10 --n-test 100 --device cuda --max-batch-v 10000 --max-batch-a 100000 --nswp-v 5 --nswp-a 10 --rmax-v 100 --rmax-a 100 --kickrank-v 10 --kickrank-a 10 --eps-cross-v 0.001 --eps-cross-a 0.001 --eps-round-v 0.001 --eps-round-a 0.001 --n-samples 50
HM8_actuator_relabelled,9,9,2026,0,9,sensitivity_pam,/home/s110/code/ttpi_iclr/repro/results/HM8_actuator_relabelled_state40_action50_iter30_ordersensitivity_pam_seed9_formal5080.json,/home/s110/miniconda3/envs/tt_5080/bin/python3 /home/s110/code/ttpi_iclr/repro/scripts/run_hardmove.py --n-actuator 8 --env-variant actuator_relabelled --training-seed 9 --environment-seed 2026 --permutation-seed 0 --state-sampling-seed 9 --action-order sensitivity_pam --run-tag formal5080 --n-state 40 --n-action 50 --n-iter 30 --n-iter-v 1 --callback-freq 10 --n-test 100 --device cuda --max-batch-v 10000 --max-batch-a 100000 --nswp-v 5 --nswp-a 10 --rmax-v 100 --rmax-a 100 --kickrank-v 10 --kickrank-a 10 --eps-cross-v 0.001 --eps-cross-a 0.001 --eps-round-v 0.001 --eps-round-a 0.001 --n-samples 50
HM8_actuator_relabelled,9,9,2026,0,9,rankaware_proxy_pam,/home/s110/code/ttpi_iclr/repro/results/HM8_actuator_relabelled_state40_action50_iter30_orderrankaware_proxy_pam_seed9_formal5080.json,/home/s110/miniconda3/envs/tt_5080/bin/python3 /home/s110/code/ttpi_iclr/repro/scripts/run_hardmove.py --n-actuator 8 --env-variant actuator_relabelled --training-seed 9 --environment-seed 2026 --permutation-seed 0 --state-sampling-seed 9 --action-order rankaware_proxy_pam --run-tag formal5080 --n-state 40 --n-action 50 --n-iter 30 --n-iter-v 1 --callback-freq 10 --n-test 100 --device cuda --max-batch-v 10000 --max-batch-a 100000 --nswp-v 5 --nswp-a 10 --rmax-v 100 --rmax-a 100 --kickrank-v 10 --kickrank-a 10 --eps-cross-v 0.001 --eps-cross-a 0.001 --eps-round-v 0.001 --eps-round-a 0.001 --n-samples 50
HM8_actuator_relabelled,9,9,2026,0,9,hybrid_pam,/home/s110/code/ttpi_iclr/repro/results/HM8_actuator_relabelled_state40_action50_iter30_orderhybrid_pam_seed9_formal5080.json,/home/s110/miniconda3/envs/tt_5080/bin/python3 /home/s110/code/ttpi_iclr/repro/scripts/run_hardmove.py --n-actuator 8 --env-variant actuator_relabelled --training-seed 9 --environment-seed 2026 --permutation-seed 0 --state-sampling-seed 9 --action-order hybrid_pam --run-tag formal5080 --n-state 40 --n-action 50 --n-iter 30 --n-iter-v 1 --callback-freq 10 --n-test 100 --device cuda --max-batch-v 10000 --max-batch-a 100000 --nswp-v 5 --nswp-a 10 --rmax-v 100 --rmax-a 100 --kickrank-v 10 --kickrank-a 10 --eps-cross-v 0.001 --eps-cross-a 0.001 --eps-round-v 0.001 --eps-round-a 0.001 --n-samples 50
HM12_actuator_relabelled,0,0,2026,0,0,local,/home/s110/code/ttpi_iclr/repro/results/HM12_actuator_relabelled_state40_action50_iter30_orderlocal_seed0_formal5080.json,/home/s110/miniconda3/envs/tt_5080/bin/python3 /home/s110/code/ttpi_iclr/repro/scripts/run_hardmove.py --n-actuator 12 --env-variant actuator_relabelled --training-seed 0 --environment-seed 2026 --permutation-seed 0 --state-sampling-seed 0 --action-order local --run-tag formal5080 --n-state 40 --n-action 50 --n-iter 30 --n-iter-v 1 --callback-freq 10 --n-test 100 --device cuda --max-batch-v 10000 --max-batch-a 100000 --nswp-v 5 --nswp-a 10 --rmax-v 100 --rmax-a 100 --kickrank-v 10 --kickrank-a 10 --eps-cross-v 0.001 --eps-cross-a 0.001 --eps-round-v 0.001 --eps-round-a 0.001 --n-samples 50
HM12_actuator_relabelled,0,0,2026,0,0,random,/home/s110/code/ttpi_iclr/repro/results/HM12_actuator_relabelled_state40_action50_iter30_orderrandom_seed0_permseed0_formal5080.json,/home/s110/miniconda3/envs/tt_5080/bin/python3 /home/s110/code/ttpi_iclr/repro/scripts/run_hardmove.py --n-actuator 12 --env-variant actuator_relabelled --training-seed 0 --environment-seed 2026 --permutation-seed 0 --include-permutation-seed-in-run-id --state-sampling-seed 0 --action-order random --run-tag formal5080 --n-state 40 --n-action 50 --n-iter 30 --n-iter-v 1 --callback-freq 10 --n-test 100 --device cuda --max-batch-v 10000 --max-batch-a 100000 --nswp-v 5 --nswp-a 10 --rmax-v 100 --rmax-a 100 --kickrank-v 10 --kickrank-a 10 --eps-cross-v 0.001 --eps-cross-a 0.001 --eps-round-v 0.001 --eps-round-a 0.001 --n-samples 50
HM12_actuator_relabelled,0,0,2026,1,0,random,/home/s110/code/ttpi_iclr/repro/results/HM12_actuator_relabelled_state40_action50_iter30_orderrandom_seed0_permseed1_formal5080.json,/home/s110/miniconda3/envs/tt_5080/bin/python3 /home/s110/code/ttpi_iclr/repro/scripts/run_hardmove.py --n-actuator 12 --env-variant actuator_relabelled --training-seed 0 --environment-seed 2026 --permutation-seed 1 --include-permutation-seed-in-run-id --state-sampling-seed 0 --action-order random --run-tag formal5080 --n-state 40 --n-action 50 --n-iter 30 --n-iter-v 1 --callback-freq 10 --n-test 100 --device cuda --max-batch-v 10000 --max-batch-a 100000 --nswp-v 5 --nswp-a 10 --rmax-v 100 --rmax-a 100 --kickrank-v 10 --kickrank-a 10 --eps-cross-v 0.001 --eps-cross-a 0.001 --eps-round-v 0.001 --eps-round-a 0.001 --n-samples 50
HM12_actuator_relabelled,0,0,2026,2,0,random,/home/s110/code/ttpi_iclr/repro/results/HM12_actuator_relabelled_state40_action50_iter30_orderrandom_seed0_permseed2_formal5080.json,/home/s110/miniconda3/envs/tt_5080/bin/python3 /home/s110/code/ttpi_iclr/repro/scripts/run_hardmove.py --n-actuator 12 --env-variant actuator_relabelled --training-seed 0 --environment-seed 2026 --permutation-seed 2 --include-permutation-seed-in-run-id --state-sampling-seed 0 --action-order random --run-tag formal5080 --n-state 40 --n-action 50 --n-iter 30 --n-iter-v 1 --callback-freq 10 --n-test 100 --device cuda --max-batch-v 10000 --max-batch-a 100000 --nswp-v 5 --nswp-a 10 --rmax-v 100 --rmax-a 100 --kickrank-v 10 --kickrank-a 10 --eps-cross-v 0.001 --eps-cross-a 0.001 --eps-round-v 0.001 --eps-round-a 0.001 --n-samples 50
HM12_actuator_relabelled,0,0,2026,0,0,badsplit,/home/s110/code/ttpi_iclr/repro/results/HM12_actuator_relabelled_state40_action50_iter30_orderbadsplit_seed0_formal5080.json,/home/s110/miniconda3/envs/tt_5080/bin/python3 /home/s110/code/ttpi_iclr/repro/scripts/run_hardmove.py --n-actuator 12 --env-variant actuator_relabelled --training-seed 0 --environment-seed 2026 --permutation-seed 0 --state-sampling-seed 0 --action-order badsplit --run-tag formal5080 --n-state 40 --n-action 50 --n-iter 30 --n-iter-v 1 --callback-freq 10 --n-test 100 --device cuda --max-batch-v 10000 --max-batch-a 100000 --nswp-v 5 --nswp-a 10 --rmax-v 100 --rmax-a 100 --kickrank-v 10 --kickrank-a 10 --eps-cross-v 0.001 --eps-cross-a 0.001 --eps-round-v 0.001 --eps-round-a 0.001 --n-samples 50
HM12_actuator_relabelled,0,0,2026,0,0,reverse_blocks,/home/s110/code/ttpi_iclr/repro/results/HM12_actuator_relabelled_state40_action50_iter30_orderreverse_blocks_seed0_formal5080.json,/home/s110/miniconda3/envs/tt_5080/bin/python3 /home/s110/code/ttpi_iclr/repro/scripts/run_hardmove.py --n-actuator 12 --env-variant actuator_relabelled --training-seed 0 --environment-seed 2026 --permutation-seed 0 --state-sampling-seed 0 --action-order reverse_blocks --run-tag formal5080 --n-state 40 --n-action 50 --n-iter 30 --n-iter-v 1 --callback-freq 10 --n-test 100 --device cuda --max-batch-v 10000 --max-batch-a 100000 --nswp-v 5 --nswp-a 10 --rmax-v 100 --rmax-a 100 --kickrank-v 10 --kickrank-a 10 --eps-cross-v 0.001 --eps-cross-a 0.001 --eps-round-v 0.001 --eps-round-a 0.001 --n-samples 50
HM12_actuator_relabelled,0,0,2026,0,0,flip_within_block,/home/s110/code/ttpi_iclr/repro/results/HM12_actuator_relabelled_state40_action50_iter30_orderflip_within_block_seed0_formal5080.json,/home/s110/miniconda3/envs/tt_5080/bin/python3 /home/s110/code/ttpi_iclr/repro/scripts/run_hardmove.py --n-actuator 12 --env-variant actuator_relabelled --training-seed 0 --environment-seed 2026 --permutation-seed 0 --state-sampling-seed 0 --action-order flip_within_block --run-tag formal5080 --n-state 40 --n-action 50 --n-iter 30 --n-iter-v 1 --callback-freq 10 --n-test 100 --device cuda --max-batch-v 10000 --max-batch-a 100000 --nswp-v 5 --nswp-a 10 --rmax-v 100 --rmax-a 100 --kickrank-v 10 --kickrank-a 10 --eps-cross-v 0.001 --eps-cross-a 0.001 --eps-round-v 0.001 --eps-round-a 0.001 --n-samples 50
HM12_actuator_relabelled,0,0,2026,0,0,pam_greedy,/home/s110/code/ttpi_iclr/repro/results/HM12_actuator_relabelled_state40_action50_iter30_orderpam_greedy_seed0_formal5080.json,/home/s110/miniconda3/envs/tt_5080/bin/python3 /home/s110/code/ttpi_iclr/repro/scripts/run_hardmove.py --n-actuator 12 --env-variant actuator_relabelled --training-seed 0 --environment-seed 2026 --permutation-seed 0 --state-sampling-seed 0 --action-order pam_greedy --run-tag formal5080 --n-state 40 --n-action 50 --n-iter 30 --n-iter-v 1 --callback-freq 10 --n-test 100 --device cuda --max-batch-v 10000 --max-batch-a 100000 --nswp-v 5 --nswp-a 10 --rmax-v 100 --rmax-a 100 --kickrank-v 10 --kickrank-a 10 --eps-cross-v 0.001 --eps-cross-a 0.001 --eps-round-v 0.001 --eps-round-a 0.001 --n-samples 50
HM12_actuator_relabelled,0,0,2026,0,0,pam_spectral,/home/s110/code/ttpi_iclr/repro/results/HM12_actuator_relabelled_state40_action50_iter30_orderpam_spectral_seed0_formal5080.json,/home/s110/miniconda3/envs/tt_5080/bin/python3 /home/s110/code/ttpi_iclr/repro/scripts/run_hardmove.py --n-actuator 12 --env-variant actuator_relabelled --training-seed 0 --environment-seed 2026 --permutation-seed 0 --state-sampling-seed 0 --action-order pam_spectral --run-tag formal5080 --n-state 40 --n-action 50 --n-iter 30 --n-iter-v 1 --callback-freq 10 --n-test 100 --device cuda --max-batch-v 10000 --max-batch-a 100000 --nswp-v 5 --nswp-a 10 --rmax-v 100 --rmax-a 100 --kickrank-v 10 --kickrank-a 10 --eps-cross-v 0.001 --eps-cross-a 0.001 --eps-round-v 0.001 --eps-round-a 0.001 --n-samples 50
HM12_actuator_relabelled,0,0,2026,0,0,block_pam,/home/s110/code/ttpi_iclr/repro/results/HM12_actuator_relabelled_state40_action50_iter30_orderblock_pam_seed0_formal5080.json,/home/s110/miniconda3/envs/tt_5080/bin/python3 /home/s110/code/ttpi_iclr/repro/scripts/run_hardmove.py --n-actuator 12 --env-variant actuator_relabelled --training-seed 0 --environment-seed 2026 --permutation-seed 0 --state-sampling-seed 0 --action-order block_pam --run-tag formal5080 --n-state 40 --n-action 50 --n-iter 30 --n-iter-v 1 --callback-freq 10 --n-test 100 --device cuda --max-batch-v 10000 --max-batch-a 100000 --nswp-v 5 --nswp-a 10 --rmax-v 100 --rmax-a 100 --kickrank-v 10 --kickrank-a 10 --eps-cross-v 0.001 --eps-cross-a 0.001 --eps-round-v 0.001 --eps-round-a 0.001 --n-samples 50
HM12_actuator_relabelled,0,0,2026,0,0,free_pam,/home/s110/code/ttpi_iclr/repro/results/HM12_actuator_relabelled_state40_action50_iter30_orderfree_pam_seed0_formal5080.json,/home/s110/miniconda3/envs/tt_5080/bin/python3 /home/s110/code/ttpi_iclr/repro/scripts/run_hardmove.py --n-actuator 12 --env-variant actuator_relabelled --training-seed 0 --environment-seed 2026 --permutation-seed 0 --state-sampling-seed 0 --action-order free_pam --run-tag formal5080 --n-state 40 --n-action 50 --n-iter 30 --n-iter-v 1 --callback-freq 10 --n-test 100 --device cuda --max-batch-v 10000 --max-batch-a 100000 --nswp-v 5 --nswp-a 10 --rmax-v 100 --rmax-a 100 --kickrank-v 10 --kickrank-a 10 --eps-cross-v 0.001 --eps-cross-a 0.001 --eps-round-v 0.001 --eps-round-a 0.001 --n-samples 50
HM12_actuator_relabelled,0,0,2026,0,0,peakcut_pam,/home/s110/code/ttpi_iclr/repro/results/HM12_actuator_relabelled_state40_action50_iter30_orderpeakcut_pam_seed0_formal5080.json,/home/s110/miniconda3/envs/tt_5080/bin/python3 /home/s110/code/ttpi_iclr/repro/scripts/run_hardmove.py --n-actuator 12 --env-variant actuator_relabelled --training-seed 0 --environment-seed 2026 --permutation-seed 0 --state-sampling-seed 0 --action-order peakcut_pam --run-tag formal5080 --n-state 40 --n-action 50 --n-iter 30 --n-iter-v 1 --callback-freq 10 --n-test 100 --device cuda --max-batch-v 10000 --max-batch-a 100000 --nswp-v 5 --nswp-a 10 --rmax-v 100 --rmax-a 100 --kickrank-v 10 --kickrank-a 10 --eps-cross-v 0.001 --eps-cross-a 0.001 --eps-round-v 0.001 --eps-round-a 0.001 --n-samples 50
HM12_actuator_relabelled,0,0,2026,0,0,sensitivity_pam,/home/s110/code/ttpi_iclr/repro/results/HM12_actuator_relabelled_state40_action50_iter30_ordersensitivity_pam_seed0_formal5080.json,/home/s110/miniconda3/envs/tt_5080/bin/python3 /home/s110/code/ttpi_iclr/repro/scripts/run_hardmove.py --n-actuator 12 --env-variant actuator_relabelled --training-seed 0 --environment-seed 2026 --permutation-seed 0 --state-sampling-seed 0 --action-order sensitivity_pam --run-tag formal5080 --n-state 40 --n-action 50 --n-iter 30 --n-iter-v 1 --callback-freq 10 --n-test 100 --device cuda --max-batch-v 10000 --max-batch-a 100000 --nswp-v 5 --nswp-a 10 --rmax-v 100 --rmax-a 100 --kickrank-v 10 --kickrank-a 10 --eps-cross-v 0.001 --eps-cross-a 0.001 --eps-round-v 0.001 --eps-round-a 0.001 --n-samples 50
HM12_actuator_relabelled,0,0,2026,0,0,rankaware_proxy_pam,/home/s110/code/ttpi_iclr/repro/results/HM12_actuator_relabelled_state40_action50_iter30_orderrankaware_proxy_pam_seed0_formal5080.json,/home/s110/miniconda3/envs/tt_5080/bin/python3 /home/s110/code/ttpi_iclr/repro/scripts/run_hardmove.py --n-actuator 12 --env-variant actuator_relabelled --training-seed 0 --environment-seed 2026 --permutation-seed 0 --state-sampling-seed 0 --action-order rankaware_proxy_pam --run-tag formal5080 --n-state 40 --n-action 50 --n-iter 30 --n-iter-v 1 --callback-freq 10 --n-test 100 --device cuda --max-batch-v 10000 --max-batch-a 100000 --nswp-v 5 --nswp-a 10 --rmax-v 100 --rmax-a 100 --kickrank-v 10 --kickrank-a 10 --eps-cross-v 0.001 --eps-cross-a 0.001 --eps-round-v 0.001 --eps-round-a 0.001 --n-samples 50
HM12_actuator_relabelled,0,0,2026,0,0,hybrid_pam,/home/s110/code/ttpi_iclr/repro/results/HM12_actuator_relabelled_state40_action50_iter30_orderhybrid_pam_seed0_formal5080.json,/home/s110/miniconda3/envs/tt_5080/bin/python3 /home/s110/code/ttpi_iclr/repro/scripts/run_hardmove.py --n-actuator 12 --env-variant actuator_relabelled --training-seed 0 --environment-seed 2026 --permutation-seed 0 --state-sampling-seed 0 --action-order hybrid_pam --run-tag formal5080 --n-state 40 --n-action 50 --n-iter 30 --n-iter-v 1 --callback-freq 10 --n-test 100 --device cuda --max-batch-v 10000 --max-batch-a 100000 --nswp-v 5 --nswp-a 10 --rmax-v 100 --rmax-a 100 --kickrank-v 10 --kickrank-a 10 --eps-cross-v 0.001 --eps-cross-a 0.001 --eps-round-v 0.001 --eps-round-a 0.001 --n-samples 50
HM12_actuator_relabelled,1,1,2026,0,1,local,/home/s110/code/ttpi_iclr/repro/results/HM12_actuator_relabelled_state40_action50_iter30_orderlocal_seed1_formal5080.json,/home/s110/miniconda3/envs/tt_5080/bin/python3 /home/s110/code/ttpi_iclr/repro/scripts/run_hardmove.py --n-actuator 12 --env-variant actuator_relabelled --training-seed 1 --environment-seed 2026 --permutation-seed 0 --state-sampling-seed 1 --action-order local --run-tag formal5080 --n-state 40 --n-action 50 --n-iter 30 --n-iter-v 1 --callback-freq 10 --n-test 100 --device cuda --max-batch-v 10000 --max-batch-a 100000 --nswp-v 5 --nswp-a 10 --rmax-v 100 --rmax-a 100 --kickrank-v 10 --kickrank-a 10 --eps-cross-v 0.001 --eps-cross-a 0.001 --eps-round-v 0.001 --eps-round-a 0.001 --n-samples 50
HM12_actuator_relabelled,1,1,2026,0,1,random,/home/s110/code/ttpi_iclr/repro/results/HM12_actuator_relabelled_state40_action50_iter30_orderrandom_seed1_permseed0_formal5080.json,/home/s110/miniconda3/envs/tt_5080/bin/python3 /home/s110/code/ttpi_iclr/repro/scripts/run_hardmove.py --n-actuator 12 --env-variant actuator_relabelled --training-seed 1 --environment-seed 2026 --permutation-seed 0 --include-permutation-seed-in-run-id --state-sampling-seed 1 --action-order random --run-tag formal5080 --n-state 40 --n-action 50 --n-iter 30 --n-iter-v 1 --callback-freq 10 --n-test 100 --device cuda --max-batch-v 10000 --max-batch-a 100000 --nswp-v 5 --nswp-a 10 --rmax-v 100 --rmax-a 100 --kickrank-v 10 --kickrank-a 10 --eps-cross-v 0.001 --eps-cross-a 0.001 --eps-round-v 0.001 --eps-round-a 0.001 --n-samples 50
HM12_actuator_relabelled,1,1,2026,1,1,random,/home/s110/code/ttpi_iclr/repro/results/HM12_actuator_relabelled_state40_action50_iter30_orderrandom_seed1_permseed1_formal5080.json,/home/s110/miniconda3/envs/tt_5080/bin/python3 /home/s110/code/ttpi_iclr/repro/scripts/run_hardmove.py --n-actuator 12 --env-variant actuator_relabelled --training-seed 1 --environment-seed 2026 --permutation-seed 1 --include-permutation-seed-in-run-id --state-sampling-seed 1 --action-order random --run-tag formal5080 --n-state 40 --n-action 50 --n-iter 30 --n-iter-v 1 --callback-freq 10 --n-test 100 --device cuda --max-batch-v 10000 --max-batch-a 100000 --nswp-v 5 --nswp-a 10 --rmax-v 100 --rmax-a 100 --kickrank-v 10 --kickrank-a 10 --eps-cross-v 0.001 --eps-cross-a 0.001 --eps-round-v 0.001 --eps-round-a 0.001 --n-samples 50
HM12_actuator_relabelled,1,1,2026,2,1,random,/home/s110/code/ttpi_iclr/repro/results/HM12_actuator_relabelled_state40_action50_iter30_orderrandom_seed1_permseed2_formal5080.json,/home/s110/miniconda3/envs/tt_5080/bin/python3 /home/s110/code/ttpi_iclr/repro/scripts/run_hardmove.py --n-actuator 12 --env-variant actuator_relabelled --training-seed 1 --environment-seed 2026 --permutation-seed 2 --include-permutation-seed-in-run-id --state-sampling-seed 1 --action-order random --run-tag formal5080 --n-state 40 --n-action 50 --n-iter 30 --n-iter-v 1 --callback-freq 10 --n-test 100 --device cuda --max-batch-v 10000 --max-batch-a 100000 --nswp-v 5 --nswp-a 10 --rmax-v 100 --rmax-a 100 --kickrank-v 10 --kickrank-a 10 --eps-cross-v 0.001 --eps-cross-a 0.001 --eps-round-v 0.001 --eps-round-a 0.001 --n-samples 50
HM12_actuator_relabelled,1,1,2026,0,1,badsplit,/home/s110/code/ttpi_iclr/repro/results/HM12_actuator_relabelled_state40_action50_iter30_orderbadsplit_seed1_formal5080.json,/home/s110/miniconda3/envs/tt_5080/bin/python3 /home/s110/code/ttpi_iclr/repro/scripts/run_hardmove.py --n-actuator 12 --env-variant actuator_relabelled --training-seed 1 --environment-seed 2026 --permutation-seed 0 --state-sampling-seed 1 --action-order badsplit --run-tag formal5080 --n-state 40 --n-action 50 --n-iter 30 --n-iter-v 1 --callback-freq 10 --n-test 100 --device cuda --max-batch-v 10000 --max-batch-a 100000 --nswp-v 5 --nswp-a 10 --rmax-v 100 --rmax-a 100 --kickrank-v 10 --kickrank-a 10 --eps-cross-v 0.001 --eps-cross-a 0.001 --eps-round-v 0.001 --eps-round-a 0.001 --n-samples 50
HM12_actuator_relabelled,1,1,2026,0,1,reverse_blocks,/home/s110/code/ttpi_iclr/repro/results/HM12_actuator_relabelled_state40_action50_iter30_orderreverse_blocks_seed1_formal5080.json,/home/s110/miniconda3/envs/tt_5080/bin/python3 /home/s110/code/ttpi_iclr/repro/scripts/run_hardmove.py --n-actuator 12 --env-variant actuator_relabelled --training-seed 1 --environment-seed 2026 --permutation-seed 0 --state-sampling-seed 1 --action-order reverse_blocks --run-tag formal5080 --n-state 40 --n-action 50 --n-iter 30 --n-iter-v 1 --callback-freq 10 --n-test 100 --device cuda --max-batch-v 10000 --max-batch-a 100000 --nswp-v 5 --nswp-a 10 --rmax-v 100 --rmax-a 100 --kickrank-v 10 --kickrank-a 10 --eps-cross-v 0.001 --eps-cross-a 0.001 --eps-round-v 0.001 --eps-round-a 0.001 --n-samples 50
HM12_actuator_relabelled,1,1,2026,0,1,flip_within_block,/home/s110/code/ttpi_iclr/repro/results/HM12_actuator_relabelled_state40_action50_iter30_orderflip_within_block_seed1_formal5080.json,/home/s110/miniconda3/envs/tt_5080/bin/python3 /home/s110/code/ttpi_iclr/repro/scripts/run_hardmove.py --n-actuator 12 --env-variant actuator_relabelled --training-seed 1 --environment-seed 2026 --permutation-seed 0 --state-sampling-seed 1 --action-order flip_within_block --run-tag formal5080 --n-state 40 --n-action 50 --n-iter 30 --n-iter-v 1 --callback-freq 10 --n-test 100 --device cuda --max-batch-v 10000 --max-batch-a 100000 --nswp-v 5 --nswp-a 10 --rmax-v 100 --rmax-a 100 --kickrank-v 10 --kickrank-a 10 --eps-cross-v 0.001 --eps-cross-a 0.001 --eps-round-v 0.001 --eps-round-a 0.001 --n-samples 50
HM12_actuator_relabelled,1,1,2026,0,1,pam_greedy,/home/s110/code/ttpi_iclr/repro/results/HM12_actuator_relabelled_state40_action50_iter30_orderpam_greedy_seed1_formal5080.json,/home/s110/miniconda3/envs/tt_5080/bin/python3 /home/s110/code/ttpi_iclr/repro/scripts/run_hardmove.py --n-actuator 12 --env-variant actuator_relabelled --training-seed 1 --environment-seed 2026 --permutation-seed 0 --state-sampling-seed 1 --action-order pam_greedy --run-tag formal5080 --n-state 40 --n-action 50 --n-iter 30 --n-iter-v 1 --callback-freq 10 --n-test 100 --device cuda --max-batch-v 10000 --max-batch-a 100000 --nswp-v 5 --nswp-a 10 --rmax-v 100 --rmax-a 100 --kickrank-v 10 --kickrank-a 10 --eps-cross-v 0.001 --eps-cross-a 0.001 --eps-round-v 0.001 --eps-round-a 0.001 --n-samples 50
HM12_actuator_relabelled,1,1,2026,0,1,pam_spectral,/home/s110/code/ttpi_iclr/repro/results/HM12_actuator_relabelled_state40_action50_iter30_orderpam_spectral_seed1_formal5080.json,/home/s110/miniconda3/envs/tt_5080/bin/python3 /home/s110/code/ttpi_iclr/repro/scripts/run_hardmove.py --n-actuator 12 --env-variant actuator_relabelled --training-seed 1 --environment-seed 2026 --permutation-seed 0 --state-sampling-seed 1 --action-order pam_spectral --run-tag formal5080 --n-state 40 --n-action 50 --n-iter 30 --n-iter-v 1 --callback-freq 10 --n-test 100 --device cuda --max-batch-v 10000 --max-batch-a 100000 --nswp-v 5 --nswp-a 10 --rmax-v 100 --rmax-a 100 --kickrank-v 10 --kickrank-a 10 --eps-cross-v 0.001 --eps-cross-a 0.001 --eps-round-v 0.001 --eps-round-a 0.001 --n-samples 50
HM12_actuator_relabelled,1,1,2026,0,1,block_pam,/home/s110/code/ttpi_iclr/repro/results/HM12_actuator_relabelled_state40_action50_iter30_orderblock_pam_seed1_formal5080.json,/home/s110/miniconda3/envs/tt_5080/bin/python3 /home/s110/code/ttpi_iclr/repro/scripts/run_hardmove.py --n-actuator 12 --env-variant actuator_relabelled --training-seed 1 --environment-seed 2026 --permutation-seed 0 --state-sampling-seed 1 --action-order block_pam --run-tag formal5080 --n-state 40 --n-action 50 --n-iter 30 --n-iter-v 1 --callback-freq 10 --n-test 100 --device cuda --max-batch-v 10000 --max-batch-a 100000 --nswp-v 5 --nswp-a 10 --rmax-v 100 --rmax-a 100 --kickrank-v 10 --kickrank-a 10 --eps-cross-v 0.001 --eps-cross-a 0.001 --eps-round-v 0.001 --eps-round-a 0.001 --n-samples 50
HM12_actuator_relabelled,1,1,2026,0,1,free_pam,/home/s110/code/ttpi_iclr/repro/results/HM12_actuator_relabelled_state40_action50_iter30_orderfree_pam_seed1_formal5080.json,/home/s110/miniconda3/envs/tt_5080/bin/python3 /home/s110/code/ttpi_iclr/repro/scripts/run_hardmove.py --n-actuator 12 --env-variant actuator_relabelled --training-seed 1 --environment-seed 2026 --permutation-seed 0 --state-sampling-seed 1 --action-order free_pam --run-tag formal5080 --n-state 40 --n-action 50 --n-iter 30 --n-iter-v 1 --callback-freq 10 --n-test 100 --device cuda --max-batch-v 10000 --max-batch-a 100000 --nswp-v 5 --nswp-a 10 --rmax-v 100 --rmax-a 100 --kickrank-v 10 --kickrank-a 10 --eps-cross-v 0.001 --eps-cross-a 0.001 --eps-round-v 0.001 --eps-round-a 0.001 --n-samples 50
HM12_actuator_relabelled,1,1,2026,0,1,peakcut_pam,/home/s110/code/ttpi_iclr/repro/results/HM12_actuator_relabelled_state40_action50_iter30_orderpeakcut_pam_seed1_formal5080.json,/home/s110/miniconda3/envs/tt_5080/bin/python3 /home/s110/code/ttpi_iclr/repro/scripts/run_hardmove.py --n-actuator 12 --env-variant actuator_relabelled --training-seed 1 --environment-seed 2026 --permutation-seed 0 --state-sampling-seed 1 --action-order peakcut_pam --run-tag formal5080 --n-state 40 --n-action 50 --n-iter 30 --n-iter-v 1 --callback-freq 10 --n-test 100 --device cuda --max-batch-v 10000 --max-batch-a 100000 --nswp-v 5 --nswp-a 10 --rmax-v 100 --rmax-a 100 --kickrank-v 10 --kickrank-a 10 --eps-cross-v 0.001 --eps-cross-a 0.001 --eps-round-v 0.001 --eps-round-a 0.001 --n-samples 50
HM12_actuator_relabelled,1,1,2026,0,1,sensitivity_pam,/home/s110/code/ttpi_iclr/repro/results/HM12_actuator_relabelled_state40_action50_iter30_ordersensitivity_pam_seed1_formal5080.json,/home/s110/miniconda3/envs/tt_5080/bin/python3 /home/s110/code/ttpi_iclr/repro/scripts/run_hardmove.py --n-actuator 12 --env-variant actuator_relabelled --training-seed 1 --environment-seed 2026 --permutation-seed 0 --state-sampling-seed 1 --action-order sensitivity_pam --run-tag formal5080 --n-state 40 --n-action 50 --n-iter 30 --n-iter-v 1 --callback-freq 10 --n-test 100 --device cuda --max-batch-v 10000 --max-batch-a 100000 --nswp-v 5 --nswp-a 10 --rmax-v 100 --rmax-a 100 --kickrank-v 10 --kickrank-a 10 --eps-cross-v 0.001 --eps-cross-a 0.001 --eps-round-v 0.001 --eps-round-a 0.001 --n-samples 50
HM12_actuator_relabelled,1,1,2026,0,1,rankaware_proxy_pam,/home/s110/code/ttpi_iclr/repro/results/HM12_actuator_relabelled_state40_action50_iter30_orderrankaware_proxy_pam_seed1_formal5080.json,/home/s110/miniconda3/envs/tt_5080/bin/python3 /home/s110/code/ttpi_iclr/repro/scripts/run_hardmove.py --n-actuator 12 --env-variant actuator_relabelled --training-seed 1 --environment-seed 2026 --permutation-seed 0 --state-sampling-seed 1 --action-order rankaware_proxy_pam --run-tag formal5080 --n-state 40 --n-action 50 --n-iter 30 --n-iter-v 1 --callback-freq 10 --n-test 100 --device cuda --max-batch-v 10000 --max-batch-a 100000 --nswp-v 5 --nswp-a 10 --rmax-v 100 --rmax-a 100 --kickrank-v 10 --kickrank-a 10 --eps-cross-v 0.001 --eps-cross-a 0.001 --eps-round-v 0.001 --eps-round-a 0.001 --n-samples 50
HM12_actuator_relabelled,1,1,2026,0,1,hybrid_pam,/home/s110/code/ttpi_iclr/repro/results/HM12_actuator_relabelled_state40_action50_iter30_orderhybrid_pam_seed1_formal5080.json,/home/s110/miniconda3/envs/tt_5080/bin/python3 /home/s110/code/ttpi_iclr/repro/scripts/run_hardmove.py --n-actuator 12 --env-variant actuator_relabelled --training-seed 1 --environment-seed 2026 --permutation-seed 0 --state-sampling-seed 1 --action-order hybrid_pam --run-tag formal5080 --n-state 40 --n-action 50 --n-iter 30 --n-iter-v 1 --callback-freq 10 --n-test 100 --device cuda --max-batch-v 10000 --max-batch-a 100000 --nswp-v 5 --nswp-a 10 --rmax-v 100 --rmax-a 100 --kickrank-v 10 --kickrank-a 10 --eps-cross-v 0.001 --eps-cross-a 0.001 --eps-round-v 0.001 --eps-round-a 0.001 --n-samples 50
HM12_actuator_relabelled,2,2,2026,0,2,local,/home/s110/code/ttpi_iclr/repro/results/HM12_actuator_relabelled_state40_action50_iter30_orderlocal_seed2_formal5080.json,/home/s110/miniconda3/envs/tt_5080/bin/python3 /home/s110/code/ttpi_iclr/repro/scripts/run_hardmove.py --n-actuator 12 --env-variant actuator_relabelled --training-seed 2 --environment-seed 2026 --permutation-seed 0 --state-sampling-seed 2 --action-order local --run-tag formal5080 --n-state 40 --n-action 50 --n-iter 30 --n-iter-v 1 --callback-freq 10 --n-test 100 --device cuda --max-batch-v 10000 --max-batch-a 100000 --nswp-v 5 --nswp-a 10 --rmax-v 100 --rmax-a 100 --kickrank-v 10 --kickrank-a 10 --eps-cross-v 0.001 --eps-cross-a 0.001 --eps-round-v 0.001 --eps-round-a 0.001 --n-samples 50
HM12_actuator_relabelled,2,2,2026,0,2,random,/home/s110/code/ttpi_iclr/repro/results/HM12_actuator_relabelled_state40_action50_iter30_orderrandom_seed2_permseed0_formal5080.json,/home/s110/miniconda3/envs/tt_5080/bin/python3 /home/s110/code/ttpi_iclr/repro/scripts/run_hardmove.py --n-actuator 12 --env-variant actuator_relabelled --training-seed 2 --environment-seed 2026 --permutation-seed 0 --include-permutation-seed-in-run-id --state-sampling-seed 2 --action-order random --run-tag formal5080 --n-state 40 --n-action 50 --n-iter 30 --n-iter-v 1 --callback-freq 10 --n-test 100 --device cuda --max-batch-v 10000 --max-batch-a 100000 --nswp-v 5 --nswp-a 10 --rmax-v 100 --rmax-a 100 --kickrank-v 10 --kickrank-a 10 --eps-cross-v 0.001 --eps-cross-a 0.001 --eps-round-v 0.001 --eps-round-a 0.001 --n-samples 50
HM12_actuator_relabelled,2,2,2026,1,2,random,/home/s110/code/ttpi_iclr/repro/results/HM12_actuator_relabelled_state40_action50_iter30_orderrandom_seed2_permseed1_formal5080.json,/home/s110/miniconda3/envs/tt_5080/bin/python3 /home/s110/code/ttpi_iclr/repro/scripts/run_hardmove.py --n-actuator 12 --env-variant actuator_relabelled --training-seed 2 --environment-seed 2026 --permutation-seed 1 --include-permutation-seed-in-run-id --state-sampling-seed 2 --action-order random --run-tag formal5080 --n-state 40 --n-action 50 --n-iter 30 --n-iter-v 1 --callback-freq 10 --n-test 100 --device cuda --max-batch-v 10000 --max-batch-a 100000 --nswp-v 5 --nswp-a 10 --rmax-v 100 --rmax-a 100 --kickrank-v 10 --kickrank-a 10 --eps-cross-v 0.001 --eps-cross-a 0.001 --eps-round-v 0.001 --eps-round-a 0.001 --n-samples 50
HM12_actuator_relabelled,2,2,2026,2,2,random,/home/s110/code/ttpi_iclr/repro/results/HM12_actuator_relabelled_state40_action50_iter30_orderrandom_seed2_permseed2_formal5080.json,/home/s110/miniconda3/envs/tt_5080/bin/python3 /home/s110/code/ttpi_iclr/repro/scripts/run_hardmove.py --n-actuator 12 --env-variant actuator_relabelled --training-seed 2 --environment-seed 2026 --permutation-seed 2 --include-permutation-seed-in-run-id --state-sampling-seed 2 --action-order random --run-tag formal5080 --n-state 40 --n-action 50 --n-iter 30 --n-iter-v 1 --callback-freq 10 --n-test 100 --device cuda --max-batch-v 10000 --max-batch-a 100000 --nswp-v 5 --nswp-a 10 --rmax-v 100 --rmax-a 100 --kickrank-v 10 --kickrank-a 10 --eps-cross-v 0.001 --eps-cross-a 0.001 --eps-round-v 0.001 --eps-round-a 0.001 --n-samples 50
HM12_actuator_relabelled,2,2,2026,0,2,badsplit,/home/s110/code/ttpi_iclr/repro/results/HM12_actuator_relabelled_state40_action50_iter30_orderbadsplit_seed2_formal5080.json,/home/s110/miniconda3/envs/tt_5080/bin/python3 /home/s110/code/ttpi_iclr/repro/scripts/run_hardmove.py --n-actuator 12 --env-variant actuator_relabelled --training-seed 2 --environment-seed 2026 --permutation-seed 0 --state-sampling-seed 2 --action-order badsplit --run-tag formal5080 --n-state 40 --n-action 50 --n-iter 30 --n-iter-v 1 --callback-freq 10 --n-test 100 --device cuda --max-batch-v 10000 --max-batch-a 100000 --nswp-v 5 --nswp-a 10 --rmax-v 100 --rmax-a 100 --kickrank-v 10 --kickrank-a 10 --eps-cross-v 0.001 --eps-cross-a 0.001 --eps-round-v 0.001 --eps-round-a 0.001 --n-samples 50
HM12_actuator_relabelled,2,2,2026,0,2,reverse_blocks,/home/s110/code/ttpi_iclr/repro/results/HM12_actuator_relabelled_state40_action50_iter30_orderreverse_blocks_seed2_formal5080.json,/home/s110/miniconda3/envs/tt_5080/bin/python3 /home/s110/code/ttpi_iclr/repro/scripts/run_hardmove.py --n-actuator 12 --env-variant actuator_relabelled --training-seed 2 --environment-seed 2026 --permutation-seed 0 --state-sampling-seed 2 --action-order reverse_blocks --run-tag formal5080 --n-state 40 --n-action 50 --n-iter 30 --n-iter-v 1 --callback-freq 10 --n-test 100 --device cuda --max-batch-v 10000 --max-batch-a 100000 --nswp-v 5 --nswp-a 10 --rmax-v 100 --rmax-a 100 --kickrank-v 10 --kickrank-a 10 --eps-cross-v 0.001 --eps-cross-a 0.001 --eps-round-v 0.001 --eps-round-a 0.001 --n-samples 50
HM12_actuator_relabelled,2,2,2026,0,2,flip_within_block,/home/s110/code/ttpi_iclr/repro/results/HM12_actuator_relabelled_state40_action50_iter30_orderflip_within_block_seed2_formal5080.json,/home/s110/miniconda3/envs/tt_5080/bin/python3 /home/s110/code/ttpi_iclr/repro/scripts/run_hardmove.py --n-actuator 12 --env-variant actuator_relabelled --training-seed 2 --environment-seed 2026 --permutation-seed 0 --state-sampling-seed 2 --action-order flip_within_block --run-tag formal5080 --n-state 40 --n-action 50 --n-iter 30 --n-iter-v 1 --callback-freq 10 --n-test 100 --device cuda --max-batch-v 10000 --max-batch-a 100000 --nswp-v 5 --nswp-a 10 --rmax-v 100 --rmax-a 100 --kickrank-v 10 --kickrank-a 10 --eps-cross-v 0.001 --eps-cross-a 0.001 --eps-round-v 0.001 --eps-round-a 0.001 --n-samples 50
HM12_actuator_relabelled,2,2,2026,0,2,pam_greedy,/home/s110/code/ttpi_iclr/repro/results/HM12_actuator_relabelled_state40_action50_iter30_orderpam_greedy_seed2_formal5080.json,/home/s110/miniconda3/envs/tt_5080/bin/python3 /home/s110/code/ttpi_iclr/repro/scripts/run_hardmove.py --n-actuator 12 --env-variant actuator_relabelled --training-seed 2 --environment-seed 2026 --permutation-seed 0 --state-sampling-seed 2 --action-order pam_greedy --run-tag formal5080 --n-state 40 --n-action 50 --n-iter 30 --n-iter-v 1 --callback-freq 10 --n-test 100 --device cuda --max-batch-v 10000 --max-batch-a 100000 --nswp-v 5 --nswp-a 10 --rmax-v 100 --rmax-a 100 --kickrank-v 10 --kickrank-a 10 --eps-cross-v 0.001 --eps-cross-a 0.001 --eps-round-v 0.001 --eps-round-a 0.001 --n-samples 50
HM12_actuator_relabelled,2,2,2026,0,2,pam_spectral,/home/s110/code/ttpi_iclr/repro/results/HM12_actuator_relabelled_state40_action50_iter30_orderpam_spectral_seed2_formal5080.json,/home/s110/miniconda3/envs/tt_5080/bin/python3 /home/s110/code/ttpi_iclr/repro/scripts/run_hardmove.py --n-actuator 12 --env-variant actuator_relabelled --training-seed 2 --environment-seed 2026 --permutation-seed 0 --state-sampling-seed 2 --action-order pam_spectral --run-tag formal5080 --n-state 40 --n-action 50 --n-iter 30 --n-iter-v 1 --callback-freq 10 --n-test 100 --device cuda --max-batch-v 10000 --max-batch-a 100000 --nswp-v 5 --nswp-a 10 --rmax-v 100 --rmax-a 100 --kickrank-v 10 --kickrank-a 10 --eps-cross-v 0.001 --eps-cross-a 0.001 --eps-round-v 0.001 --eps-round-a 0.001 --n-samples 50
HM12_actuator_relabelled,2,2,2026,0,2,block_pam,/home/s110/code/ttpi_iclr/repro/results/HM12_actuator_relabelled_state40_action50_iter30_orderblock_pam_seed2_formal5080.json,/home/s110/miniconda3/envs/tt_5080/bin/python3 /home/s110/code/ttpi_iclr/repro/scripts/run_hardmove.py --n-actuator 12 --env-variant actuator_relabelled --training-seed 2 --environment-seed 2026 --permutation-seed 0 --state-sampling-seed 2 --action-order block_pam --run-tag formal5080 --n-state 40 --n-action 50 --n-iter 30 --n-iter-v 1 --callback-freq 10 --n-test 100 --device cuda --max-batch-v 10000 --max-batch-a 100000 --nswp-v 5 --nswp-a 10 --rmax-v 100 --rmax-a 100 --kickrank-v 10 --kickrank-a 10 --eps-cross-v 0.001 --eps-cross-a 0.001 --eps-round-v 0.001 --eps-round-a 0.001 --n-samples 50
HM12_actuator_relabelled,2,2,2026,0,2,free_pam,/home/s110/code/ttpi_iclr/repro/results/HM12_actuator_relabelled_state40_action50_iter30_orderfree_pam_seed2_formal5080.json,/home/s110/miniconda3/envs/tt_5080/bin/python3 /home/s110/code/ttpi_iclr/repro/scripts/run_hardmove.py --n-actuator 12 --env-variant actuator_relabelled --training-seed 2 --environment-seed 2026 --permutation-seed 0 --state-sampling-seed 2 --action-order free_pam --run-tag formal5080 --n-state 40 --n-action 50 --n-iter 30 --n-iter-v 1 --callback-freq 10 --n-test 100 --device cuda --max-batch-v 10000 --max-batch-a 100000 --nswp-v 5 --nswp-a 10 --rmax-v 100 --rmax-a 100 --kickrank-v 10 --kickrank-a 10 --eps-cross-v 0.001 --eps-cross-a 0.001 --eps-round-v 0.001 --eps-round-a 0.001 --n-samples 50
HM12_actuator_relabelled,2,2,2026,0,2,peakcut_pam,/home/s110/code/ttpi_iclr/repro/results/HM12_actuator_relabelled_state40_action50_iter30_orderpeakcut_pam_seed2_formal5080.json,/home/s110/miniconda3/envs/tt_5080/bin/python3 /home/s110/code/ttpi_iclr/repro/scripts/run_hardmove.py --n-actuator 12 --env-variant actuator_relabelled --training-seed 2 --environment-seed 2026 --permutation-seed 0 --state-sampling-seed 2 --action-order peakcut_pam --run-tag formal5080 --n-state 40 --n-action 50 --n-iter 30 --n-iter-v 1 --callback-freq 10 --n-test 100 --device cuda --max-batch-v 10000 --max-batch-a 100000 --nswp-v 5 --nswp-a 10 --rmax-v 100 --rmax-a 100 --kickrank-v 10 --kickrank-a 10 --eps-cross-v 0.001 --eps-cross-a 0.001 --eps-round-v 0.001 --eps-round-a 0.001 --n-samples 50
HM12_actuator_relabelled,2,2,2026,0,2,sensitivity_pam,/home/s110/code/ttpi_iclr/repro/results/HM12_actuator_relabelled_state40_action50_iter30_ordersensitivity_pam_seed2_formal5080.json,/home/s110/miniconda3/envs/tt_5080/bin/python3 /home/s110/code/ttpi_iclr/repro/scripts/run_hardmove.py --n-actuator 12 --env-variant actuator_relabelled --training-seed 2 --environment-seed 2026 --permutation-seed 0 --state-sampling-seed 2 --action-order sensitivity_pam --run-tag formal5080 --n-state 40 --n-action 50 --n-iter 30 --n-iter-v 1 --callback-freq 10 --n-test 100 --device cuda --max-batch-v 10000 --max-batch-a 100000 --nswp-v 5 --nswp-a 10 --rmax-v 100 --rmax-a 100 --kickrank-v 10 --kickrank-a 10 --eps-cross-v 0.001 --eps-cross-a 0.001 --eps-round-v 0.001 --eps-round-a 0.001 --n-samples 50
HM12_actuator_relabelled,2,2,2026,0,2,rankaware_proxy_pam,/home/s110/code/ttpi_iclr/repro/results/HM12_actuator_relabelled_state40_action50_iter30_orderrankaware_proxy_pam_seed2_formal5080.json,/home/s110/miniconda3/envs/tt_5080/bin/python3 /home/s110/code/ttpi_iclr/repro/scripts/run_hardmove.py --n-actuator 12 --env-variant actuator_relabelled --training-seed 2 --environment-seed 2026 --permutation-seed 0 --state-sampling-seed 2 --action-order rankaware_proxy_pam --run-tag formal5080 --n-state 40 --n-action 50 --n-iter 30 --n-iter-v 1 --callback-freq 10 --n-test 100 --device cuda --max-batch-v 10000 --max-batch-a 100000 --nswp-v 5 --nswp-a 10 --rmax-v 100 --rmax-a 100 --kickrank-v 10 --kickrank-a 10 --eps-cross-v 0.001 --eps-cross-a 0.001 --eps-round-v 0.001 --eps-round-a 0.001 --n-samples 50
HM12_actuator_relabelled,2,2,2026,0,2,hybrid_pam,/home/s110/code/ttpi_iclr/repro/results/HM12_actuator_relabelled_state40_action50_iter30_orderhybrid_pam_seed2_formal5080.json,/home/s110/miniconda3/envs/tt_5080/bin/python3 /home/s110/code/ttpi_iclr/repro/scripts/run_hardmove.py --n-actuator 12 --env-variant actuator_relabelled --training-seed 2 --environment-seed 2026 --permutation-seed 0 --state-sampling-seed 2 --action-order hybrid_pam --run-tag formal5080 --n-state 40 --n-action 50 --n-iter 30 --n-iter-v 1 --callback-freq 10 --n-test 100 --device cuda --max-batch-v 10000 --max-batch-a 100000 --nswp-v 5 --nswp-a 10 --rmax-v 100 --rmax-a 100 --kickrank-v 10 --kickrank-a 10 --eps-cross-v 0.001 --eps-cross-a 0.001 --eps-round-v 0.001 --eps-round-a 0.001 --n-samples 50
HM12_actuator_relabelled,3,3,2026,0,3,local,/home/s110/code/ttpi_iclr/repro/results/HM12_actuator_relabelled_state40_action50_iter30_orderlocal_seed3_formal5080.json,/home/s110/miniconda3/envs/tt_5080/bin/python3 /home/s110/code/ttpi_iclr/repro/scripts/run_hardmove.py --n-actuator 12 --env-variant actuator_relabelled --training-seed 3 --environment-seed 2026 --permutation-seed 0 --state-sampling-seed 3 --action-order local --run-tag formal5080 --n-state 40 --n-action 50 --n-iter 30 --n-iter-v 1 --callback-freq 10 --n-test 100 --device cuda --max-batch-v 10000 --max-batch-a 100000 --nswp-v 5 --nswp-a 10 --rmax-v 100 --rmax-a 100 --kickrank-v 10 --kickrank-a 10 --eps-cross-v 0.001 --eps-cross-a 0.001 --eps-round-v 0.001 --eps-round-a 0.001 --n-samples 50
HM12_actuator_relabelled,3,3,2026,0,3,random,/home/s110/code/ttpi_iclr/repro/results/HM12_actuator_relabelled_state40_action50_iter30_orderrandom_seed3_permseed0_formal5080.json,/home/s110/miniconda3/envs/tt_5080/bin/python3 /home/s110/code/ttpi_iclr/repro/scripts/run_hardmove.py --n-actuator 12 --env-variant actuator_relabelled --training-seed 3 --environment-seed 2026 --permutation-seed 0 --include-permutation-seed-in-run-id --state-sampling-seed 3 --action-order random --run-tag formal5080 --n-state 40 --n-action 50 --n-iter 30 --n-iter-v 1 --callback-freq 10 --n-test 100 --device cuda --max-batch-v 10000 --max-batch-a 100000 --nswp-v 5 --nswp-a 10 --rmax-v 100 --rmax-a 100 --kickrank-v 10 --kickrank-a 10 --eps-cross-v 0.001 --eps-cross-a 0.001 --eps-round-v 0.001 --eps-round-a 0.001 --n-samples 50
HM12_actuator_relabelled,3,3,2026,1,3,random,/home/s110/code/ttpi_iclr/repro/results/HM12_actuator_relabelled_state40_action50_iter30_orderrandom_seed3_permseed1_formal5080.json,/home/s110/miniconda3/envs/tt_5080/bin/python3 /home/s110/code/ttpi_iclr/repro/scripts/run_hardmove.py --n-actuator 12 --env-variant actuator_relabelled --training-seed 3 --environment-seed 2026 --permutation-seed 1 --include-permutation-seed-in-run-id --state-sampling-seed 3 --action-order random --run-tag formal5080 --n-state 40 --n-action 50 --n-iter 30 --n-iter-v 1 --callback-freq 10 --n-test 100 --device cuda --max-batch-v 10000 --max-batch-a 100000 --nswp-v 5 --nswp-a 10 --rmax-v 100 --rmax-a 100 --kickrank-v 10 --kickrank-a 10 --eps-cross-v 0.001 --eps-cross-a 0.001 --eps-round-v 0.001 --eps-round-a 0.001 --n-samples 50
HM12_actuator_relabelled,3,3,2026,2,3,random,/home/s110/code/ttpi_iclr/repro/results/HM12_actuator_relabelled_state40_action50_iter30_orderrandom_seed3_permseed2_formal5080.json,/home/s110/miniconda3/envs/tt_5080/bin/python3 /home/s110/code/ttpi_iclr/repro/scripts/run_hardmove.py --n-actuator 12 --env-variant actuator_relabelled --training-seed 3 --environment-seed 2026 --permutation-seed 2 --include-permutation-seed-in-run-id --state-sampling-seed 3 --action-order random --run-tag formal5080 --n-state 40 --n-action 50 --n-iter 30 --n-iter-v 1 --callback-freq 10 --n-test 100 --device cuda --max-batch-v 10000 --max-batch-a 100000 --nswp-v 5 --nswp-a 10 --rmax-v 100 --rmax-a 100 --kickrank-v 10 --kickrank-a 10 --eps-cross-v 0.001 --eps-cross-a 0.001 --eps-round-v 0.001 --eps-round-a 0.001 --n-samples 50
HM12_actuator_relabelled,3,3,2026,0,3,badsplit,/home/s110/code/ttpi_iclr/repro/results/HM12_actuator_relabelled_state40_action50_iter30_orderbadsplit_seed3_formal5080.json,/home/s110/miniconda3/envs/tt_5080/bin/python3 /home/s110/code/ttpi_iclr/repro/scripts/run_hardmove.py --n-actuator 12 --env-variant actuator_relabelled --training-seed 3 --environment-seed 2026 --permutation-seed 0 --state-sampling-seed 3 --action-order badsplit --run-tag formal5080 --n-state 40 --n-action 50 --n-iter 30 --n-iter-v 1 --callback-freq 10 --n-test 100 --device cuda --max-batch-v 10000 --max-batch-a 100000 --nswp-v 5 --nswp-a 10 --rmax-v 100 --rmax-a 100 --kickrank-v 10 --kickrank-a 10 --eps-cross-v 0.001 --eps-cross-a 0.001 --eps-round-v 0.001 --eps-round-a 0.001 --n-samples 50
HM12_actuator_relabelled,3,3,2026,0,3,reverse_blocks,/home/s110/code/ttpi_iclr/repro/results/HM12_actuator_relabelled_state40_action50_iter30_orderreverse_blocks_seed3_formal5080.json,/home/s110/miniconda3/envs/tt_5080/bin/python3 /home/s110/code/ttpi_iclr/repro/scripts/run_hardmove.py --n-actuator 12 --env-variant actuator_relabelled --training-seed 3 --environment-seed 2026 --permutation-seed 0 --state-sampling-seed 3 --action-order reverse_blocks --run-tag formal5080 --n-state 40 --n-action 50 --n-iter 30 --n-iter-v 1 --callback-freq 10 --n-test 100 --device cuda --max-batch-v 10000 --max-batch-a 100000 --nswp-v 5 --nswp-a 10 --rmax-v 100 --rmax-a 100 --kickrank-v 10 --kickrank-a 10 --eps-cross-v 0.001 --eps-cross-a 0.001 --eps-round-v 0.001 --eps-round-a 0.001 --n-samples 50
HM12_actuator_relabelled,3,3,2026,0,3,flip_within_block,/home/s110/code/ttpi_iclr/repro/results/HM12_actuator_relabelled_state40_action50_iter30_orderflip_within_block_seed3_formal5080.json,/home/s110/miniconda3/envs/tt_5080/bin/python3 /home/s110/code/ttpi_iclr/repro/scripts/run_hardmove.py --n-actuator 12 --env-variant actuator_relabelled --training-seed 3 --environment-seed 2026 --permutation-seed 0 --state-sampling-seed 3 --action-order flip_within_block --run-tag formal5080 --n-state 40 --n-action 50 --n-iter 30 --n-iter-v 1 --callback-freq 10 --n-test 100 --device cuda --max-batch-v 10000 --max-batch-a 100000 --nswp-v 5 --nswp-a 10 --rmax-v 100 --rmax-a 100 --kickrank-v 10 --kickrank-a 10 --eps-cross-v 0.001 --eps-cross-a 0.001 --eps-round-v 0.001 --eps-round-a 0.001 --n-samples 50
HM12_actuator_relabelled,3,3,2026,0,3,pam_greedy,/home/s110/code/ttpi_iclr/repro/results/HM12_actuator_relabelled_state40_action50_iter30_orderpam_greedy_seed3_formal5080.json,/home/s110/miniconda3/envs/tt_5080/bin/python3 /home/s110/code/ttpi_iclr/repro/scripts/run_hardmove.py --n-actuator 12 --env-variant actuator_relabelled --training-seed 3 --environment-seed 2026 --permutation-seed 0 --state-sampling-seed 3 --action-order pam_greedy --run-tag formal5080 --n-state 40 --n-action 50 --n-iter 30 --n-iter-v 1 --callback-freq 10 --n-test 100 --device cuda --max-batch-v 10000 --max-batch-a 100000 --nswp-v 5 --nswp-a 10 --rmax-v 100 --rmax-a 100 --kickrank-v 10 --kickrank-a 10 --eps-cross-v 0.001 --eps-cross-a 0.001 --eps-round-v 0.001 --eps-round-a 0.001 --n-samples 50
HM12_actuator_relabelled,3,3,2026,0,3,pam_spectral,/home/s110/code/ttpi_iclr/repro/results/HM12_actuator_relabelled_state40_action50_iter30_orderpam_spectral_seed3_formal5080.json,/home/s110/miniconda3/envs/tt_5080/bin/python3 /home/s110/code/ttpi_iclr/repro/scripts/run_hardmove.py --n-actuator 12 --env-variant actuator_relabelled --training-seed 3 --environment-seed 2026 --permutation-seed 0 --state-sampling-seed 3 --action-order pam_spectral --run-tag formal5080 --n-state 40 --n-action 50 --n-iter 30 --n-iter-v 1 --callback-freq 10 --n-test 100 --device cuda --max-batch-v 10000 --max-batch-a 100000 --nswp-v 5 --nswp-a 10 --rmax-v 100 --rmax-a 100 --kickrank-v 10 --kickrank-a 10 --eps-cross-v 0.001 --eps-cross-a 0.001 --eps-round-v 0.001 --eps-round-a 0.001 --n-samples 50
HM12_actuator_relabelled,3,3,2026,0,3,block_pam,/home/s110/code/ttpi_iclr/repro/results/HM12_actuator_relabelled_state40_action50_iter30_orderblock_pam_seed3_formal5080.json,/home/s110/miniconda3/envs/tt_5080/bin/python3 /home/s110/code/ttpi_iclr/repro/scripts/run_hardmove.py --n-actuator 12 --env-variant actuator_relabelled --training-seed 3 --environment-seed 2026 --permutation-seed 0 --state-sampling-seed 3 --action-order block_pam --run-tag formal5080 --n-state 40 --n-action 50 --n-iter 30 --n-iter-v 1 --callback-freq 10 --n-test 100 --device cuda --max-batch-v 10000 --max-batch-a 100000 --nswp-v 5 --nswp-a 10 --rmax-v 100 --rmax-a 100 --kickrank-v 10 --kickrank-a 10 --eps-cross-v 0.001 --eps-cross-a 0.001 --eps-round-v 0.001 --eps-round-a 0.001 --n-samples 50
HM12_actuator_relabelled,3,3,2026,0,3,free_pam,/home/s110/code/ttpi_iclr/repro/results/HM12_actuator_relabelled_state40_action50_iter30_orderfree_pam_seed3_formal5080.json,/home/s110/miniconda3/envs/tt_5080/bin/python3 /home/s110/code/ttpi_iclr/repro/scripts/run_hardmove.py --n-actuator 12 --env-variant actuator_relabelled --training-seed 3 --environment-seed 2026 --permutation-seed 0 --state-sampling-seed 3 --action-order free_pam --run-tag formal5080 --n-state 40 --n-action 50 --n-iter 30 --n-iter-v 1 --callback-freq 10 --n-test 100 --device cuda --max-batch-v 10000 --max-batch-a 100000 --nswp-v 5 --nswp-a 10 --rmax-v 100 --rmax-a 100 --kickrank-v 10 --kickrank-a 10 --eps-cross-v 0.001 --eps-cross-a 0.001 --eps-round-v 0.001 --eps-round-a 0.001 --n-samples 50
HM12_actuator_relabelled,3,3,2026,0,3,peakcut_pam,/home/s110/code/ttpi_iclr/repro/results/HM12_actuator_relabelled_state40_action50_iter30_orderpeakcut_pam_seed3_formal5080.json,/home/s110/miniconda3/envs/tt_5080/bin/python3 /home/s110/code/ttpi_iclr/repro/scripts/run_hardmove.py --n-actuator 12 --env-variant actuator_relabelled --training-seed 3 --environment-seed 2026 --permutation-seed 0 --state-sampling-seed 3 --action-order peakcut_pam --run-tag formal5080 --n-state 40 --n-action 50 --n-iter 30 --n-iter-v 1 --callback-freq 10 --n-test 100 --device cuda --max-batch-v 10000 --max-batch-a 100000 --nswp-v 5 --nswp-a 10 --rmax-v 100 --rmax-a 100 --kickrank-v 10 --kickrank-a 10 --eps-cross-v 0.001 --eps-cross-a 0.001 --eps-round-v 0.001 --eps-round-a 0.001 --n-samples 50
HM12_actuator_relabelled,3,3,2026,0,3,sensitivity_pam,/home/s110/code/ttpi_iclr/repro/results/HM12_actuator_relabelled_state40_action50_iter30_ordersensitivity_pam_seed3_formal5080.json,/home/s110/miniconda3/envs/tt_5080/bin/python3 /home/s110/code/ttpi_iclr/repro/scripts/run_hardmove.py --n-actuator 12 --env-variant actuator_relabelled --training-seed 3 --environment-seed 2026 --permutation-seed 0 --state-sampling-seed 3 --action-order sensitivity_pam --run-tag formal5080 --n-state 40 --n-action 50 --n-iter 30 --n-iter-v 1 --callback-freq 10 --n-test 100 --device cuda --max-batch-v 10000 --max-batch-a 100000 --nswp-v 5 --nswp-a 10 --rmax-v 100 --rmax-a 100 --kickrank-v 10 --kickrank-a 10 --eps-cross-v 0.001 --eps-cross-a 0.001 --eps-round-v 0.001 --eps-round-a 0.001 --n-samples 50
HM12_actuator_relabelled,3,3,2026,0,3,rankaware_proxy_pam,/home/s110/code/ttpi_iclr/repro/results/HM12_actuator_relabelled_state40_action50_iter30_orderrankaware_proxy_pam_seed3_formal5080.json,/home/s110/miniconda3/envs/tt_5080/bin/python3 /home/s110/code/ttpi_iclr/repro/scripts/run_hardmove.py --n-actuator 12 --env-variant actuator_relabelled --training-seed 3 --environment-seed 2026 --permutation-seed 0 --state-sampling-seed 3 --action-order rankaware_proxy_pam --run-tag formal5080 --n-state 40 --n-action 50 --n-iter 30 --n-iter-v 1 --callback-freq 10 --n-test 100 --device cuda --max-batch-v 10000 --max-batch-a 100000 --nswp-v 5 --nswp-a 10 --rmax-v 100 --rmax-a 100 --kickrank-v 10 --kickrank-a 10 --eps-cross-v 0.001 --eps-cross-a 0.001 --eps-round-v 0.001 --eps-round-a 0.001 --n-samples 50
HM12_actuator_relabelled,3,3,2026,0,3,hybrid_pam,/home/s110/code/ttpi_iclr/repro/results/HM12_actuator_relabelled_state40_action50_iter30_orderhybrid_pam_seed3_formal5080.json,/home/s110/miniconda3/envs/tt_5080/bin/python3 /home/s110/code/ttpi_iclr/repro/scripts/run_hardmove.py --n-actuator 12 --env-variant actuator_relabelled --training-seed 3 --environment-seed 2026 --permutation-seed 0 --state-sampling-seed 3 --action-order hybrid_pam --run-tag formal5080 --n-state 40 --n-action 50 --n-iter 30 --n-iter-v 1 --callback-freq 10 --n-test 100 --device cuda --max-batch-v 10000 --max-batch-a 100000 --nswp-v 5 --nswp-a 10 --rmax-v 100 --rmax-a 100 --kickrank-v 10 --kickrank-a 10 --eps-cross-v 0.001 --eps-cross-a 0.001 --eps-round-v 0.001 --eps-round-a 0.001 --n-samples 50
HM12_actuator_relabelled,4,4,2026,0,4,local,/home/s110/code/ttpi_iclr/repro/results/HM12_actuator_relabelled_state40_action50_iter30_orderlocal_seed4_formal5080.json,/home/s110/miniconda3/envs/tt_5080/bin/python3 /home/s110/code/ttpi_iclr/repro/scripts/run_hardmove.py --n-actuator 12 --env-variant actuator_relabelled --training-seed 4 --environment-seed 2026 --permutation-seed 0 --state-sampling-seed 4 --action-order local --run-tag formal5080 --n-state 40 --n-action 50 --n-iter 30 --n-iter-v 1 --callback-freq 10 --n-test 100 --device cuda --max-batch-v 10000 --max-batch-a 100000 --nswp-v 5 --nswp-a 10 --rmax-v 100 --rmax-a 100 --kickrank-v 10 --kickrank-a 10 --eps-cross-v 0.001 --eps-cross-a 0.001 --eps-round-v 0.001 --eps-round-a 0.001 --n-samples 50
HM12_actuator_relabelled,4,4,2026,0,4,random,/home/s110/code/ttpi_iclr/repro/results/HM12_actuator_relabelled_state40_action50_iter30_orderrandom_seed4_permseed0_formal5080.json,/home/s110/miniconda3/envs/tt_5080/bin/python3 /home/s110/code/ttpi_iclr/repro/scripts/run_hardmove.py --n-actuator 12 --env-variant actuator_relabelled --training-seed 4 --environment-seed 2026 --permutation-seed 0 --include-permutation-seed-in-run-id --state-sampling-seed 4 --action-order random --run-tag formal5080 --n-state 40 --n-action 50 --n-iter 30 --n-iter-v 1 --callback-freq 10 --n-test 100 --device cuda --max-batch-v 10000 --max-batch-a 100000 --nswp-v 5 --nswp-a 10 --rmax-v 100 --rmax-a 100 --kickrank-v 10 --kickrank-a 10 --eps-cross-v 0.001 --eps-cross-a 0.001 --eps-round-v 0.001 --eps-round-a 0.001 --n-samples 50
HM12_actuator_relabelled,4,4,2026,1,4,random,/home/s110/code/ttpi_iclr/repro/results/HM12_actuator_relabelled_state40_action50_iter30_orderrandom_seed4_permseed1_formal5080.json,/home/s110/miniconda3/envs/tt_5080/bin/python3 /home/s110/code/ttpi_iclr/repro/scripts/run_hardmove.py --n-actuator 12 --env-variant actuator_relabelled --training-seed 4 --environment-seed 2026 --permutation-seed 1 --include-permutation-seed-in-run-id --state-sampling-seed 4 --action-order random --run-tag formal5080 --n-state 40 --n-action 50 --n-iter 30 --n-iter-v 1 --callback-freq 10 --n-test 100 --device cuda --max-batch-v 10000 --max-batch-a 100000 --nswp-v 5 --nswp-a 10 --rmax-v 100 --rmax-a 100 --kickrank-v 10 --kickrank-a 10 --eps-cross-v 0.001 --eps-cross-a 0.001 --eps-round-v 0.001 --eps-round-a 0.001 --n-samples 50
HM12_actuator_relabelled,4,4,2026,2,4,random,/home/s110/code/ttpi_iclr/repro/results/HM12_actuator_relabelled_state40_action50_iter30_orderrandom_seed4_permseed2_formal5080.json,/home/s110/miniconda3/envs/tt_5080/bin/python3 /home/s110/code/ttpi_iclr/repro/scripts/run_hardmove.py --n-actuator 12 --env-variant actuator_relabelled --training-seed 4 --environment-seed 2026 --permutation-seed 2 --include-permutation-seed-in-run-id --state-sampling-seed 4 --action-order random --run-tag formal5080 --n-state 40 --n-action 50 --n-iter 30 --n-iter-v 1 --callback-freq 10 --n-test 100 --device cuda --max-batch-v 10000 --max-batch-a 100000 --nswp-v 5 --nswp-a 10 --rmax-v 100 --rmax-a 100 --kickrank-v 10 --kickrank-a 10 --eps-cross-v 0.001 --eps-cross-a 0.001 --eps-round-v 0.001 --eps-round-a 0.001 --n-samples 50
HM12_actuator_relabelled,4,4,2026,0,4,badsplit,/home/s110/code/ttpi_iclr/repro/results/HM12_actuator_relabelled_state40_action50_iter30_orderbadsplit_seed4_formal5080.json,/home/s110/miniconda3/envs/tt_5080/bin/python3 /home/s110/code/ttpi_iclr/repro/scripts/run_hardmove.py --n-actuator 12 --env-variant actuator_relabelled --training-seed 4 --environment-seed 2026 --permutation-seed 0 --state-sampling-seed 4 --action-order badsplit --run-tag formal5080 --n-state 40 --n-action 50 --n-iter 30 --n-iter-v 1 --callback-freq 10 --n-test 100 --device cuda --max-batch-v 10000 --max-batch-a 100000 --nswp-v 5 --nswp-a 10 --rmax-v 100 --rmax-a 100 --kickrank-v 10 --kickrank-a 10 --eps-cross-v 0.001 --eps-cross-a 0.001 --eps-round-v 0.001 --eps-round-a 0.001 --n-samples 50
HM12_actuator_relabelled,4,4,2026,0,4,reverse_blocks,/home/s110/code/ttpi_iclr/repro/results/HM12_actuator_relabelled_state40_action50_iter30_orderreverse_blocks_seed4_formal5080.json,/home/s110/miniconda3/envs/tt_5080/bin/python3 /home/s110/code/ttpi_iclr/repro/scripts/run_hardmove.py --n-actuator 12 --env-variant actuator_relabelled --training-seed 4 --environment-seed 2026 --permutation-seed 0 --state-sampling-seed 4 --action-order reverse_blocks --run-tag formal5080 --n-state 40 --n-action 50 --n-iter 30 --n-iter-v 1 --callback-freq 10 --n-test 100 --device cuda --max-batch-v 10000 --max-batch-a 100000 --nswp-v 5 --nswp-a 10 --rmax-v 100 --rmax-a 100 --kickrank-v 10 --kickrank-a 10 --eps-cross-v 0.001 --eps-cross-a 0.001 --eps-round-v 0.001 --eps-round-a 0.001 --n-samples 50
HM12_actuator_relabelled,4,4,2026,0,4,flip_within_block,/home/s110/code/ttpi_iclr/repro/results/HM12_actuator_relabelled_state40_action50_iter30_orderflip_within_block_seed4_formal5080.json,/home/s110/miniconda3/envs/tt_5080/bin/python3 /home/s110/code/ttpi_iclr/repro/scripts/run_hardmove.py --n-actuator 12 --env-variant actuator_relabelled --training-seed 4 --environment-seed 2026 --permutation-seed 0 --state-sampling-seed 4 --action-order flip_within_block --run-tag formal5080 --n-state 40 --n-action 50 --n-iter 30 --n-iter-v 1 --callback-freq 10 --n-test 100 --device cuda --max-batch-v 10000 --max-batch-a 100000 --nswp-v 5 --nswp-a 10 --rmax-v 100 --rmax-a 100 --kickrank-v 10 --kickrank-a 10 --eps-cross-v 0.001 --eps-cross-a 0.001 --eps-round-v 0.001 --eps-round-a 0.001 --n-samples 50
HM12_actuator_relabelled,4,4,2026,0,4,pam_greedy,/home/s110/code/ttpi_iclr/repro/results/HM12_actuator_relabelled_state40_action50_iter30_orderpam_greedy_seed4_formal5080.json,/home/s110/miniconda3/envs/tt_5080/bin/python3 /home/s110/code/ttpi_iclr/repro/scripts/run_hardmove.py --n-actuator 12 --env-variant actuator_relabelled --training-seed 4 --environment-seed 2026 --permutation-seed 0 --state-sampling-seed 4 --action-order pam_greedy --run-tag formal5080 --n-state 40 --n-action 50 --n-iter 30 --n-iter-v 1 --callback-freq 10 --n-test 100 --device cuda --max-batch-v 10000 --max-batch-a 100000 --nswp-v 5 --nswp-a 10 --rmax-v 100 --rmax-a 100 --kickrank-v 10 --kickrank-a 10 --eps-cross-v 0.001 --eps-cross-a 0.001 --eps-round-v 0.001 --eps-round-a 0.001 --n-samples 50
HM12_actuator_relabelled,4,4,2026,0,4,pam_spectral,/home/s110/code/ttpi_iclr/repro/results/HM12_actuator_relabelled_state40_action50_iter30_orderpam_spectral_seed4_formal5080.json,/home/s110/miniconda3/envs/tt_5080/bin/python3 /home/s110/code/ttpi_iclr/repro/scripts/run_hardmove.py --n-actuator 12 --env-variant actuator_relabelled --training-seed 4 --environment-seed 2026 --permutation-seed 0 --state-sampling-seed 4 --action-order pam_spectral --run-tag formal5080 --n-state 40 --n-action 50 --n-iter 30 --n-iter-v 1 --callback-freq 10 --n-test 100 --device cuda --max-batch-v 10000 --max-batch-a 100000 --nswp-v 5 --nswp-a 10 --rmax-v 100 --rmax-a 100 --kickrank-v 10 --kickrank-a 10 --eps-cross-v 0.001 --eps-cross-a 0.001 --eps-round-v 0.001 --eps-round-a 0.001 --n-samples 50
HM12_actuator_relabelled,4,4,2026,0,4,block_pam,/home/s110/code/ttpi_iclr/repro/results/HM12_actuator_relabelled_state40_action50_iter30_orderblock_pam_seed4_formal5080.json,/home/s110/miniconda3/envs/tt_5080/bin/python3 /home/s110/code/ttpi_iclr/repro/scripts/run_hardmove.py --n-actuator 12 --env-variant actuator_relabelled --training-seed 4 --environment-seed 2026 --permutation-seed 0 --state-sampling-seed 4 --action-order block_pam --run-tag formal5080 --n-state 40 --n-action 50 --n-iter 30 --n-iter-v 1 --callback-freq 10 --n-test 100 --device cuda --max-batch-v 10000 --max-batch-a 100000 --nswp-v 5 --nswp-a 10 --rmax-v 100 --rmax-a 100 --kickrank-v 10 --kickrank-a 10 --eps-cross-v 0.001 --eps-cross-a 0.001 --eps-round-v 0.001 --eps-round-a 0.001 --n-samples 50
HM12_actuator_relabelled,4,4,2026,0,4,free_pam,/home/s110/code/ttpi_iclr/repro/results/HM12_actuator_relabelled_state40_action50_iter30_orderfree_pam_seed4_formal5080.json,/home/s110/miniconda3/envs/tt_5080/bin/python3 /home/s110/code/ttpi_iclr/repro/scripts/run_hardmove.py --n-actuator 12 --env-variant actuator_relabelled --training-seed 4 --environment-seed 2026 --permutation-seed 0 --state-sampling-seed 4 --action-order free_pam --run-tag formal5080 --n-state 40 --n-action 50 --n-iter 30 --n-iter-v 1 --callback-freq 10 --n-test 100 --device cuda --max-batch-v 10000 --max-batch-a 100000 --nswp-v 5 --nswp-a 10 --rmax-v 100 --rmax-a 100 --kickrank-v 10 --kickrank-a 10 --eps-cross-v 0.001 --eps-cross-a 0.001 --eps-round-v 0.001 --eps-round-a 0.001 --n-samples 50
HM12_actuator_relabelled,4,4,2026,0,4,peakcut_pam,/home/s110/code/ttpi_iclr/repro/results/HM12_actuator_relabelled_state40_action50_iter30_orderpeakcut_pam_seed4_formal5080.json,/home/s110/miniconda3/envs/tt_5080/bin/python3 /home/s110/code/ttpi_iclr/repro/scripts/run_hardmove.py --n-actuator 12 --env-variant actuator_relabelled --training-seed 4 --environment-seed 2026 --permutation-seed 0 --state-sampling-seed 4 --action-order peakcut_pam --run-tag formal5080 --n-state 40 --n-action 50 --n-iter 30 --n-iter-v 1 --callback-freq 10 --n-test 100 --device cuda --max-batch-v 10000 --max-batch-a 100000 --nswp-v 5 --nswp-a 10 --rmax-v 100 --rmax-a 100 --kickrank-v 10 --kickrank-a 10 --eps-cross-v 0.001 --eps-cross-a 0.001 --eps-round-v 0.001 --eps-round-a 0.001 --n-samples 50
HM12_actuator_relabelled,4,4,2026,0,4,sensitivity_pam,/home/s110/code/ttpi_iclr/repro/results/HM12_actuator_relabelled_state40_action50_iter30_ordersensitivity_pam_seed4_formal5080.json,/home/s110/miniconda3/envs/tt_5080/bin/python3 /home/s110/code/ttpi_iclr/repro/scripts/run_hardmove.py --n-actuator 12 --env-variant actuator_relabelled --training-seed 4 --environment-seed 2026 --permutation-seed 0 --state-sampling-seed 4 --action-order sensitivity_pam --run-tag formal5080 --n-state 40 --n-action 50 --n-iter 30 --n-iter-v 1 --callback-freq 10 --n-test 100 --device cuda --max-batch-v 10000 --max-batch-a 100000 --nswp-v 5 --nswp-a 10 --rmax-v 100 --rmax-a 100 --kickrank-v 10 --kickrank-a 10 --eps-cross-v 0.001 --eps-cross-a 0.001 --eps-round-v 0.001 --eps-round-a 0.001 --n-samples 50
HM12_actuator_relabelled,4,4,2026,0,4,rankaware_proxy_pam,/home/s110/code/ttpi_iclr/repro/results/HM12_actuator_relabelled_state40_action50_iter30_orderrankaware_proxy_pam_seed4_formal5080.json,/home/s110/miniconda3/envs/tt_5080/bin/python3 /home/s110/code/ttpi_iclr/repro/scripts/run_hardmove.py --n-actuator 12 --env-variant actuator_relabelled --training-seed 4 --environment-seed 2026 --permutation-seed 0 --state-sampling-seed 4 --action-order rankaware_proxy_pam --run-tag formal5080 --n-state 40 --n-action 50 --n-iter 30 --n-iter-v 1 --callback-freq 10 --n-test 100 --device cuda --max-batch-v 10000 --max-batch-a 100000 --nswp-v 5 --nswp-a 10 --rmax-v 100 --rmax-a 100 --kickrank-v 10 --kickrank-a 10 --eps-cross-v 0.001 --eps-cross-a 0.001 --eps-round-v 0.001 --eps-round-a 0.001 --n-samples 50
HM12_actuator_relabelled,4,4,2026,0,4,hybrid_pam,/home/s110/code/ttpi_iclr/repro/results/HM12_actuator_relabelled_state40_action50_iter30_orderhybrid_pam_seed4_formal5080.json,/home/s110/miniconda3/envs/tt_5080/bin/python3 /home/s110/code/ttpi_iclr/repro/scripts/run_hardmove.py --n-actuator 12 --env-variant actuator_relabelled --training-seed 4 --environment-seed 2026 --permutation-seed 0 --state-sampling-seed 4 --action-order hybrid_pam --run-tag formal5080 --n-state 40 --n-action 50 --n-iter 30 --n-iter-v 1 --callback-freq 10 --n-test 100 --device cuda --max-batch-v 10000 --max-batch-a 100000 --nswp-v 5 --nswp-a 10 --rmax-v 100 --rmax-a 100 --kickrank-v 10 --kickrank-a 10 --eps-cross-v 0.001 --eps-cross-a 0.001 --eps-round-v 0.001 --eps-round-a 0.001 --n-samples 50
HM12_actuator_relabelled,5,5,2026,0,5,local,/home/s110/code/ttpi_iclr/repro/results/HM12_actuator_relabelled_state40_action50_iter30_orderlocal_seed5_formal5080.json,/home/s110/miniconda3/envs/tt_5080/bin/python3 /home/s110/code/ttpi_iclr/repro/scripts/run_hardmove.py --n-actuator 12 --env-variant actuator_relabelled --training-seed 5 --environment-seed 2026 --permutation-seed 0 --state-sampling-seed 5 --action-order local --run-tag formal5080 --n-state 40 --n-action 50 --n-iter 30 --n-iter-v 1 --callback-freq 10 --n-test 100 --device cuda --max-batch-v 10000 --max-batch-a 100000 --nswp-v 5 --nswp-a 10 --rmax-v 100 --rmax-a 100 --kickrank-v 10 --kickrank-a 10 --eps-cross-v 0.001 --eps-cross-a 0.001 --eps-round-v 0.001 --eps-round-a 0.001 --n-samples 50
HM12_actuator_relabelled,5,5,2026,0,5,random,/home/s110/code/ttpi_iclr/repro/results/HM12_actuator_relabelled_state40_action50_iter30_orderrandom_seed5_permseed0_formal5080.json,/home/s110/miniconda3/envs/tt_5080/bin/python3 /home/s110/code/ttpi_iclr/repro/scripts/run_hardmove.py --n-actuator 12 --env-variant actuator_relabelled --training-seed 5 --environment-seed 2026 --permutation-seed 0 --include-permutation-seed-in-run-id --state-sampling-seed 5 --action-order random --run-tag formal5080 --n-state 40 --n-action 50 --n-iter 30 --n-iter-v 1 --callback-freq 10 --n-test 100 --device cuda --max-batch-v 10000 --max-batch-a 100000 --nswp-v 5 --nswp-a 10 --rmax-v 100 --rmax-a 100 --kickrank-v 10 --kickrank-a 10 --eps-cross-v 0.001 --eps-cross-a 0.001 --eps-round-v 0.001 --eps-round-a 0.001 --n-samples 50
HM12_actuator_relabelled,5,5,2026,1,5,random,/home/s110/code/ttpi_iclr/repro/results/HM12_actuator_relabelled_state40_action50_iter30_orderrandom_seed5_permseed1_formal5080.json,/home/s110/miniconda3/envs/tt_5080/bin/python3 /home/s110/code/ttpi_iclr/repro/scripts/run_hardmove.py --n-actuator 12 --env-variant actuator_relabelled --training-seed 5 --environment-seed 2026 --permutation-seed 1 --include-permutation-seed-in-run-id --state-sampling-seed 5 --action-order random --run-tag formal5080 --n-state 40 --n-action 50 --n-iter 30 --n-iter-v 1 --callback-freq 10 --n-test 100 --device cuda --max-batch-v 10000 --max-batch-a 100000 --nswp-v 5 --nswp-a 10 --rmax-v 100 --rmax-a 100 --kickrank-v 10 --kickrank-a 10 --eps-cross-v 0.001 --eps-cross-a 0.001 --eps-round-v 0.001 --eps-round-a 0.001 --n-samples 50
HM12_actuator_relabelled,5,5,2026,2,5,random,/home/s110/code/ttpi_iclr/repro/results/HM12_actuator_relabelled_state40_action50_iter30_orderrandom_seed5_permseed2_formal5080.json,/home/s110/miniconda3/envs/tt_5080/bin/python3 /home/s110/code/ttpi_iclr/repro/scripts/run_hardmove.py --n-actuator 12 --env-variant actuator_relabelled --training-seed 5 --environment-seed 2026 --permutation-seed 2 --include-permutation-seed-in-run-id --state-sampling-seed 5 --action-order random --run-tag formal5080 --n-state 40 --n-action 50 --n-iter 30 --n-iter-v 1 --callback-freq 10 --n-test 100 --device cuda --max-batch-v 10000 --max-batch-a 100000 --nswp-v 5 --nswp-a 10 --rmax-v 100 --rmax-a 100 --kickrank-v 10 --kickrank-a 10 --eps-cross-v 0.001 --eps-cross-a 0.001 --eps-round-v 0.001 --eps-round-a 0.001 --n-samples 50
HM12_actuator_relabelled,5,5,2026,0,5,badsplit,/home/s110/code/ttpi_iclr/repro/results/HM12_actuator_relabelled_state40_action50_iter30_orderbadsplit_seed5_formal5080.json,/home/s110/miniconda3/envs/tt_5080/bin/python3 /home/s110/code/ttpi_iclr/repro/scripts/run_hardmove.py --n-actuator 12 --env-variant actuator_relabelled --training-seed 5 --environment-seed 2026 --permutation-seed 0 --state-sampling-seed 5 --action-order badsplit --run-tag formal5080 --n-state 40 --n-action 50 --n-iter 30 --n-iter-v 1 --callback-freq 10 --n-test 100 --device cuda --max-batch-v 10000 --max-batch-a 100000 --nswp-v 5 --nswp-a 10 --rmax-v 100 --rmax-a 100 --kickrank-v 10 --kickrank-a 10 --eps-cross-v 0.001 --eps-cross-a 0.001 --eps-round-v 0.001 --eps-round-a 0.001 --n-samples 50
HM12_actuator_relabelled,5,5,2026,0,5,reverse_blocks,/home/s110/code/ttpi_iclr/repro/results/HM12_actuator_relabelled_state40_action50_iter30_orderreverse_blocks_seed5_formal5080.json,/home/s110/miniconda3/envs/tt_5080/bin/python3 /home/s110/code/ttpi_iclr/repro/scripts/run_hardmove.py --n-actuator 12 --env-variant actuator_relabelled --training-seed 5 --environment-seed 2026 --permutation-seed 0 --state-sampling-seed 5 --action-order reverse_blocks --run-tag formal5080 --n-state 40 --n-action 50 --n-iter 30 --n-iter-v 1 --callback-freq 10 --n-test 100 --device cuda --max-batch-v 10000 --max-batch-a 100000 --nswp-v 5 --nswp-a 10 --rmax-v 100 --rmax-a 100 --kickrank-v 10 --kickrank-a 10 --eps-cross-v 0.001 --eps-cross-a 0.001 --eps-round-v 0.001 --eps-round-a 0.001 --n-samples 50
HM12_actuator_relabelled,5,5,2026,0,5,flip_within_block,/home/s110/code/ttpi_iclr/repro/results/HM12_actuator_relabelled_state40_action50_iter30_orderflip_within_block_seed5_formal5080.json,/home/s110/miniconda3/envs/tt_5080/bin/python3 /home/s110/code/ttpi_iclr/repro/scripts/run_hardmove.py --n-actuator 12 --env-variant actuator_relabelled --training-seed 5 --environment-seed 2026 --permutation-seed 0 --state-sampling-seed 5 --action-order flip_within_block --run-tag formal5080 --n-state 40 --n-action 50 --n-iter 30 --n-iter-v 1 --callback-freq 10 --n-test 100 --device cuda --max-batch-v 10000 --max-batch-a 100000 --nswp-v 5 --nswp-a 10 --rmax-v 100 --rmax-a 100 --kickrank-v 10 --kickrank-a 10 --eps-cross-v 0.001 --eps-cross-a 0.001 --eps-round-v 0.001 --eps-round-a 0.001 --n-samples 50
HM12_actuator_relabelled,5,5,2026,0,5,pam_greedy,/home/s110/code/ttpi_iclr/repro/results/HM12_actuator_relabelled_state40_action50_iter30_orderpam_greedy_seed5_formal5080.json,/home/s110/miniconda3/envs/tt_5080/bin/python3 /home/s110/code/ttpi_iclr/repro/scripts/run_hardmove.py --n-actuator 12 --env-variant actuator_relabelled --training-seed 5 --environment-seed 2026 --permutation-seed 0 --state-sampling-seed 5 --action-order pam_greedy --run-tag formal5080 --n-state 40 --n-action 50 --n-iter 30 --n-iter-v 1 --callback-freq 10 --n-test 100 --device cuda --max-batch-v 10000 --max-batch-a 100000 --nswp-v 5 --nswp-a 10 --rmax-v 100 --rmax-a 100 --kickrank-v 10 --kickrank-a 10 --eps-cross-v 0.001 --eps-cross-a 0.001 --eps-round-v 0.001 --eps-round-a 0.001 --n-samples 50
HM12_actuator_relabelled,5,5,2026,0,5,pam_spectral,/home/s110/code/ttpi_iclr/repro/results/HM12_actuator_relabelled_state40_action50_iter30_orderpam_spectral_seed5_formal5080.json,/home/s110/miniconda3/envs/tt_5080/bin/python3 /home/s110/code/ttpi_iclr/repro/scripts/run_hardmove.py --n-actuator 12 --env-variant actuator_relabelled --training-seed 5 --environment-seed 2026 --permutation-seed 0 --state-sampling-seed 5 --action-order pam_spectral --run-tag formal5080 --n-state 40 --n-action 50 --n-iter 30 --n-iter-v 1 --callback-freq 10 --n-test 100 --device cuda --max-batch-v 10000 --max-batch-a 100000 --nswp-v 5 --nswp-a 10 --rmax-v 100 --rmax-a 100 --kickrank-v 10 --kickrank-a 10 --eps-cross-v 0.001 --eps-cross-a 0.001 --eps-round-v 0.001 --eps-round-a 0.001 --n-samples 50
HM12_actuator_relabelled,5,5,2026,0,5,block_pam,/home/s110/code/ttpi_iclr/repro/results/HM12_actuator_relabelled_state40_action50_iter30_orderblock_pam_seed5_formal5080.json,/home/s110/miniconda3/envs/tt_5080/bin/python3 /home/s110/code/ttpi_iclr/repro/scripts/run_hardmove.py --n-actuator 12 --env-variant actuator_relabelled --training-seed 5 --environment-seed 2026 --permutation-seed 0 --state-sampling-seed 5 --action-order block_pam --run-tag formal5080 --n-state 40 --n-action 50 --n-iter 30 --n-iter-v 1 --callback-freq 10 --n-test 100 --device cuda --max-batch-v 10000 --max-batch-a 100000 --nswp-v 5 --nswp-a 10 --rmax-v 100 --rmax-a 100 --kickrank-v 10 --kickrank-a 10 --eps-cross-v 0.001 --eps-cross-a 0.001 --eps-round-v 0.001 --eps-round-a 0.001 --n-samples 50
HM12_actuator_relabelled,5,5,2026,0,5,free_pam,/home/s110/code/ttpi_iclr/repro/results/HM12_actuator_relabelled_state40_action50_iter30_orderfree_pam_seed5_formal5080.json,/home/s110/miniconda3/envs/tt_5080/bin/python3 /home/s110/code/ttpi_iclr/repro/scripts/run_hardmove.py --n-actuator 12 --env-variant actuator_relabelled --training-seed 5 --environment-seed 2026 --permutation-seed 0 --state-sampling-seed 5 --action-order free_pam --run-tag formal5080 --n-state 40 --n-action 50 --n-iter 30 --n-iter-v 1 --callback-freq 10 --n-test 100 --device cuda --max-batch-v 10000 --max-batch-a 100000 --nswp-v 5 --nswp-a 10 --rmax-v 100 --rmax-a 100 --kickrank-v 10 --kickrank-a 10 --eps-cross-v 0.001 --eps-cross-a 0.001 --eps-round-v 0.001 --eps-round-a 0.001 --n-samples 50
HM12_actuator_relabelled,5,5,2026,0,5,peakcut_pam,/home/s110/code/ttpi_iclr/repro/results/HM12_actuator_relabelled_state40_action50_iter30_orderpeakcut_pam_seed5_formal5080.json,/home/s110/miniconda3/envs/tt_5080/bin/python3 /home/s110/code/ttpi_iclr/repro/scripts/run_hardmove.py --n-actuator 12 --env-variant actuator_relabelled --training-seed 5 --environment-seed 2026 --permutation-seed 0 --state-sampling-seed 5 --action-order peakcut_pam --run-tag formal5080 --n-state 40 --n-action 50 --n-iter 30 --n-iter-v 1 --callback-freq 10 --n-test 100 --device cuda --max-batch-v 10000 --max-batch-a 100000 --nswp-v 5 --nswp-a 10 --rmax-v 100 --rmax-a 100 --kickrank-v 10 --kickrank-a 10 --eps-cross-v 0.001 --eps-cross-a 0.001 --eps-round-v 0.001 --eps-round-a 0.001 --n-samples 50
HM12_actuator_relabelled,5,5,2026,0,5,sensitivity_pam,/home/s110/code/ttpi_iclr/repro/results/HM12_actuator_relabelled_state40_action50_iter30_ordersensitivity_pam_seed5_formal5080.json,/home/s110/miniconda3/envs/tt_5080/bin/python3 /home/s110/code/ttpi_iclr/repro/scripts/run_hardmove.py --n-actuator 12 --env-variant actuator_relabelled --training-seed 5 --environment-seed 2026 --permutation-seed 0 --state-sampling-seed 5 --action-order sensitivity_pam --run-tag formal5080 --n-state 40 --n-action 50 --n-iter 30 --n-iter-v 1 --callback-freq 10 --n-test 100 --device cuda --max-batch-v 10000 --max-batch-a 100000 --nswp-v 5 --nswp-a 10 --rmax-v 100 --rmax-a 100 --kickrank-v 10 --kickrank-a 10 --eps-cross-v 0.001 --eps-cross-a 0.001 --eps-round-v 0.001 --eps-round-a 0.001 --n-samples 50
HM12_actuator_relabelled,5,5,2026,0,5,rankaware_proxy_pam,/home/s110/code/ttpi_iclr/repro/results/HM12_actuator_relabelled_state40_action50_iter30_orderrankaware_proxy_pam_seed5_formal5080.json,/home/s110/miniconda3/envs/tt_5080/bin/python3 /home/s110/code/ttpi_iclr/repro/scripts/run_hardmove.py --n-actuator 12 --env-variant actuator_relabelled --training-seed 5 --environment-seed 2026 --permutation-seed 0 --state-sampling-seed 5 --action-order rankaware_proxy_pam --run-tag formal5080 --n-state 40 --n-action 50 --n-iter 30 --n-iter-v 1 --callback-freq 10 --n-test 100 --device cuda --max-batch-v 10000 --max-batch-a 100000 --nswp-v 5 --nswp-a 10 --rmax-v 100 --rmax-a 100 --kickrank-v 10 --kickrank-a 10 --eps-cross-v 0.001 --eps-cross-a 0.001 --eps-round-v 0.001 --eps-round-a 0.001 --n-samples 50
HM12_actuator_relabelled,5,5,2026,0,5,hybrid_pam,/home/s110/code/ttpi_iclr/repro/results/HM12_actuator_relabelled_state40_action50_iter30_orderhybrid_pam_seed5_formal5080.json,/home/s110/miniconda3/envs/tt_5080/bin/python3 /home/s110/code/ttpi_iclr/repro/scripts/run_hardmove.py --n-actuator 12 --env-variant actuator_relabelled --training-seed 5 --environment-seed 2026 --permutation-seed 0 --state-sampling-seed 5 --action-order hybrid_pam --run-tag formal5080 --n-state 40 --n-action 50 --n-iter 30 --n-iter-v 1 --callback-freq 10 --n-test 100 --device cuda --max-batch-v 10000 --max-batch-a 100000 --nswp-v 5 --nswp-a 10 --rmax-v 100 --rmax-a 100 --kickrank-v 10 --kickrank-a 10 --eps-cross-v 0.001 --eps-cross-a 0.001 --eps-round-v 0.001 --eps-round-a 0.001 --n-samples 50
HM12_actuator_relabelled,6,6,2026,0,6,local,/home/s110/code/ttpi_iclr/repro/results/HM12_actuator_relabelled_state40_action50_iter30_orderlocal_seed6_formal5080.json,/home/s110/miniconda3/envs/tt_5080/bin/python3 /home/s110/code/ttpi_iclr/repro/scripts/run_hardmove.py --n-actuator 12 --env-variant actuator_relabelled --training-seed 6 --environment-seed 2026 --permutation-seed 0 --state-sampling-seed 6 --action-order local --run-tag formal5080 --n-state 40 --n-action 50 --n-iter 30 --n-iter-v 1 --callback-freq 10 --n-test 100 --device cuda --max-batch-v 10000 --max-batch-a 100000 --nswp-v 5 --nswp-a 10 --rmax-v 100 --rmax-a 100 --kickrank-v 10 --kickrank-a 10 --eps-cross-v 0.001 --eps-cross-a 0.001 --eps-round-v 0.001 --eps-round-a 0.001 --n-samples 50
HM12_actuator_relabelled,6,6,2026,0,6,random,/home/s110/code/ttpi_iclr/repro/results/HM12_actuator_relabelled_state40_action50_iter30_orderrandom_seed6_permseed0_formal5080.json,/home/s110/miniconda3/envs/tt_5080/bin/python3 /home/s110/code/ttpi_iclr/repro/scripts/run_hardmove.py --n-actuator 12 --env-variant actuator_relabelled --training-seed 6 --environment-seed 2026 --permutation-seed 0 --include-permutation-seed-in-run-id --state-sampling-seed 6 --action-order random --run-tag formal5080 --n-state 40 --n-action 50 --n-iter 30 --n-iter-v 1 --callback-freq 10 --n-test 100 --device cuda --max-batch-v 10000 --max-batch-a 100000 --nswp-v 5 --nswp-a 10 --rmax-v 100 --rmax-a 100 --kickrank-v 10 --kickrank-a 10 --eps-cross-v 0.001 --eps-cross-a 0.001 --eps-round-v 0.001 --eps-round-a 0.001 --n-samples 50
HM12_actuator_relabelled,6,6,2026,1,6,random,/home/s110/code/ttpi_iclr/repro/results/HM12_actuator_relabelled_state40_action50_iter30_orderrandom_seed6_permseed1_formal5080.json,/home/s110/miniconda3/envs/tt_5080/bin/python3 /home/s110/code/ttpi_iclr/repro/scripts/run_hardmove.py --n-actuator 12 --env-variant actuator_relabelled --training-seed 6 --environment-seed 2026 --permutation-seed 1 --include-permutation-seed-in-run-id --state-sampling-seed 6 --action-order random --run-tag formal5080 --n-state 40 --n-action 50 --n-iter 30 --n-iter-v 1 --callback-freq 10 --n-test 100 --device cuda --max-batch-v 10000 --max-batch-a 100000 --nswp-v 5 --nswp-a 10 --rmax-v 100 --rmax-a 100 --kickrank-v 10 --kickrank-a 10 --eps-cross-v 0.001 --eps-cross-a 0.001 --eps-round-v 0.001 --eps-round-a 0.001 --n-samples 50
HM12_actuator_relabelled,6,6,2026,2,6,random,/home/s110/code/ttpi_iclr/repro/results/HM12_actuator_relabelled_state40_action50_iter30_orderrandom_seed6_permseed2_formal5080.json,/home/s110/miniconda3/envs/tt_5080/bin/python3 /home/s110/code/ttpi_iclr/repro/scripts/run_hardmove.py --n-actuator 12 --env-variant actuator_relabelled --training-seed 6 --environment-seed 2026 --permutation-seed 2 --include-permutation-seed-in-run-id --state-sampling-seed 6 --action-order random --run-tag formal5080 --n-state 40 --n-action 50 --n-iter 30 --n-iter-v 1 --callback-freq 10 --n-test 100 --device cuda --max-batch-v 10000 --max-batch-a 100000 --nswp-v 5 --nswp-a 10 --rmax-v 100 --rmax-a 100 --kickrank-v 10 --kickrank-a 10 --eps-cross-v 0.001 --eps-cross-a 0.001 --eps-round-v 0.001 --eps-round-a 0.001 --n-samples 50
HM12_actuator_relabelled,6,6,2026,0,6,badsplit,/home/s110/code/ttpi_iclr/repro/results/HM12_actuator_relabelled_state40_action50_iter30_orderbadsplit_seed6_formal5080.json,/home/s110/miniconda3/envs/tt_5080/bin/python3 /home/s110/code/ttpi_iclr/repro/scripts/run_hardmove.py --n-actuator 12 --env-variant actuator_relabelled --training-seed 6 --environment-seed 2026 --permutation-seed 0 --state-sampling-seed 6 --action-order badsplit --run-tag formal5080 --n-state 40 --n-action 50 --n-iter 30 --n-iter-v 1 --callback-freq 10 --n-test 100 --device cuda --max-batch-v 10000 --max-batch-a 100000 --nswp-v 5 --nswp-a 10 --rmax-v 100 --rmax-a 100 --kickrank-v 10 --kickrank-a 10 --eps-cross-v 0.001 --eps-cross-a 0.001 --eps-round-v 0.001 --eps-round-a 0.001 --n-samples 50
HM12_actuator_relabelled,6,6,2026,0,6,reverse_blocks,/home/s110/code/ttpi_iclr/repro/results/HM12_actuator_relabelled_state40_action50_iter30_orderreverse_blocks_seed6_formal5080.json,/home/s110/miniconda3/envs/tt_5080/bin/python3 /home/s110/code/ttpi_iclr/repro/scripts/run_hardmove.py --n-actuator 12 --env-variant actuator_relabelled --training-seed 6 --environment-seed 2026 --permutation-seed 0 --state-sampling-seed 6 --action-order reverse_blocks --run-tag formal5080 --n-state 40 --n-action 50 --n-iter 30 --n-iter-v 1 --callback-freq 10 --n-test 100 --device cuda --max-batch-v 10000 --max-batch-a 100000 --nswp-v 5 --nswp-a 10 --rmax-v 100 --rmax-a 100 --kickrank-v 10 --kickrank-a 10 --eps-cross-v 0.001 --eps-cross-a 0.001 --eps-round-v 0.001 --eps-round-a 0.001 --n-samples 50
HM12_actuator_relabelled,6,6,2026,0,6,flip_within_block,/home/s110/code/ttpi_iclr/repro/results/HM12_actuator_relabelled_state40_action50_iter30_orderflip_within_block_seed6_formal5080.json,/home/s110/miniconda3/envs/tt_5080/bin/python3 /home/s110/code/ttpi_iclr/repro/scripts/run_hardmove.py --n-actuator 12 --env-variant actuator_relabelled --training-seed 6 --environment-seed 2026 --permutation-seed 0 --state-sampling-seed 6 --action-order flip_within_block --run-tag formal5080 --n-state 40 --n-action 50 --n-iter 30 --n-iter-v 1 --callback-freq 10 --n-test 100 --device cuda --max-batch-v 10000 --max-batch-a 100000 --nswp-v 5 --nswp-a 10 --rmax-v 100 --rmax-a 100 --kickrank-v 10 --kickrank-a 10 --eps-cross-v 0.001 --eps-cross-a 0.001 --eps-round-v 0.001 --eps-round-a 0.001 --n-samples 50
HM12_actuator_relabelled,6,6,2026,0,6,pam_greedy,/home/s110/code/ttpi_iclr/repro/results/HM12_actuator_relabelled_state40_action50_iter30_orderpam_greedy_seed6_formal5080.json,/home/s110/miniconda3/envs/tt_5080/bin/python3 /home/s110/code/ttpi_iclr/repro/scripts/run_hardmove.py --n-actuator 12 --env-variant actuator_relabelled --training-seed 6 --environment-seed 2026 --permutation-seed 0 --state-sampling-seed 6 --action-order pam_greedy --run-tag formal5080 --n-state 40 --n-action 50 --n-iter 30 --n-iter-v 1 --callback-freq 10 --n-test 100 --device cuda --max-batch-v 10000 --max-batch-a 100000 --nswp-v 5 --nswp-a 10 --rmax-v 100 --rmax-a 100 --kickrank-v 10 --kickrank-a 10 --eps-cross-v 0.001 --eps-cross-a 0.001 --eps-round-v 0.001 --eps-round-a 0.001 --n-samples 50
HM12_actuator_relabelled,6,6,2026,0,6,pam_spectral,/home/s110/code/ttpi_iclr/repro/results/HM12_actuator_relabelled_state40_action50_iter30_orderpam_spectral_seed6_formal5080.json,/home/s110/miniconda3/envs/tt_5080/bin/python3 /home/s110/code/ttpi_iclr/repro/scripts/run_hardmove.py --n-actuator 12 --env-variant actuator_relabelled --training-seed 6 --environment-seed 2026 --permutation-seed 0 --state-sampling-seed 6 --action-order pam_spectral --run-tag formal5080 --n-state 40 --n-action 50 --n-iter 30 --n-iter-v 1 --callback-freq 10 --n-test 100 --device cuda --max-batch-v 10000 --max-batch-a 100000 --nswp-v 5 --nswp-a 10 --rmax-v 100 --rmax-a 100 --kickrank-v 10 --kickrank-a 10 --eps-cross-v 0.001 --eps-cross-a 0.001 --eps-round-v 0.001 --eps-round-a 0.001 --n-samples 50
HM12_actuator_relabelled,6,6,2026,0,6,block_pam,/home/s110/code/ttpi_iclr/repro/results/HM12_actuator_relabelled_state40_action50_iter30_orderblock_pam_seed6_formal5080.json,/home/s110/miniconda3/envs/tt_5080/bin/python3 /home/s110/code/ttpi_iclr/repro/scripts/run_hardmove.py --n-actuator 12 --env-variant actuator_relabelled --training-seed 6 --environment-seed 2026 --permutation-seed 0 --state-sampling-seed 6 --action-order block_pam --run-tag formal5080 --n-state 40 --n-action 50 --n-iter 30 --n-iter-v 1 --callback-freq 10 --n-test 100 --device cuda --max-batch-v 10000 --max-batch-a 100000 --nswp-v 5 --nswp-a 10 --rmax-v 100 --rmax-a 100 --kickrank-v 10 --kickrank-a 10 --eps-cross-v 0.001 --eps-cross-a 0.001 --eps-round-v 0.001 --eps-round-a 0.001 --n-samples 50
HM12_actuator_relabelled,6,6,2026,0,6,free_pam,/home/s110/code/ttpi_iclr/repro/results/HM12_actuator_relabelled_state40_action50_iter30_orderfree_pam_seed6_formal5080.json,/home/s110/miniconda3/envs/tt_5080/bin/python3 /home/s110/code/ttpi_iclr/repro/scripts/run_hardmove.py --n-actuator 12 --env-variant actuator_relabelled --training-seed 6 --environment-seed 2026 --permutation-seed 0 --state-sampling-seed 6 --action-order free_pam --run-tag formal5080 --n-state 40 --n-action 50 --n-iter 30 --n-iter-v 1 --callback-freq 10 --n-test 100 --device cuda --max-batch-v 10000 --max-batch-a 100000 --nswp-v 5 --nswp-a 10 --rmax-v 100 --rmax-a 100 --kickrank-v 10 --kickrank-a 10 --eps-cross-v 0.001 --eps-cross-a 0.001 --eps-round-v 0.001 --eps-round-a 0.001 --n-samples 50
HM12_actuator_relabelled,6,6,2026,0,6,peakcut_pam,/home/s110/code/ttpi_iclr/repro/results/HM12_actuator_relabelled_state40_action50_iter30_orderpeakcut_pam_seed6_formal5080.json,/home/s110/miniconda3/envs/tt_5080/bin/python3 /home/s110/code/ttpi_iclr/repro/scripts/run_hardmove.py --n-actuator 12 --env-variant actuator_relabelled --training-seed 6 --environment-seed 2026 --permutation-seed 0 --state-sampling-seed 6 --action-order peakcut_pam --run-tag formal5080 --n-state 40 --n-action 50 --n-iter 30 --n-iter-v 1 --callback-freq 10 --n-test 100 --device cuda --max-batch-v 10000 --max-batch-a 100000 --nswp-v 5 --nswp-a 10 --rmax-v 100 --rmax-a 100 --kickrank-v 10 --kickrank-a 10 --eps-cross-v 0.001 --eps-cross-a 0.001 --eps-round-v 0.001 --eps-round-a 0.001 --n-samples 50
HM12_actuator_relabelled,6,6,2026,0,6,sensitivity_pam,/home/s110/code/ttpi_iclr/repro/results/HM12_actuator_relabelled_state40_action50_iter30_ordersensitivity_pam_seed6_formal5080.json,/home/s110/miniconda3/envs/tt_5080/bin/python3 /home/s110/code/ttpi_iclr/repro/scripts/run_hardmove.py --n-actuator 12 --env-variant actuator_relabelled --training-seed 6 --environment-seed 2026 --permutation-seed 0 --state-sampling-seed 6 --action-order sensitivity_pam --run-tag formal5080 --n-state 40 --n-action 50 --n-iter 30 --n-iter-v 1 --callback-freq 10 --n-test 100 --device cuda --max-batch-v 10000 --max-batch-a 100000 --nswp-v 5 --nswp-a 10 --rmax-v 100 --rmax-a 100 --kickrank-v 10 --kickrank-a 10 --eps-cross-v 0.001 --eps-cross-a 0.001 --eps-round-v 0.001 --eps-round-a 0.001 --n-samples 50
HM12_actuator_relabelled,6,6,2026,0,6,rankaware_proxy_pam,/home/s110/code/ttpi_iclr/repro/results/HM12_actuator_relabelled_state40_action50_iter30_orderrankaware_proxy_pam_seed6_formal5080.json,/home/s110/miniconda3/envs/tt_5080/bin/python3 /home/s110/code/ttpi_iclr/repro/scripts/run_hardmove.py --n-actuator 12 --env-variant actuator_relabelled --training-seed 6 --environment-seed 2026 --permutation-seed 0 --state-sampling-seed 6 --action-order rankaware_proxy_pam --run-tag formal5080 --n-state 40 --n-action 50 --n-iter 30 --n-iter-v 1 --callback-freq 10 --n-test 100 --device cuda --max-batch-v 10000 --max-batch-a 100000 --nswp-v 5 --nswp-a 10 --rmax-v 100 --rmax-a 100 --kickrank-v 10 --kickrank-a 10 --eps-cross-v 0.001 --eps-cross-a 0.001 --eps-round-v 0.001 --eps-round-a 0.001 --n-samples 50
HM12_actuator_relabelled,6,6,2026,0,6,hybrid_pam,/home/s110/code/ttpi_iclr/repro/results/HM12_actuator_relabelled_state40_action50_iter30_orderhybrid_pam_seed6_formal5080.json,/home/s110/miniconda3/envs/tt_5080/bin/python3 /home/s110/code/ttpi_iclr/repro/scripts/run_hardmove.py --n-actuator 12 --env-variant actuator_relabelled --training-seed 6 --environment-seed 2026 --permutation-seed 0 --state-sampling-seed 6 --action-order hybrid_pam --run-tag formal5080 --n-state 40 --n-action 50 --n-iter 30 --n-iter-v 1 --callback-freq 10 --n-test 100 --device cuda --max-batch-v 10000 --max-batch-a 100000 --nswp-v 5 --nswp-a 10 --rmax-v 100 --rmax-a 100 --kickrank-v 10 --kickrank-a 10 --eps-cross-v 0.001 --eps-cross-a 0.001 --eps-round-v 0.001 --eps-round-a 0.001 --n-samples 50
HM12_actuator_relabelled,7,7,2026,0,7,local,/home/s110/code/ttpi_iclr/repro/results/HM12_actuator_relabelled_state40_action50_iter30_orderlocal_seed7_formal5080.json,/home/s110/miniconda3/envs/tt_5080/bin/python3 /home/s110/code/ttpi_iclr/repro/scripts/run_hardmove.py --n-actuator 12 --env-variant actuator_relabelled --training-seed 7 --environment-seed 2026 --permutation-seed 0 --state-sampling-seed 7 --action-order local --run-tag formal5080 --n-state 40 --n-action 50 --n-iter 30 --n-iter-v 1 --callback-freq 10 --n-test 100 --device cuda --max-batch-v 10000 --max-batch-a 100000 --nswp-v 5 --nswp-a 10 --rmax-v 100 --rmax-a 100 --kickrank-v 10 --kickrank-a 10 --eps-cross-v 0.001 --eps-cross-a 0.001 --eps-round-v 0.001 --eps-round-a 0.001 --n-samples 50
HM12_actuator_relabelled,7,7,2026,0,7,random,/home/s110/code/ttpi_iclr/repro/results/HM12_actuator_relabelled_state40_action50_iter30_orderrandom_seed7_permseed0_formal5080.json,/home/s110/miniconda3/envs/tt_5080/bin/python3 /home/s110/code/ttpi_iclr/repro/scripts/run_hardmove.py --n-actuator 12 --env-variant actuator_relabelled --training-seed 7 --environment-seed 2026 --permutation-seed 0 --include-permutation-seed-in-run-id --state-sampling-seed 7 --action-order random --run-tag formal5080 --n-state 40 --n-action 50 --n-iter 30 --n-iter-v 1 --callback-freq 10 --n-test 100 --device cuda --max-batch-v 10000 --max-batch-a 100000 --nswp-v 5 --nswp-a 10 --rmax-v 100 --rmax-a 100 --kickrank-v 10 --kickrank-a 10 --eps-cross-v 0.001 --eps-cross-a 0.001 --eps-round-v 0.001 --eps-round-a 0.001 --n-samples 50
HM12_actuator_relabelled,7,7,2026,1,7,random,/home/s110/code/ttpi_iclr/repro/results/HM12_actuator_relabelled_state40_action50_iter30_orderrandom_seed7_permseed1_formal5080.json,/home/s110/miniconda3/envs/tt_5080/bin/python3 /home/s110/code/ttpi_iclr/repro/scripts/run_hardmove.py --n-actuator 12 --env-variant actuator_relabelled --training-seed 7 --environment-seed 2026 --permutation-seed 1 --include-permutation-seed-in-run-id --state-sampling-seed 7 --action-order random --run-tag formal5080 --n-state 40 --n-action 50 --n-iter 30 --n-iter-v 1 --callback-freq 10 --n-test 100 --device cuda --max-batch-v 10000 --max-batch-a 100000 --nswp-v 5 --nswp-a 10 --rmax-v 100 --rmax-a 100 --kickrank-v 10 --kickrank-a 10 --eps-cross-v 0.001 --eps-cross-a 0.001 --eps-round-v 0.001 --eps-round-a 0.001 --n-samples 50
HM12_actuator_relabelled,7,7,2026,2,7,random,/home/s110/code/ttpi_iclr/repro/results/HM12_actuator_relabelled_state40_action50_iter30_orderrandom_seed7_permseed2_formal5080.json,/home/s110/miniconda3/envs/tt_5080/bin/python3 /home/s110/code/ttpi_iclr/repro/scripts/run_hardmove.py --n-actuator 12 --env-variant actuator_relabelled --training-seed 7 --environment-seed 2026 --permutation-seed 2 --include-permutation-seed-in-run-id --state-sampling-seed 7 --action-order random --run-tag formal5080 --n-state 40 --n-action 50 --n-iter 30 --n-iter-v 1 --callback-freq 10 --n-test 100 --device cuda --max-batch-v 10000 --max-batch-a 100000 --nswp-v 5 --nswp-a 10 --rmax-v 100 --rmax-a 100 --kickrank-v 10 --kickrank-a 10 --eps-cross-v 0.001 --eps-cross-a 0.001 --eps-round-v 0.001 --eps-round-a 0.001 --n-samples 50
HM12_actuator_relabelled,7,7,2026,0,7,badsplit,/home/s110/code/ttpi_iclr/repro/results/HM12_actuator_relabelled_state40_action50_iter30_orderbadsplit_seed7_formal5080.json,/home/s110/miniconda3/envs/tt_5080/bin/python3 /home/s110/code/ttpi_iclr/repro/scripts/run_hardmove.py --n-actuator 12 --env-variant actuator_relabelled --training-seed 7 --environment-seed 2026 --permutation-seed 0 --state-sampling-seed 7 --action-order badsplit --run-tag formal5080 --n-state 40 --n-action 50 --n-iter 30 --n-iter-v 1 --callback-freq 10 --n-test 100 --device cuda --max-batch-v 10000 --max-batch-a 100000 --nswp-v 5 --nswp-a 10 --rmax-v 100 --rmax-a 100 --kickrank-v 10 --kickrank-a 10 --eps-cross-v 0.001 --eps-cross-a 0.001 --eps-round-v 0.001 --eps-round-a 0.001 --n-samples 50
HM12_actuator_relabelled,7,7,2026,0,7,reverse_blocks,/home/s110/code/ttpi_iclr/repro/results/HM12_actuator_relabelled_state40_action50_iter30_orderreverse_blocks_seed7_formal5080.json,/home/s110/miniconda3/envs/tt_5080/bin/python3 /home/s110/code/ttpi_iclr/repro/scripts/run_hardmove.py --n-actuator 12 --env-variant actuator_relabelled --training-seed 7 --environment-seed 2026 --permutation-seed 0 --state-sampling-seed 7 --action-order reverse_blocks --run-tag formal5080 --n-state 40 --n-action 50 --n-iter 30 --n-iter-v 1 --callback-freq 10 --n-test 100 --device cuda --max-batch-v 10000 --max-batch-a 100000 --nswp-v 5 --nswp-a 10 --rmax-v 100 --rmax-a 100 --kickrank-v 10 --kickrank-a 10 --eps-cross-v 0.001 --eps-cross-a 0.001 --eps-round-v 0.001 --eps-round-a 0.001 --n-samples 50
HM12_actuator_relabelled,7,7,2026,0,7,flip_within_block,/home/s110/code/ttpi_iclr/repro/results/HM12_actuator_relabelled_state40_action50_iter30_orderflip_within_block_seed7_formal5080.json,/home/s110/miniconda3/envs/tt_5080/bin/python3 /home/s110/code/ttpi_iclr/repro/scripts/run_hardmove.py --n-actuator 12 --env-variant actuator_relabelled --training-seed 7 --environment-seed 2026 --permutation-seed 0 --state-sampling-seed 7 --action-order flip_within_block --run-tag formal5080 --n-state 40 --n-action 50 --n-iter 30 --n-iter-v 1 --callback-freq 10 --n-test 100 --device cuda --max-batch-v 10000 --max-batch-a 100000 --nswp-v 5 --nswp-a 10 --rmax-v 100 --rmax-a 100 --kickrank-v 10 --kickrank-a 10 --eps-cross-v 0.001 --eps-cross-a 0.001 --eps-round-v 0.001 --eps-round-a 0.001 --n-samples 50
HM12_actuator_relabelled,7,7,2026,0,7,pam_greedy,/home/s110/code/ttpi_iclr/repro/results/HM12_actuator_relabelled_state40_action50_iter30_orderpam_greedy_seed7_formal5080.json,/home/s110/miniconda3/envs/tt_5080/bin/python3 /home/s110/code/ttpi_iclr/repro/scripts/run_hardmove.py --n-actuator 12 --env-variant actuator_relabelled --training-seed 7 --environment-seed 2026 --permutation-seed 0 --state-sampling-seed 7 --action-order pam_greedy --run-tag formal5080 --n-state 40 --n-action 50 --n-iter 30 --n-iter-v 1 --callback-freq 10 --n-test 100 --device cuda --max-batch-v 10000 --max-batch-a 100000 --nswp-v 5 --nswp-a 10 --rmax-v 100 --rmax-a 100 --kickrank-v 10 --kickrank-a 10 --eps-cross-v 0.001 --eps-cross-a 0.001 --eps-round-v 0.001 --eps-round-a 0.001 --n-samples 50
HM12_actuator_relabelled,7,7,2026,0,7,pam_spectral,/home/s110/code/ttpi_iclr/repro/results/HM12_actuator_relabelled_state40_action50_iter30_orderpam_spectral_seed7_formal5080.json,/home/s110/miniconda3/envs/tt_5080/bin/python3 /home/s110/code/ttpi_iclr/repro/scripts/run_hardmove.py --n-actuator 12 --env-variant actuator_relabelled --training-seed 7 --environment-seed 2026 --permutation-seed 0 --state-sampling-seed 7 --action-order pam_spectral --run-tag formal5080 --n-state 40 --n-action 50 --n-iter 30 --n-iter-v 1 --callback-freq 10 --n-test 100 --device cuda --max-batch-v 10000 --max-batch-a 100000 --nswp-v 5 --nswp-a 10 --rmax-v 100 --rmax-a 100 --kickrank-v 10 --kickrank-a 10 --eps-cross-v 0.001 --eps-cross-a 0.001 --eps-round-v 0.001 --eps-round-a 0.001 --n-samples 50
HM12_actuator_relabelled,7,7,2026,0,7,block_pam,/home/s110/code/ttpi_iclr/repro/results/HM12_actuator_relabelled_state40_action50_iter30_orderblock_pam_seed7_formal5080.json,/home/s110/miniconda3/envs/tt_5080/bin/python3 /home/s110/code/ttpi_iclr/repro/scripts/run_hardmove.py --n-actuator 12 --env-variant actuator_relabelled --training-seed 7 --environment-seed 2026 --permutation-seed 0 --state-sampling-seed 7 --action-order block_pam --run-tag formal5080 --n-state 40 --n-action 50 --n-iter 30 --n-iter-v 1 --callback-freq 10 --n-test 100 --device cuda --max-batch-v 10000 --max-batch-a 100000 --nswp-v 5 --nswp-a 10 --rmax-v 100 --rmax-a 100 --kickrank-v 10 --kickrank-a 10 --eps-cross-v 0.001 --eps-cross-a 0.001 --eps-round-v 0.001 --eps-round-a 0.001 --n-samples 50
HM12_actuator_relabelled,7,7,2026,0,7,free_pam,/home/s110/code/ttpi_iclr/repro/results/HM12_actuator_relabelled_state40_action50_iter30_orderfree_pam_seed7_formal5080.json,/home/s110/miniconda3/envs/tt_5080/bin/python3 /home/s110/code/ttpi_iclr/repro/scripts/run_hardmove.py --n-actuator 12 --env-variant actuator_relabelled --training-seed 7 --environment-seed 2026 --permutation-seed 0 --state-sampling-seed 7 --action-order free_pam --run-tag formal5080 --n-state 40 --n-action 50 --n-iter 30 --n-iter-v 1 --callback-freq 10 --n-test 100 --device cuda --max-batch-v 10000 --max-batch-a 100000 --nswp-v 5 --nswp-a 10 --rmax-v 100 --rmax-a 100 --kickrank-v 10 --kickrank-a 10 --eps-cross-v 0.001 --eps-cross-a 0.001 --eps-round-v 0.001 --eps-round-a 0.001 --n-samples 50
HM12_actuator_relabelled,7,7,2026,0,7,peakcut_pam,/home/s110/code/ttpi_iclr/repro/results/HM12_actuator_relabelled_state40_action50_iter30_orderpeakcut_pam_seed7_formal5080.json,/home/s110/miniconda3/envs/tt_5080/bin/python3 /home/s110/code/ttpi_iclr/repro/scripts/run_hardmove.py --n-actuator 12 --env-variant actuator_relabelled --training-seed 7 --environment-seed 2026 --permutation-seed 0 --state-sampling-seed 7 --action-order peakcut_pam --run-tag formal5080 --n-state 40 --n-action 50 --n-iter 30 --n-iter-v 1 --callback-freq 10 --n-test 100 --device cuda --max-batch-v 10000 --max-batch-a 100000 --nswp-v 5 --nswp-a 10 --rmax-v 100 --rmax-a 100 --kickrank-v 10 --kickrank-a 10 --eps-cross-v 0.001 --eps-cross-a 0.001 --eps-round-v 0.001 --eps-round-a 0.001 --n-samples 50
HM12_actuator_relabelled,7,7,2026,0,7,sensitivity_pam,/home/s110/code/ttpi_iclr/repro/results/HM12_actuator_relabelled_state40_action50_iter30_ordersensitivity_pam_seed7_formal5080.json,/home/s110/miniconda3/envs/tt_5080/bin/python3 /home/s110/code/ttpi_iclr/repro/scripts/run_hardmove.py --n-actuator 12 --env-variant actuator_relabelled --training-seed 7 --environment-seed 2026 --permutation-seed 0 --state-sampling-seed 7 --action-order sensitivity_pam --run-tag formal5080 --n-state 40 --n-action 50 --n-iter 30 --n-iter-v 1 --callback-freq 10 --n-test 100 --device cuda --max-batch-v 10000 --max-batch-a 100000 --nswp-v 5 --nswp-a 10 --rmax-v 100 --rmax-a 100 --kickrank-v 10 --kickrank-a 10 --eps-cross-v 0.001 --eps-cross-a 0.001 --eps-round-v 0.001 --eps-round-a 0.001 --n-samples 50
HM12_actuator_relabelled,7,7,2026,0,7,rankaware_proxy_pam,/home/s110/code/ttpi_iclr/repro/results/HM12_actuator_relabelled_state40_action50_iter30_orderrankaware_proxy_pam_seed7_formal5080.json,/home/s110/miniconda3/envs/tt_5080/bin/python3 /home/s110/code/ttpi_iclr/repro/scripts/run_hardmove.py --n-actuator 12 --env-variant actuator_relabelled --training-seed 7 --environment-seed 2026 --permutation-seed 0 --state-sampling-seed 7 --action-order rankaware_proxy_pam --run-tag formal5080 --n-state 40 --n-action 50 --n-iter 30 --n-iter-v 1 --callback-freq 10 --n-test 100 --device cuda --max-batch-v 10000 --max-batch-a 100000 --nswp-v 5 --nswp-a 10 --rmax-v 100 --rmax-a 100 --kickrank-v 10 --kickrank-a 10 --eps-cross-v 0.001 --eps-cross-a 0.001 --eps-round-v 0.001 --eps-round-a 0.001 --n-samples 50
HM12_actuator_relabelled,7,7,2026,0,7,hybrid_pam,/home/s110/code/ttpi_iclr/repro/results/HM12_actuator_relabelled_state40_action50_iter30_orderhybrid_pam_seed7_formal5080.json,/home/s110/miniconda3/envs/tt_5080/bin/python3 /home/s110/code/ttpi_iclr/repro/scripts/run_hardmove.py --n-actuator 12 --env-variant actuator_relabelled --training-seed 7 --environment-seed 2026 --permutation-seed 0 --state-sampling-seed 7 --action-order hybrid_pam --run-tag formal5080 --n-state 40 --n-action 50 --n-iter 30 --n-iter-v 1 --callback-freq 10 --n-test 100 --device cuda --max-batch-v 10000 --max-batch-a 100000 --nswp-v 5 --nswp-a 10 --rmax-v 100 --rmax-a 100 --kickrank-v 10 --kickrank-a 10 --eps-cross-v 0.001 --eps-cross-a 0.001 --eps-round-v 0.001 --eps-round-a 0.001 --n-samples 50
HM12_actuator_relabelled,8,8,2026,0,8,local,/home/s110/code/ttpi_iclr/repro/results/HM12_actuator_relabelled_state40_action50_iter30_orderlocal_seed8_formal5080.json,/home/s110/miniconda3/envs/tt_5080/bin/python3 /home/s110/code/ttpi_iclr/repro/scripts/run_hardmove.py --n-actuator 12 --env-variant actuator_relabelled --training-seed 8 --environment-seed 2026 --permutation-seed 0 --state-sampling-seed 8 --action-order local --run-tag formal5080 --n-state 40 --n-action 50 --n-iter 30 --n-iter-v 1 --callback-freq 10 --n-test 100 --device cuda --max-batch-v 10000 --max-batch-a 100000 --nswp-v 5 --nswp-a 10 --rmax-v 100 --rmax-a 100 --kickrank-v 10 --kickrank-a 10 --eps-cross-v 0.001 --eps-cross-a 0.001 --eps-round-v 0.001 --eps-round-a 0.001 --n-samples 50
HM12_actuator_relabelled,8,8,2026,0,8,random,/home/s110/code/ttpi_iclr/repro/results/HM12_actuator_relabelled_state40_action50_iter30_orderrandom_seed8_permseed0_formal5080.json,/home/s110/miniconda3/envs/tt_5080/bin/python3 /home/s110/code/ttpi_iclr/repro/scripts/run_hardmove.py --n-actuator 12 --env-variant actuator_relabelled --training-seed 8 --environment-seed 2026 --permutation-seed 0 --include-permutation-seed-in-run-id --state-sampling-seed 8 --action-order random --run-tag formal5080 --n-state 40 --n-action 50 --n-iter 30 --n-iter-v 1 --callback-freq 10 --n-test 100 --device cuda --max-batch-v 10000 --max-batch-a 100000 --nswp-v 5 --nswp-a 10 --rmax-v 100 --rmax-a 100 --kickrank-v 10 --kickrank-a 10 --eps-cross-v 0.001 --eps-cross-a 0.001 --eps-round-v 0.001 --eps-round-a 0.001 --n-samples 50
HM12_actuator_relabelled,8,8,2026,1,8,random,/home/s110/code/ttpi_iclr/repro/results/HM12_actuator_relabelled_state40_action50_iter30_orderrandom_seed8_permseed1_formal5080.json,/home/s110/miniconda3/envs/tt_5080/bin/python3 /home/s110/code/ttpi_iclr/repro/scripts/run_hardmove.py --n-actuator 12 --env-variant actuator_relabelled --training-seed 8 --environment-seed 2026 --permutation-seed 1 --include-permutation-seed-in-run-id --state-sampling-seed 8 --action-order random --run-tag formal5080 --n-state 40 --n-action 50 --n-iter 30 --n-iter-v 1 --callback-freq 10 --n-test 100 --device cuda --max-batch-v 10000 --max-batch-a 100000 --nswp-v 5 --nswp-a 10 --rmax-v 100 --rmax-a 100 --kickrank-v 10 --kickrank-a 10 --eps-cross-v 0.001 --eps-cross-a 0.001 --eps-round-v 0.001 --eps-round-a 0.001 --n-samples 50
HM12_actuator_relabelled,8,8,2026,2,8,random,/home/s110/code/ttpi_iclr/repro/results/HM12_actuator_relabelled_state40_action50_iter30_orderrandom_seed8_permseed2_formal5080.json,/home/s110/miniconda3/envs/tt_5080/bin/python3 /home/s110/code/ttpi_iclr/repro/scripts/run_hardmove.py --n-actuator 12 --env-variant actuator_relabelled --training-seed 8 --environment-seed 2026 --permutation-seed 2 --include-permutation-seed-in-run-id --state-sampling-seed 8 --action-order random --run-tag formal5080 --n-state 40 --n-action 50 --n-iter 30 --n-iter-v 1 --callback-freq 10 --n-test 100 --device cuda --max-batch-v 10000 --max-batch-a 100000 --nswp-v 5 --nswp-a 10 --rmax-v 100 --rmax-a 100 --kickrank-v 10 --kickrank-a 10 --eps-cross-v 0.001 --eps-cross-a 0.001 --eps-round-v 0.001 --eps-round-a 0.001 --n-samples 50
HM12_actuator_relabelled,8,8,2026,0,8,badsplit,/home/s110/code/ttpi_iclr/repro/results/HM12_actuator_relabelled_state40_action50_iter30_orderbadsplit_seed8_formal5080.json,/home/s110/miniconda3/envs/tt_5080/bin/python3 /home/s110/code/ttpi_iclr/repro/scripts/run_hardmove.py --n-actuator 12 --env-variant actuator_relabelled --training-seed 8 --environment-seed 2026 --permutation-seed 0 --state-sampling-seed 8 --action-order badsplit --run-tag formal5080 --n-state 40 --n-action 50 --n-iter 30 --n-iter-v 1 --callback-freq 10 --n-test 100 --device cuda --max-batch-v 10000 --max-batch-a 100000 --nswp-v 5 --nswp-a 10 --rmax-v 100 --rmax-a 100 --kickrank-v 10 --kickrank-a 10 --eps-cross-v 0.001 --eps-cross-a 0.001 --eps-round-v 0.001 --eps-round-a 0.001 --n-samples 50
HM12_actuator_relabelled,8,8,2026,0,8,reverse_blocks,/home/s110/code/ttpi_iclr/repro/results/HM12_actuator_relabelled_state40_action50_iter30_orderreverse_blocks_seed8_formal5080.json,/home/s110/miniconda3/envs/tt_5080/bin/python3 /home/s110/code/ttpi_iclr/repro/scripts/run_hardmove.py --n-actuator 12 --env-variant actuator_relabelled --training-seed 8 --environment-seed 2026 --permutation-seed 0 --state-sampling-seed 8 --action-order reverse_blocks --run-tag formal5080 --n-state 40 --n-action 50 --n-iter 30 --n-iter-v 1 --callback-freq 10 --n-test 100 --device cuda --max-batch-v 10000 --max-batch-a 100000 --nswp-v 5 --nswp-a 10 --rmax-v 100 --rmax-a 100 --kickrank-v 10 --kickrank-a 10 --eps-cross-v 0.001 --eps-cross-a 0.001 --eps-round-v 0.001 --eps-round-a 0.001 --n-samples 50
HM12_actuator_relabelled,8,8,2026,0,8,flip_within_block,/home/s110/code/ttpi_iclr/repro/results/HM12_actuator_relabelled_state40_action50_iter30_orderflip_within_block_seed8_formal5080.json,/home/s110/miniconda3/envs/tt_5080/bin/python3 /home/s110/code/ttpi_iclr/repro/scripts/run_hardmove.py --n-actuator 12 --env-variant actuator_relabelled --training-seed 8 --environment-seed 2026 --permutation-seed 0 --state-sampling-seed 8 --action-order flip_within_block --run-tag formal5080 --n-state 40 --n-action 50 --n-iter 30 --n-iter-v 1 --callback-freq 10 --n-test 100 --device cuda --max-batch-v 10000 --max-batch-a 100000 --nswp-v 5 --nswp-a 10 --rmax-v 100 --rmax-a 100 --kickrank-v 10 --kickrank-a 10 --eps-cross-v 0.001 --eps-cross-a 0.001 --eps-round-v 0.001 --eps-round-a 0.001 --n-samples 50
HM12_actuator_relabelled,8,8,2026,0,8,pam_greedy,/home/s110/code/ttpi_iclr/repro/results/HM12_actuator_relabelled_state40_action50_iter30_orderpam_greedy_seed8_formal5080.json,/home/s110/miniconda3/envs/tt_5080/bin/python3 /home/s110/code/ttpi_iclr/repro/scripts/run_hardmove.py --n-actuator 12 --env-variant actuator_relabelled --training-seed 8 --environment-seed 2026 --permutation-seed 0 --state-sampling-seed 8 --action-order pam_greedy --run-tag formal5080 --n-state 40 --n-action 50 --n-iter 30 --n-iter-v 1 --callback-freq 10 --n-test 100 --device cuda --max-batch-v 10000 --max-batch-a 100000 --nswp-v 5 --nswp-a 10 --rmax-v 100 --rmax-a 100 --kickrank-v 10 --kickrank-a 10 --eps-cross-v 0.001 --eps-cross-a 0.001 --eps-round-v 0.001 --eps-round-a 0.001 --n-samples 50
HM12_actuator_relabelled,8,8,2026,0,8,pam_spectral,/home/s110/code/ttpi_iclr/repro/results/HM12_actuator_relabelled_state40_action50_iter30_orderpam_spectral_seed8_formal5080.json,/home/s110/miniconda3/envs/tt_5080/bin/python3 /home/s110/code/ttpi_iclr/repro/scripts/run_hardmove.py --n-actuator 12 --env-variant actuator_relabelled --training-seed 8 --environment-seed 2026 --permutation-seed 0 --state-sampling-seed 8 --action-order pam_spectral --run-tag formal5080 --n-state 40 --n-action 50 --n-iter 30 --n-iter-v 1 --callback-freq 10 --n-test 100 --device cuda --max-batch-v 10000 --max-batch-a 100000 --nswp-v 5 --nswp-a 10 --rmax-v 100 --rmax-a 100 --kickrank-v 10 --kickrank-a 10 --eps-cross-v 0.001 --eps-cross-a 0.001 --eps-round-v 0.001 --eps-round-a 0.001 --n-samples 50
HM12_actuator_relabelled,8,8,2026,0,8,block_pam,/home/s110/code/ttpi_iclr/repro/results/HM12_actuator_relabelled_state40_action50_iter30_orderblock_pam_seed8_formal5080.json,/home/s110/miniconda3/envs/tt_5080/bin/python3 /home/s110/code/ttpi_iclr/repro/scripts/run_hardmove.py --n-actuator 12 --env-variant actuator_relabelled --training-seed 8 --environment-seed 2026 --permutation-seed 0 --state-sampling-seed 8 --action-order block_pam --run-tag formal5080 --n-state 40 --n-action 50 --n-iter 30 --n-iter-v 1 --callback-freq 10 --n-test 100 --device cuda --max-batch-v 10000 --max-batch-a 100000 --nswp-v 5 --nswp-a 10 --rmax-v 100 --rmax-a 100 --kickrank-v 10 --kickrank-a 10 --eps-cross-v 0.001 --eps-cross-a 0.001 --eps-round-v 0.001 --eps-round-a 0.001 --n-samples 50
HM12_actuator_relabelled,8,8,2026,0,8,free_pam,/home/s110/code/ttpi_iclr/repro/results/HM12_actuator_relabelled_state40_action50_iter30_orderfree_pam_seed8_formal5080.json,/home/s110/miniconda3/envs/tt_5080/bin/python3 /home/s110/code/ttpi_iclr/repro/scripts/run_hardmove.py --n-actuator 12 --env-variant actuator_relabelled --training-seed 8 --environment-seed 2026 --permutation-seed 0 --state-sampling-seed 8 --action-order free_pam --run-tag formal5080 --n-state 40 --n-action 50 --n-iter 30 --n-iter-v 1 --callback-freq 10 --n-test 100 --device cuda --max-batch-v 10000 --max-batch-a 100000 --nswp-v 5 --nswp-a 10 --rmax-v 100 --rmax-a 100 --kickrank-v 10 --kickrank-a 10 --eps-cross-v 0.001 --eps-cross-a 0.001 --eps-round-v 0.001 --eps-round-a 0.001 --n-samples 50
HM12_actuator_relabelled,8,8,2026,0,8,peakcut_pam,/home/s110/code/ttpi_iclr/repro/results/HM12_actuator_relabelled_state40_action50_iter30_orderpeakcut_pam_seed8_formal5080.json,/home/s110/miniconda3/envs/tt_5080/bin/python3 /home/s110/code/ttpi_iclr/repro/scripts/run_hardmove.py --n-actuator 12 --env-variant actuator_relabelled --training-seed 8 --environment-seed 2026 --permutation-seed 0 --state-sampling-seed 8 --action-order peakcut_pam --run-tag formal5080 --n-state 40 --n-action 50 --n-iter 30 --n-iter-v 1 --callback-freq 10 --n-test 100 --device cuda --max-batch-v 10000 --max-batch-a 100000 --nswp-v 5 --nswp-a 10 --rmax-v 100 --rmax-a 100 --kickrank-v 10 --kickrank-a 10 --eps-cross-v 0.001 --eps-cross-a 0.001 --eps-round-v 0.001 --eps-round-a 0.001 --n-samples 50
HM12_actuator_relabelled,8,8,2026,0,8,sensitivity_pam,/home/s110/code/ttpi_iclr/repro/results/HM12_actuator_relabelled_state40_action50_iter30_ordersensitivity_pam_seed8_formal5080.json,/home/s110/miniconda3/envs/tt_5080/bin/python3 /home/s110/code/ttpi_iclr/repro/scripts/run_hardmove.py --n-actuator 12 --env-variant actuator_relabelled --training-seed 8 --environment-seed 2026 --permutation-seed 0 --state-sampling-seed 8 --action-order sensitivity_pam --run-tag formal5080 --n-state 40 --n-action 50 --n-iter 30 --n-iter-v 1 --callback-freq 10 --n-test 100 --device cuda --max-batch-v 10000 --max-batch-a 100000 --nswp-v 5 --nswp-a 10 --rmax-v 100 --rmax-a 100 --kickrank-v 10 --kickrank-a 10 --eps-cross-v 0.001 --eps-cross-a 0.001 --eps-round-v 0.001 --eps-round-a 0.001 --n-samples 50
HM12_actuator_relabelled,8,8,2026,0,8,rankaware_proxy_pam,/home/s110/code/ttpi_iclr/repro/results/HM12_actuator_relabelled_state40_action50_iter30_orderrankaware_proxy_pam_seed8_formal5080.json,/home/s110/miniconda3/envs/tt_5080/bin/python3 /home/s110/code/ttpi_iclr/repro/scripts/run_hardmove.py --n-actuator 12 --env-variant actuator_relabelled --training-seed 8 --environment-seed 2026 --permutation-seed 0 --state-sampling-seed 8 --action-order rankaware_proxy_pam --run-tag formal5080 --n-state 40 --n-action 50 --n-iter 30 --n-iter-v 1 --callback-freq 10 --n-test 100 --device cuda --max-batch-v 10000 --max-batch-a 100000 --nswp-v 5 --nswp-a 10 --rmax-v 100 --rmax-a 100 --kickrank-v 10 --kickrank-a 10 --eps-cross-v 0.001 --eps-cross-a 0.001 --eps-round-v 0.001 --eps-round-a 0.001 --n-samples 50
HM12_actuator_relabelled,8,8,2026,0,8,hybrid_pam,/home/s110/code/ttpi_iclr/repro/results/HM12_actuator_relabelled_state40_action50_iter30_orderhybrid_pam_seed8_formal5080.json,/home/s110/miniconda3/envs/tt_5080/bin/python3 /home/s110/code/ttpi_iclr/repro/scripts/run_hardmove.py --n-actuator 12 --env-variant actuator_relabelled --training-seed 8 --environment-seed 2026 --permutation-seed 0 --state-sampling-seed 8 --action-order hybrid_pam --run-tag formal5080 --n-state 40 --n-action 50 --n-iter 30 --n-iter-v 1 --callback-freq 10 --n-test 100 --device cuda --max-batch-v 10000 --max-batch-a 100000 --nswp-v 5 --nswp-a 10 --rmax-v 100 --rmax-a 100 --kickrank-v 10 --kickrank-a 10 --eps-cross-v 0.001 --eps-cross-a 0.001 --eps-round-v 0.001 --eps-round-a 0.001 --n-samples 50
HM12_actuator_relabelled,9,9,2026,0,9,local,/home/s110/code/ttpi_iclr/repro/results/HM12_actuator_relabelled_state40_action50_iter30_orderlocal_seed9_formal5080.json,/home/s110/miniconda3/envs/tt_5080/bin/python3 /home/s110/code/ttpi_iclr/repro/scripts/run_hardmove.py --n-actuator 12 --env-variant actuator_relabelled --training-seed 9 --environment-seed 2026 --permutation-seed 0 --state-sampling-seed 9 --action-order local --run-tag formal5080 --n-state 40 --n-action 50 --n-iter 30 --n-iter-v 1 --callback-freq 10 --n-test 100 --device cuda --max-batch-v 10000 --max-batch-a 100000 --nswp-v 5 --nswp-a 10 --rmax-v 100 --rmax-a 100 --kickrank-v 10 --kickrank-a 10 --eps-cross-v 0.001 --eps-cross-a 0.001 --eps-round-v 0.001 --eps-round-a 0.001 --n-samples 50
HM12_actuator_relabelled,9,9,2026,0,9,random,/home/s110/code/ttpi_iclr/repro/results/HM12_actuator_relabelled_state40_action50_iter30_orderrandom_seed9_permseed0_formal5080.json,/home/s110/miniconda3/envs/tt_5080/bin/python3 /home/s110/code/ttpi_iclr/repro/scripts/run_hardmove.py --n-actuator 12 --env-variant actuator_relabelled --training-seed 9 --environment-seed 2026 --permutation-seed 0 --include-permutation-seed-in-run-id --state-sampling-seed 9 --action-order random --run-tag formal5080 --n-state 40 --n-action 50 --n-iter 30 --n-iter-v 1 --callback-freq 10 --n-test 100 --device cuda --max-batch-v 10000 --max-batch-a 100000 --nswp-v 5 --nswp-a 10 --rmax-v 100 --rmax-a 100 --kickrank-v 10 --kickrank-a 10 --eps-cross-v 0.001 --eps-cross-a 0.001 --eps-round-v 0.001 --eps-round-a 0.001 --n-samples 50
HM12_actuator_relabelled,9,9,2026,1,9,random,/home/s110/code/ttpi_iclr/repro/results/HM12_actuator_relabelled_state40_action50_iter30_orderrandom_seed9_permseed1_formal5080.json,/home/s110/miniconda3/envs/tt_5080/bin/python3 /home/s110/code/ttpi_iclr/repro/scripts/run_hardmove.py --n-actuator 12 --env-variant actuator_relabelled --training-seed 9 --environment-seed 2026 --permutation-seed 1 --include-permutation-seed-in-run-id --state-sampling-seed 9 --action-order random --run-tag formal5080 --n-state 40 --n-action 50 --n-iter 30 --n-iter-v 1 --callback-freq 10 --n-test 100 --device cuda --max-batch-v 10000 --max-batch-a 100000 --nswp-v 5 --nswp-a 10 --rmax-v 100 --rmax-a 100 --kickrank-v 10 --kickrank-a 10 --eps-cross-v 0.001 --eps-cross-a 0.001 --eps-round-v 0.001 --eps-round-a 0.001 --n-samples 50
HM12_actuator_relabelled,9,9,2026,2,9,random,/home/s110/code/ttpi_iclr/repro/results/HM12_actuator_relabelled_state40_action50_iter30_orderrandom_seed9_permseed2_formal5080.json,/home/s110/miniconda3/envs/tt_5080/bin/python3 /home/s110/code/ttpi_iclr/repro/scripts/run_hardmove.py --n-actuator 12 --env-variant actuator_relabelled --training-seed 9 --environment-seed 2026 --permutation-seed 2 --include-permutation-seed-in-run-id --state-sampling-seed 9 --action-order random --run-tag formal5080 --n-state 40 --n-action 50 --n-iter 30 --n-iter-v 1 --callback-freq 10 --n-test 100 --device cuda --max-batch-v 10000 --max-batch-a 100000 --nswp-v 5 --nswp-a 10 --rmax-v 100 --rmax-a 100 --kickrank-v 10 --kickrank-a 10 --eps-cross-v 0.001 --eps-cross-a 0.001 --eps-round-v 0.001 --eps-round-a 0.001 --n-samples 50
HM12_actuator_relabelled,9,9,2026,0,9,badsplit,/home/s110/code/ttpi_iclr/repro/results/HM12_actuator_relabelled_state40_action50_iter30_orderbadsplit_seed9_formal5080.json,/home/s110/miniconda3/envs/tt_5080/bin/python3 /home/s110/code/ttpi_iclr/repro/scripts/run_hardmove.py --n-actuator 12 --env-variant actuator_relabelled --training-seed 9 --environment-seed 2026 --permutation-seed 0 --state-sampling-seed 9 --action-order badsplit --run-tag formal5080 --n-state 40 --n-action 50 --n-iter 30 --n-iter-v 1 --callback-freq 10 --n-test 100 --device cuda --max-batch-v 10000 --max-batch-a 100000 --nswp-v 5 --nswp-a 10 --rmax-v 100 --rmax-a 100 --kickrank-v 10 --kickrank-a 10 --eps-cross-v 0.001 --eps-cross-a 0.001 --eps-round-v 0.001 --eps-round-a 0.001 --n-samples 50
HM12_actuator_relabelled,9,9,2026,0,9,reverse_blocks,/home/s110/code/ttpi_iclr/repro/results/HM12_actuator_relabelled_state40_action50_iter30_orderreverse_blocks_seed9_formal5080.json,/home/s110/miniconda3/envs/tt_5080/bin/python3 /home/s110/code/ttpi_iclr/repro/scripts/run_hardmove.py --n-actuator 12 --env-variant actuator_relabelled --training-seed 9 --environment-seed 2026 --permutation-seed 0 --state-sampling-seed 9 --action-order reverse_blocks --run-tag formal5080 --n-state 40 --n-action 50 --n-iter 30 --n-iter-v 1 --callback-freq 10 --n-test 100 --device cuda --max-batch-v 10000 --max-batch-a 100000 --nswp-v 5 --nswp-a 10 --rmax-v 100 --rmax-a 100 --kickrank-v 10 --kickrank-a 10 --eps-cross-v 0.001 --eps-cross-a 0.001 --eps-round-v 0.001 --eps-round-a 0.001 --n-samples 50
HM12_actuator_relabelled,9,9,2026,0,9,flip_within_block,/home/s110/code/ttpi_iclr/repro/results/HM12_actuator_relabelled_state40_action50_iter30_orderflip_within_block_seed9_formal5080.json,/home/s110/miniconda3/envs/tt_5080/bin/python3 /home/s110/code/ttpi_iclr/repro/scripts/run_hardmove.py --n-actuator 12 --env-variant actuator_relabelled --training-seed 9 --environment-seed 2026 --permutation-seed 0 --state-sampling-seed 9 --action-order flip_within_block --run-tag formal5080 --n-state 40 --n-action 50 --n-iter 30 --n-iter-v 1 --callback-freq 10 --n-test 100 --device cuda --max-batch-v 10000 --max-batch-a 100000 --nswp-v 5 --nswp-a 10 --rmax-v 100 --rmax-a 100 --kickrank-v 10 --kickrank-a 10 --eps-cross-v 0.001 --eps-cross-a 0.001 --eps-round-v 0.001 --eps-round-a 0.001 --n-samples 50
HM12_actuator_relabelled,9,9,2026,0,9,pam_greedy,/home/s110/code/ttpi_iclr/repro/results/HM12_actuator_relabelled_state40_action50_iter30_orderpam_greedy_seed9_formal5080.json,/home/s110/miniconda3/envs/tt_5080/bin/python3 /home/s110/code/ttpi_iclr/repro/scripts/run_hardmove.py --n-actuator 12 --env-variant actuator_relabelled --training-seed 9 --environment-seed 2026 --permutation-seed 0 --state-sampling-seed 9 --action-order pam_greedy --run-tag formal5080 --n-state 40 --n-action 50 --n-iter 30 --n-iter-v 1 --callback-freq 10 --n-test 100 --device cuda --max-batch-v 10000 --max-batch-a 100000 --nswp-v 5 --nswp-a 10 --rmax-v 100 --rmax-a 100 --kickrank-v 10 --kickrank-a 10 --eps-cross-v 0.001 --eps-cross-a 0.001 --eps-round-v 0.001 --eps-round-a 0.001 --n-samples 50
HM12_actuator_relabelled,9,9,2026,0,9,pam_spectral,/home/s110/code/ttpi_iclr/repro/results/HM12_actuator_relabelled_state40_action50_iter30_orderpam_spectral_seed9_formal5080.json,/home/s110/miniconda3/envs/tt_5080/bin/python3 /home/s110/code/ttpi_iclr/repro/scripts/run_hardmove.py --n-actuator 12 --env-variant actuator_relabelled --training-seed 9 --environment-seed 2026 --permutation-seed 0 --state-sampling-seed 9 --action-order pam_spectral --run-tag formal5080 --n-state 40 --n-action 50 --n-iter 30 --n-iter-v 1 --callback-freq 10 --n-test 100 --device cuda --max-batch-v 10000 --max-batch-a 100000 --nswp-v 5 --nswp-a 10 --rmax-v 100 --rmax-a 100 --kickrank-v 10 --kickrank-a 10 --eps-cross-v 0.001 --eps-cross-a 0.001 --eps-round-v 0.001 --eps-round-a 0.001 --n-samples 50
HM12_actuator_relabelled,9,9,2026,0,9,block_pam,/home/s110/code/ttpi_iclr/repro/results/HM12_actuator_relabelled_state40_action50_iter30_orderblock_pam_seed9_formal5080.json,/home/s110/miniconda3/envs/tt_5080/bin/python3 /home/s110/code/ttpi_iclr/repro/scripts/run_hardmove.py --n-actuator 12 --env-variant actuator_relabelled --training-seed 9 --environment-seed 2026 --permutation-seed 0 --state-sampling-seed 9 --action-order block_pam --run-tag formal5080 --n-state 40 --n-action 50 --n-iter 30 --n-iter-v 1 --callback-freq 10 --n-test 100 --device cuda --max-batch-v 10000 --max-batch-a 100000 --nswp-v 5 --nswp-a 10 --rmax-v 100 --rmax-a 100 --kickrank-v 10 --kickrank-a 10 --eps-cross-v 0.001 --eps-cross-a 0.001 --eps-round-v 0.001 --eps-round-a 0.001 --n-samples 50
HM12_actuator_relabelled,9,9,2026,0,9,free_pam,/home/s110/code/ttpi_iclr/repro/results/HM12_actuator_relabelled_state40_action50_iter30_orderfree_pam_seed9_formal5080.json,/home/s110/miniconda3/envs/tt_5080/bin/python3 /home/s110/code/ttpi_iclr/repro/scripts/run_hardmove.py --n-actuator 12 --env-variant actuator_relabelled --training-seed 9 --environment-seed 2026 --permutation-seed 0 --state-sampling-seed 9 --action-order free_pam --run-tag formal5080 --n-state 40 --n-action 50 --n-iter 30 --n-iter-v 1 --callback-freq 10 --n-test 100 --device cuda --max-batch-v 10000 --max-batch-a 100000 --nswp-v 5 --nswp-a 10 --rmax-v 100 --rmax-a 100 --kickrank-v 10 --kickrank-a 10 --eps-cross-v 0.001 --eps-cross-a 0.001 --eps-round-v 0.001 --eps-round-a 0.001 --n-samples 50
HM12_actuator_relabelled,9,9,2026,0,9,peakcut_pam,/home/s110/code/ttpi_iclr/repro/results/HM12_actuator_relabelled_state40_action50_iter30_orderpeakcut_pam_seed9_formal5080.json,/home/s110/miniconda3/envs/tt_5080/bin/python3 /home/s110/code/ttpi_iclr/repro/scripts/run_hardmove.py --n-actuator 12 --env-variant actuator_relabelled --training-seed 9 --environment-seed 2026 --permutation-seed 0 --state-sampling-seed 9 --action-order peakcut_pam --run-tag formal5080 --n-state 40 --n-action 50 --n-iter 30 --n-iter-v 1 --callback-freq 10 --n-test 100 --device cuda --max-batch-v 10000 --max-batch-a 100000 --nswp-v 5 --nswp-a 10 --rmax-v 100 --rmax-a 100 --kickrank-v 10 --kickrank-a 10 --eps-cross-v 0.001 --eps-cross-a 0.001 --eps-round-v 0.001 --eps-round-a 0.001 --n-samples 50
HM12_actuator_relabelled,9,9,2026,0,9,sensitivity_pam,/home/s110/code/ttpi_iclr/repro/results/HM12_actuator_relabelled_state40_action50_iter30_ordersensitivity_pam_seed9_formal5080.json,/home/s110/miniconda3/envs/tt_5080/bin/python3 /home/s110/code/ttpi_iclr/repro/scripts/run_hardmove.py --n-actuator 12 --env-variant actuator_relabelled --training-seed 9 --environment-seed 2026 --permutation-seed 0 --state-sampling-seed 9 --action-order sensitivity_pam --run-tag formal5080 --n-state 40 --n-action 50 --n-iter 30 --n-iter-v 1 --callback-freq 10 --n-test 100 --device cuda --max-batch-v 10000 --max-batch-a 100000 --nswp-v 5 --nswp-a 10 --rmax-v 100 --rmax-a 100 --kickrank-v 10 --kickrank-a 10 --eps-cross-v 0.001 --eps-cross-a 0.001 --eps-round-v 0.001 --eps-round-a 0.001 --n-samples 50
HM12_actuator_relabelled,9,9,2026,0,9,rankaware_proxy_pam,/home/s110/code/ttpi_iclr/repro/results/HM12_actuator_relabelled_state40_action50_iter30_orderrankaware_proxy_pam_seed9_formal5080.json,/home/s110/miniconda3/envs/tt_5080/bin/python3 /home/s110/code/ttpi_iclr/repro/scripts/run_hardmove.py --n-actuator 12 --env-variant actuator_relabelled --training-seed 9 --environment-seed 2026 --permutation-seed 0 --state-sampling-seed 9 --action-order rankaware_proxy_pam --run-tag formal5080 --n-state 40 --n-action 50 --n-iter 30 --n-iter-v 1 --callback-freq 10 --n-test 100 --device cuda --max-batch-v 10000 --max-batch-a 100000 --nswp-v 5 --nswp-a 10 --rmax-v 100 --rmax-a 100 --kickrank-v 10 --kickrank-a 10 --eps-cross-v 0.001 --eps-cross-a 0.001 --eps-round-v 0.001 --eps-round-a 0.001 --n-samples 50
HM12_actuator_relabelled,9,9,2026,0,9,hybrid_pam,/home/s110/code/ttpi_iclr/repro/results/HM12_actuator_relabelled_state40_action50_iter30_orderhybrid_pam_seed9_formal5080.json,/home/s110/miniconda3/envs/tt_5080/bin/python3 /home/s110/code/ttpi_iclr/repro/scripts/run_hardmove.py --n-actuator 12 --env-variant actuator_relabelled --training-seed 9 --environment-seed 2026 --permutation-seed 0 --state-sampling-seed 9 --action-order hybrid_pam --run-tag formal5080 --n-state 40 --n-action 50 --n-iter 30 --n-iter-v 1 --callback-freq 10 --n-test 100 --device cuda --max-batch-v 10000 --max-batch-a 100000 --nswp-v 5 --nswp-a 10 --rmax-v 100 --rmax-a 100 --kickrank-v 10 --kickrank-a 10 --eps-cross-v 0.001 --eps-cross-a 0.001 --eps-round-v 0.001 --eps-round-a 0.001 --n-samples 50
HM8_cross_coupled,0,0,2026,0,0,local,/home/s110/code/ttpi_iclr/repro/results/HM8_cross_coupled_state40_action50_iter30_orderlocal_seed0_formal5080.json,/home/s110/miniconda3/envs/tt_5080/bin/python3 /home/s110/code/ttpi_iclr/repro/scripts/run_hardmove.py --n-actuator 8 --env-variant cross_coupled --training-seed 0 --environment-seed 2026 --permutation-seed 0 --state-sampling-seed 0 --action-order local --run-tag formal5080 --n-state 40 --n-action 50 --n-iter 30 --n-iter-v 1 --callback-freq 10 --n-test 100 --device cuda --max-batch-v 10000 --max-batch-a 100000 --nswp-v 5 --nswp-a 10 --rmax-v 100 --rmax-a 100 --kickrank-v 10 --kickrank-a 10 --eps-cross-v 0.001 --eps-cross-a 0.001 --eps-round-v 0.001 --eps-round-a 0.001 --n-samples 50
HM8_cross_coupled,0,0,2026,0,0,random,/home/s110/code/ttpi_iclr/repro/results/HM8_cross_coupled_state40_action50_iter30_orderrandom_seed0_permseed0_formal5080.json,/home/s110/miniconda3/envs/tt_5080/bin/python3 /home/s110/code/ttpi_iclr/repro/scripts/run_hardmove.py --n-actuator 8 --env-variant cross_coupled --training-seed 0 --environment-seed 2026 --permutation-seed 0 --include-permutation-seed-in-run-id --state-sampling-seed 0 --action-order random --run-tag formal5080 --n-state 40 --n-action 50 --n-iter 30 --n-iter-v 1 --callback-freq 10 --n-test 100 --device cuda --max-batch-v 10000 --max-batch-a 100000 --nswp-v 5 --nswp-a 10 --rmax-v 100 --rmax-a 100 --kickrank-v 10 --kickrank-a 10 --eps-cross-v 0.001 --eps-cross-a 0.001 --eps-round-v 0.001 --eps-round-a 0.001 --n-samples 50
HM8_cross_coupled,0,0,2026,1,0,random,/home/s110/code/ttpi_iclr/repro/results/HM8_cross_coupled_state40_action50_iter30_orderrandom_seed0_permseed1_formal5080.json,/home/s110/miniconda3/envs/tt_5080/bin/python3 /home/s110/code/ttpi_iclr/repro/scripts/run_hardmove.py --n-actuator 8 --env-variant cross_coupled --training-seed 0 --environment-seed 2026 --permutation-seed 1 --include-permutation-seed-in-run-id --state-sampling-seed 0 --action-order random --run-tag formal5080 --n-state 40 --n-action 50 --n-iter 30 --n-iter-v 1 --callback-freq 10 --n-test 100 --device cuda --max-batch-v 10000 --max-batch-a 100000 --nswp-v 5 --nswp-a 10 --rmax-v 100 --rmax-a 100 --kickrank-v 10 --kickrank-a 10 --eps-cross-v 0.001 --eps-cross-a 0.001 --eps-round-v 0.001 --eps-round-a 0.001 --n-samples 50
HM8_cross_coupled,0,0,2026,2,0,random,/home/s110/code/ttpi_iclr/repro/results/HM8_cross_coupled_state40_action50_iter30_orderrandom_seed0_permseed2_formal5080.json,/home/s110/miniconda3/envs/tt_5080/bin/python3 /home/s110/code/ttpi_iclr/repro/scripts/run_hardmove.py --n-actuator 8 --env-variant cross_coupled --training-seed 0 --environment-seed 2026 --permutation-seed 2 --include-permutation-seed-in-run-id --state-sampling-seed 0 --action-order random --run-tag formal5080 --n-state 40 --n-action 50 --n-iter 30 --n-iter-v 1 --callback-freq 10 --n-test 100 --device cuda --max-batch-v 10000 --max-batch-a 100000 --nswp-v 5 --nswp-a 10 --rmax-v 100 --rmax-a 100 --kickrank-v 10 --kickrank-a 10 --eps-cross-v 0.001 --eps-cross-a 0.001 --eps-round-v 0.001 --eps-round-a 0.001 --n-samples 50
HM8_cross_coupled,0,0,2026,0,0,badsplit,/home/s110/code/ttpi_iclr/repro/results/HM8_cross_coupled_state40_action50_iter30_orderbadsplit_seed0_formal5080.json,/home/s110/miniconda3/envs/tt_5080/bin/python3 /home/s110/code/ttpi_iclr/repro/scripts/run_hardmove.py --n-actuator 8 --env-variant cross_coupled --training-seed 0 --environment-seed 2026 --permutation-seed 0 --state-sampling-seed 0 --action-order badsplit --run-tag formal5080 --n-state 40 --n-action 50 --n-iter 30 --n-iter-v 1 --callback-freq 10 --n-test 100 --device cuda --max-batch-v 10000 --max-batch-a 100000 --nswp-v 5 --nswp-a 10 --rmax-v 100 --rmax-a 100 --kickrank-v 10 --kickrank-a 10 --eps-cross-v 0.001 --eps-cross-a 0.001 --eps-round-v 0.001 --eps-round-a 0.001 --n-samples 50
HM8_cross_coupled,0,0,2026,0,0,reverse_blocks,/home/s110/code/ttpi_iclr/repro/results/HM8_cross_coupled_state40_action50_iter30_orderreverse_blocks_seed0_formal5080.json,/home/s110/miniconda3/envs/tt_5080/bin/python3 /home/s110/code/ttpi_iclr/repro/scripts/run_hardmove.py --n-actuator 8 --env-variant cross_coupled --training-seed 0 --environment-seed 2026 --permutation-seed 0 --state-sampling-seed 0 --action-order reverse_blocks --run-tag formal5080 --n-state 40 --n-action 50 --n-iter 30 --n-iter-v 1 --callback-freq 10 --n-test 100 --device cuda --max-batch-v 10000 --max-batch-a 100000 --nswp-v 5 --nswp-a 10 --rmax-v 100 --rmax-a 100 --kickrank-v 10 --kickrank-a 10 --eps-cross-v 0.001 --eps-cross-a 0.001 --eps-round-v 0.001 --eps-round-a 0.001 --n-samples 50
HM8_cross_coupled,0,0,2026,0,0,flip_within_block,/home/s110/code/ttpi_iclr/repro/results/HM8_cross_coupled_state40_action50_iter30_orderflip_within_block_seed0_formal5080.json,/home/s110/miniconda3/envs/tt_5080/bin/python3 /home/s110/code/ttpi_iclr/repro/scripts/run_hardmove.py --n-actuator 8 --env-variant cross_coupled --training-seed 0 --environment-seed 2026 --permutation-seed 0 --state-sampling-seed 0 --action-order flip_within_block --run-tag formal5080 --n-state 40 --n-action 50 --n-iter 30 --n-iter-v 1 --callback-freq 10 --n-test 100 --device cuda --max-batch-v 10000 --max-batch-a 100000 --nswp-v 5 --nswp-a 10 --rmax-v 100 --rmax-a 100 --kickrank-v 10 --kickrank-a 10 --eps-cross-v 0.001 --eps-cross-a 0.001 --eps-round-v 0.001 --eps-round-a 0.001 --n-samples 50
HM8_cross_coupled,0,0,2026,0,0,pam_greedy,/home/s110/code/ttpi_iclr/repro/results/HM8_cross_coupled_state40_action50_iter30_orderpam_greedy_seed0_formal5080.json,/home/s110/miniconda3/envs/tt_5080/bin/python3 /home/s110/code/ttpi_iclr/repro/scripts/run_hardmove.py --n-actuator 8 --env-variant cross_coupled --training-seed 0 --environment-seed 2026 --permutation-seed 0 --state-sampling-seed 0 --action-order pam_greedy --run-tag formal5080 --n-state 40 --n-action 50 --n-iter 30 --n-iter-v 1 --callback-freq 10 --n-test 100 --device cuda --max-batch-v 10000 --max-batch-a 100000 --nswp-v 5 --nswp-a 10 --rmax-v 100 --rmax-a 100 --kickrank-v 10 --kickrank-a 10 --eps-cross-v 0.001 --eps-cross-a 0.001 --eps-round-v 0.001 --eps-round-a 0.001 --n-samples 50
HM8_cross_coupled,0,0,2026,0,0,pam_spectral,/home/s110/code/ttpi_iclr/repro/results/HM8_cross_coupled_state40_action50_iter30_orderpam_spectral_seed0_formal5080.json,/home/s110/miniconda3/envs/tt_5080/bin/python3 /home/s110/code/ttpi_iclr/repro/scripts/run_hardmove.py --n-actuator 8 --env-variant cross_coupled --training-seed 0 --environment-seed 2026 --permutation-seed 0 --state-sampling-seed 0 --action-order pam_spectral --run-tag formal5080 --n-state 40 --n-action 50 --n-iter 30 --n-iter-v 1 --callback-freq 10 --n-test 100 --device cuda --max-batch-v 10000 --max-batch-a 100000 --nswp-v 5 --nswp-a 10 --rmax-v 100 --rmax-a 100 --kickrank-v 10 --kickrank-a 10 --eps-cross-v 0.001 --eps-cross-a 0.001 --eps-round-v 0.001 --eps-round-a 0.001 --n-samples 50
HM8_cross_coupled,0,0,2026,0,0,block_pam,/home/s110/code/ttpi_iclr/repro/results/HM8_cross_coupled_state40_action50_iter30_orderblock_pam_seed0_formal5080.json,/home/s110/miniconda3/envs/tt_5080/bin/python3 /home/s110/code/ttpi_iclr/repro/scripts/run_hardmove.py --n-actuator 8 --env-variant cross_coupled --training-seed 0 --environment-seed 2026 --permutation-seed 0 --state-sampling-seed 0 --action-order block_pam --run-tag formal5080 --n-state 40 --n-action 50 --n-iter 30 --n-iter-v 1 --callback-freq 10 --n-test 100 --device cuda --max-batch-v 10000 --max-batch-a 100000 --nswp-v 5 --nswp-a 10 --rmax-v 100 --rmax-a 100 --kickrank-v 10 --kickrank-a 10 --eps-cross-v 0.001 --eps-cross-a 0.001 --eps-round-v 0.001 --eps-round-a 0.001 --n-samples 50
HM8_cross_coupled,0,0,2026,0,0,free_pam,/home/s110/code/ttpi_iclr/repro/results/HM8_cross_coupled_state40_action50_iter30_orderfree_pam_seed0_formal5080.json,/home/s110/miniconda3/envs/tt_5080/bin/python3 /home/s110/code/ttpi_iclr/repro/scripts/run_hardmove.py --n-actuator 8 --env-variant cross_coupled --training-seed 0 --environment-seed 2026 --permutation-seed 0 --state-sampling-seed 0 --action-order free_pam --run-tag formal5080 --n-state 40 --n-action 50 --n-iter 30 --n-iter-v 1 --callback-freq 10 --n-test 100 --device cuda --max-batch-v 10000 --max-batch-a 100000 --nswp-v 5 --nswp-a 10 --rmax-v 100 --rmax-a 100 --kickrank-v 10 --kickrank-a 10 --eps-cross-v 0.001 --eps-cross-a 0.001 --eps-round-v 0.001 --eps-round-a 0.001 --n-samples 50
HM8_cross_coupled,0,0,2026,0,0,peakcut_pam,/home/s110/code/ttpi_iclr/repro/results/HM8_cross_coupled_state40_action50_iter30_orderpeakcut_pam_seed0_formal5080.json,/home/s110/miniconda3/envs/tt_5080/bin/python3 /home/s110/code/ttpi_iclr/repro/scripts/run_hardmove.py --n-actuator 8 --env-variant cross_coupled --training-seed 0 --environment-seed 2026 --permutation-seed 0 --state-sampling-seed 0 --action-order peakcut_pam --run-tag formal5080 --n-state 40 --n-action 50 --n-iter 30 --n-iter-v 1 --callback-freq 10 --n-test 100 --device cuda --max-batch-v 10000 --max-batch-a 100000 --nswp-v 5 --nswp-a 10 --rmax-v 100 --rmax-a 100 --kickrank-v 10 --kickrank-a 10 --eps-cross-v 0.001 --eps-cross-a 0.001 --eps-round-v 0.001 --eps-round-a 0.001 --n-samples 50
HM8_cross_coupled,0,0,2026,0,0,sensitivity_pam,/home/s110/code/ttpi_iclr/repro/results/HM8_cross_coupled_state40_action50_iter30_ordersensitivity_pam_seed0_formal5080.json,/home/s110/miniconda3/envs/tt_5080/bin/python3 /home/s110/code/ttpi_iclr/repro/scripts/run_hardmove.py --n-actuator 8 --env-variant cross_coupled --training-seed 0 --environment-seed 2026 --permutation-seed 0 --state-sampling-seed 0 --action-order sensitivity_pam --run-tag formal5080 --n-state 40 --n-action 50 --n-iter 30 --n-iter-v 1 --callback-freq 10 --n-test 100 --device cuda --max-batch-v 10000 --max-batch-a 100000 --nswp-v 5 --nswp-a 10 --rmax-v 100 --rmax-a 100 --kickrank-v 10 --kickrank-a 10 --eps-cross-v 0.001 --eps-cross-a 0.001 --eps-round-v 0.001 --eps-round-a 0.001 --n-samples 50
HM8_cross_coupled,0,0,2026,0,0,rankaware_proxy_pam,/home/s110/code/ttpi_iclr/repro/results/HM8_cross_coupled_state40_action50_iter30_orderrankaware_proxy_pam_seed0_formal5080.json,/home/s110/miniconda3/envs/tt_5080/bin/python3 /home/s110/code/ttpi_iclr/repro/scripts/run_hardmove.py --n-actuator 8 --env-variant cross_coupled --training-seed 0 --environment-seed 2026 --permutation-seed 0 --state-sampling-seed 0 --action-order rankaware_proxy_pam --run-tag formal5080 --n-state 40 --n-action 50 --n-iter 30 --n-iter-v 1 --callback-freq 10 --n-test 100 --device cuda --max-batch-v 10000 --max-batch-a 100000 --nswp-v 5 --nswp-a 10 --rmax-v 100 --rmax-a 100 --kickrank-v 10 --kickrank-a 10 --eps-cross-v 0.001 --eps-cross-a 0.001 --eps-round-v 0.001 --eps-round-a 0.001 --n-samples 50
HM8_cross_coupled,0,0,2026,0,0,hybrid_pam,/home/s110/code/ttpi_iclr/repro/results/HM8_cross_coupled_state40_action50_iter30_orderhybrid_pam_seed0_formal5080.json,/home/s110/miniconda3/envs/tt_5080/bin/python3 /home/s110/code/ttpi_iclr/repro/scripts/run_hardmove.py --n-actuator 8 --env-variant cross_coupled --training-seed 0 --environment-seed 2026 --permutation-seed 0 --state-sampling-seed 0 --action-order hybrid_pam --run-tag formal5080 --n-state 40 --n-action 50 --n-iter 30 --n-iter-v 1 --callback-freq 10 --n-test 100 --device cuda --max-batch-v 10000 --max-batch-a 100000 --nswp-v 5 --nswp-a 10 --rmax-v 100 --rmax-a 100 --kickrank-v 10 --kickrank-a 10 --eps-cross-v 0.001 --eps-cross-a 0.001 --eps-round-v 0.001 --eps-round-a 0.001 --n-samples 50
HM8_cross_coupled,1,1,2026,0,1,local,/home/s110/code/ttpi_iclr/repro/results/HM8_cross_coupled_state40_action50_iter30_orderlocal_seed1_formal5080.json,/home/s110/miniconda3/envs/tt_5080/bin/python3 /home/s110/code/ttpi_iclr/repro/scripts/run_hardmove.py --n-actuator 8 --env-variant cross_coupled --training-seed 1 --environment-seed 2026 --permutation-seed 0 --state-sampling-seed 1 --action-order local --run-tag formal5080 --n-state 40 --n-action 50 --n-iter 30 --n-iter-v 1 --callback-freq 10 --n-test 100 --device cuda --max-batch-v 10000 --max-batch-a 100000 --nswp-v 5 --nswp-a 10 --rmax-v 100 --rmax-a 100 --kickrank-v 10 --kickrank-a 10 --eps-cross-v 0.001 --eps-cross-a 0.001 --eps-round-v 0.001 --eps-round-a 0.001 --n-samples 50
HM8_cross_coupled,1,1,2026,0,1,random,/home/s110/code/ttpi_iclr/repro/results/HM8_cross_coupled_state40_action50_iter30_orderrandom_seed1_permseed0_formal5080.json,/home/s110/miniconda3/envs/tt_5080/bin/python3 /home/s110/code/ttpi_iclr/repro/scripts/run_hardmove.py --n-actuator 8 --env-variant cross_coupled --training-seed 1 --environment-seed 2026 --permutation-seed 0 --include-permutation-seed-in-run-id --state-sampling-seed 1 --action-order random --run-tag formal5080 --n-state 40 --n-action 50 --n-iter 30 --n-iter-v 1 --callback-freq 10 --n-test 100 --device cuda --max-batch-v 10000 --max-batch-a 100000 --nswp-v 5 --nswp-a 10 --rmax-v 100 --rmax-a 100 --kickrank-v 10 --kickrank-a 10 --eps-cross-v 0.001 --eps-cross-a 0.001 --eps-round-v 0.001 --eps-round-a 0.001 --n-samples 50
HM8_cross_coupled,1,1,2026,1,1,random,/home/s110/code/ttpi_iclr/repro/results/HM8_cross_coupled_state40_action50_iter30_orderrandom_seed1_permseed1_formal5080.json,/home/s110/miniconda3/envs/tt_5080/bin/python3 /home/s110/code/ttpi_iclr/repro/scripts/run_hardmove.py --n-actuator 8 --env-variant cross_coupled --training-seed 1 --environment-seed 2026 --permutation-seed 1 --include-permutation-seed-in-run-id --state-sampling-seed 1 --action-order random --run-tag formal5080 --n-state 40 --n-action 50 --n-iter 30 --n-iter-v 1 --callback-freq 10 --n-test 100 --device cuda --max-batch-v 10000 --max-batch-a 100000 --nswp-v 5 --nswp-a 10 --rmax-v 100 --rmax-a 100 --kickrank-v 10 --kickrank-a 10 --eps-cross-v 0.001 --eps-cross-a 0.001 --eps-round-v 0.001 --eps-round-a 0.001 --n-samples 50
HM8_cross_coupled,1,1,2026,2,1,random,/home/s110/code/ttpi_iclr/repro/results/HM8_cross_coupled_state40_action50_iter30_orderrandom_seed1_permseed2_formal5080.json,/home/s110/miniconda3/envs/tt_5080/bin/python3 /home/s110/code/ttpi_iclr/repro/scripts/run_hardmove.py --n-actuator 8 --env-variant cross_coupled --training-seed 1 --environment-seed 2026 --permutation-seed 2 --include-permutation-seed-in-run-id --state-sampling-seed 1 --action-order random --run-tag formal5080 --n-state 40 --n-action 50 --n-iter 30 --n-iter-v 1 --callback-freq 10 --n-test 100 --device cuda --max-batch-v 10000 --max-batch-a 100000 --nswp-v 5 --nswp-a 10 --rmax-v 100 --rmax-a 100 --kickrank-v 10 --kickrank-a 10 --eps-cross-v 0.001 --eps-cross-a 0.001 --eps-round-v 0.001 --eps-round-a 0.001 --n-samples 50
HM8_cross_coupled,1,1,2026,0,1,badsplit,/home/s110/code/ttpi_iclr/repro/results/HM8_cross_coupled_state40_action50_iter30_orderbadsplit_seed1_formal5080.json,/home/s110/miniconda3/envs/tt_5080/bin/python3 /home/s110/code/ttpi_iclr/repro/scripts/run_hardmove.py --n-actuator 8 --env-variant cross_coupled --training-seed 1 --environment-seed 2026 --permutation-seed 0 --state-sampling-seed 1 --action-order badsplit --run-tag formal5080 --n-state 40 --n-action 50 --n-iter 30 --n-iter-v 1 --callback-freq 10 --n-test 100 --device cuda --max-batch-v 10000 --max-batch-a 100000 --nswp-v 5 --nswp-a 10 --rmax-v 100 --rmax-a 100 --kickrank-v 10 --kickrank-a 10 --eps-cross-v 0.001 --eps-cross-a 0.001 --eps-round-v 0.001 --eps-round-a 0.001 --n-samples 50
HM8_cross_coupled,1,1,2026,0,1,reverse_blocks,/home/s110/code/ttpi_iclr/repro/results/HM8_cross_coupled_state40_action50_iter30_orderreverse_blocks_seed1_formal5080.json,/home/s110/miniconda3/envs/tt_5080/bin/python3 /home/s110/code/ttpi_iclr/repro/scripts/run_hardmove.py --n-actuator 8 --env-variant cross_coupled --training-seed 1 --environment-seed 2026 --permutation-seed 0 --state-sampling-seed 1 --action-order reverse_blocks --run-tag formal5080 --n-state 40 --n-action 50 --n-iter 30 --n-iter-v 1 --callback-freq 10 --n-test 100 --device cuda --max-batch-v 10000 --max-batch-a 100000 --nswp-v 5 --nswp-a 10 --rmax-v 100 --rmax-a 100 --kickrank-v 10 --kickrank-a 10 --eps-cross-v 0.001 --eps-cross-a 0.001 --eps-round-v 0.001 --eps-round-a 0.001 --n-samples 50
HM8_cross_coupled,1,1,2026,0,1,flip_within_block,/home/s110/code/ttpi_iclr/repro/results/HM8_cross_coupled_state40_action50_iter30_orderflip_within_block_seed1_formal5080.json,/home/s110/miniconda3/envs/tt_5080/bin/python3 /home/s110/code/ttpi_iclr/repro/scripts/run_hardmove.py --n-actuator 8 --env-variant cross_coupled --training-seed 1 --environment-seed 2026 --permutation-seed 0 --state-sampling-seed 1 --action-order flip_within_block --run-tag formal5080 --n-state 40 --n-action 50 --n-iter 30 --n-iter-v 1 --callback-freq 10 --n-test 100 --device cuda --max-batch-v 10000 --max-batch-a 100000 --nswp-v 5 --nswp-a 10 --rmax-v 100 --rmax-a 100 --kickrank-v 10 --kickrank-a 10 --eps-cross-v 0.001 --eps-cross-a 0.001 --eps-round-v 0.001 --eps-round-a 0.001 --n-samples 50
HM8_cross_coupled,1,1,2026,0,1,pam_greedy,/home/s110/code/ttpi_iclr/repro/results/HM8_cross_coupled_state40_action50_iter30_orderpam_greedy_seed1_formal5080.json,/home/s110/miniconda3/envs/tt_5080/bin/python3 /home/s110/code/ttpi_iclr/repro/scripts/run_hardmove.py --n-actuator 8 --env-variant cross_coupled --training-seed 1 --environment-seed 2026 --permutation-seed 0 --state-sampling-seed 1 --action-order pam_greedy --run-tag formal5080 --n-state 40 --n-action 50 --n-iter 30 --n-iter-v 1 --callback-freq 10 --n-test 100 --device cuda --max-batch-v 10000 --max-batch-a 100000 --nswp-v 5 --nswp-a 10 --rmax-v 100 --rmax-a 100 --kickrank-v 10 --kickrank-a 10 --eps-cross-v 0.001 --eps-cross-a 0.001 --eps-round-v 0.001 --eps-round-a 0.001 --n-samples 50
HM8_cross_coupled,1,1,2026,0,1,pam_spectral,/home/s110/code/ttpi_iclr/repro/results/HM8_cross_coupled_state40_action50_iter30_orderpam_spectral_seed1_formal5080.json,/home/s110/miniconda3/envs/tt_5080/bin/python3 /home/s110/code/ttpi_iclr/repro/scripts/run_hardmove.py --n-actuator 8 --env-variant cross_coupled --training-seed 1 --environment-seed 2026 --permutation-seed 0 --state-sampling-seed 1 --action-order pam_spectral --run-tag formal5080 --n-state 40 --n-action 50 --n-iter 30 --n-iter-v 1 --callback-freq 10 --n-test 100 --device cuda --max-batch-v 10000 --max-batch-a 100000 --nswp-v 5 --nswp-a 10 --rmax-v 100 --rmax-a 100 --kickrank-v 10 --kickrank-a 10 --eps-cross-v 0.001 --eps-cross-a 0.001 --eps-round-v 0.001 --eps-round-a 0.001 --n-samples 50
HM8_cross_coupled,1,1,2026,0,1,block_pam,/home/s110/code/ttpi_iclr/repro/results/HM8_cross_coupled_state40_action50_iter30_orderblock_pam_seed1_formal5080.json,/home/s110/miniconda3/envs/tt_5080/bin/python3 /home/s110/code/ttpi_iclr/repro/scripts/run_hardmove.py --n-actuator 8 --env-variant cross_coupled --training-seed 1 --environment-seed 2026 --permutation-seed 0 --state-sampling-seed 1 --action-order block_pam --run-tag formal5080 --n-state 40 --n-action 50 --n-iter 30 --n-iter-v 1 --callback-freq 10 --n-test 100 --device cuda --max-batch-v 10000 --max-batch-a 100000 --nswp-v 5 --nswp-a 10 --rmax-v 100 --rmax-a 100 --kickrank-v 10 --kickrank-a 10 --eps-cross-v 0.001 --eps-cross-a 0.001 --eps-round-v 0.001 --eps-round-a 0.001 --n-samples 50
HM8_cross_coupled,1,1,2026,0,1,free_pam,/home/s110/code/ttpi_iclr/repro/results/HM8_cross_coupled_state40_action50_iter30_orderfree_pam_seed1_formal5080.json,/home/s110/miniconda3/envs/tt_5080/bin/python3 /home/s110/code/ttpi_iclr/repro/scripts/run_hardmove.py --n-actuator 8 --env-variant cross_coupled --training-seed 1 --environment-seed 2026 --permutation-seed 0 --state-sampling-seed 1 --action-order free_pam --run-tag formal5080 --n-state 40 --n-action 50 --n-iter 30 --n-iter-v 1 --callback-freq 10 --n-test 100 --device cuda --max-batch-v 10000 --max-batch-a 100000 --nswp-v 5 --nswp-a 10 --rmax-v 100 --rmax-a 100 --kickrank-v 10 --kickrank-a 10 --eps-cross-v 0.001 --eps-cross-a 0.001 --eps-round-v 0.001 --eps-round-a 0.001 --n-samples 50
HM8_cross_coupled,1,1,2026,0,1,peakcut_pam,/home/s110/code/ttpi_iclr/repro/results/HM8_cross_coupled_state40_action50_iter30_orderpeakcut_pam_seed1_formal5080.json,/home/s110/miniconda3/envs/tt_5080/bin/python3 /home/s110/code/ttpi_iclr/repro/scripts/run_hardmove.py --n-actuator 8 --env-variant cross_coupled --training-seed 1 --environment-seed 2026 --permutation-seed 0 --state-sampling-seed 1 --action-order peakcut_pam --run-tag formal5080 --n-state 40 --n-action 50 --n-iter 30 --n-iter-v 1 --callback-freq 10 --n-test 100 --device cuda --max-batch-v 10000 --max-batch-a 100000 --nswp-v 5 --nswp-a 10 --rmax-v 100 --rmax-a 100 --kickrank-v 10 --kickrank-a 10 --eps-cross-v 0.001 --eps-cross-a 0.001 --eps-round-v 0.001 --eps-round-a 0.001 --n-samples 50
HM8_cross_coupled,1,1,2026,0,1,sensitivity_pam,/home/s110/code/ttpi_iclr/repro/results/HM8_cross_coupled_state40_action50_iter30_ordersensitivity_pam_seed1_formal5080.json,/home/s110/miniconda3/envs/tt_5080/bin/python3 /home/s110/code/ttpi_iclr/repro/scripts/run_hardmove.py --n-actuator 8 --env-variant cross_coupled --training-seed 1 --environment-seed 2026 --permutation-seed 0 --state-sampling-seed 1 --action-order sensitivity_pam --run-tag formal5080 --n-state 40 --n-action 50 --n-iter 30 --n-iter-v 1 --callback-freq 10 --n-test 100 --device cuda --max-batch-v 10000 --max-batch-a 100000 --nswp-v 5 --nswp-a 10 --rmax-v 100 --rmax-a 100 --kickrank-v 10 --kickrank-a 10 --eps-cross-v 0.001 --eps-cross-a 0.001 --eps-round-v 0.001 --eps-round-a 0.001 --n-samples 50
HM8_cross_coupled,1,1,2026,0,1,rankaware_proxy_pam,/home/s110/code/ttpi_iclr/repro/results/HM8_cross_coupled_state40_action50_iter30_orderrankaware_proxy_pam_seed1_formal5080.json,/home/s110/miniconda3/envs/tt_5080/bin/python3 /home/s110/code/ttpi_iclr/repro/scripts/run_hardmove.py --n-actuator 8 --env-variant cross_coupled --training-seed 1 --environment-seed 2026 --permutation-seed 0 --state-sampling-seed 1 --action-order rankaware_proxy_pam --run-tag formal5080 --n-state 40 --n-action 50 --n-iter 30 --n-iter-v 1 --callback-freq 10 --n-test 100 --device cuda --max-batch-v 10000 --max-batch-a 100000 --nswp-v 5 --nswp-a 10 --rmax-v 100 --rmax-a 100 --kickrank-v 10 --kickrank-a 10 --eps-cross-v 0.001 --eps-cross-a 0.001 --eps-round-v 0.001 --eps-round-a 0.001 --n-samples 50
HM8_cross_coupled,1,1,2026,0,1,hybrid_pam,/home/s110/code/ttpi_iclr/repro/results/HM8_cross_coupled_state40_action50_iter30_orderhybrid_pam_seed1_formal5080.json,/home/s110/miniconda3/envs/tt_5080/bin/python3 /home/s110/code/ttpi_iclr/repro/scripts/run_hardmove.py --n-actuator 8 --env-variant cross_coupled --training-seed 1 --environment-seed 2026 --permutation-seed 0 --state-sampling-seed 1 --action-order hybrid_pam --run-tag formal5080 --n-state 40 --n-action 50 --n-iter 30 --n-iter-v 1 --callback-freq 10 --n-test 100 --device cuda --max-batch-v 10000 --max-batch-a 100000 --nswp-v 5 --nswp-a 10 --rmax-v 100 --rmax-a 100 --kickrank-v 10 --kickrank-a 10 --eps-cross-v 0.001 --eps-cross-a 0.001 --eps-round-v 0.001 --eps-round-a 0.001 --n-samples 50
HM8_cross_coupled,2,2,2026,0,2,local,/home/s110/code/ttpi_iclr/repro/results/HM8_cross_coupled_state40_action50_iter30_orderlocal_seed2_formal5080.json,/home/s110/miniconda3/envs/tt_5080/bin/python3 /home/s110/code/ttpi_iclr/repro/scripts/run_hardmove.py --n-actuator 8 --env-variant cross_coupled --training-seed 2 --environment-seed 2026 --permutation-seed 0 --state-sampling-seed 2 --action-order local --run-tag formal5080 --n-state 40 --n-action 50 --n-iter 30 --n-iter-v 1 --callback-freq 10 --n-test 100 --device cuda --max-batch-v 10000 --max-batch-a 100000 --nswp-v 5 --nswp-a 10 --rmax-v 100 --rmax-a 100 --kickrank-v 10 --kickrank-a 10 --eps-cross-v 0.001 --eps-cross-a 0.001 --eps-round-v 0.001 --eps-round-a 0.001 --n-samples 50
HM8_cross_coupled,2,2,2026,0,2,random,/home/s110/code/ttpi_iclr/repro/results/HM8_cross_coupled_state40_action50_iter30_orderrandom_seed2_permseed0_formal5080.json,/home/s110/miniconda3/envs/tt_5080/bin/python3 /home/s110/code/ttpi_iclr/repro/scripts/run_hardmove.py --n-actuator 8 --env-variant cross_coupled --training-seed 2 --environment-seed 2026 --permutation-seed 0 --include-permutation-seed-in-run-id --state-sampling-seed 2 --action-order random --run-tag formal5080 --n-state 40 --n-action 50 --n-iter 30 --n-iter-v 1 --callback-freq 10 --n-test 100 --device cuda --max-batch-v 10000 --max-batch-a 100000 --nswp-v 5 --nswp-a 10 --rmax-v 100 --rmax-a 100 --kickrank-v 10 --kickrank-a 10 --eps-cross-v 0.001 --eps-cross-a 0.001 --eps-round-v 0.001 --eps-round-a 0.001 --n-samples 50
HM8_cross_coupled,2,2,2026,1,2,random,/home/s110/code/ttpi_iclr/repro/results/HM8_cross_coupled_state40_action50_iter30_orderrandom_seed2_permseed1_formal5080.json,/home/s110/miniconda3/envs/tt_5080/bin/python3 /home/s110/code/ttpi_iclr/repro/scripts/run_hardmove.py --n-actuator 8 --env-variant cross_coupled --training-seed 2 --environment-seed 2026 --permutation-seed 1 --include-permutation-seed-in-run-id --state-sampling-seed 2 --action-order random --run-tag formal5080 --n-state 40 --n-action 50 --n-iter 30 --n-iter-v 1 --callback-freq 10 --n-test 100 --device cuda --max-batch-v 10000 --max-batch-a 100000 --nswp-v 5 --nswp-a 10 --rmax-v 100 --rmax-a 100 --kickrank-v 10 --kickrank-a 10 --eps-cross-v 0.001 --eps-cross-a 0.001 --eps-round-v 0.001 --eps-round-a 0.001 --n-samples 50
HM8_cross_coupled,2,2,2026,2,2,random,/home/s110/code/ttpi_iclr/repro/results/HM8_cross_coupled_state40_action50_iter30_orderrandom_seed2_permseed2_formal5080.json,/home/s110/miniconda3/envs/tt_5080/bin/python3 /home/s110/code/ttpi_iclr/repro/scripts/run_hardmove.py --n-actuator 8 --env-variant cross_coupled --training-seed 2 --environment-seed 2026 --permutation-seed 2 --include-permutation-seed-in-run-id --state-sampling-seed 2 --action-order random --run-tag formal5080 --n-state 40 --n-action 50 --n-iter 30 --n-iter-v 1 --callback-freq 10 --n-test 100 --device cuda --max-batch-v 10000 --max-batch-a 100000 --nswp-v 5 --nswp-a 10 --rmax-v 100 --rmax-a 100 --kickrank-v 10 --kickrank-a 10 --eps-cross-v 0.001 --eps-cross-a 0.001 --eps-round-v 0.001 --eps-round-a 0.001 --n-samples 50
HM8_cross_coupled,2,2,2026,0,2,badsplit,/home/s110/code/ttpi_iclr/repro/results/HM8_cross_coupled_state40_action50_iter30_orderbadsplit_seed2_formal5080.json,/home/s110/miniconda3/envs/tt_5080/bin/python3 /home/s110/code/ttpi_iclr/repro/scripts/run_hardmove.py --n-actuator 8 --env-variant cross_coupled --training-seed 2 --environment-seed 2026 --permutation-seed 0 --state-sampling-seed 2 --action-order badsplit --run-tag formal5080 --n-state 40 --n-action 50 --n-iter 30 --n-iter-v 1 --callback-freq 10 --n-test 100 --device cuda --max-batch-v 10000 --max-batch-a 100000 --nswp-v 5 --nswp-a 10 --rmax-v 100 --rmax-a 100 --kickrank-v 10 --kickrank-a 10 --eps-cross-v 0.001 --eps-cross-a 0.001 --eps-round-v 0.001 --eps-round-a 0.001 --n-samples 50
HM8_cross_coupled,2,2,2026,0,2,reverse_blocks,/home/s110/code/ttpi_iclr/repro/results/HM8_cross_coupled_state40_action50_iter30_orderreverse_blocks_seed2_formal5080.json,/home/s110/miniconda3/envs/tt_5080/bin/python3 /home/s110/code/ttpi_iclr/repro/scripts/run_hardmove.py --n-actuator 8 --env-variant cross_coupled --training-seed 2 --environment-seed 2026 --permutation-seed 0 --state-sampling-seed 2 --action-order reverse_blocks --run-tag formal5080 --n-state 40 --n-action 50 --n-iter 30 --n-iter-v 1 --callback-freq 10 --n-test 100 --device cuda --max-batch-v 10000 --max-batch-a 100000 --nswp-v 5 --nswp-a 10 --rmax-v 100 --rmax-a 100 --kickrank-v 10 --kickrank-a 10 --eps-cross-v 0.001 --eps-cross-a 0.001 --eps-round-v 0.001 --eps-round-a 0.001 --n-samples 50
HM8_cross_coupled,2,2,2026,0,2,flip_within_block,/home/s110/code/ttpi_iclr/repro/results/HM8_cross_coupled_state40_action50_iter30_orderflip_within_block_seed2_formal5080.json,/home/s110/miniconda3/envs/tt_5080/bin/python3 /home/s110/code/ttpi_iclr/repro/scripts/run_hardmove.py --n-actuator 8 --env-variant cross_coupled --training-seed 2 --environment-seed 2026 --permutation-seed 0 --state-sampling-seed 2 --action-order flip_within_block --run-tag formal5080 --n-state 40 --n-action 50 --n-iter 30 --n-iter-v 1 --callback-freq 10 --n-test 100 --device cuda --max-batch-v 10000 --max-batch-a 100000 --nswp-v 5 --nswp-a 10 --rmax-v 100 --rmax-a 100 --kickrank-v 10 --kickrank-a 10 --eps-cross-v 0.001 --eps-cross-a 0.001 --eps-round-v 0.001 --eps-round-a 0.001 --n-samples 50
HM8_cross_coupled,2,2,2026,0,2,pam_greedy,/home/s110/code/ttpi_iclr/repro/results/HM8_cross_coupled_state40_action50_iter30_orderpam_greedy_seed2_formal5080.json,/home/s110/miniconda3/envs/tt_5080/bin/python3 /home/s110/code/ttpi_iclr/repro/scripts/run_hardmove.py --n-actuator 8 --env-variant cross_coupled --training-seed 2 --environment-seed 2026 --permutation-seed 0 --state-sampling-seed 2 --action-order pam_greedy --run-tag formal5080 --n-state 40 --n-action 50 --n-iter 30 --n-iter-v 1 --callback-freq 10 --n-test 100 --device cuda --max-batch-v 10000 --max-batch-a 100000 --nswp-v 5 --nswp-a 10 --rmax-v 100 --rmax-a 100 --kickrank-v 10 --kickrank-a 10 --eps-cross-v 0.001 --eps-cross-a 0.001 --eps-round-v 0.001 --eps-round-a 0.001 --n-samples 50
HM8_cross_coupled,2,2,2026,0,2,pam_spectral,/home/s110/code/ttpi_iclr/repro/results/HM8_cross_coupled_state40_action50_iter30_orderpam_spectral_seed2_formal5080.json,/home/s110/miniconda3/envs/tt_5080/bin/python3 /home/s110/code/ttpi_iclr/repro/scripts/run_hardmove.py --n-actuator 8 --env-variant cross_coupled --training-seed 2 --environment-seed 2026 --permutation-seed 0 --state-sampling-seed 2 --action-order pam_spectral --run-tag formal5080 --n-state 40 --n-action 50 --n-iter 30 --n-iter-v 1 --callback-freq 10 --n-test 100 --device cuda --max-batch-v 10000 --max-batch-a 100000 --nswp-v 5 --nswp-a 10 --rmax-v 100 --rmax-a 100 --kickrank-v 10 --kickrank-a 10 --eps-cross-v 0.001 --eps-cross-a 0.001 --eps-round-v 0.001 --eps-round-a 0.001 --n-samples 50
HM8_cross_coupled,2,2,2026,0,2,block_pam,/home/s110/code/ttpi_iclr/repro/results/HM8_cross_coupled_state40_action50_iter30_orderblock_pam_seed2_formal5080.json,/home/s110/miniconda3/envs/tt_5080/bin/python3 /home/s110/code/ttpi_iclr/repro/scripts/run_hardmove.py --n-actuator 8 --env-variant cross_coupled --training-seed 2 --environment-seed 2026 --permutation-seed 0 --state-sampling-seed 2 --action-order block_pam --run-tag formal5080 --n-state 40 --n-action 50 --n-iter 30 --n-iter-v 1 --callback-freq 10 --n-test 100 --device cuda --max-batch-v 10000 --max-batch-a 100000 --nswp-v 5 --nswp-a 10 --rmax-v 100 --rmax-a 100 --kickrank-v 10 --kickrank-a 10 --eps-cross-v 0.001 --eps-cross-a 0.001 --eps-round-v 0.001 --eps-round-a 0.001 --n-samples 50
HM8_cross_coupled,2,2,2026,0,2,free_pam,/home/s110/code/ttpi_iclr/repro/results/HM8_cross_coupled_state40_action50_iter30_orderfree_pam_seed2_formal5080.json,/home/s110/miniconda3/envs/tt_5080/bin/python3 /home/s110/code/ttpi_iclr/repro/scripts/run_hardmove.py --n-actuator 8 --env-variant cross_coupled --training-seed 2 --environment-seed 2026 --permutation-seed 0 --state-sampling-seed 2 --action-order free_pam --run-tag formal5080 --n-state 40 --n-action 50 --n-iter 30 --n-iter-v 1 --callback-freq 10 --n-test 100 --device cuda --max-batch-v 10000 --max-batch-a 100000 --nswp-v 5 --nswp-a 10 --rmax-v 100 --rmax-a 100 --kickrank-v 10 --kickrank-a 10 --eps-cross-v 0.001 --eps-cross-a 0.001 --eps-round-v 0.001 --eps-round-a 0.001 --n-samples 50
HM8_cross_coupled,2,2,2026,0,2,peakcut_pam,/home/s110/code/ttpi_iclr/repro/results/HM8_cross_coupled_state40_action50_iter30_orderpeakcut_pam_seed2_formal5080.json,/home/s110/miniconda3/envs/tt_5080/bin/python3 /home/s110/code/ttpi_iclr/repro/scripts/run_hardmove.py --n-actuator 8 --env-variant cross_coupled --training-seed 2 --environment-seed 2026 --permutation-seed 0 --state-sampling-seed 2 --action-order peakcut_pam --run-tag formal5080 --n-state 40 --n-action 50 --n-iter 30 --n-iter-v 1 --callback-freq 10 --n-test 100 --device cuda --max-batch-v 10000 --max-batch-a 100000 --nswp-v 5 --nswp-a 10 --rmax-v 100 --rmax-a 100 --kickrank-v 10 --kickrank-a 10 --eps-cross-v 0.001 --eps-cross-a 0.001 --eps-round-v 0.001 --eps-round-a 0.001 --n-samples 50
HM8_cross_coupled,2,2,2026,0,2,sensitivity_pam,/home/s110/code/ttpi_iclr/repro/results/HM8_cross_coupled_state40_action50_iter30_ordersensitivity_pam_seed2_formal5080.json,/home/s110/miniconda3/envs/tt_5080/bin/python3 /home/s110/code/ttpi_iclr/repro/scripts/run_hardmove.py --n-actuator 8 --env-variant cross_coupled --training-seed 2 --environment-seed 2026 --permutation-seed 0 --state-sampling-seed 2 --action-order sensitivity_pam --run-tag formal5080 --n-state 40 --n-action 50 --n-iter 30 --n-iter-v 1 --callback-freq 10 --n-test 100 --device cuda --max-batch-v 10000 --max-batch-a 100000 --nswp-v 5 --nswp-a 10 --rmax-v 100 --rmax-a 100 --kickrank-v 10 --kickrank-a 10 --eps-cross-v 0.001 --eps-cross-a 0.001 --eps-round-v 0.001 --eps-round-a 0.001 --n-samples 50
HM8_cross_coupled,2,2,2026,0,2,rankaware_proxy_pam,/home/s110/code/ttpi_iclr/repro/results/HM8_cross_coupled_state40_action50_iter30_orderrankaware_proxy_pam_seed2_formal5080.json,/home/s110/miniconda3/envs/tt_5080/bin/python3 /home/s110/code/ttpi_iclr/repro/scripts/run_hardmove.py --n-actuator 8 --env-variant cross_coupled --training-seed 2 --environment-seed 2026 --permutation-seed 0 --state-sampling-seed 2 --action-order rankaware_proxy_pam --run-tag formal5080 --n-state 40 --n-action 50 --n-iter 30 --n-iter-v 1 --callback-freq 10 --n-test 100 --device cuda --max-batch-v 10000 --max-batch-a 100000 --nswp-v 5 --nswp-a 10 --rmax-v 100 --rmax-a 100 --kickrank-v 10 --kickrank-a 10 --eps-cross-v 0.001 --eps-cross-a 0.001 --eps-round-v 0.001 --eps-round-a 0.001 --n-samples 50
HM8_cross_coupled,2,2,2026,0,2,hybrid_pam,/home/s110/code/ttpi_iclr/repro/results/HM8_cross_coupled_state40_action50_iter30_orderhybrid_pam_seed2_formal5080.json,/home/s110/miniconda3/envs/tt_5080/bin/python3 /home/s110/code/ttpi_iclr/repro/scripts/run_hardmove.py --n-actuator 8 --env-variant cross_coupled --training-seed 2 --environment-seed 2026 --permutation-seed 0 --state-sampling-seed 2 --action-order hybrid_pam --run-tag formal5080 --n-state 40 --n-action 50 --n-iter 30 --n-iter-v 1 --callback-freq 10 --n-test 100 --device cuda --max-batch-v 10000 --max-batch-a 100000 --nswp-v 5 --nswp-a 10 --rmax-v 100 --rmax-a 100 --kickrank-v 10 --kickrank-a 10 --eps-cross-v 0.001 --eps-cross-a 0.001 --eps-round-v 0.001 --eps-round-a 0.001 --n-samples 50
HM8_cross_coupled,3,3,2026,0,3,local,/home/s110/code/ttpi_iclr/repro/results/HM8_cross_coupled_state40_action50_iter30_orderlocal_seed3_formal5080.json,/home/s110/miniconda3/envs/tt_5080/bin/python3 /home/s110/code/ttpi_iclr/repro/scripts/run_hardmove.py --n-actuator 8 --env-variant cross_coupled --training-seed 3 --environment-seed 2026 --permutation-seed 0 --state-sampling-seed 3 --action-order local --run-tag formal5080 --n-state 40 --n-action 50 --n-iter 30 --n-iter-v 1 --callback-freq 10 --n-test 100 --device cuda --max-batch-v 10000 --max-batch-a 100000 --nswp-v 5 --nswp-a 10 --rmax-v 100 --rmax-a 100 --kickrank-v 10 --kickrank-a 10 --eps-cross-v 0.001 --eps-cross-a 0.001 --eps-round-v 0.001 --eps-round-a 0.001 --n-samples 50
HM8_cross_coupled,3,3,2026,0,3,random,/home/s110/code/ttpi_iclr/repro/results/HM8_cross_coupled_state40_action50_iter30_orderrandom_seed3_permseed0_formal5080.json,/home/s110/miniconda3/envs/tt_5080/bin/python3 /home/s110/code/ttpi_iclr/repro/scripts/run_hardmove.py --n-actuator 8 --env-variant cross_coupled --training-seed 3 --environment-seed 2026 --permutation-seed 0 --include-permutation-seed-in-run-id --state-sampling-seed 3 --action-order random --run-tag formal5080 --n-state 40 --n-action 50 --n-iter 30 --n-iter-v 1 --callback-freq 10 --n-test 100 --device cuda --max-batch-v 10000 --max-batch-a 100000 --nswp-v 5 --nswp-a 10 --rmax-v 100 --rmax-a 100 --kickrank-v 10 --kickrank-a 10 --eps-cross-v 0.001 --eps-cross-a 0.001 --eps-round-v 0.001 --eps-round-a 0.001 --n-samples 50
HM8_cross_coupled,3,3,2026,1,3,random,/home/s110/code/ttpi_iclr/repro/results/HM8_cross_coupled_state40_action50_iter30_orderrandom_seed3_permseed1_formal5080.json,/home/s110/miniconda3/envs/tt_5080/bin/python3 /home/s110/code/ttpi_iclr/repro/scripts/run_hardmove.py --n-actuator 8 --env-variant cross_coupled --training-seed 3 --environment-seed 2026 --permutation-seed 1 --include-permutation-seed-in-run-id --state-sampling-seed 3 --action-order random --run-tag formal5080 --n-state 40 --n-action 50 --n-iter 30 --n-iter-v 1 --callback-freq 10 --n-test 100 --device cuda --max-batch-v 10000 --max-batch-a 100000 --nswp-v 5 --nswp-a 10 --rmax-v 100 --rmax-a 100 --kickrank-v 10 --kickrank-a 10 --eps-cross-v 0.001 --eps-cross-a 0.001 --eps-round-v 0.001 --eps-round-a 0.001 --n-samples 50
HM8_cross_coupled,3,3,2026,2,3,random,/home/s110/code/ttpi_iclr/repro/results/HM8_cross_coupled_state40_action50_iter30_orderrandom_seed3_permseed2_formal5080.json,/home/s110/miniconda3/envs/tt_5080/bin/python3 /home/s110/code/ttpi_iclr/repro/scripts/run_hardmove.py --n-actuator 8 --env-variant cross_coupled --training-seed 3 --environment-seed 2026 --permutation-seed 2 --include-permutation-seed-in-run-id --state-sampling-seed 3 --action-order random --run-tag formal5080 --n-state 40 --n-action 50 --n-iter 30 --n-iter-v 1 --callback-freq 10 --n-test 100 --device cuda --max-batch-v 10000 --max-batch-a 100000 --nswp-v 5 --nswp-a 10 --rmax-v 100 --rmax-a 100 --kickrank-v 10 --kickrank-a 10 --eps-cross-v 0.001 --eps-cross-a 0.001 --eps-round-v 0.001 --eps-round-a 0.001 --n-samples 50
HM8_cross_coupled,3,3,2026,0,3,badsplit,/home/s110/code/ttpi_iclr/repro/results/HM8_cross_coupled_state40_action50_iter30_orderbadsplit_seed3_formal5080.json,/home/s110/miniconda3/envs/tt_5080/bin/python3 /home/s110/code/ttpi_iclr/repro/scripts/run_hardmove.py --n-actuator 8 --env-variant cross_coupled --training-seed 3 --environment-seed 2026 --permutation-seed 0 --state-sampling-seed 3 --action-order badsplit --run-tag formal5080 --n-state 40 --n-action 50 --n-iter 30 --n-iter-v 1 --callback-freq 10 --n-test 100 --device cuda --max-batch-v 10000 --max-batch-a 100000 --nswp-v 5 --nswp-a 10 --rmax-v 100 --rmax-a 100 --kickrank-v 10 --kickrank-a 10 --eps-cross-v 0.001 --eps-cross-a 0.001 --eps-round-v 0.001 --eps-round-a 0.001 --n-samples 50
HM8_cross_coupled,3,3,2026,0,3,reverse_blocks,/home/s110/code/ttpi_iclr/repro/results/HM8_cross_coupled_state40_action50_iter30_orderreverse_blocks_seed3_formal5080.json,/home/s110/miniconda3/envs/tt_5080/bin/python3 /home/s110/code/ttpi_iclr/repro/scripts/run_hardmove.py --n-actuator 8 --env-variant cross_coupled --training-seed 3 --environment-seed 2026 --permutation-seed 0 --state-sampling-seed 3 --action-order reverse_blocks --run-tag formal5080 --n-state 40 --n-action 50 --n-iter 30 --n-iter-v 1 --callback-freq 10 --n-test 100 --device cuda --max-batch-v 10000 --max-batch-a 100000 --nswp-v 5 --nswp-a 10 --rmax-v 100 --rmax-a 100 --kickrank-v 10 --kickrank-a 10 --eps-cross-v 0.001 --eps-cross-a 0.001 --eps-round-v 0.001 --eps-round-a 0.001 --n-samples 50
HM8_cross_coupled,3,3,2026,0,3,flip_within_block,/home/s110/code/ttpi_iclr/repro/results/HM8_cross_coupled_state40_action50_iter30_orderflip_within_block_seed3_formal5080.json,/home/s110/miniconda3/envs/tt_5080/bin/python3 /home/s110/code/ttpi_iclr/repro/scripts/run_hardmove.py --n-actuator 8 --env-variant cross_coupled --training-seed 3 --environment-seed 2026 --permutation-seed 0 --state-sampling-seed 3 --action-order flip_within_block --run-tag formal5080 --n-state 40 --n-action 50 --n-iter 30 --n-iter-v 1 --callback-freq 10 --n-test 100 --device cuda --max-batch-v 10000 --max-batch-a 100000 --nswp-v 5 --nswp-a 10 --rmax-v 100 --rmax-a 100 --kickrank-v 10 --kickrank-a 10 --eps-cross-v 0.001 --eps-cross-a 0.001 --eps-round-v 0.001 --eps-round-a 0.001 --n-samples 50
HM8_cross_coupled,3,3,2026,0,3,pam_greedy,/home/s110/code/ttpi_iclr/repro/results/HM8_cross_coupled_state40_action50_iter30_orderpam_greedy_seed3_formal5080.json,/home/s110/miniconda3/envs/tt_5080/bin/python3 /home/s110/code/ttpi_iclr/repro/scripts/run_hardmove.py --n-actuator 8 --env-variant cross_coupled --training-seed 3 --environment-seed 2026 --permutation-seed 0 --state-sampling-seed 3 --action-order pam_greedy --run-tag formal5080 --n-state 40 --n-action 50 --n-iter 30 --n-iter-v 1 --callback-freq 10 --n-test 100 --device cuda --max-batch-v 10000 --max-batch-a 100000 --nswp-v 5 --nswp-a 10 --rmax-v 100 --rmax-a 100 --kickrank-v 10 --kickrank-a 10 --eps-cross-v 0.001 --eps-cross-a 0.001 --eps-round-v 0.001 --eps-round-a 0.001 --n-samples 50
HM8_cross_coupled,3,3,2026,0,3,pam_spectral,/home/s110/code/ttpi_iclr/repro/results/HM8_cross_coupled_state40_action50_iter30_orderpam_spectral_seed3_formal5080.json,/home/s110/miniconda3/envs/tt_5080/bin/python3 /home/s110/code/ttpi_iclr/repro/scripts/run_hardmove.py --n-actuator 8 --env-variant cross_coupled --training-seed 3 --environment-seed 2026 --permutation-seed 0 --state-sampling-seed 3 --action-order pam_spectral --run-tag formal5080 --n-state 40 --n-action 50 --n-iter 30 --n-iter-v 1 --callback-freq 10 --n-test 100 --device cuda --max-batch-v 10000 --max-batch-a 100000 --nswp-v 5 --nswp-a 10 --rmax-v 100 --rmax-a 100 --kickrank-v 10 --kickrank-a 10 --eps-cross-v 0.001 --eps-cross-a 0.001 --eps-round-v 0.001 --eps-round-a 0.001 --n-samples 50
HM8_cross_coupled,3,3,2026,0,3,block_pam,/home/s110/code/ttpi_iclr/repro/results/HM8_cross_coupled_state40_action50_iter30_orderblock_pam_seed3_formal5080.json,/home/s110/miniconda3/envs/tt_5080/bin/python3 /home/s110/code/ttpi_iclr/repro/scripts/run_hardmove.py --n-actuator 8 --env-variant cross_coupled --training-seed 3 --environment-seed 2026 --permutation-seed 0 --state-sampling-seed 3 --action-order block_pam --run-tag formal5080 --n-state 40 --n-action 50 --n-iter 30 --n-iter-v 1 --callback-freq 10 --n-test 100 --device cuda --max-batch-v 10000 --max-batch-a 100000 --nswp-v 5 --nswp-a 10 --rmax-v 100 --rmax-a 100 --kickrank-v 10 --kickrank-a 10 --eps-cross-v 0.001 --eps-cross-a 0.001 --eps-round-v 0.001 --eps-round-a 0.001 --n-samples 50
HM8_cross_coupled,3,3,2026,0,3,free_pam,/home/s110/code/ttpi_iclr/repro/results/HM8_cross_coupled_state40_action50_iter30_orderfree_pam_seed3_formal5080.json,/home/s110/miniconda3/envs/tt_5080/bin/python3 /home/s110/code/ttpi_iclr/repro/scripts/run_hardmove.py --n-actuator 8 --env-variant cross_coupled --training-seed 3 --environment-seed 2026 --permutation-seed 0 --state-sampling-seed 3 --action-order free_pam --run-tag formal5080 --n-state 40 --n-action 50 --n-iter 30 --n-iter-v 1 --callback-freq 10 --n-test 100 --device cuda --max-batch-v 10000 --max-batch-a 100000 --nswp-v 5 --nswp-a 10 --rmax-v 100 --rmax-a 100 --kickrank-v 10 --kickrank-a 10 --eps-cross-v 0.001 --eps-cross-a 0.001 --eps-round-v 0.001 --eps-round-a 0.001 --n-samples 50
HM8_cross_coupled,3,3,2026,0,3,peakcut_pam,/home/s110/code/ttpi_iclr/repro/results/HM8_cross_coupled_state40_action50_iter30_orderpeakcut_pam_seed3_formal5080.json,/home/s110/miniconda3/envs/tt_5080/bin/python3 /home/s110/code/ttpi_iclr/repro/scripts/run_hardmove.py --n-actuator 8 --env-variant cross_coupled --training-seed 3 --environment-seed 2026 --permutation-seed 0 --state-sampling-seed 3 --action-order peakcut_pam --run-tag formal5080 --n-state 40 --n-action 50 --n-iter 30 --n-iter-v 1 --callback-freq 10 --n-test 100 --device cuda --max-batch-v 10000 --max-batch-a 100000 --nswp-v 5 --nswp-a 10 --rmax-v 100 --rmax-a 100 --kickrank-v 10 --kickrank-a 10 --eps-cross-v 0.001 --eps-cross-a 0.001 --eps-round-v 0.001 --eps-round-a 0.001 --n-samples 50
HM8_cross_coupled,3,3,2026,0,3,sensitivity_pam,/home/s110/code/ttpi_iclr/repro/results/HM8_cross_coupled_state40_action50_iter30_ordersensitivity_pam_seed3_formal5080.json,/home/s110/miniconda3/envs/tt_5080/bin/python3 /home/s110/code/ttpi_iclr/repro/scripts/run_hardmove.py --n-actuator 8 --env-variant cross_coupled --training-seed 3 --environment-seed 2026 --permutation-seed 0 --state-sampling-seed 3 --action-order sensitivity_pam --run-tag formal5080 --n-state 40 --n-action 50 --n-iter 30 --n-iter-v 1 --callback-freq 10 --n-test 100 --device cuda --max-batch-v 10000 --max-batch-a 100000 --nswp-v 5 --nswp-a 10 --rmax-v 100 --rmax-a 100 --kickrank-v 10 --kickrank-a 10 --eps-cross-v 0.001 --eps-cross-a 0.001 --eps-round-v 0.001 --eps-round-a 0.001 --n-samples 50
HM8_cross_coupled,3,3,2026,0,3,rankaware_proxy_pam,/home/s110/code/ttpi_iclr/repro/results/HM8_cross_coupled_state40_action50_iter30_orderrankaware_proxy_pam_seed3_formal5080.json,/home/s110/miniconda3/envs/tt_5080/bin/python3 /home/s110/code/ttpi_iclr/repro/scripts/run_hardmove.py --n-actuator 8 --env-variant cross_coupled --training-seed 3 --environment-seed 2026 --permutation-seed 0 --state-sampling-seed 3 --action-order rankaware_proxy_pam --run-tag formal5080 --n-state 40 --n-action 50 --n-iter 30 --n-iter-v 1 --callback-freq 10 --n-test 100 --device cuda --max-batch-v 10000 --max-batch-a 100000 --nswp-v 5 --nswp-a 10 --rmax-v 100 --rmax-a 100 --kickrank-v 10 --kickrank-a 10 --eps-cross-v 0.001 --eps-cross-a 0.001 --eps-round-v 0.001 --eps-round-a 0.001 --n-samples 50
HM8_cross_coupled,3,3,2026,0,3,hybrid_pam,/home/s110/code/ttpi_iclr/repro/results/HM8_cross_coupled_state40_action50_iter30_orderhybrid_pam_seed3_formal5080.json,/home/s110/miniconda3/envs/tt_5080/bin/python3 /home/s110/code/ttpi_iclr/repro/scripts/run_hardmove.py --n-actuator 8 --env-variant cross_coupled --training-seed 3 --environment-seed 2026 --permutation-seed 0 --state-sampling-seed 3 --action-order hybrid_pam --run-tag formal5080 --n-state 40 --n-action 50 --n-iter 30 --n-iter-v 1 --callback-freq 10 --n-test 100 --device cuda --max-batch-v 10000 --max-batch-a 100000 --nswp-v 5 --nswp-a 10 --rmax-v 100 --rmax-a 100 --kickrank-v 10 --kickrank-a 10 --eps-cross-v 0.001 --eps-cross-a 0.001 --eps-round-v 0.001 --eps-round-a 0.001 --n-samples 50
HM8_cross_coupled,4,4,2026,0,4,local,/home/s110/code/ttpi_iclr/repro/results/HM8_cross_coupled_state40_action50_iter30_orderlocal_seed4_formal5080.json,/home/s110/miniconda3/envs/tt_5080/bin/python3 /home/s110/code/ttpi_iclr/repro/scripts/run_hardmove.py --n-actuator 8 --env-variant cross_coupled --training-seed 4 --environment-seed 2026 --permutation-seed 0 --state-sampling-seed 4 --action-order local --run-tag formal5080 --n-state 40 --n-action 50 --n-iter 30 --n-iter-v 1 --callback-freq 10 --n-test 100 --device cuda --max-batch-v 10000 --max-batch-a 100000 --nswp-v 5 --nswp-a 10 --rmax-v 100 --rmax-a 100 --kickrank-v 10 --kickrank-a 10 --eps-cross-v 0.001 --eps-cross-a 0.001 --eps-round-v 0.001 --eps-round-a 0.001 --n-samples 50
HM8_cross_coupled,4,4,2026,0,4,random,/home/s110/code/ttpi_iclr/repro/results/HM8_cross_coupled_state40_action50_iter30_orderrandom_seed4_permseed0_formal5080.json,/home/s110/miniconda3/envs/tt_5080/bin/python3 /home/s110/code/ttpi_iclr/repro/scripts/run_hardmove.py --n-actuator 8 --env-variant cross_coupled --training-seed 4 --environment-seed 2026 --permutation-seed 0 --include-permutation-seed-in-run-id --state-sampling-seed 4 --action-order random --run-tag formal5080 --n-state 40 --n-action 50 --n-iter 30 --n-iter-v 1 --callback-freq 10 --n-test 100 --device cuda --max-batch-v 10000 --max-batch-a 100000 --nswp-v 5 --nswp-a 10 --rmax-v 100 --rmax-a 100 --kickrank-v 10 --kickrank-a 10 --eps-cross-v 0.001 --eps-cross-a 0.001 --eps-round-v 0.001 --eps-round-a 0.001 --n-samples 50
HM8_cross_coupled,4,4,2026,1,4,random,/home/s110/code/ttpi_iclr/repro/results/HM8_cross_coupled_state40_action50_iter30_orderrandom_seed4_permseed1_formal5080.json,/home/s110/miniconda3/envs/tt_5080/bin/python3 /home/s110/code/ttpi_iclr/repro/scripts/run_hardmove.py --n-actuator 8 --env-variant cross_coupled --training-seed 4 --environment-seed 2026 --permutation-seed 1 --include-permutation-seed-in-run-id --state-sampling-seed 4 --action-order random --run-tag formal5080 --n-state 40 --n-action 50 --n-iter 30 --n-iter-v 1 --callback-freq 10 --n-test 100 --device cuda --max-batch-v 10000 --max-batch-a 100000 --nswp-v 5 --nswp-a 10 --rmax-v 100 --rmax-a 100 --kickrank-v 10 --kickrank-a 10 --eps-cross-v 0.001 --eps-cross-a 0.001 --eps-round-v 0.001 --eps-round-a 0.001 --n-samples 50
HM8_cross_coupled,4,4,2026,2,4,random,/home/s110/code/ttpi_iclr/repro/results/HM8_cross_coupled_state40_action50_iter30_orderrandom_seed4_permseed2_formal5080.json,/home/s110/miniconda3/envs/tt_5080/bin/python3 /home/s110/code/ttpi_iclr/repro/scripts/run_hardmove.py --n-actuator 8 --env-variant cross_coupled --training-seed 4 --environment-seed 2026 --permutation-seed 2 --include-permutation-seed-in-run-id --state-sampling-seed 4 --action-order random --run-tag formal5080 --n-state 40 --n-action 50 --n-iter 30 --n-iter-v 1 --callback-freq 10 --n-test 100 --device cuda --max-batch-v 10000 --max-batch-a 100000 --nswp-v 5 --nswp-a 10 --rmax-v 100 --rmax-a 100 --kickrank-v 10 --kickrank-a 10 --eps-cross-v 0.001 --eps-cross-a 0.001 --eps-round-v 0.001 --eps-round-a 0.001 --n-samples 50
HM8_cross_coupled,4,4,2026,0,4,badsplit,/home/s110/code/ttpi_iclr/repro/results/HM8_cross_coupled_state40_action50_iter30_orderbadsplit_seed4_formal5080.json,/home/s110/miniconda3/envs/tt_5080/bin/python3 /home/s110/code/ttpi_iclr/repro/scripts/run_hardmove.py --n-actuator 8 --env-variant cross_coupled --training-seed 4 --environment-seed 2026 --permutation-seed 0 --state-sampling-seed 4 --action-order badsplit --run-tag formal5080 --n-state 40 --n-action 50 --n-iter 30 --n-iter-v 1 --callback-freq 10 --n-test 100 --device cuda --max-batch-v 10000 --max-batch-a 100000 --nswp-v 5 --nswp-a 10 --rmax-v 100 --rmax-a 100 --kickrank-v 10 --kickrank-a 10 --eps-cross-v 0.001 --eps-cross-a 0.001 --eps-round-v 0.001 --eps-round-a 0.001 --n-samples 50
HM8_cross_coupled,4,4,2026,0,4,reverse_blocks,/home/s110/code/ttpi_iclr/repro/results/HM8_cross_coupled_state40_action50_iter30_orderreverse_blocks_seed4_formal5080.json,/home/s110/miniconda3/envs/tt_5080/bin/python3 /home/s110/code/ttpi_iclr/repro/scripts/run_hardmove.py --n-actuator 8 --env-variant cross_coupled --training-seed 4 --environment-seed 2026 --permutation-seed 0 --state-sampling-seed 4 --action-order reverse_blocks --run-tag formal5080 --n-state 40 --n-action 50 --n-iter 30 --n-iter-v 1 --callback-freq 10 --n-test 100 --device cuda --max-batch-v 10000 --max-batch-a 100000 --nswp-v 5 --nswp-a 10 --rmax-v 100 --rmax-a 100 --kickrank-v 10 --kickrank-a 10 --eps-cross-v 0.001 --eps-cross-a 0.001 --eps-round-v 0.001 --eps-round-a 0.001 --n-samples 50
HM8_cross_coupled,4,4,2026,0,4,flip_within_block,/home/s110/code/ttpi_iclr/repro/results/HM8_cross_coupled_state40_action50_iter30_orderflip_within_block_seed4_formal5080.json,/home/s110/miniconda3/envs/tt_5080/bin/python3 /home/s110/code/ttpi_iclr/repro/scripts/run_hardmove.py --n-actuator 8 --env-variant cross_coupled --training-seed 4 --environment-seed 2026 --permutation-seed 0 --state-sampling-seed 4 --action-order flip_within_block --run-tag formal5080 --n-state 40 --n-action 50 --n-iter 30 --n-iter-v 1 --callback-freq 10 --n-test 100 --device cuda --max-batch-v 10000 --max-batch-a 100000 --nswp-v 5 --nswp-a 10 --rmax-v 100 --rmax-a 100 --kickrank-v 10 --kickrank-a 10 --eps-cross-v 0.001 --eps-cross-a 0.001 --eps-round-v 0.001 --eps-round-a 0.001 --n-samples 50
HM8_cross_coupled,4,4,2026,0,4,pam_greedy,/home/s110/code/ttpi_iclr/repro/results/HM8_cross_coupled_state40_action50_iter30_orderpam_greedy_seed4_formal5080.json,/home/s110/miniconda3/envs/tt_5080/bin/python3 /home/s110/code/ttpi_iclr/repro/scripts/run_hardmove.py --n-actuator 8 --env-variant cross_coupled --training-seed 4 --environment-seed 2026 --permutation-seed 0 --state-sampling-seed 4 --action-order pam_greedy --run-tag formal5080 --n-state 40 --n-action 50 --n-iter 30 --n-iter-v 1 --callback-freq 10 --n-test 100 --device cuda --max-batch-v 10000 --max-batch-a 100000 --nswp-v 5 --nswp-a 10 --rmax-v 100 --rmax-a 100 --kickrank-v 10 --kickrank-a 10 --eps-cross-v 0.001 --eps-cross-a 0.001 --eps-round-v 0.001 --eps-round-a 0.001 --n-samples 50
HM8_cross_coupled,4,4,2026,0,4,pam_spectral,/home/s110/code/ttpi_iclr/repro/results/HM8_cross_coupled_state40_action50_iter30_orderpam_spectral_seed4_formal5080.json,/home/s110/miniconda3/envs/tt_5080/bin/python3 /home/s110/code/ttpi_iclr/repro/scripts/run_hardmove.py --n-actuator 8 --env-variant cross_coupled --training-seed 4 --environment-seed 2026 --permutation-seed 0 --state-sampling-seed 4 --action-order pam_spectral --run-tag formal5080 --n-state 40 --n-action 50 --n-iter 30 --n-iter-v 1 --callback-freq 10 --n-test 100 --device cuda --max-batch-v 10000 --max-batch-a 100000 --nswp-v 5 --nswp-a 10 --rmax-v 100 --rmax-a 100 --kickrank-v 10 --kickrank-a 10 --eps-cross-v 0.001 --eps-cross-a 0.001 --eps-round-v 0.001 --eps-round-a 0.001 --n-samples 50
HM8_cross_coupled,4,4,2026,0,4,block_pam,/home/s110/code/ttpi_iclr/repro/results/HM8_cross_coupled_state40_action50_iter30_orderblock_pam_seed4_formal5080.json,/home/s110/miniconda3/envs/tt_5080/bin/python3 /home/s110/code/ttpi_iclr/repro/scripts/run_hardmove.py --n-actuator 8 --env-variant cross_coupled --training-seed 4 --environment-seed 2026 --permutation-seed 0 --state-sampling-seed 4 --action-order block_pam --run-tag formal5080 --n-state 40 --n-action 50 --n-iter 30 --n-iter-v 1 --callback-freq 10 --n-test 100 --device cuda --max-batch-v 10000 --max-batch-a 100000 --nswp-v 5 --nswp-a 10 --rmax-v 100 --rmax-a 100 --kickrank-v 10 --kickrank-a 10 --eps-cross-v 0.001 --eps-cross-a 0.001 --eps-round-v 0.001 --eps-round-a 0.001 --n-samples 50
HM8_cross_coupled,4,4,2026,0,4,free_pam,/home/s110/code/ttpi_iclr/repro/results/HM8_cross_coupled_state40_action50_iter30_orderfree_pam_seed4_formal5080.json,/home/s110/miniconda3/envs/tt_5080/bin/python3 /home/s110/code/ttpi_iclr/repro/scripts/run_hardmove.py --n-actuator 8 --env-variant cross_coupled --training-seed 4 --environment-seed 2026 --permutation-seed 0 --state-sampling-seed 4 --action-order free_pam --run-tag formal5080 --n-state 40 --n-action 50 --n-iter 30 --n-iter-v 1 --callback-freq 10 --n-test 100 --device cuda --max-batch-v 10000 --max-batch-a 100000 --nswp-v 5 --nswp-a 10 --rmax-v 100 --rmax-a 100 --kickrank-v 10 --kickrank-a 10 --eps-cross-v 0.001 --eps-cross-a 0.001 --eps-round-v 0.001 --eps-round-a 0.001 --n-samples 50
HM8_cross_coupled,4,4,2026,0,4,peakcut_pam,/home/s110/code/ttpi_iclr/repro/results/HM8_cross_coupled_state40_action50_iter30_orderpeakcut_pam_seed4_formal5080.json,/home/s110/miniconda3/envs/tt_5080/bin/python3 /home/s110/code/ttpi_iclr/repro/scripts/run_hardmove.py --n-actuator 8 --env-variant cross_coupled --training-seed 4 --environment-seed 2026 --permutation-seed 0 --state-sampling-seed 4 --action-order peakcut_pam --run-tag formal5080 --n-state 40 --n-action 50 --n-iter 30 --n-iter-v 1 --callback-freq 10 --n-test 100 --device cuda --max-batch-v 10000 --max-batch-a 100000 --nswp-v 5 --nswp-a 10 --rmax-v 100 --rmax-a 100 --kickrank-v 10 --kickrank-a 10 --eps-cross-v 0.001 --eps-cross-a 0.001 --eps-round-v 0.001 --eps-round-a 0.001 --n-samples 50
HM8_cross_coupled,4,4,2026,0,4,sensitivity_pam,/home/s110/code/ttpi_iclr/repro/results/HM8_cross_coupled_state40_action50_iter30_ordersensitivity_pam_seed4_formal5080.json,/home/s110/miniconda3/envs/tt_5080/bin/python3 /home/s110/code/ttpi_iclr/repro/scripts/run_hardmove.py --n-actuator 8 --env-variant cross_coupled --training-seed 4 --environment-seed 2026 --permutation-seed 0 --state-sampling-seed 4 --action-order sensitivity_pam --run-tag formal5080 --n-state 40 --n-action 50 --n-iter 30 --n-iter-v 1 --callback-freq 10 --n-test 100 --device cuda --max-batch-v 10000 --max-batch-a 100000 --nswp-v 5 --nswp-a 10 --rmax-v 100 --rmax-a 100 --kickrank-v 10 --kickrank-a 10 --eps-cross-v 0.001 --eps-cross-a 0.001 --eps-round-v 0.001 --eps-round-a 0.001 --n-samples 50
HM8_cross_coupled,4,4,2026,0,4,rankaware_proxy_pam,/home/s110/code/ttpi_iclr/repro/results/HM8_cross_coupled_state40_action50_iter30_orderrankaware_proxy_pam_seed4_formal5080.json,/home/s110/miniconda3/envs/tt_5080/bin/python3 /home/s110/code/ttpi_iclr/repro/scripts/run_hardmove.py --n-actuator 8 --env-variant cross_coupled --training-seed 4 --environment-seed 2026 --permutation-seed 0 --state-sampling-seed 4 --action-order rankaware_proxy_pam --run-tag formal5080 --n-state 40 --n-action 50 --n-iter 30 --n-iter-v 1 --callback-freq 10 --n-test 100 --device cuda --max-batch-v 10000 --max-batch-a 100000 --nswp-v 5 --nswp-a 10 --rmax-v 100 --rmax-a 100 --kickrank-v 10 --kickrank-a 10 --eps-cross-v 0.001 --eps-cross-a 0.001 --eps-round-v 0.001 --eps-round-a 0.001 --n-samples 50
HM8_cross_coupled,4,4,2026,0,4,hybrid_pam,/home/s110/code/ttpi_iclr/repro/results/HM8_cross_coupled_state40_action50_iter30_orderhybrid_pam_seed4_formal5080.json,/home/s110/miniconda3/envs/tt_5080/bin/python3 /home/s110/code/ttpi_iclr/repro/scripts/run_hardmove.py --n-actuator 8 --env-variant cross_coupled --training-seed 4 --environment-seed 2026 --permutation-seed 0 --state-sampling-seed 4 --action-order hybrid_pam --run-tag formal5080 --n-state 40 --n-action 50 --n-iter 30 --n-iter-v 1 --callback-freq 10 --n-test 100 --device cuda --max-batch-v 10000 --max-batch-a 100000 --nswp-v 5 --nswp-a 10 --rmax-v 100 --rmax-a 100 --kickrank-v 10 --kickrank-a 10 --eps-cross-v 0.001 --eps-cross-a 0.001 --eps-round-v 0.001 --eps-round-a 0.001 --n-samples 50
HM8_cross_coupled,5,5,2026,0,5,local,/home/s110/code/ttpi_iclr/repro/results/HM8_cross_coupled_state40_action50_iter30_orderlocal_seed5_formal5080.json,/home/s110/miniconda3/envs/tt_5080/bin/python3 /home/s110/code/ttpi_iclr/repro/scripts/run_hardmove.py --n-actuator 8 --env-variant cross_coupled --training-seed 5 --environment-seed 2026 --permutation-seed 0 --state-sampling-seed 5 --action-order local --run-tag formal5080 --n-state 40 --n-action 50 --n-iter 30 --n-iter-v 1 --callback-freq 10 --n-test 100 --device cuda --max-batch-v 10000 --max-batch-a 100000 --nswp-v 5 --nswp-a 10 --rmax-v 100 --rmax-a 100 --kickrank-v 10 --kickrank-a 10 --eps-cross-v 0.001 --eps-cross-a 0.001 --eps-round-v 0.001 --eps-round-a 0.001 --n-samples 50
HM8_cross_coupled,5,5,2026,0,5,random,/home/s110/code/ttpi_iclr/repro/results/HM8_cross_coupled_state40_action50_iter30_orderrandom_seed5_permseed0_formal5080.json,/home/s110/miniconda3/envs/tt_5080/bin/python3 /home/s110/code/ttpi_iclr/repro/scripts/run_hardmove.py --n-actuator 8 --env-variant cross_coupled --training-seed 5 --environment-seed 2026 --permutation-seed 0 --include-permutation-seed-in-run-id --state-sampling-seed 5 --action-order random --run-tag formal5080 --n-state 40 --n-action 50 --n-iter 30 --n-iter-v 1 --callback-freq 10 --n-test 100 --device cuda --max-batch-v 10000 --max-batch-a 100000 --nswp-v 5 --nswp-a 10 --rmax-v 100 --rmax-a 100 --kickrank-v 10 --kickrank-a 10 --eps-cross-v 0.001 --eps-cross-a 0.001 --eps-round-v 0.001 --eps-round-a 0.001 --n-samples 50
HM8_cross_coupled,5,5,2026,1,5,random,/home/s110/code/ttpi_iclr/repro/results/HM8_cross_coupled_state40_action50_iter30_orderrandom_seed5_permseed1_formal5080.json,/home/s110/miniconda3/envs/tt_5080/bin/python3 /home/s110/code/ttpi_iclr/repro/scripts/run_hardmove.py --n-actuator 8 --env-variant cross_coupled --training-seed 5 --environment-seed 2026 --permutation-seed 1 --include-permutation-seed-in-run-id --state-sampling-seed 5 --action-order random --run-tag formal5080 --n-state 40 --n-action 50 --n-iter 30 --n-iter-v 1 --callback-freq 10 --n-test 100 --device cuda --max-batch-v 10000 --max-batch-a 100000 --nswp-v 5 --nswp-a 10 --rmax-v 100 --rmax-a 100 --kickrank-v 10 --kickrank-a 10 --eps-cross-v 0.001 --eps-cross-a 0.001 --eps-round-v 0.001 --eps-round-a 0.001 --n-samples 50
HM8_cross_coupled,5,5,2026,2,5,random,/home/s110/code/ttpi_iclr/repro/results/HM8_cross_coupled_state40_action50_iter30_orderrandom_seed5_permseed2_formal5080.json,/home/s110/miniconda3/envs/tt_5080/bin/python3 /home/s110/code/ttpi_iclr/repro/scripts/run_hardmove.py --n-actuator 8 --env-variant cross_coupled --training-seed 5 --environment-seed 2026 --permutation-seed 2 --include-permutation-seed-in-run-id --state-sampling-seed 5 --action-order random --run-tag formal5080 --n-state 40 --n-action 50 --n-iter 30 --n-iter-v 1 --callback-freq 10 --n-test 100 --device cuda --max-batch-v 10000 --max-batch-a 100000 --nswp-v 5 --nswp-a 10 --rmax-v 100 --rmax-a 100 --kickrank-v 10 --kickrank-a 10 --eps-cross-v 0.001 --eps-cross-a 0.001 --eps-round-v 0.001 --eps-round-a 0.001 --n-samples 50
HM8_cross_coupled,5,5,2026,0,5,badsplit,/home/s110/code/ttpi_iclr/repro/results/HM8_cross_coupled_state40_action50_iter30_orderbadsplit_seed5_formal5080.json,/home/s110/miniconda3/envs/tt_5080/bin/python3 /home/s110/code/ttpi_iclr/repro/scripts/run_hardmove.py --n-actuator 8 --env-variant cross_coupled --training-seed 5 --environment-seed 2026 --permutation-seed 0 --state-sampling-seed 5 --action-order badsplit --run-tag formal5080 --n-state 40 --n-action 50 --n-iter 30 --n-iter-v 1 --callback-freq 10 --n-test 100 --device cuda --max-batch-v 10000 --max-batch-a 100000 --nswp-v 5 --nswp-a 10 --rmax-v 100 --rmax-a 100 --kickrank-v 10 --kickrank-a 10 --eps-cross-v 0.001 --eps-cross-a 0.001 --eps-round-v 0.001 --eps-round-a 0.001 --n-samples 50
HM8_cross_coupled,5,5,2026,0,5,reverse_blocks,/home/s110/code/ttpi_iclr/repro/results/HM8_cross_coupled_state40_action50_iter30_orderreverse_blocks_seed5_formal5080.json,/home/s110/miniconda3/envs/tt_5080/bin/python3 /home/s110/code/ttpi_iclr/repro/scripts/run_hardmove.py --n-actuator 8 --env-variant cross_coupled --training-seed 5 --environment-seed 2026 --permutation-seed 0 --state-sampling-seed 5 --action-order reverse_blocks --run-tag formal5080 --n-state 40 --n-action 50 --n-iter 30 --n-iter-v 1 --callback-freq 10 --n-test 100 --device cuda --max-batch-v 10000 --max-batch-a 100000 --nswp-v 5 --nswp-a 10 --rmax-v 100 --rmax-a 100 --kickrank-v 10 --kickrank-a 10 --eps-cross-v 0.001 --eps-cross-a 0.001 --eps-round-v 0.001 --eps-round-a 0.001 --n-samples 50
HM8_cross_coupled,5,5,2026,0,5,flip_within_block,/home/s110/code/ttpi_iclr/repro/results/HM8_cross_coupled_state40_action50_iter30_orderflip_within_block_seed5_formal5080.json,/home/s110/miniconda3/envs/tt_5080/bin/python3 /home/s110/code/ttpi_iclr/repro/scripts/run_hardmove.py --n-actuator 8 --env-variant cross_coupled --training-seed 5 --environment-seed 2026 --permutation-seed 0 --state-sampling-seed 5 --action-order flip_within_block --run-tag formal5080 --n-state 40 --n-action 50 --n-iter 30 --n-iter-v 1 --callback-freq 10 --n-test 100 --device cuda --max-batch-v 10000 --max-batch-a 100000 --nswp-v 5 --nswp-a 10 --rmax-v 100 --rmax-a 100 --kickrank-v 10 --kickrank-a 10 --eps-cross-v 0.001 --eps-cross-a 0.001 --eps-round-v 0.001 --eps-round-a 0.001 --n-samples 50
HM8_cross_coupled,5,5,2026,0,5,pam_greedy,/home/s110/code/ttpi_iclr/repro/results/HM8_cross_coupled_state40_action50_iter30_orderpam_greedy_seed5_formal5080.json,/home/s110/miniconda3/envs/tt_5080/bin/python3 /home/s110/code/ttpi_iclr/repro/scripts/run_hardmove.py --n-actuator 8 --env-variant cross_coupled --training-seed 5 --environment-seed 2026 --permutation-seed 0 --state-sampling-seed 5 --action-order pam_greedy --run-tag formal5080 --n-state 40 --n-action 50 --n-iter 30 --n-iter-v 1 --callback-freq 10 --n-test 100 --device cuda --max-batch-v 10000 --max-batch-a 100000 --nswp-v 5 --nswp-a 10 --rmax-v 100 --rmax-a 100 --kickrank-v 10 --kickrank-a 10 --eps-cross-v 0.001 --eps-cross-a 0.001 --eps-round-v 0.001 --eps-round-a 0.001 --n-samples 50
HM8_cross_coupled,5,5,2026,0,5,pam_spectral,/home/s110/code/ttpi_iclr/repro/results/HM8_cross_coupled_state40_action50_iter30_orderpam_spectral_seed5_formal5080.json,/home/s110/miniconda3/envs/tt_5080/bin/python3 /home/s110/code/ttpi_iclr/repro/scripts/run_hardmove.py --n-actuator 8 --env-variant cross_coupled --training-seed 5 --environment-seed 2026 --permutation-seed 0 --state-sampling-seed 5 --action-order pam_spectral --run-tag formal5080 --n-state 40 --n-action 50 --n-iter 30 --n-iter-v 1 --callback-freq 10 --n-test 100 --device cuda --max-batch-v 10000 --max-batch-a 100000 --nswp-v 5 --nswp-a 10 --rmax-v 100 --rmax-a 100 --kickrank-v 10 --kickrank-a 10 --eps-cross-v 0.001 --eps-cross-a 0.001 --eps-round-v 0.001 --eps-round-a 0.001 --n-samples 50
HM8_cross_coupled,5,5,2026,0,5,block_pam,/home/s110/code/ttpi_iclr/repro/results/HM8_cross_coupled_state40_action50_iter30_orderblock_pam_seed5_formal5080.json,/home/s110/miniconda3/envs/tt_5080/bin/python3 /home/s110/code/ttpi_iclr/repro/scripts/run_hardmove.py --n-actuator 8 --env-variant cross_coupled --training-seed 5 --environment-seed 2026 --permutation-seed 0 --state-sampling-seed 5 --action-order block_pam --run-tag formal5080 --n-state 40 --n-action 50 --n-iter 30 --n-iter-v 1 --callback-freq 10 --n-test 100 --device cuda --max-batch-v 10000 --max-batch-a 100000 --nswp-v 5 --nswp-a 10 --rmax-v 100 --rmax-a 100 --kickrank-v 10 --kickrank-a 10 --eps-cross-v 0.001 --eps-cross-a 0.001 --eps-round-v 0.001 --eps-round-a 0.001 --n-samples 50
HM8_cross_coupled,5,5,2026,0,5,free_pam,/home/s110/code/ttpi_iclr/repro/results/HM8_cross_coupled_state40_action50_iter30_orderfree_pam_seed5_formal5080.json,/home/s110/miniconda3/envs/tt_5080/bin/python3 /home/s110/code/ttpi_iclr/repro/scripts/run_hardmove.py --n-actuator 8 --env-variant cross_coupled --training-seed 5 --environment-seed 2026 --permutation-seed 0 --state-sampling-seed 5 --action-order free_pam --run-tag formal5080 --n-state 40 --n-action 50 --n-iter 30 --n-iter-v 1 --callback-freq 10 --n-test 100 --device cuda --max-batch-v 10000 --max-batch-a 100000 --nswp-v 5 --nswp-a 10 --rmax-v 100 --rmax-a 100 --kickrank-v 10 --kickrank-a 10 --eps-cross-v 0.001 --eps-cross-a 0.001 --eps-round-v 0.001 --eps-round-a 0.001 --n-samples 50
HM8_cross_coupled,5,5,2026,0,5,peakcut_pam,/home/s110/code/ttpi_iclr/repro/results/HM8_cross_coupled_state40_action50_iter30_orderpeakcut_pam_seed5_formal5080.json,/home/s110/miniconda3/envs/tt_5080/bin/python3 /home/s110/code/ttpi_iclr/repro/scripts/run_hardmove.py --n-actuator 8 --env-variant cross_coupled --training-seed 5 --environment-seed 2026 --permutation-seed 0 --state-sampling-seed 5 --action-order peakcut_pam --run-tag formal5080 --n-state 40 --n-action 50 --n-iter 30 --n-iter-v 1 --callback-freq 10 --n-test 100 --device cuda --max-batch-v 10000 --max-batch-a 100000 --nswp-v 5 --nswp-a 10 --rmax-v 100 --rmax-a 100 --kickrank-v 10 --kickrank-a 10 --eps-cross-v 0.001 --eps-cross-a 0.001 --eps-round-v 0.001 --eps-round-a 0.001 --n-samples 50
HM8_cross_coupled,5,5,2026,0,5,sensitivity_pam,/home/s110/code/ttpi_iclr/repro/results/HM8_cross_coupled_state40_action50_iter30_ordersensitivity_pam_seed5_formal5080.json,/home/s110/miniconda3/envs/tt_5080/bin/python3 /home/s110/code/ttpi_iclr/repro/scripts/run_hardmove.py --n-actuator 8 --env-variant cross_coupled --training-seed 5 --environment-seed 2026 --permutation-seed 0 --state-sampling-seed 5 --action-order sensitivity_pam --run-tag formal5080 --n-state 40 --n-action 50 --n-iter 30 --n-iter-v 1 --callback-freq 10 --n-test 100 --device cuda --max-batch-v 10000 --max-batch-a 100000 --nswp-v 5 --nswp-a 10 --rmax-v 100 --rmax-a 100 --kickrank-v 10 --kickrank-a 10 --eps-cross-v 0.001 --eps-cross-a 0.001 --eps-round-v 0.001 --eps-round-a 0.001 --n-samples 50
HM8_cross_coupled,5,5,2026,0,5,rankaware_proxy_pam,/home/s110/code/ttpi_iclr/repro/results/HM8_cross_coupled_state40_action50_iter30_orderrankaware_proxy_pam_seed5_formal5080.json,/home/s110/miniconda3/envs/tt_5080/bin/python3 /home/s110/code/ttpi_iclr/repro/scripts/run_hardmove.py --n-actuator 8 --env-variant cross_coupled --training-seed 5 --environment-seed 2026 --permutation-seed 0 --state-sampling-seed 5 --action-order rankaware_proxy_pam --run-tag formal5080 --n-state 40 --n-action 50 --n-iter 30 --n-iter-v 1 --callback-freq 10 --n-test 100 --device cuda --max-batch-v 10000 --max-batch-a 100000 --nswp-v 5 --nswp-a 10 --rmax-v 100 --rmax-a 100 --kickrank-v 10 --kickrank-a 10 --eps-cross-v 0.001 --eps-cross-a 0.001 --eps-round-v 0.001 --eps-round-a 0.001 --n-samples 50
HM8_cross_coupled,5,5,2026,0,5,hybrid_pam,/home/s110/code/ttpi_iclr/repro/results/HM8_cross_coupled_state40_action50_iter30_orderhybrid_pam_seed5_formal5080.json,/home/s110/miniconda3/envs/tt_5080/bin/python3 /home/s110/code/ttpi_iclr/repro/scripts/run_hardmove.py --n-actuator 8 --env-variant cross_coupled --training-seed 5 --environment-seed 2026 --permutation-seed 0 --state-sampling-seed 5 --action-order hybrid_pam --run-tag formal5080 --n-state 40 --n-action 50 --n-iter 30 --n-iter-v 1 --callback-freq 10 --n-test 100 --device cuda --max-batch-v 10000 --max-batch-a 100000 --nswp-v 5 --nswp-a 10 --rmax-v 100 --rmax-a 100 --kickrank-v 10 --kickrank-a 10 --eps-cross-v 0.001 --eps-cross-a 0.001 --eps-round-v 0.001 --eps-round-a 0.001 --n-samples 50
HM8_cross_coupled,6,6,2026,0,6,local,/home/s110/code/ttpi_iclr/repro/results/HM8_cross_coupled_state40_action50_iter30_orderlocal_seed6_formal5080.json,/home/s110/miniconda3/envs/tt_5080/bin/python3 /home/s110/code/ttpi_iclr/repro/scripts/run_hardmove.py --n-actuator 8 --env-variant cross_coupled --training-seed 6 --environment-seed 2026 --permutation-seed 0 --state-sampling-seed 6 --action-order local --run-tag formal5080 --n-state 40 --n-action 50 --n-iter 30 --n-iter-v 1 --callback-freq 10 --n-test 100 --device cuda --max-batch-v 10000 --max-batch-a 100000 --nswp-v 5 --nswp-a 10 --rmax-v 100 --rmax-a 100 --kickrank-v 10 --kickrank-a 10 --eps-cross-v 0.001 --eps-cross-a 0.001 --eps-round-v 0.001 --eps-round-a 0.001 --n-samples 50
HM8_cross_coupled,6,6,2026,0,6,random,/home/s110/code/ttpi_iclr/repro/results/HM8_cross_coupled_state40_action50_iter30_orderrandom_seed6_permseed0_formal5080.json,/home/s110/miniconda3/envs/tt_5080/bin/python3 /home/s110/code/ttpi_iclr/repro/scripts/run_hardmove.py --n-actuator 8 --env-variant cross_coupled --training-seed 6 --environment-seed 2026 --permutation-seed 0 --include-permutation-seed-in-run-id --state-sampling-seed 6 --action-order random --run-tag formal5080 --n-state 40 --n-action 50 --n-iter 30 --n-iter-v 1 --callback-freq 10 --n-test 100 --device cuda --max-batch-v 10000 --max-batch-a 100000 --nswp-v 5 --nswp-a 10 --rmax-v 100 --rmax-a 100 --kickrank-v 10 --kickrank-a 10 --eps-cross-v 0.001 --eps-cross-a 0.001 --eps-round-v 0.001 --eps-round-a 0.001 --n-samples 50
HM8_cross_coupled,6,6,2026,1,6,random,/home/s110/code/ttpi_iclr/repro/results/HM8_cross_coupled_state40_action50_iter30_orderrandom_seed6_permseed1_formal5080.json,/home/s110/miniconda3/envs/tt_5080/bin/python3 /home/s110/code/ttpi_iclr/repro/scripts/run_hardmove.py --n-actuator 8 --env-variant cross_coupled --training-seed 6 --environment-seed 2026 --permutation-seed 1 --include-permutation-seed-in-run-id --state-sampling-seed 6 --action-order random --run-tag formal5080 --n-state 40 --n-action 50 --n-iter 30 --n-iter-v 1 --callback-freq 10 --n-test 100 --device cuda --max-batch-v 10000 --max-batch-a 100000 --nswp-v 5 --nswp-a 10 --rmax-v 100 --rmax-a 100 --kickrank-v 10 --kickrank-a 10 --eps-cross-v 0.001 --eps-cross-a 0.001 --eps-round-v 0.001 --eps-round-a 0.001 --n-samples 50
HM8_cross_coupled,6,6,2026,2,6,random,/home/s110/code/ttpi_iclr/repro/results/HM8_cross_coupled_state40_action50_iter30_orderrandom_seed6_permseed2_formal5080.json,/home/s110/miniconda3/envs/tt_5080/bin/python3 /home/s110/code/ttpi_iclr/repro/scripts/run_hardmove.py --n-actuator 8 --env-variant cross_coupled --training-seed 6 --environment-seed 2026 --permutation-seed 2 --include-permutation-seed-in-run-id --state-sampling-seed 6 --action-order random --run-tag formal5080 --n-state 40 --n-action 50 --n-iter 30 --n-iter-v 1 --callback-freq 10 --n-test 100 --device cuda --max-batch-v 10000 --max-batch-a 100000 --nswp-v 5 --nswp-a 10 --rmax-v 100 --rmax-a 100 --kickrank-v 10 --kickrank-a 10 --eps-cross-v 0.001 --eps-cross-a 0.001 --eps-round-v 0.001 --eps-round-a 0.001 --n-samples 50
HM8_cross_coupled,6,6,2026,0,6,badsplit,/home/s110/code/ttpi_iclr/repro/results/HM8_cross_coupled_state40_action50_iter30_orderbadsplit_seed6_formal5080.json,/home/s110/miniconda3/envs/tt_5080/bin/python3 /home/s110/code/ttpi_iclr/repro/scripts/run_hardmove.py --n-actuator 8 --env-variant cross_coupled --training-seed 6 --environment-seed 2026 --permutation-seed 0 --state-sampling-seed 6 --action-order badsplit --run-tag formal5080 --n-state 40 --n-action 50 --n-iter 30 --n-iter-v 1 --callback-freq 10 --n-test 100 --device cuda --max-batch-v 10000 --max-batch-a 100000 --nswp-v 5 --nswp-a 10 --rmax-v 100 --rmax-a 100 --kickrank-v 10 --kickrank-a 10 --eps-cross-v 0.001 --eps-cross-a 0.001 --eps-round-v 0.001 --eps-round-a 0.001 --n-samples 50
HM8_cross_coupled,6,6,2026,0,6,reverse_blocks,/home/s110/code/ttpi_iclr/repro/results/HM8_cross_coupled_state40_action50_iter30_orderreverse_blocks_seed6_formal5080.json,/home/s110/miniconda3/envs/tt_5080/bin/python3 /home/s110/code/ttpi_iclr/repro/scripts/run_hardmove.py --n-actuator 8 --env-variant cross_coupled --training-seed 6 --environment-seed 2026 --permutation-seed 0 --state-sampling-seed 6 --action-order reverse_blocks --run-tag formal5080 --n-state 40 --n-action 50 --n-iter 30 --n-iter-v 1 --callback-freq 10 --n-test 100 --device cuda --max-batch-v 10000 --max-batch-a 100000 --nswp-v 5 --nswp-a 10 --rmax-v 100 --rmax-a 100 --kickrank-v 10 --kickrank-a 10 --eps-cross-v 0.001 --eps-cross-a 0.001 --eps-round-v 0.001 --eps-round-a 0.001 --n-samples 50
HM8_cross_coupled,6,6,2026,0,6,flip_within_block,/home/s110/code/ttpi_iclr/repro/results/HM8_cross_coupled_state40_action50_iter30_orderflip_within_block_seed6_formal5080.json,/home/s110/miniconda3/envs/tt_5080/bin/python3 /home/s110/code/ttpi_iclr/repro/scripts/run_hardmove.py --n-actuator 8 --env-variant cross_coupled --training-seed 6 --environment-seed 2026 --permutation-seed 0 --state-sampling-seed 6 --action-order flip_within_block --run-tag formal5080 --n-state 40 --n-action 50 --n-iter 30 --n-iter-v 1 --callback-freq 10 --n-test 100 --device cuda --max-batch-v 10000 --max-batch-a 100000 --nswp-v 5 --nswp-a 10 --rmax-v 100 --rmax-a 100 --kickrank-v 10 --kickrank-a 10 --eps-cross-v 0.001 --eps-cross-a 0.001 --eps-round-v 0.001 --eps-round-a 0.001 --n-samples 50
HM8_cross_coupled,6,6,2026,0,6,pam_greedy,/home/s110/code/ttpi_iclr/repro/results/HM8_cross_coupled_state40_action50_iter30_orderpam_greedy_seed6_formal5080.json,/home/s110/miniconda3/envs/tt_5080/bin/python3 /home/s110/code/ttpi_iclr/repro/scripts/run_hardmove.py --n-actuator 8 --env-variant cross_coupled --training-seed 6 --environment-seed 2026 --permutation-seed 0 --state-sampling-seed 6 --action-order pam_greedy --run-tag formal5080 --n-state 40 --n-action 50 --n-iter 30 --n-iter-v 1 --callback-freq 10 --n-test 100 --device cuda --max-batch-v 10000 --max-batch-a 100000 --nswp-v 5 --nswp-a 10 --rmax-v 100 --rmax-a 100 --kickrank-v 10 --kickrank-a 10 --eps-cross-v 0.001 --eps-cross-a 0.001 --eps-round-v 0.001 --eps-round-a 0.001 --n-samples 50
HM8_cross_coupled,6,6,2026,0,6,pam_spectral,/home/s110/code/ttpi_iclr/repro/results/HM8_cross_coupled_state40_action50_iter30_orderpam_spectral_seed6_formal5080.json,/home/s110/miniconda3/envs/tt_5080/bin/python3 /home/s110/code/ttpi_iclr/repro/scripts/run_hardmove.py --n-actuator 8 --env-variant cross_coupled --training-seed 6 --environment-seed 2026 --permutation-seed 0 --state-sampling-seed 6 --action-order pam_spectral --run-tag formal5080 --n-state 40 --n-action 50 --n-iter 30 --n-iter-v 1 --callback-freq 10 --n-test 100 --device cuda --max-batch-v 10000 --max-batch-a 100000 --nswp-v 5 --nswp-a 10 --rmax-v 100 --rmax-a 100 --kickrank-v 10 --kickrank-a 10 --eps-cross-v 0.001 --eps-cross-a 0.001 --eps-round-v 0.001 --eps-round-a 0.001 --n-samples 50
HM8_cross_coupled,6,6,2026,0,6,block_pam,/home/s110/code/ttpi_iclr/repro/results/HM8_cross_coupled_state40_action50_iter30_orderblock_pam_seed6_formal5080.json,/home/s110/miniconda3/envs/tt_5080/bin/python3 /home/s110/code/ttpi_iclr/repro/scripts/run_hardmove.py --n-actuator 8 --env-variant cross_coupled --training-seed 6 --environment-seed 2026 --permutation-seed 0 --state-sampling-seed 6 --action-order block_pam --run-tag formal5080 --n-state 40 --n-action 50 --n-iter 30 --n-iter-v 1 --callback-freq 10 --n-test 100 --device cuda --max-batch-v 10000 --max-batch-a 100000 --nswp-v 5 --nswp-a 10 --rmax-v 100 --rmax-a 100 --kickrank-v 10 --kickrank-a 10 --eps-cross-v 0.001 --eps-cross-a 0.001 --eps-round-v 0.001 --eps-round-a 0.001 --n-samples 50
HM8_cross_coupled,6,6,2026,0,6,free_pam,/home/s110/code/ttpi_iclr/repro/results/HM8_cross_coupled_state40_action50_iter30_orderfree_pam_seed6_formal5080.json,/home/s110/miniconda3/envs/tt_5080/bin/python3 /home/s110/code/ttpi_iclr/repro/scripts/run_hardmove.py --n-actuator 8 --env-variant cross_coupled --training-seed 6 --environment-seed 2026 --permutation-seed 0 --state-sampling-seed 6 --action-order free_pam --run-tag formal5080 --n-state 40 --n-action 50 --n-iter 30 --n-iter-v 1 --callback-freq 10 --n-test 100 --device cuda --max-batch-v 10000 --max-batch-a 100000 --nswp-v 5 --nswp-a 10 --rmax-v 100 --rmax-a 100 --kickrank-v 10 --kickrank-a 10 --eps-cross-v 0.001 --eps-cross-a 0.001 --eps-round-v 0.001 --eps-round-a 0.001 --n-samples 50
HM8_cross_coupled,6,6,2026,0,6,peakcut_pam,/home/s110/code/ttpi_iclr/repro/results/HM8_cross_coupled_state40_action50_iter30_orderpeakcut_pam_seed6_formal5080.json,/home/s110/miniconda3/envs/tt_5080/bin/python3 /home/s110/code/ttpi_iclr/repro/scripts/run_hardmove.py --n-actuator 8 --env-variant cross_coupled --training-seed 6 --environment-seed 2026 --permutation-seed 0 --state-sampling-seed 6 --action-order peakcut_pam --run-tag formal5080 --n-state 40 --n-action 50 --n-iter 30 --n-iter-v 1 --callback-freq 10 --n-test 100 --device cuda --max-batch-v 10000 --max-batch-a 100000 --nswp-v 5 --nswp-a 10 --rmax-v 100 --rmax-a 100 --kickrank-v 10 --kickrank-a 10 --eps-cross-v 0.001 --eps-cross-a 0.001 --eps-round-v 0.001 --eps-round-a 0.001 --n-samples 50
HM8_cross_coupled,6,6,2026,0,6,sensitivity_pam,/home/s110/code/ttpi_iclr/repro/results/HM8_cross_coupled_state40_action50_iter30_ordersensitivity_pam_seed6_formal5080.json,/home/s110/miniconda3/envs/tt_5080/bin/python3 /home/s110/code/ttpi_iclr/repro/scripts/run_hardmove.py --n-actuator 8 --env-variant cross_coupled --training-seed 6 --environment-seed 2026 --permutation-seed 0 --state-sampling-seed 6 --action-order sensitivity_pam --run-tag formal5080 --n-state 40 --n-action 50 --n-iter 30 --n-iter-v 1 --callback-freq 10 --n-test 100 --device cuda --max-batch-v 10000 --max-batch-a 100000 --nswp-v 5 --nswp-a 10 --rmax-v 100 --rmax-a 100 --kickrank-v 10 --kickrank-a 10 --eps-cross-v 0.001 --eps-cross-a 0.001 --eps-round-v 0.001 --eps-round-a 0.001 --n-samples 50
HM8_cross_coupled,6,6,2026,0,6,rankaware_proxy_pam,/home/s110/code/ttpi_iclr/repro/results/HM8_cross_coupled_state40_action50_iter30_orderrankaware_proxy_pam_seed6_formal5080.json,/home/s110/miniconda3/envs/tt_5080/bin/python3 /home/s110/code/ttpi_iclr/repro/scripts/run_hardmove.py --n-actuator 8 --env-variant cross_coupled --training-seed 6 --environment-seed 2026 --permutation-seed 0 --state-sampling-seed 6 --action-order rankaware_proxy_pam --run-tag formal5080 --n-state 40 --n-action 50 --n-iter 30 --n-iter-v 1 --callback-freq 10 --n-test 100 --device cuda --max-batch-v 10000 --max-batch-a 100000 --nswp-v 5 --nswp-a 10 --rmax-v 100 --rmax-a 100 --kickrank-v 10 --kickrank-a 10 --eps-cross-v 0.001 --eps-cross-a 0.001 --eps-round-v 0.001 --eps-round-a 0.001 --n-samples 50
HM8_cross_coupled,6,6,2026,0,6,hybrid_pam,/home/s110/code/ttpi_iclr/repro/results/HM8_cross_coupled_state40_action50_iter30_orderhybrid_pam_seed6_formal5080.json,/home/s110/miniconda3/envs/tt_5080/bin/python3 /home/s110/code/ttpi_iclr/repro/scripts/run_hardmove.py --n-actuator 8 --env-variant cross_coupled --training-seed 6 --environment-seed 2026 --permutation-seed 0 --state-sampling-seed 6 --action-order hybrid_pam --run-tag formal5080 --n-state 40 --n-action 50 --n-iter 30 --n-iter-v 1 --callback-freq 10 --n-test 100 --device cuda --max-batch-v 10000 --max-batch-a 100000 --nswp-v 5 --nswp-a 10 --rmax-v 100 --rmax-a 100 --kickrank-v 10 --kickrank-a 10 --eps-cross-v 0.001 --eps-cross-a 0.001 --eps-round-v 0.001 --eps-round-a 0.001 --n-samples 50
HM8_cross_coupled,7,7,2026,0,7,local,/home/s110/code/ttpi_iclr/repro/results/HM8_cross_coupled_state40_action50_iter30_orderlocal_seed7_formal5080.json,/home/s110/miniconda3/envs/tt_5080/bin/python3 /home/s110/code/ttpi_iclr/repro/scripts/run_hardmove.py --n-actuator 8 --env-variant cross_coupled --training-seed 7 --environment-seed 2026 --permutation-seed 0 --state-sampling-seed 7 --action-order local --run-tag formal5080 --n-state 40 --n-action 50 --n-iter 30 --n-iter-v 1 --callback-freq 10 --n-test 100 --device cuda --max-batch-v 10000 --max-batch-a 100000 --nswp-v 5 --nswp-a 10 --rmax-v 100 --rmax-a 100 --kickrank-v 10 --kickrank-a 10 --eps-cross-v 0.001 --eps-cross-a 0.001 --eps-round-v 0.001 --eps-round-a 0.001 --n-samples 50
HM8_cross_coupled,7,7,2026,0,7,random,/home/s110/code/ttpi_iclr/repro/results/HM8_cross_coupled_state40_action50_iter30_orderrandom_seed7_permseed0_formal5080.json,/home/s110/miniconda3/envs/tt_5080/bin/python3 /home/s110/code/ttpi_iclr/repro/scripts/run_hardmove.py --n-actuator 8 --env-variant cross_coupled --training-seed 7 --environment-seed 2026 --permutation-seed 0 --include-permutation-seed-in-run-id --state-sampling-seed 7 --action-order random --run-tag formal5080 --n-state 40 --n-action 50 --n-iter 30 --n-iter-v 1 --callback-freq 10 --n-test 100 --device cuda --max-batch-v 10000 --max-batch-a 100000 --nswp-v 5 --nswp-a 10 --rmax-v 100 --rmax-a 100 --kickrank-v 10 --kickrank-a 10 --eps-cross-v 0.001 --eps-cross-a 0.001 --eps-round-v 0.001 --eps-round-a 0.001 --n-samples 50
HM8_cross_coupled,7,7,2026,1,7,random,/home/s110/code/ttpi_iclr/repro/results/HM8_cross_coupled_state40_action50_iter30_orderrandom_seed7_permseed1_formal5080.json,/home/s110/miniconda3/envs/tt_5080/bin/python3 /home/s110/code/ttpi_iclr/repro/scripts/run_hardmove.py --n-actuator 8 --env-variant cross_coupled --training-seed 7 --environment-seed 2026 --permutation-seed 1 --include-permutation-seed-in-run-id --state-sampling-seed 7 --action-order random --run-tag formal5080 --n-state 40 --n-action 50 --n-iter 30 --n-iter-v 1 --callback-freq 10 --n-test 100 --device cuda --max-batch-v 10000 --max-batch-a 100000 --nswp-v 5 --nswp-a 10 --rmax-v 100 --rmax-a 100 --kickrank-v 10 --kickrank-a 10 --eps-cross-v 0.001 --eps-cross-a 0.001 --eps-round-v 0.001 --eps-round-a 0.001 --n-samples 50
HM8_cross_coupled,7,7,2026,2,7,random,/home/s110/code/ttpi_iclr/repro/results/HM8_cross_coupled_state40_action50_iter30_orderrandom_seed7_permseed2_formal5080.json,/home/s110/miniconda3/envs/tt_5080/bin/python3 /home/s110/code/ttpi_iclr/repro/scripts/run_hardmove.py --n-actuator 8 --env-variant cross_coupled --training-seed 7 --environment-seed 2026 --permutation-seed 2 --include-permutation-seed-in-run-id --state-sampling-seed 7 --action-order random --run-tag formal5080 --n-state 40 --n-action 50 --n-iter 30 --n-iter-v 1 --callback-freq 10 --n-test 100 --device cuda --max-batch-v 10000 --max-batch-a 100000 --nswp-v 5 --nswp-a 10 --rmax-v 100 --rmax-a 100 --kickrank-v 10 --kickrank-a 10 --eps-cross-v 0.001 --eps-cross-a 0.001 --eps-round-v 0.001 --eps-round-a 0.001 --n-samples 50
HM8_cross_coupled,7,7,2026,0,7,badsplit,/home/s110/code/ttpi_iclr/repro/results/HM8_cross_coupled_state40_action50_iter30_orderbadsplit_seed7_formal5080.json,/home/s110/miniconda3/envs/tt_5080/bin/python3 /home/s110/code/ttpi_iclr/repro/scripts/run_hardmove.py --n-actuator 8 --env-variant cross_coupled --training-seed 7 --environment-seed 2026 --permutation-seed 0 --state-sampling-seed 7 --action-order badsplit --run-tag formal5080 --n-state 40 --n-action 50 --n-iter 30 --n-iter-v 1 --callback-freq 10 --n-test 100 --device cuda --max-batch-v 10000 --max-batch-a 100000 --nswp-v 5 --nswp-a 10 --rmax-v 100 --rmax-a 100 --kickrank-v 10 --kickrank-a 10 --eps-cross-v 0.001 --eps-cross-a 0.001 --eps-round-v 0.001 --eps-round-a 0.001 --n-samples 50
HM8_cross_coupled,7,7,2026,0,7,reverse_blocks,/home/s110/code/ttpi_iclr/repro/results/HM8_cross_coupled_state40_action50_iter30_orderreverse_blocks_seed7_formal5080.json,/home/s110/miniconda3/envs/tt_5080/bin/python3 /home/s110/code/ttpi_iclr/repro/scripts/run_hardmove.py --n-actuator 8 --env-variant cross_coupled --training-seed 7 --environment-seed 2026 --permutation-seed 0 --state-sampling-seed 7 --action-order reverse_blocks --run-tag formal5080 --n-state 40 --n-action 50 --n-iter 30 --n-iter-v 1 --callback-freq 10 --n-test 100 --device cuda --max-batch-v 10000 --max-batch-a 100000 --nswp-v 5 --nswp-a 10 --rmax-v 100 --rmax-a 100 --kickrank-v 10 --kickrank-a 10 --eps-cross-v 0.001 --eps-cross-a 0.001 --eps-round-v 0.001 --eps-round-a 0.001 --n-samples 50
HM8_cross_coupled,7,7,2026,0,7,flip_within_block,/home/s110/code/ttpi_iclr/repro/results/HM8_cross_coupled_state40_action50_iter30_orderflip_within_block_seed7_formal5080.json,/home/s110/miniconda3/envs/tt_5080/bin/python3 /home/s110/code/ttpi_iclr/repro/scripts/run_hardmove.py --n-actuator 8 --env-variant cross_coupled --training-seed 7 --environment-seed 2026 --permutation-seed 0 --state-sampling-seed 7 --action-order flip_within_block --run-tag formal5080 --n-state 40 --n-action 50 --n-iter 30 --n-iter-v 1 --callback-freq 10 --n-test 100 --device cuda --max-batch-v 10000 --max-batch-a 100000 --nswp-v 5 --nswp-a 10 --rmax-v 100 --rmax-a 100 --kickrank-v 10 --kickrank-a 10 --eps-cross-v 0.001 --eps-cross-a 0.001 --eps-round-v 0.001 --eps-round-a 0.001 --n-samples 50
HM8_cross_coupled,7,7,2026,0,7,pam_greedy,/home/s110/code/ttpi_iclr/repro/results/HM8_cross_coupled_state40_action50_iter30_orderpam_greedy_seed7_formal5080.json,/home/s110/miniconda3/envs/tt_5080/bin/python3 /home/s110/code/ttpi_iclr/repro/scripts/run_hardmove.py --n-actuator 8 --env-variant cross_coupled --training-seed 7 --environment-seed 2026 --permutation-seed 0 --state-sampling-seed 7 --action-order pam_greedy --run-tag formal5080 --n-state 40 --n-action 50 --n-iter 30 --n-iter-v 1 --callback-freq 10 --n-test 100 --device cuda --max-batch-v 10000 --max-batch-a 100000 --nswp-v 5 --nswp-a 10 --rmax-v 100 --rmax-a 100 --kickrank-v 10 --kickrank-a 10 --eps-cross-v 0.001 --eps-cross-a 0.001 --eps-round-v 0.001 --eps-round-a 0.001 --n-samples 50
HM8_cross_coupled,7,7,2026,0,7,pam_spectral,/home/s110/code/ttpi_iclr/repro/results/HM8_cross_coupled_state40_action50_iter30_orderpam_spectral_seed7_formal5080.json,/home/s110/miniconda3/envs/tt_5080/bin/python3 /home/s110/code/ttpi_iclr/repro/scripts/run_hardmove.py --n-actuator 8 --env-variant cross_coupled --training-seed 7 --environment-seed 2026 --permutation-seed 0 --state-sampling-seed 7 --action-order pam_spectral --run-tag formal5080 --n-state 40 --n-action 50 --n-iter 30 --n-iter-v 1 --callback-freq 10 --n-test 100 --device cuda --max-batch-v 10000 --max-batch-a 100000 --nswp-v 5 --nswp-a 10 --rmax-v 100 --rmax-a 100 --kickrank-v 10 --kickrank-a 10 --eps-cross-v 0.001 --eps-cross-a 0.001 --eps-round-v 0.001 --eps-round-a 0.001 --n-samples 50
HM8_cross_coupled,7,7,2026,0,7,block_pam,/home/s110/code/ttpi_iclr/repro/results/HM8_cross_coupled_state40_action50_iter30_orderblock_pam_seed7_formal5080.json,/home/s110/miniconda3/envs/tt_5080/bin/python3 /home/s110/code/ttpi_iclr/repro/scripts/run_hardmove.py --n-actuator 8 --env-variant cross_coupled --training-seed 7 --environment-seed 2026 --permutation-seed 0 --state-sampling-seed 7 --action-order block_pam --run-tag formal5080 --n-state 40 --n-action 50 --n-iter 30 --n-iter-v 1 --callback-freq 10 --n-test 100 --device cuda --max-batch-v 10000 --max-batch-a 100000 --nswp-v 5 --nswp-a 10 --rmax-v 100 --rmax-a 100 --kickrank-v 10 --kickrank-a 10 --eps-cross-v 0.001 --eps-cross-a 0.001 --eps-round-v 0.001 --eps-round-a 0.001 --n-samples 50
HM8_cross_coupled,7,7,2026,0,7,free_pam,/home/s110/code/ttpi_iclr/repro/results/HM8_cross_coupled_state40_action50_iter30_orderfree_pam_seed7_formal5080.json,/home/s110/miniconda3/envs/tt_5080/bin/python3 /home/s110/code/ttpi_iclr/repro/scripts/run_hardmove.py --n-actuator 8 --env-variant cross_coupled --training-seed 7 --environment-seed 2026 --permutation-seed 0 --state-sampling-seed 7 --action-order free_pam --run-tag formal5080 --n-state 40 --n-action 50 --n-iter 30 --n-iter-v 1 --callback-freq 10 --n-test 100 --device cuda --max-batch-v 10000 --max-batch-a 100000 --nswp-v 5 --nswp-a 10 --rmax-v 100 --rmax-a 100 --kickrank-v 10 --kickrank-a 10 --eps-cross-v 0.001 --eps-cross-a 0.001 --eps-round-v 0.001 --eps-round-a 0.001 --n-samples 50
HM8_cross_coupled,7,7,2026,0,7,peakcut_pam,/home/s110/code/ttpi_iclr/repro/results/HM8_cross_coupled_state40_action50_iter30_orderpeakcut_pam_seed7_formal5080.json,/home/s110/miniconda3/envs/tt_5080/bin/python3 /home/s110/code/ttpi_iclr/repro/scripts/run_hardmove.py --n-actuator 8 --env-variant cross_coupled --training-seed 7 --environment-seed 2026 --permutation-seed 0 --state-sampling-seed 7 --action-order peakcut_pam --run-tag formal5080 --n-state 40 --n-action 50 --n-iter 30 --n-iter-v 1 --callback-freq 10 --n-test 100 --device cuda --max-batch-v 10000 --max-batch-a 100000 --nswp-v 5 --nswp-a 10 --rmax-v 100 --rmax-a 100 --kickrank-v 10 --kickrank-a 10 --eps-cross-v 0.001 --eps-cross-a 0.001 --eps-round-v 0.001 --eps-round-a 0.001 --n-samples 50
HM8_cross_coupled,7,7,2026,0,7,sensitivity_pam,/home/s110/code/ttpi_iclr/repro/results/HM8_cross_coupled_state40_action50_iter30_ordersensitivity_pam_seed7_formal5080.json,/home/s110/miniconda3/envs/tt_5080/bin/python3 /home/s110/code/ttpi_iclr/repro/scripts/run_hardmove.py --n-actuator 8 --env-variant cross_coupled --training-seed 7 --environment-seed 2026 --permutation-seed 0 --state-sampling-seed 7 --action-order sensitivity_pam --run-tag formal5080 --n-state 40 --n-action 50 --n-iter 30 --n-iter-v 1 --callback-freq 10 --n-test 100 --device cuda --max-batch-v 10000 --max-batch-a 100000 --nswp-v 5 --nswp-a 10 --rmax-v 100 --rmax-a 100 --kickrank-v 10 --kickrank-a 10 --eps-cross-v 0.001 --eps-cross-a 0.001 --eps-round-v 0.001 --eps-round-a 0.001 --n-samples 50
HM8_cross_coupled,7,7,2026,0,7,rankaware_proxy_pam,/home/s110/code/ttpi_iclr/repro/results/HM8_cross_coupled_state40_action50_iter30_orderrankaware_proxy_pam_seed7_formal5080.json,/home/s110/miniconda3/envs/tt_5080/bin/python3 /home/s110/code/ttpi_iclr/repro/scripts/run_hardmove.py --n-actuator 8 --env-variant cross_coupled --training-seed 7 --environment-seed 2026 --permutation-seed 0 --state-sampling-seed 7 --action-order rankaware_proxy_pam --run-tag formal5080 --n-state 40 --n-action 50 --n-iter 30 --n-iter-v 1 --callback-freq 10 --n-test 100 --device cuda --max-batch-v 10000 --max-batch-a 100000 --nswp-v 5 --nswp-a 10 --rmax-v 100 --rmax-a 100 --kickrank-v 10 --kickrank-a 10 --eps-cross-v 0.001 --eps-cross-a 0.001 --eps-round-v 0.001 --eps-round-a 0.001 --n-samples 50
HM8_cross_coupled,7,7,2026,0,7,hybrid_pam,/home/s110/code/ttpi_iclr/repro/results/HM8_cross_coupled_state40_action50_iter30_orderhybrid_pam_seed7_formal5080.json,/home/s110/miniconda3/envs/tt_5080/bin/python3 /home/s110/code/ttpi_iclr/repro/scripts/run_hardmove.py --n-actuator 8 --env-variant cross_coupled --training-seed 7 --environment-seed 2026 --permutation-seed 0 --state-sampling-seed 7 --action-order hybrid_pam --run-tag formal5080 --n-state 40 --n-action 50 --n-iter 30 --n-iter-v 1 --callback-freq 10 --n-test 100 --device cuda --max-batch-v 10000 --max-batch-a 100000 --nswp-v 5 --nswp-a 10 --rmax-v 100 --rmax-a 100 --kickrank-v 10 --kickrank-a 10 --eps-cross-v 0.001 --eps-cross-a 0.001 --eps-round-v 0.001 --eps-round-a 0.001 --n-samples 50
HM8_cross_coupled,8,8,2026,0,8,local,/home/s110/code/ttpi_iclr/repro/results/HM8_cross_coupled_state40_action50_iter30_orderlocal_seed8_formal5080.json,/home/s110/miniconda3/envs/tt_5080/bin/python3 /home/s110/code/ttpi_iclr/repro/scripts/run_hardmove.py --n-actuator 8 --env-variant cross_coupled --training-seed 8 --environment-seed 2026 --permutation-seed 0 --state-sampling-seed 8 --action-order local --run-tag formal5080 --n-state 40 --n-action 50 --n-iter 30 --n-iter-v 1 --callback-freq 10 --n-test 100 --device cuda --max-batch-v 10000 --max-batch-a 100000 --nswp-v 5 --nswp-a 10 --rmax-v 100 --rmax-a 100 --kickrank-v 10 --kickrank-a 10 --eps-cross-v 0.001 --eps-cross-a 0.001 --eps-round-v 0.001 --eps-round-a 0.001 --n-samples 50
HM8_cross_coupled,8,8,2026,0,8,random,/home/s110/code/ttpi_iclr/repro/results/HM8_cross_coupled_state40_action50_iter30_orderrandom_seed8_permseed0_formal5080.json,/home/s110/miniconda3/envs/tt_5080/bin/python3 /home/s110/code/ttpi_iclr/repro/scripts/run_hardmove.py --n-actuator 8 --env-variant cross_coupled --training-seed 8 --environment-seed 2026 --permutation-seed 0 --include-permutation-seed-in-run-id --state-sampling-seed 8 --action-order random --run-tag formal5080 --n-state 40 --n-action 50 --n-iter 30 --n-iter-v 1 --callback-freq 10 --n-test 100 --device cuda --max-batch-v 10000 --max-batch-a 100000 --nswp-v 5 --nswp-a 10 --rmax-v 100 --rmax-a 100 --kickrank-v 10 --kickrank-a 10 --eps-cross-v 0.001 --eps-cross-a 0.001 --eps-round-v 0.001 --eps-round-a 0.001 --n-samples 50
HM8_cross_coupled,8,8,2026,1,8,random,/home/s110/code/ttpi_iclr/repro/results/HM8_cross_coupled_state40_action50_iter30_orderrandom_seed8_permseed1_formal5080.json,/home/s110/miniconda3/envs/tt_5080/bin/python3 /home/s110/code/ttpi_iclr/repro/scripts/run_hardmove.py --n-actuator 8 --env-variant cross_coupled --training-seed 8 --environment-seed 2026 --permutation-seed 1 --include-permutation-seed-in-run-id --state-sampling-seed 8 --action-order random --run-tag formal5080 --n-state 40 --n-action 50 --n-iter 30 --n-iter-v 1 --callback-freq 10 --n-test 100 --device cuda --max-batch-v 10000 --max-batch-a 100000 --nswp-v 5 --nswp-a 10 --rmax-v 100 --rmax-a 100 --kickrank-v 10 --kickrank-a 10 --eps-cross-v 0.001 --eps-cross-a 0.001 --eps-round-v 0.001 --eps-round-a 0.001 --n-samples 50
HM8_cross_coupled,8,8,2026,2,8,random,/home/s110/code/ttpi_iclr/repro/results/HM8_cross_coupled_state40_action50_iter30_orderrandom_seed8_permseed2_formal5080.json,/home/s110/miniconda3/envs/tt_5080/bin/python3 /home/s110/code/ttpi_iclr/repro/scripts/run_hardmove.py --n-actuator 8 --env-variant cross_coupled --training-seed 8 --environment-seed 2026 --permutation-seed 2 --include-permutation-seed-in-run-id --state-sampling-seed 8 --action-order random --run-tag formal5080 --n-state 40 --n-action 50 --n-iter 30 --n-iter-v 1 --callback-freq 10 --n-test 100 --device cuda --max-batch-v 10000 --max-batch-a 100000 --nswp-v 5 --nswp-a 10 --rmax-v 100 --rmax-a 100 --kickrank-v 10 --kickrank-a 10 --eps-cross-v 0.001 --eps-cross-a 0.001 --eps-round-v 0.001 --eps-round-a 0.001 --n-samples 50
HM8_cross_coupled,8,8,2026,0,8,badsplit,/home/s110/code/ttpi_iclr/repro/results/HM8_cross_coupled_state40_action50_iter30_orderbadsplit_seed8_formal5080.json,/home/s110/miniconda3/envs/tt_5080/bin/python3 /home/s110/code/ttpi_iclr/repro/scripts/run_hardmove.py --n-actuator 8 --env-variant cross_coupled --training-seed 8 --environment-seed 2026 --permutation-seed 0 --state-sampling-seed 8 --action-order badsplit --run-tag formal5080 --n-state 40 --n-action 50 --n-iter 30 --n-iter-v 1 --callback-freq 10 --n-test 100 --device cuda --max-batch-v 10000 --max-batch-a 100000 --nswp-v 5 --nswp-a 10 --rmax-v 100 --rmax-a 100 --kickrank-v 10 --kickrank-a 10 --eps-cross-v 0.001 --eps-cross-a 0.001 --eps-round-v 0.001 --eps-round-a 0.001 --n-samples 50
HM8_cross_coupled,8,8,2026,0,8,reverse_blocks,/home/s110/code/ttpi_iclr/repro/results/HM8_cross_coupled_state40_action50_iter30_orderreverse_blocks_seed8_formal5080.json,/home/s110/miniconda3/envs/tt_5080/bin/python3 /home/s110/code/ttpi_iclr/repro/scripts/run_hardmove.py --n-actuator 8 --env-variant cross_coupled --training-seed 8 --environment-seed 2026 --permutation-seed 0 --state-sampling-seed 8 --action-order reverse_blocks --run-tag formal5080 --n-state 40 --n-action 50 --n-iter 30 --n-iter-v 1 --callback-freq 10 --n-test 100 --device cuda --max-batch-v 10000 --max-batch-a 100000 --nswp-v 5 --nswp-a 10 --rmax-v 100 --rmax-a 100 --kickrank-v 10 --kickrank-a 10 --eps-cross-v 0.001 --eps-cross-a 0.001 --eps-round-v 0.001 --eps-round-a 0.001 --n-samples 50
HM8_cross_coupled,8,8,2026,0,8,flip_within_block,/home/s110/code/ttpi_iclr/repro/results/HM8_cross_coupled_state40_action50_iter30_orderflip_within_block_seed8_formal5080.json,/home/s110/miniconda3/envs/tt_5080/bin/python3 /home/s110/code/ttpi_iclr/repro/scripts/run_hardmove.py --n-actuator 8 --env-variant cross_coupled --training-seed 8 --environment-seed 2026 --permutation-seed 0 --state-sampling-seed 8 --action-order flip_within_block --run-tag formal5080 --n-state 40 --n-action 50 --n-iter 30 --n-iter-v 1 --callback-freq 10 --n-test 100 --device cuda --max-batch-v 10000 --max-batch-a 100000 --nswp-v 5 --nswp-a 10 --rmax-v 100 --rmax-a 100 --kickrank-v 10 --kickrank-a 10 --eps-cross-v 0.001 --eps-cross-a 0.001 --eps-round-v 0.001 --eps-round-a 0.001 --n-samples 50
HM8_cross_coupled,8,8,2026,0,8,pam_greedy,/home/s110/code/ttpi_iclr/repro/results/HM8_cross_coupled_state40_action50_iter30_orderpam_greedy_seed8_formal5080.json,/home/s110/miniconda3/envs/tt_5080/bin/python3 /home/s110/code/ttpi_iclr/repro/scripts/run_hardmove.py --n-actuator 8 --env-variant cross_coupled --training-seed 8 --environment-seed 2026 --permutation-seed 0 --state-sampling-seed 8 --action-order pam_greedy --run-tag formal5080 --n-state 40 --n-action 50 --n-iter 30 --n-iter-v 1 --callback-freq 10 --n-test 100 --device cuda --max-batch-v 10000 --max-batch-a 100000 --nswp-v 5 --nswp-a 10 --rmax-v 100 --rmax-a 100 --kickrank-v 10 --kickrank-a 10 --eps-cross-v 0.001 --eps-cross-a 0.001 --eps-round-v 0.001 --eps-round-a 0.001 --n-samples 50
HM8_cross_coupled,8,8,2026,0,8,pam_spectral,/home/s110/code/ttpi_iclr/repro/results/HM8_cross_coupled_state40_action50_iter30_orderpam_spectral_seed8_formal5080.json,/home/s110/miniconda3/envs/tt_5080/bin/python3 /home/s110/code/ttpi_iclr/repro/scripts/run_hardmove.py --n-actuator 8 --env-variant cross_coupled --training-seed 8 --environment-seed 2026 --permutation-seed 0 --state-sampling-seed 8 --action-order pam_spectral --run-tag formal5080 --n-state 40 --n-action 50 --n-iter 30 --n-iter-v 1 --callback-freq 10 --n-test 100 --device cuda --max-batch-v 10000 --max-batch-a 100000 --nswp-v 5 --nswp-a 10 --rmax-v 100 --rmax-a 100 --kickrank-v 10 --kickrank-a 10 --eps-cross-v 0.001 --eps-cross-a 0.001 --eps-round-v 0.001 --eps-round-a 0.001 --n-samples 50
HM8_cross_coupled,8,8,2026,0,8,block_pam,/home/s110/code/ttpi_iclr/repro/results/HM8_cross_coupled_state40_action50_iter30_orderblock_pam_seed8_formal5080.json,/home/s110/miniconda3/envs/tt_5080/bin/python3 /home/s110/code/ttpi_iclr/repro/scripts/run_hardmove.py --n-actuator 8 --env-variant cross_coupled --training-seed 8 --environment-seed 2026 --permutation-seed 0 --state-sampling-seed 8 --action-order block_pam --run-tag formal5080 --n-state 40 --n-action 50 --n-iter 30 --n-iter-v 1 --callback-freq 10 --n-test 100 --device cuda --max-batch-v 10000 --max-batch-a 100000 --nswp-v 5 --nswp-a 10 --rmax-v 100 --rmax-a 100 --kickrank-v 10 --kickrank-a 10 --eps-cross-v 0.001 --eps-cross-a 0.001 --eps-round-v 0.001 --eps-round-a 0.001 --n-samples 50
HM8_cross_coupled,8,8,2026,0,8,free_pam,/home/s110/code/ttpi_iclr/repro/results/HM8_cross_coupled_state40_action50_iter30_orderfree_pam_seed8_formal5080.json,/home/s110/miniconda3/envs/tt_5080/bin/python3 /home/s110/code/ttpi_iclr/repro/scripts/run_hardmove.py --n-actuator 8 --env-variant cross_coupled --training-seed 8 --environment-seed 2026 --permutation-seed 0 --state-sampling-seed 8 --action-order free_pam --run-tag formal5080 --n-state 40 --n-action 50 --n-iter 30 --n-iter-v 1 --callback-freq 10 --n-test 100 --device cuda --max-batch-v 10000 --max-batch-a 100000 --nswp-v 5 --nswp-a 10 --rmax-v 100 --rmax-a 100 --kickrank-v 10 --kickrank-a 10 --eps-cross-v 0.001 --eps-cross-a 0.001 --eps-round-v 0.001 --eps-round-a 0.001 --n-samples 50
HM8_cross_coupled,8,8,2026,0,8,peakcut_pam,/home/s110/code/ttpi_iclr/repro/results/HM8_cross_coupled_state40_action50_iter30_orderpeakcut_pam_seed8_formal5080.json,/home/s110/miniconda3/envs/tt_5080/bin/python3 /home/s110/code/ttpi_iclr/repro/scripts/run_hardmove.py --n-actuator 8 --env-variant cross_coupled --training-seed 8 --environment-seed 2026 --permutation-seed 0 --state-sampling-seed 8 --action-order peakcut_pam --run-tag formal5080 --n-state 40 --n-action 50 --n-iter 30 --n-iter-v 1 --callback-freq 10 --n-test 100 --device cuda --max-batch-v 10000 --max-batch-a 100000 --nswp-v 5 --nswp-a 10 --rmax-v 100 --rmax-a 100 --kickrank-v 10 --kickrank-a 10 --eps-cross-v 0.001 --eps-cross-a 0.001 --eps-round-v 0.001 --eps-round-a 0.001 --n-samples 50
HM8_cross_coupled,8,8,2026,0,8,sensitivity_pam,/home/s110/code/ttpi_iclr/repro/results/HM8_cross_coupled_state40_action50_iter30_ordersensitivity_pam_seed8_formal5080.json,/home/s110/miniconda3/envs/tt_5080/bin/python3 /home/s110/code/ttpi_iclr/repro/scripts/run_hardmove.py --n-actuator 8 --env-variant cross_coupled --training-seed 8 --environment-seed 2026 --permutation-seed 0 --state-sampling-seed 8 --action-order sensitivity_pam --run-tag formal5080 --n-state 40 --n-action 50 --n-iter 30 --n-iter-v 1 --callback-freq 10 --n-test 100 --device cuda --max-batch-v 10000 --max-batch-a 100000 --nswp-v 5 --nswp-a 10 --rmax-v 100 --rmax-a 100 --kickrank-v 10 --kickrank-a 10 --eps-cross-v 0.001 --eps-cross-a 0.001 --eps-round-v 0.001 --eps-round-a 0.001 --n-samples 50
HM8_cross_coupled,8,8,2026,0,8,rankaware_proxy_pam,/home/s110/code/ttpi_iclr/repro/results/HM8_cross_coupled_state40_action50_iter30_orderrankaware_proxy_pam_seed8_formal5080.json,/home/s110/miniconda3/envs/tt_5080/bin/python3 /home/s110/code/ttpi_iclr/repro/scripts/run_hardmove.py --n-actuator 8 --env-variant cross_coupled --training-seed 8 --environment-seed 2026 --permutation-seed 0 --state-sampling-seed 8 --action-order rankaware_proxy_pam --run-tag formal5080 --n-state 40 --n-action 50 --n-iter 30 --n-iter-v 1 --callback-freq 10 --n-test 100 --device cuda --max-batch-v 10000 --max-batch-a 100000 --nswp-v 5 --nswp-a 10 --rmax-v 100 --rmax-a 100 --kickrank-v 10 --kickrank-a 10 --eps-cross-v 0.001 --eps-cross-a 0.001 --eps-round-v 0.001 --eps-round-a 0.001 --n-samples 50
HM8_cross_coupled,8,8,2026,0,8,hybrid_pam,/home/s110/code/ttpi_iclr/repro/results/HM8_cross_coupled_state40_action50_iter30_orderhybrid_pam_seed8_formal5080.json,/home/s110/miniconda3/envs/tt_5080/bin/python3 /home/s110/code/ttpi_iclr/repro/scripts/run_hardmove.py --n-actuator 8 --env-variant cross_coupled --training-seed 8 --environment-seed 2026 --permutation-seed 0 --state-sampling-seed 8 --action-order hybrid_pam --run-tag formal5080 --n-state 40 --n-action 50 --n-iter 30 --n-iter-v 1 --callback-freq 10 --n-test 100 --device cuda --max-batch-v 10000 --max-batch-a 100000 --nswp-v 5 --nswp-a 10 --rmax-v 100 --rmax-a 100 --kickrank-v 10 --kickrank-a 10 --eps-cross-v 0.001 --eps-cross-a 0.001 --eps-round-v 0.001 --eps-round-a 0.001 --n-samples 50
HM8_cross_coupled,9,9,2026,0,9,local,/home/s110/code/ttpi_iclr/repro/results/HM8_cross_coupled_state40_action50_iter30_orderlocal_seed9_formal5080.json,/home/s110/miniconda3/envs/tt_5080/bin/python3 /home/s110/code/ttpi_iclr/repro/scripts/run_hardmove.py --n-actuator 8 --env-variant cross_coupled --training-seed 9 --environment-seed 2026 --permutation-seed 0 --state-sampling-seed 9 --action-order local --run-tag formal5080 --n-state 40 --n-action 50 --n-iter 30 --n-iter-v 1 --callback-freq 10 --n-test 100 --device cuda --max-batch-v 10000 --max-batch-a 100000 --nswp-v 5 --nswp-a 10 --rmax-v 100 --rmax-a 100 --kickrank-v 10 --kickrank-a 10 --eps-cross-v 0.001 --eps-cross-a 0.001 --eps-round-v 0.001 --eps-round-a 0.001 --n-samples 50
HM8_cross_coupled,9,9,2026,0,9,random,/home/s110/code/ttpi_iclr/repro/results/HM8_cross_coupled_state40_action50_iter30_orderrandom_seed9_permseed0_formal5080.json,/home/s110/miniconda3/envs/tt_5080/bin/python3 /home/s110/code/ttpi_iclr/repro/scripts/run_hardmove.py --n-actuator 8 --env-variant cross_coupled --training-seed 9 --environment-seed 2026 --permutation-seed 0 --include-permutation-seed-in-run-id --state-sampling-seed 9 --action-order random --run-tag formal5080 --n-state 40 --n-action 50 --n-iter 30 --n-iter-v 1 --callback-freq 10 --n-test 100 --device cuda --max-batch-v 10000 --max-batch-a 100000 --nswp-v 5 --nswp-a 10 --rmax-v 100 --rmax-a 100 --kickrank-v 10 --kickrank-a 10 --eps-cross-v 0.001 --eps-cross-a 0.001 --eps-round-v 0.001 --eps-round-a 0.001 --n-samples 50
HM8_cross_coupled,9,9,2026,1,9,random,/home/s110/code/ttpi_iclr/repro/results/HM8_cross_coupled_state40_action50_iter30_orderrandom_seed9_permseed1_formal5080.json,/home/s110/miniconda3/envs/tt_5080/bin/python3 /home/s110/code/ttpi_iclr/repro/scripts/run_hardmove.py --n-actuator 8 --env-variant cross_coupled --training-seed 9 --environment-seed 2026 --permutation-seed 1 --include-permutation-seed-in-run-id --state-sampling-seed 9 --action-order random --run-tag formal5080 --n-state 40 --n-action 50 --n-iter 30 --n-iter-v 1 --callback-freq 10 --n-test 100 --device cuda --max-batch-v 10000 --max-batch-a 100000 --nswp-v 5 --nswp-a 10 --rmax-v 100 --rmax-a 100 --kickrank-v 10 --kickrank-a 10 --eps-cross-v 0.001 --eps-cross-a 0.001 --eps-round-v 0.001 --eps-round-a 0.001 --n-samples 50
HM8_cross_coupled,9,9,2026,2,9,random,/home/s110/code/ttpi_iclr/repro/results/HM8_cross_coupled_state40_action50_iter30_orderrandom_seed9_permseed2_formal5080.json,/home/s110/miniconda3/envs/tt_5080/bin/python3 /home/s110/code/ttpi_iclr/repro/scripts/run_hardmove.py --n-actuator 8 --env-variant cross_coupled --training-seed 9 --environment-seed 2026 --permutation-seed 2 --include-permutation-seed-in-run-id --state-sampling-seed 9 --action-order random --run-tag formal5080 --n-state 40 --n-action 50 --n-iter 30 --n-iter-v 1 --callback-freq 10 --n-test 100 --device cuda --max-batch-v 10000 --max-batch-a 100000 --nswp-v 5 --nswp-a 10 --rmax-v 100 --rmax-a 100 --kickrank-v 10 --kickrank-a 10 --eps-cross-v 0.001 --eps-cross-a 0.001 --eps-round-v 0.001 --eps-round-a 0.001 --n-samples 50
HM8_cross_coupled,9,9,2026,0,9,badsplit,/home/s110/code/ttpi_iclr/repro/results/HM8_cross_coupled_state40_action50_iter30_orderbadsplit_seed9_formal5080.json,/home/s110/miniconda3/envs/tt_5080/bin/python3 /home/s110/code/ttpi_iclr/repro/scripts/run_hardmove.py --n-actuator 8 --env-variant cross_coupled --training-seed 9 --environment-seed 2026 --permutation-seed 0 --state-sampling-seed 9 --action-order badsplit --run-tag formal5080 --n-state 40 --n-action 50 --n-iter 30 --n-iter-v 1 --callback-freq 10 --n-test 100 --device cuda --max-batch-v 10000 --max-batch-a 100000 --nswp-v 5 --nswp-a 10 --rmax-v 100 --rmax-a 100 --kickrank-v 10 --kickrank-a 10 --eps-cross-v 0.001 --eps-cross-a 0.001 --eps-round-v 0.001 --eps-round-a 0.001 --n-samples 50
HM8_cross_coupled,9,9,2026,0,9,reverse_blocks,/home/s110/code/ttpi_iclr/repro/results/HM8_cross_coupled_state40_action50_iter30_orderreverse_blocks_seed9_formal5080.json,/home/s110/miniconda3/envs/tt_5080/bin/python3 /home/s110/code/ttpi_iclr/repro/scripts/run_hardmove.py --n-actuator 8 --env-variant cross_coupled --training-seed 9 --environment-seed 2026 --permutation-seed 0 --state-sampling-seed 9 --action-order reverse_blocks --run-tag formal5080 --n-state 40 --n-action 50 --n-iter 30 --n-iter-v 1 --callback-freq 10 --n-test 100 --device cuda --max-batch-v 10000 --max-batch-a 100000 --nswp-v 5 --nswp-a 10 --rmax-v 100 --rmax-a 100 --kickrank-v 10 --kickrank-a 10 --eps-cross-v 0.001 --eps-cross-a 0.001 --eps-round-v 0.001 --eps-round-a 0.001 --n-samples 50
HM8_cross_coupled,9,9,2026,0,9,flip_within_block,/home/s110/code/ttpi_iclr/repro/results/HM8_cross_coupled_state40_action50_iter30_orderflip_within_block_seed9_formal5080.json,/home/s110/miniconda3/envs/tt_5080/bin/python3 /home/s110/code/ttpi_iclr/repro/scripts/run_hardmove.py --n-actuator 8 --env-variant cross_coupled --training-seed 9 --environment-seed 2026 --permutation-seed 0 --state-sampling-seed 9 --action-order flip_within_block --run-tag formal5080 --n-state 40 --n-action 50 --n-iter 30 --n-iter-v 1 --callback-freq 10 --n-test 100 --device cuda --max-batch-v 10000 --max-batch-a 100000 --nswp-v 5 --nswp-a 10 --rmax-v 100 --rmax-a 100 --kickrank-v 10 --kickrank-a 10 --eps-cross-v 0.001 --eps-cross-a 0.001 --eps-round-v 0.001 --eps-round-a 0.001 --n-samples 50
HM8_cross_coupled,9,9,2026,0,9,pam_greedy,/home/s110/code/ttpi_iclr/repro/results/HM8_cross_coupled_state40_action50_iter30_orderpam_greedy_seed9_formal5080.json,/home/s110/miniconda3/envs/tt_5080/bin/python3 /home/s110/code/ttpi_iclr/repro/scripts/run_hardmove.py --n-actuator 8 --env-variant cross_coupled --training-seed 9 --environment-seed 2026 --permutation-seed 0 --state-sampling-seed 9 --action-order pam_greedy --run-tag formal5080 --n-state 40 --n-action 50 --n-iter 30 --n-iter-v 1 --callback-freq 10 --n-test 100 --device cuda --max-batch-v 10000 --max-batch-a 100000 --nswp-v 5 --nswp-a 10 --rmax-v 100 --rmax-a 100 --kickrank-v 10 --kickrank-a 10 --eps-cross-v 0.001 --eps-cross-a 0.001 --eps-round-v 0.001 --eps-round-a 0.001 --n-samples 50
HM8_cross_coupled,9,9,2026,0,9,pam_spectral,/home/s110/code/ttpi_iclr/repro/results/HM8_cross_coupled_state40_action50_iter30_orderpam_spectral_seed9_formal5080.json,/home/s110/miniconda3/envs/tt_5080/bin/python3 /home/s110/code/ttpi_iclr/repro/scripts/run_hardmove.py --n-actuator 8 --env-variant cross_coupled --training-seed 9 --environment-seed 2026 --permutation-seed 0 --state-sampling-seed 9 --action-order pam_spectral --run-tag formal5080 --n-state 40 --n-action 50 --n-iter 30 --n-iter-v 1 --callback-freq 10 --n-test 100 --device cuda --max-batch-v 10000 --max-batch-a 100000 --nswp-v 5 --nswp-a 10 --rmax-v 100 --rmax-a 100 --kickrank-v 10 --kickrank-a 10 --eps-cross-v 0.001 --eps-cross-a 0.001 --eps-round-v 0.001 --eps-round-a 0.001 --n-samples 50
HM8_cross_coupled,9,9,2026,0,9,block_pam,/home/s110/code/ttpi_iclr/repro/results/HM8_cross_coupled_state40_action50_iter30_orderblock_pam_seed9_formal5080.json,/home/s110/miniconda3/envs/tt_5080/bin/python3 /home/s110/code/ttpi_iclr/repro/scripts/run_hardmove.py --n-actuator 8 --env-variant cross_coupled --training-seed 9 --environment-seed 2026 --permutation-seed 0 --state-sampling-seed 9 --action-order block_pam --run-tag formal5080 --n-state 40 --n-action 50 --n-iter 30 --n-iter-v 1 --callback-freq 10 --n-test 100 --device cuda --max-batch-v 10000 --max-batch-a 100000 --nswp-v 5 --nswp-a 10 --rmax-v 100 --rmax-a 100 --kickrank-v 10 --kickrank-a 10 --eps-cross-v 0.001 --eps-cross-a 0.001 --eps-round-v 0.001 --eps-round-a 0.001 --n-samples 50
HM8_cross_coupled,9,9,2026,0,9,free_pam,/home/s110/code/ttpi_iclr/repro/results/HM8_cross_coupled_state40_action50_iter30_orderfree_pam_seed9_formal5080.json,/home/s110/miniconda3/envs/tt_5080/bin/python3 /home/s110/code/ttpi_iclr/repro/scripts/run_hardmove.py --n-actuator 8 --env-variant cross_coupled --training-seed 9 --environment-seed 2026 --permutation-seed 0 --state-sampling-seed 9 --action-order free_pam --run-tag formal5080 --n-state 40 --n-action 50 --n-iter 30 --n-iter-v 1 --callback-freq 10 --n-test 100 --device cuda --max-batch-v 10000 --max-batch-a 100000 --nswp-v 5 --nswp-a 10 --rmax-v 100 --rmax-a 100 --kickrank-v 10 --kickrank-a 10 --eps-cross-v 0.001 --eps-cross-a 0.001 --eps-round-v 0.001 --eps-round-a 0.001 --n-samples 50
HM8_cross_coupled,9,9,2026,0,9,peakcut_pam,/home/s110/code/ttpi_iclr/repro/results/HM8_cross_coupled_state40_action50_iter30_orderpeakcut_pam_seed9_formal5080.json,/home/s110/miniconda3/envs/tt_5080/bin/python3 /home/s110/code/ttpi_iclr/repro/scripts/run_hardmove.py --n-actuator 8 --env-variant cross_coupled --training-seed 9 --environment-seed 2026 --permutation-seed 0 --state-sampling-seed 9 --action-order peakcut_pam --run-tag formal5080 --n-state 40 --n-action 50 --n-iter 30 --n-iter-v 1 --callback-freq 10 --n-test 100 --device cuda --max-batch-v 10000 --max-batch-a 100000 --nswp-v 5 --nswp-a 10 --rmax-v 100 --rmax-a 100 --kickrank-v 10 --kickrank-a 10 --eps-cross-v 0.001 --eps-cross-a 0.001 --eps-round-v 0.001 --eps-round-a 0.001 --n-samples 50
HM8_cross_coupled,9,9,2026,0,9,sensitivity_pam,/home/s110/code/ttpi_iclr/repro/results/HM8_cross_coupled_state40_action50_iter30_ordersensitivity_pam_seed9_formal5080.json,/home/s110/miniconda3/envs/tt_5080/bin/python3 /home/s110/code/ttpi_iclr/repro/scripts/run_hardmove.py --n-actuator 8 --env-variant cross_coupled --training-seed 9 --environment-seed 2026 --permutation-seed 0 --state-sampling-seed 9 --action-order sensitivity_pam --run-tag formal5080 --n-state 40 --n-action 50 --n-iter 30 --n-iter-v 1 --callback-freq 10 --n-test 100 --device cuda --max-batch-v 10000 --max-batch-a 100000 --nswp-v 5 --nswp-a 10 --rmax-v 100 --rmax-a 100 --kickrank-v 10 --kickrank-a 10 --eps-cross-v 0.001 --eps-cross-a 0.001 --eps-round-v 0.001 --eps-round-a 0.001 --n-samples 50
HM8_cross_coupled,9,9,2026,0,9,rankaware_proxy_pam,/home/s110/code/ttpi_iclr/repro/results/HM8_cross_coupled_state40_action50_iter30_orderrankaware_proxy_pam_seed9_formal5080.json,/home/s110/miniconda3/envs/tt_5080/bin/python3 /home/s110/code/ttpi_iclr/repro/scripts/run_hardmove.py --n-actuator 8 --env-variant cross_coupled --training-seed 9 --environment-seed 2026 --permutation-seed 0 --state-sampling-seed 9 --action-order rankaware_proxy_pam --run-tag formal5080 --n-state 40 --n-action 50 --n-iter 30 --n-iter-v 1 --callback-freq 10 --n-test 100 --device cuda --max-batch-v 10000 --max-batch-a 100000 --nswp-v 5 --nswp-a 10 --rmax-v 100 --rmax-a 100 --kickrank-v 10 --kickrank-a 10 --eps-cross-v 0.001 --eps-cross-a 0.001 --eps-round-v 0.001 --eps-round-a 0.001 --n-samples 50
HM8_cross_coupled,9,9,2026,0,9,hybrid_pam,/home/s110/code/ttpi_iclr/repro/results/HM8_cross_coupled_state40_action50_iter30_orderhybrid_pam_seed9_formal5080.json,/home/s110/miniconda3/envs/tt_5080/bin/python3 /home/s110/code/ttpi_iclr/repro/scripts/run_hardmove.py --n-actuator 8 --env-variant cross_coupled --training-seed 9 --environment-seed 2026 --permutation-seed 0 --state-sampling-seed 9 --action-order hybrid_pam --run-tag formal5080 --n-state 40 --n-action 50 --n-iter 30 --n-iter-v 1 --callback-freq 10 --n-test 100 --device cuda --max-batch-v 10000 --max-batch-a 100000 --nswp-v 5 --nswp-a 10 --rmax-v 100 --rmax-a 100 --kickrank-v 10 --kickrank-a 10 --eps-cross-v 0.001 --eps-cross-a 0.001 --eps-round-v 0.001 --eps-round-a 0.001 --n-samples 50
HM12_cross_coupled,0,0,2026,0,0,local,/home/s110/code/ttpi_iclr/repro/results/HM12_cross_coupled_state40_action50_iter30_orderlocal_seed0_formal5080.json,/home/s110/miniconda3/envs/tt_5080/bin/python3 /home/s110/code/ttpi_iclr/repro/scripts/run_hardmove.py --n-actuator 12 --env-variant cross_coupled --training-seed 0 --environment-seed 2026 --permutation-seed 0 --state-sampling-seed 0 --action-order local --run-tag formal5080 --n-state 40 --n-action 50 --n-iter 30 --n-iter-v 1 --callback-freq 10 --n-test 100 --device cuda --max-batch-v 10000 --max-batch-a 100000 --nswp-v 5 --nswp-a 10 --rmax-v 100 --rmax-a 100 --kickrank-v 10 --kickrank-a 10 --eps-cross-v 0.001 --eps-cross-a 0.001 --eps-round-v 0.001 --eps-round-a 0.001 --n-samples 50
HM12_cross_coupled,0,0,2026,0,0,random,/home/s110/code/ttpi_iclr/repro/results/HM12_cross_coupled_state40_action50_iter30_orderrandom_seed0_permseed0_formal5080.json,/home/s110/miniconda3/envs/tt_5080/bin/python3 /home/s110/code/ttpi_iclr/repro/scripts/run_hardmove.py --n-actuator 12 --env-variant cross_coupled --training-seed 0 --environment-seed 2026 --permutation-seed 0 --include-permutation-seed-in-run-id --state-sampling-seed 0 --action-order random --run-tag formal5080 --n-state 40 --n-action 50 --n-iter 30 --n-iter-v 1 --callback-freq 10 --n-test 100 --device cuda --max-batch-v 10000 --max-batch-a 100000 --nswp-v 5 --nswp-a 10 --rmax-v 100 --rmax-a 100 --kickrank-v 10 --kickrank-a 10 --eps-cross-v 0.001 --eps-cross-a 0.001 --eps-round-v 0.001 --eps-round-a 0.001 --n-samples 50
HM12_cross_coupled,0,0,2026,1,0,random,/home/s110/code/ttpi_iclr/repro/results/HM12_cross_coupled_state40_action50_iter30_orderrandom_seed0_permseed1_formal5080.json,/home/s110/miniconda3/envs/tt_5080/bin/python3 /home/s110/code/ttpi_iclr/repro/scripts/run_hardmove.py --n-actuator 12 --env-variant cross_coupled --training-seed 0 --environment-seed 2026 --permutation-seed 1 --include-permutation-seed-in-run-id --state-sampling-seed 0 --action-order random --run-tag formal5080 --n-state 40 --n-action 50 --n-iter 30 --n-iter-v 1 --callback-freq 10 --n-test 100 --device cuda --max-batch-v 10000 --max-batch-a 100000 --nswp-v 5 --nswp-a 10 --rmax-v 100 --rmax-a 100 --kickrank-v 10 --kickrank-a 10 --eps-cross-v 0.001 --eps-cross-a 0.001 --eps-round-v 0.001 --eps-round-a 0.001 --n-samples 50
HM12_cross_coupled,0,0,2026,2,0,random,/home/s110/code/ttpi_iclr/repro/results/HM12_cross_coupled_state40_action50_iter30_orderrandom_seed0_permseed2_formal5080.json,/home/s110/miniconda3/envs/tt_5080/bin/python3 /home/s110/code/ttpi_iclr/repro/scripts/run_hardmove.py --n-actuator 12 --env-variant cross_coupled --training-seed 0 --environment-seed 2026 --permutation-seed 2 --include-permutation-seed-in-run-id --state-sampling-seed 0 --action-order random --run-tag formal5080 --n-state 40 --n-action 50 --n-iter 30 --n-iter-v 1 --callback-freq 10 --n-test 100 --device cuda --max-batch-v 10000 --max-batch-a 100000 --nswp-v 5 --nswp-a 10 --rmax-v 100 --rmax-a 100 --kickrank-v 10 --kickrank-a 10 --eps-cross-v 0.001 --eps-cross-a 0.001 --eps-round-v 0.001 --eps-round-a 0.001 --n-samples 50
HM12_cross_coupled,0,0,2026,0,0,badsplit,/home/s110/code/ttpi_iclr/repro/results/HM12_cross_coupled_state40_action50_iter30_orderbadsplit_seed0_formal5080.json,/home/s110/miniconda3/envs/tt_5080/bin/python3 /home/s110/code/ttpi_iclr/repro/scripts/run_hardmove.py --n-actuator 12 --env-variant cross_coupled --training-seed 0 --environment-seed 2026 --permutation-seed 0 --state-sampling-seed 0 --action-order badsplit --run-tag formal5080 --n-state 40 --n-action 50 --n-iter 30 --n-iter-v 1 --callback-freq 10 --n-test 100 --device cuda --max-batch-v 10000 --max-batch-a 100000 --nswp-v 5 --nswp-a 10 --rmax-v 100 --rmax-a 100 --kickrank-v 10 --kickrank-a 10 --eps-cross-v 0.001 --eps-cross-a 0.001 --eps-round-v 0.001 --eps-round-a 0.001 --n-samples 50
HM12_cross_coupled,0,0,2026,0,0,reverse_blocks,/home/s110/code/ttpi_iclr/repro/results/HM12_cross_coupled_state40_action50_iter30_orderreverse_blocks_seed0_formal5080.json,/home/s110/miniconda3/envs/tt_5080/bin/python3 /home/s110/code/ttpi_iclr/repro/scripts/run_hardmove.py --n-actuator 12 --env-variant cross_coupled --training-seed 0 --environment-seed 2026 --permutation-seed 0 --state-sampling-seed 0 --action-order reverse_blocks --run-tag formal5080 --n-state 40 --n-action 50 --n-iter 30 --n-iter-v 1 --callback-freq 10 --n-test 100 --device cuda --max-batch-v 10000 --max-batch-a 100000 --nswp-v 5 --nswp-a 10 --rmax-v 100 --rmax-a 100 --kickrank-v 10 --kickrank-a 10 --eps-cross-v 0.001 --eps-cross-a 0.001 --eps-round-v 0.001 --eps-round-a 0.001 --n-samples 50
HM12_cross_coupled,0,0,2026,0,0,flip_within_block,/home/s110/code/ttpi_iclr/repro/results/HM12_cross_coupled_state40_action50_iter30_orderflip_within_block_seed0_formal5080.json,/home/s110/miniconda3/envs/tt_5080/bin/python3 /home/s110/code/ttpi_iclr/repro/scripts/run_hardmove.py --n-actuator 12 --env-variant cross_coupled --training-seed 0 --environment-seed 2026 --permutation-seed 0 --state-sampling-seed 0 --action-order flip_within_block --run-tag formal5080 --n-state 40 --n-action 50 --n-iter 30 --n-iter-v 1 --callback-freq 10 --n-test 100 --device cuda --max-batch-v 10000 --max-batch-a 100000 --nswp-v 5 --nswp-a 10 --rmax-v 100 --rmax-a 100 --kickrank-v 10 --kickrank-a 10 --eps-cross-v 0.001 --eps-cross-a 0.001 --eps-round-v 0.001 --eps-round-a 0.001 --n-samples 50
HM12_cross_coupled,0,0,2026,0,0,pam_greedy,/home/s110/code/ttpi_iclr/repro/results/HM12_cross_coupled_state40_action50_iter30_orderpam_greedy_seed0_formal5080.json,/home/s110/miniconda3/envs/tt_5080/bin/python3 /home/s110/code/ttpi_iclr/repro/scripts/run_hardmove.py --n-actuator 12 --env-variant cross_coupled --training-seed 0 --environment-seed 2026 --permutation-seed 0 --state-sampling-seed 0 --action-order pam_greedy --run-tag formal5080 --n-state 40 --n-action 50 --n-iter 30 --n-iter-v 1 --callback-freq 10 --n-test 100 --device cuda --max-batch-v 10000 --max-batch-a 100000 --nswp-v 5 --nswp-a 10 --rmax-v 100 --rmax-a 100 --kickrank-v 10 --kickrank-a 10 --eps-cross-v 0.001 --eps-cross-a 0.001 --eps-round-v 0.001 --eps-round-a 0.001 --n-samples 50
HM12_cross_coupled,0,0,2026,0,0,pam_spectral,/home/s110/code/ttpi_iclr/repro/results/HM12_cross_coupled_state40_action50_iter30_orderpam_spectral_seed0_formal5080.json,/home/s110/miniconda3/envs/tt_5080/bin/python3 /home/s110/code/ttpi_iclr/repro/scripts/run_hardmove.py --n-actuator 12 --env-variant cross_coupled --training-seed 0 --environment-seed 2026 --permutation-seed 0 --state-sampling-seed 0 --action-order pam_spectral --run-tag formal5080 --n-state 40 --n-action 50 --n-iter 30 --n-iter-v 1 --callback-freq 10 --n-test 100 --device cuda --max-batch-v 10000 --max-batch-a 100000 --nswp-v 5 --nswp-a 10 --rmax-v 100 --rmax-a 100 --kickrank-v 10 --kickrank-a 10 --eps-cross-v 0.001 --eps-cross-a 0.001 --eps-round-v 0.001 --eps-round-a 0.001 --n-samples 50
HM12_cross_coupled,0,0,2026,0,0,block_pam,/home/s110/code/ttpi_iclr/repro/results/HM12_cross_coupled_state40_action50_iter30_orderblock_pam_seed0_formal5080.json,/home/s110/miniconda3/envs/tt_5080/bin/python3 /home/s110/code/ttpi_iclr/repro/scripts/run_hardmove.py --n-actuator 12 --env-variant cross_coupled --training-seed 0 --environment-seed 2026 --permutation-seed 0 --state-sampling-seed 0 --action-order block_pam --run-tag formal5080 --n-state 40 --n-action 50 --n-iter 30 --n-iter-v 1 --callback-freq 10 --n-test 100 --device cuda --max-batch-v 10000 --max-batch-a 100000 --nswp-v 5 --nswp-a 10 --rmax-v 100 --rmax-a 100 --kickrank-v 10 --kickrank-a 10 --eps-cross-v 0.001 --eps-cross-a 0.001 --eps-round-v 0.001 --eps-round-a 0.001 --n-samples 50
HM12_cross_coupled,0,0,2026,0,0,free_pam,/home/s110/code/ttpi_iclr/repro/results/HM12_cross_coupled_state40_action50_iter30_orderfree_pam_seed0_formal5080.json,/home/s110/miniconda3/envs/tt_5080/bin/python3 /home/s110/code/ttpi_iclr/repro/scripts/run_hardmove.py --n-actuator 12 --env-variant cross_coupled --training-seed 0 --environment-seed 2026 --permutation-seed 0 --state-sampling-seed 0 --action-order free_pam --run-tag formal5080 --n-state 40 --n-action 50 --n-iter 30 --n-iter-v 1 --callback-freq 10 --n-test 100 --device cuda --max-batch-v 10000 --max-batch-a 100000 --nswp-v 5 --nswp-a 10 --rmax-v 100 --rmax-a 100 --kickrank-v 10 --kickrank-a 10 --eps-cross-v 0.001 --eps-cross-a 0.001 --eps-round-v 0.001 --eps-round-a 0.001 --n-samples 50
HM12_cross_coupled,0,0,2026,0,0,peakcut_pam,/home/s110/code/ttpi_iclr/repro/results/HM12_cross_coupled_state40_action50_iter30_orderpeakcut_pam_seed0_formal5080.json,/home/s110/miniconda3/envs/tt_5080/bin/python3 /home/s110/code/ttpi_iclr/repro/scripts/run_hardmove.py --n-actuator 12 --env-variant cross_coupled --training-seed 0 --environment-seed 2026 --permutation-seed 0 --state-sampling-seed 0 --action-order peakcut_pam --run-tag formal5080 --n-state 40 --n-action 50 --n-iter 30 --n-iter-v 1 --callback-freq 10 --n-test 100 --device cuda --max-batch-v 10000 --max-batch-a 100000 --nswp-v 5 --nswp-a 10 --rmax-v 100 --rmax-a 100 --kickrank-v 10 --kickrank-a 10 --eps-cross-v 0.001 --eps-cross-a 0.001 --eps-round-v 0.001 --eps-round-a 0.001 --n-samples 50
HM12_cross_coupled,0,0,2026,0,0,sensitivity_pam,/home/s110/code/ttpi_iclr/repro/results/HM12_cross_coupled_state40_action50_iter30_ordersensitivity_pam_seed0_formal5080.json,/home/s110/miniconda3/envs/tt_5080/bin/python3 /home/s110/code/ttpi_iclr/repro/scripts/run_hardmove.py --n-actuator 12 --env-variant cross_coupled --training-seed 0 --environment-seed 2026 --permutation-seed 0 --state-sampling-seed 0 --action-order sensitivity_pam --run-tag formal5080 --n-state 40 --n-action 50 --n-iter 30 --n-iter-v 1 --callback-freq 10 --n-test 100 --device cuda --max-batch-v 10000 --max-batch-a 100000 --nswp-v 5 --nswp-a 10 --rmax-v 100 --rmax-a 100 --kickrank-v 10 --kickrank-a 10 --eps-cross-v 0.001 --eps-cross-a 0.001 --eps-round-v 0.001 --eps-round-a 0.001 --n-samples 50
HM12_cross_coupled,0,0,2026,0,0,rankaware_proxy_pam,/home/s110/code/ttpi_iclr/repro/results/HM12_cross_coupled_state40_action50_iter30_orderrankaware_proxy_pam_seed0_formal5080.json,/home/s110/miniconda3/envs/tt_5080/bin/python3 /home/s110/code/ttpi_iclr/repro/scripts/run_hardmove.py --n-actuator 12 --env-variant cross_coupled --training-seed 0 --environment-seed 2026 --permutation-seed 0 --state-sampling-seed 0 --action-order rankaware_proxy_pam --run-tag formal5080 --n-state 40 --n-action 50 --n-iter 30 --n-iter-v 1 --callback-freq 10 --n-test 100 --device cuda --max-batch-v 10000 --max-batch-a 100000 --nswp-v 5 --nswp-a 10 --rmax-v 100 --rmax-a 100 --kickrank-v 10 --kickrank-a 10 --eps-cross-v 0.001 --eps-cross-a 0.001 --eps-round-v 0.001 --eps-round-a 0.001 --n-samples 50
HM12_cross_coupled,0,0,2026,0,0,hybrid_pam,/home/s110/code/ttpi_iclr/repro/results/HM12_cross_coupled_state40_action50_iter30_orderhybrid_pam_seed0_formal5080.json,/home/s110/miniconda3/envs/tt_5080/bin/python3 /home/s110/code/ttpi_iclr/repro/scripts/run_hardmove.py --n-actuator 12 --env-variant cross_coupled --training-seed 0 --environment-seed 2026 --permutation-seed 0 --state-sampling-seed 0 --action-order hybrid_pam --run-tag formal5080 --n-state 40 --n-action 50 --n-iter 30 --n-iter-v 1 --callback-freq 10 --n-test 100 --device cuda --max-batch-v 10000 --max-batch-a 100000 --nswp-v 5 --nswp-a 10 --rmax-v 100 --rmax-a 100 --kickrank-v 10 --kickrank-a 10 --eps-cross-v 0.001 --eps-cross-a 0.001 --eps-round-v 0.001 --eps-round-a 0.001 --n-samples 50
HM12_cross_coupled,1,1,2026,0,1,local,/home/s110/code/ttpi_iclr/repro/results/HM12_cross_coupled_state40_action50_iter30_orderlocal_seed1_formal5080.json,/home/s110/miniconda3/envs/tt_5080/bin/python3 /home/s110/code/ttpi_iclr/repro/scripts/run_hardmove.py --n-actuator 12 --env-variant cross_coupled --training-seed 1 --environment-seed 2026 --permutation-seed 0 --state-sampling-seed 1 --action-order local --run-tag formal5080 --n-state 40 --n-action 50 --n-iter 30 --n-iter-v 1 --callback-freq 10 --n-test 100 --device cuda --max-batch-v 10000 --max-batch-a 100000 --nswp-v 5 --nswp-a 10 --rmax-v 100 --rmax-a 100 --kickrank-v 10 --kickrank-a 10 --eps-cross-v 0.001 --eps-cross-a 0.001 --eps-round-v 0.001 --eps-round-a 0.001 --n-samples 50
HM12_cross_coupled,1,1,2026,0,1,random,/home/s110/code/ttpi_iclr/repro/results/HM12_cross_coupled_state40_action50_iter30_orderrandom_seed1_permseed0_formal5080.json,/home/s110/miniconda3/envs/tt_5080/bin/python3 /home/s110/code/ttpi_iclr/repro/scripts/run_hardmove.py --n-actuator 12 --env-variant cross_coupled --training-seed 1 --environment-seed 2026 --permutation-seed 0 --include-permutation-seed-in-run-id --state-sampling-seed 1 --action-order random --run-tag formal5080 --n-state 40 --n-action 50 --n-iter 30 --n-iter-v 1 --callback-freq 10 --n-test 100 --device cuda --max-batch-v 10000 --max-batch-a 100000 --nswp-v 5 --nswp-a 10 --rmax-v 100 --rmax-a 100 --kickrank-v 10 --kickrank-a 10 --eps-cross-v 0.001 --eps-cross-a 0.001 --eps-round-v 0.001 --eps-round-a 0.001 --n-samples 50
HM12_cross_coupled,1,1,2026,1,1,random,/home/s110/code/ttpi_iclr/repro/results/HM12_cross_coupled_state40_action50_iter30_orderrandom_seed1_permseed1_formal5080.json,/home/s110/miniconda3/envs/tt_5080/bin/python3 /home/s110/code/ttpi_iclr/repro/scripts/run_hardmove.py --n-actuator 12 --env-variant cross_coupled --training-seed 1 --environment-seed 2026 --permutation-seed 1 --include-permutation-seed-in-run-id --state-sampling-seed 1 --action-order random --run-tag formal5080 --n-state 40 --n-action 50 --n-iter 30 --n-iter-v 1 --callback-freq 10 --n-test 100 --device cuda --max-batch-v 10000 --max-batch-a 100000 --nswp-v 5 --nswp-a 10 --rmax-v 100 --rmax-a 100 --kickrank-v 10 --kickrank-a 10 --eps-cross-v 0.001 --eps-cross-a 0.001 --eps-round-v 0.001 --eps-round-a 0.001 --n-samples 50
HM12_cross_coupled,1,1,2026,2,1,random,/home/s110/code/ttpi_iclr/repro/results/HM12_cross_coupled_state40_action50_iter30_orderrandom_seed1_permseed2_formal5080.json,/home/s110/miniconda3/envs/tt_5080/bin/python3 /home/s110/code/ttpi_iclr/repro/scripts/run_hardmove.py --n-actuator 12 --env-variant cross_coupled --training-seed 1 --environment-seed 2026 --permutation-seed 2 --include-permutation-seed-in-run-id --state-sampling-seed 1 --action-order random --run-tag formal5080 --n-state 40 --n-action 50 --n-iter 30 --n-iter-v 1 --callback-freq 10 --n-test 100 --device cuda --max-batch-v 10000 --max-batch-a 100000 --nswp-v 5 --nswp-a 10 --rmax-v 100 --rmax-a 100 --kickrank-v 10 --kickrank-a 10 --eps-cross-v 0.001 --eps-cross-a 0.001 --eps-round-v 0.001 --eps-round-a 0.001 --n-samples 50
HM12_cross_coupled,1,1,2026,0,1,badsplit,/home/s110/code/ttpi_iclr/repro/results/HM12_cross_coupled_state40_action50_iter30_orderbadsplit_seed1_formal5080.json,/home/s110/miniconda3/envs/tt_5080/bin/python3 /home/s110/code/ttpi_iclr/repro/scripts/run_hardmove.py --n-actuator 12 --env-variant cross_coupled --training-seed 1 --environment-seed 2026 --permutation-seed 0 --state-sampling-seed 1 --action-order badsplit --run-tag formal5080 --n-state 40 --n-action 50 --n-iter 30 --n-iter-v 1 --callback-freq 10 --n-test 100 --device cuda --max-batch-v 10000 --max-batch-a 100000 --nswp-v 5 --nswp-a 10 --rmax-v 100 --rmax-a 100 --kickrank-v 10 --kickrank-a 10 --eps-cross-v 0.001 --eps-cross-a 0.001 --eps-round-v 0.001 --eps-round-a 0.001 --n-samples 50
HM12_cross_coupled,1,1,2026,0,1,reverse_blocks,/home/s110/code/ttpi_iclr/repro/results/HM12_cross_coupled_state40_action50_iter30_orderreverse_blocks_seed1_formal5080.json,/home/s110/miniconda3/envs/tt_5080/bin/python3 /home/s110/code/ttpi_iclr/repro/scripts/run_hardmove.py --n-actuator 12 --env-variant cross_coupled --training-seed 1 --environment-seed 2026 --permutation-seed 0 --state-sampling-seed 1 --action-order reverse_blocks --run-tag formal5080 --n-state 40 --n-action 50 --n-iter 30 --n-iter-v 1 --callback-freq 10 --n-test 100 --device cuda --max-batch-v 10000 --max-batch-a 100000 --nswp-v 5 --nswp-a 10 --rmax-v 100 --rmax-a 100 --kickrank-v 10 --kickrank-a 10 --eps-cross-v 0.001 --eps-cross-a 0.001 --eps-round-v 0.001 --eps-round-a 0.001 --n-samples 50
HM12_cross_coupled,1,1,2026,0,1,flip_within_block,/home/s110/code/ttpi_iclr/repro/results/HM12_cross_coupled_state40_action50_iter30_orderflip_within_block_seed1_formal5080.json,/home/s110/miniconda3/envs/tt_5080/bin/python3 /home/s110/code/ttpi_iclr/repro/scripts/run_hardmove.py --n-actuator 12 --env-variant cross_coupled --training-seed 1 --environment-seed 2026 --permutation-seed 0 --state-sampling-seed 1 --action-order flip_within_block --run-tag formal5080 --n-state 40 --n-action 50 --n-iter 30 --n-iter-v 1 --callback-freq 10 --n-test 100 --device cuda --max-batch-v 10000 --max-batch-a 100000 --nswp-v 5 --nswp-a 10 --rmax-v 100 --rmax-a 100 --kickrank-v 10 --kickrank-a 10 --eps-cross-v 0.001 --eps-cross-a 0.001 --eps-round-v 0.001 --eps-round-a 0.001 --n-samples 50
HM12_cross_coupled,1,1,2026,0,1,pam_greedy,/home/s110/code/ttpi_iclr/repro/results/HM12_cross_coupled_state40_action50_iter30_orderpam_greedy_seed1_formal5080.json,/home/s110/miniconda3/envs/tt_5080/bin/python3 /home/s110/code/ttpi_iclr/repro/scripts/run_hardmove.py --n-actuator 12 --env-variant cross_coupled --training-seed 1 --environment-seed 2026 --permutation-seed 0 --state-sampling-seed 1 --action-order pam_greedy --run-tag formal5080 --n-state 40 --n-action 50 --n-iter 30 --n-iter-v 1 --callback-freq 10 --n-test 100 --device cuda --max-batch-v 10000 --max-batch-a 100000 --nswp-v 5 --nswp-a 10 --rmax-v 100 --rmax-a 100 --kickrank-v 10 --kickrank-a 10 --eps-cross-v 0.001 --eps-cross-a 0.001 --eps-round-v 0.001 --eps-round-a 0.001 --n-samples 50
HM12_cross_coupled,1,1,2026,0,1,pam_spectral,/home/s110/code/ttpi_iclr/repro/results/HM12_cross_coupled_state40_action50_iter30_orderpam_spectral_seed1_formal5080.json,/home/s110/miniconda3/envs/tt_5080/bin/python3 /home/s110/code/ttpi_iclr/repro/scripts/run_hardmove.py --n-actuator 12 --env-variant cross_coupled --training-seed 1 --environment-seed 2026 --permutation-seed 0 --state-sampling-seed 1 --action-order pam_spectral --run-tag formal5080 --n-state 40 --n-action 50 --n-iter 30 --n-iter-v 1 --callback-freq 10 --n-test 100 --device cuda --max-batch-v 10000 --max-batch-a 100000 --nswp-v 5 --nswp-a 10 --rmax-v 100 --rmax-a 100 --kickrank-v 10 --kickrank-a 10 --eps-cross-v 0.001 --eps-cross-a 0.001 --eps-round-v 0.001 --eps-round-a 0.001 --n-samples 50
HM12_cross_coupled,1,1,2026,0,1,block_pam,/home/s110/code/ttpi_iclr/repro/results/HM12_cross_coupled_state40_action50_iter30_orderblock_pam_seed1_formal5080.json,/home/s110/miniconda3/envs/tt_5080/bin/python3 /home/s110/code/ttpi_iclr/repro/scripts/run_hardmove.py --n-actuator 12 --env-variant cross_coupled --training-seed 1 --environment-seed 2026 --permutation-seed 0 --state-sampling-seed 1 --action-order block_pam --run-tag formal5080 --n-state 40 --n-action 50 --n-iter 30 --n-iter-v 1 --callback-freq 10 --n-test 100 --device cuda --max-batch-v 10000 --max-batch-a 100000 --nswp-v 5 --nswp-a 10 --rmax-v 100 --rmax-a 100 --kickrank-v 10 --kickrank-a 10 --eps-cross-v 0.001 --eps-cross-a 0.001 --eps-round-v 0.001 --eps-round-a 0.001 --n-samples 50
HM12_cross_coupled,1,1,2026,0,1,free_pam,/home/s110/code/ttpi_iclr/repro/results/HM12_cross_coupled_state40_action50_iter30_orderfree_pam_seed1_formal5080.json,/home/s110/miniconda3/envs/tt_5080/bin/python3 /home/s110/code/ttpi_iclr/repro/scripts/run_hardmove.py --n-actuator 12 --env-variant cross_coupled --training-seed 1 --environment-seed 2026 --permutation-seed 0 --state-sampling-seed 1 --action-order free_pam --run-tag formal5080 --n-state 40 --n-action 50 --n-iter 30 --n-iter-v 1 --callback-freq 10 --n-test 100 --device cuda --max-batch-v 10000 --max-batch-a 100000 --nswp-v 5 --nswp-a 10 --rmax-v 100 --rmax-a 100 --kickrank-v 10 --kickrank-a 10 --eps-cross-v 0.001 --eps-cross-a 0.001 --eps-round-v 0.001 --eps-round-a 0.001 --n-samples 50
HM12_cross_coupled,1,1,2026,0,1,peakcut_pam,/home/s110/code/ttpi_iclr/repro/results/HM12_cross_coupled_state40_action50_iter30_orderpeakcut_pam_seed1_formal5080.json,/home/s110/miniconda3/envs/tt_5080/bin/python3 /home/s110/code/ttpi_iclr/repro/scripts/run_hardmove.py --n-actuator 12 --env-variant cross_coupled --training-seed 1 --environment-seed 2026 --permutation-seed 0 --state-sampling-seed 1 --action-order peakcut_pam --run-tag formal5080 --n-state 40 --n-action 50 --n-iter 30 --n-iter-v 1 --callback-freq 10 --n-test 100 --device cuda --max-batch-v 10000 --max-batch-a 100000 --nswp-v 5 --nswp-a 10 --rmax-v 100 --rmax-a 100 --kickrank-v 10 --kickrank-a 10 --eps-cross-v 0.001 --eps-cross-a 0.001 --eps-round-v 0.001 --eps-round-a 0.001 --n-samples 50
HM12_cross_coupled,1,1,2026,0,1,sensitivity_pam,/home/s110/code/ttpi_iclr/repro/results/HM12_cross_coupled_state40_action50_iter30_ordersensitivity_pam_seed1_formal5080.json,/home/s110/miniconda3/envs/tt_5080/bin/python3 /home/s110/code/ttpi_iclr/repro/scripts/run_hardmove.py --n-actuator 12 --env-variant cross_coupled --training-seed 1 --environment-seed 2026 --permutation-seed 0 --state-sampling-seed 1 --action-order sensitivity_pam --run-tag formal5080 --n-state 40 --n-action 50 --n-iter 30 --n-iter-v 1 --callback-freq 10 --n-test 100 --device cuda --max-batch-v 10000 --max-batch-a 100000 --nswp-v 5 --nswp-a 10 --rmax-v 100 --rmax-a 100 --kickrank-v 10 --kickrank-a 10 --eps-cross-v 0.001 --eps-cross-a 0.001 --eps-round-v 0.001 --eps-round-a 0.001 --n-samples 50
HM12_cross_coupled,1,1,2026,0,1,rankaware_proxy_pam,/home/s110/code/ttpi_iclr/repro/results/HM12_cross_coupled_state40_action50_iter30_orderrankaware_proxy_pam_seed1_formal5080.json,/home/s110/miniconda3/envs/tt_5080/bin/python3 /home/s110/code/ttpi_iclr/repro/scripts/run_hardmove.py --n-actuator 12 --env-variant cross_coupled --training-seed 1 --environment-seed 2026 --permutation-seed 0 --state-sampling-seed 1 --action-order rankaware_proxy_pam --run-tag formal5080 --n-state 40 --n-action 50 --n-iter 30 --n-iter-v 1 --callback-freq 10 --n-test 100 --device cuda --max-batch-v 10000 --max-batch-a 100000 --nswp-v 5 --nswp-a 10 --rmax-v 100 --rmax-a 100 --kickrank-v 10 --kickrank-a 10 --eps-cross-v 0.001 --eps-cross-a 0.001 --eps-round-v 0.001 --eps-round-a 0.001 --n-samples 50
HM12_cross_coupled,1,1,2026,0,1,hybrid_pam,/home/s110/code/ttpi_iclr/repro/results/HM12_cross_coupled_state40_action50_iter30_orderhybrid_pam_seed1_formal5080.json,/home/s110/miniconda3/envs/tt_5080/bin/python3 /home/s110/code/ttpi_iclr/repro/scripts/run_hardmove.py --n-actuator 12 --env-variant cross_coupled --training-seed 1 --environment-seed 2026 --permutation-seed 0 --state-sampling-seed 1 --action-order hybrid_pam --run-tag formal5080 --n-state 40 --n-action 50 --n-iter 30 --n-iter-v 1 --callback-freq 10 --n-test 100 --device cuda --max-batch-v 10000 --max-batch-a 100000 --nswp-v 5 --nswp-a 10 --rmax-v 100 --rmax-a 100 --kickrank-v 10 --kickrank-a 10 --eps-cross-v 0.001 --eps-cross-a 0.001 --eps-round-v 0.001 --eps-round-a 0.001 --n-samples 50
HM12_cross_coupled,2,2,2026,0,2,local,/home/s110/code/ttpi_iclr/repro/results/HM12_cross_coupled_state40_action50_iter30_orderlocal_seed2_formal5080.json,/home/s110/miniconda3/envs/tt_5080/bin/python3 /home/s110/code/ttpi_iclr/repro/scripts/run_hardmove.py --n-actuator 12 --env-variant cross_coupled --training-seed 2 --environment-seed 2026 --permutation-seed 0 --state-sampling-seed 2 --action-order local --run-tag formal5080 --n-state 40 --n-action 50 --n-iter 30 --n-iter-v 1 --callback-freq 10 --n-test 100 --device cuda --max-batch-v 10000 --max-batch-a 100000 --nswp-v 5 --nswp-a 10 --rmax-v 100 --rmax-a 100 --kickrank-v 10 --kickrank-a 10 --eps-cross-v 0.001 --eps-cross-a 0.001 --eps-round-v 0.001 --eps-round-a 0.001 --n-samples 50
HM12_cross_coupled,2,2,2026,0,2,random,/home/s110/code/ttpi_iclr/repro/results/HM12_cross_coupled_state40_action50_iter30_orderrandom_seed2_permseed0_formal5080.json,/home/s110/miniconda3/envs/tt_5080/bin/python3 /home/s110/code/ttpi_iclr/repro/scripts/run_hardmove.py --n-actuator 12 --env-variant cross_coupled --training-seed 2 --environment-seed 2026 --permutation-seed 0 --include-permutation-seed-in-run-id --state-sampling-seed 2 --action-order random --run-tag formal5080 --n-state 40 --n-action 50 --n-iter 30 --n-iter-v 1 --callback-freq 10 --n-test 100 --device cuda --max-batch-v 10000 --max-batch-a 100000 --nswp-v 5 --nswp-a 10 --rmax-v 100 --rmax-a 100 --kickrank-v 10 --kickrank-a 10 --eps-cross-v 0.001 --eps-cross-a 0.001 --eps-round-v 0.001 --eps-round-a 0.001 --n-samples 50
HM12_cross_coupled,2,2,2026,1,2,random,/home/s110/code/ttpi_iclr/repro/results/HM12_cross_coupled_state40_action50_iter30_orderrandom_seed2_permseed1_formal5080.json,/home/s110/miniconda3/envs/tt_5080/bin/python3 /home/s110/code/ttpi_iclr/repro/scripts/run_hardmove.py --n-actuator 12 --env-variant cross_coupled --training-seed 2 --environment-seed 2026 --permutation-seed 1 --include-permutation-seed-in-run-id --state-sampling-seed 2 --action-order random --run-tag formal5080 --n-state 40 --n-action 50 --n-iter 30 --n-iter-v 1 --callback-freq 10 --n-test 100 --device cuda --max-batch-v 10000 --max-batch-a 100000 --nswp-v 5 --nswp-a 10 --rmax-v 100 --rmax-a 100 --kickrank-v 10 --kickrank-a 10 --eps-cross-v 0.001 --eps-cross-a 0.001 --eps-round-v 0.001 --eps-round-a 0.001 --n-samples 50
HM12_cross_coupled,2,2,2026,2,2,random,/home/s110/code/ttpi_iclr/repro/results/HM12_cross_coupled_state40_action50_iter30_orderrandom_seed2_permseed2_formal5080.json,/home/s110/miniconda3/envs/tt_5080/bin/python3 /home/s110/code/ttpi_iclr/repro/scripts/run_hardmove.py --n-actuator 12 --env-variant cross_coupled --training-seed 2 --environment-seed 2026 --permutation-seed 2 --include-permutation-seed-in-run-id --state-sampling-seed 2 --action-order random --run-tag formal5080 --n-state 40 --n-action 50 --n-iter 30 --n-iter-v 1 --callback-freq 10 --n-test 100 --device cuda --max-batch-v 10000 --max-batch-a 100000 --nswp-v 5 --nswp-a 10 --rmax-v 100 --rmax-a 100 --kickrank-v 10 --kickrank-a 10 --eps-cross-v 0.001 --eps-cross-a 0.001 --eps-round-v 0.001 --eps-round-a 0.001 --n-samples 50
HM12_cross_coupled,2,2,2026,0,2,badsplit,/home/s110/code/ttpi_iclr/repro/results/HM12_cross_coupled_state40_action50_iter30_orderbadsplit_seed2_formal5080.json,/home/s110/miniconda3/envs/tt_5080/bin/python3 /home/s110/code/ttpi_iclr/repro/scripts/run_hardmove.py --n-actuator 12 --env-variant cross_coupled --training-seed 2 --environment-seed 2026 --permutation-seed 0 --state-sampling-seed 2 --action-order badsplit --run-tag formal5080 --n-state 40 --n-action 50 --n-iter 30 --n-iter-v 1 --callback-freq 10 --n-test 100 --device cuda --max-batch-v 10000 --max-batch-a 100000 --nswp-v 5 --nswp-a 10 --rmax-v 100 --rmax-a 100 --kickrank-v 10 --kickrank-a 10 --eps-cross-v 0.001 --eps-cross-a 0.001 --eps-round-v 0.001 --eps-round-a 0.001 --n-samples 50
HM12_cross_coupled,2,2,2026,0,2,reverse_blocks,/home/s110/code/ttpi_iclr/repro/results/HM12_cross_coupled_state40_action50_iter30_orderreverse_blocks_seed2_formal5080.json,/home/s110/miniconda3/envs/tt_5080/bin/python3 /home/s110/code/ttpi_iclr/repro/scripts/run_hardmove.py --n-actuator 12 --env-variant cross_coupled --training-seed 2 --environment-seed 2026 --permutation-seed 0 --state-sampling-seed 2 --action-order reverse_blocks --run-tag formal5080 --n-state 40 --n-action 50 --n-iter 30 --n-iter-v 1 --callback-freq 10 --n-test 100 --device cuda --max-batch-v 10000 --max-batch-a 100000 --nswp-v 5 --nswp-a 10 --rmax-v 100 --rmax-a 100 --kickrank-v 10 --kickrank-a 10 --eps-cross-v 0.001 --eps-cross-a 0.001 --eps-round-v 0.001 --eps-round-a 0.001 --n-samples 50
HM12_cross_coupled,2,2,2026,0,2,flip_within_block,/home/s110/code/ttpi_iclr/repro/results/HM12_cross_coupled_state40_action50_iter30_orderflip_within_block_seed2_formal5080.json,/home/s110/miniconda3/envs/tt_5080/bin/python3 /home/s110/code/ttpi_iclr/repro/scripts/run_hardmove.py --n-actuator 12 --env-variant cross_coupled --training-seed 2 --environment-seed 2026 --permutation-seed 0 --state-sampling-seed 2 --action-order flip_within_block --run-tag formal5080 --n-state 40 --n-action 50 --n-iter 30 --n-iter-v 1 --callback-freq 10 --n-test 100 --device cuda --max-batch-v 10000 --max-batch-a 100000 --nswp-v 5 --nswp-a 10 --rmax-v 100 --rmax-a 100 --kickrank-v 10 --kickrank-a 10 --eps-cross-v 0.001 --eps-cross-a 0.001 --eps-round-v 0.001 --eps-round-a 0.001 --n-samples 50
HM12_cross_coupled,2,2,2026,0,2,pam_greedy,/home/s110/code/ttpi_iclr/repro/results/HM12_cross_coupled_state40_action50_iter30_orderpam_greedy_seed2_formal5080.json,/home/s110/miniconda3/envs/tt_5080/bin/python3 /home/s110/code/ttpi_iclr/repro/scripts/run_hardmove.py --n-actuator 12 --env-variant cross_coupled --training-seed 2 --environment-seed 2026 --permutation-seed 0 --state-sampling-seed 2 --action-order pam_greedy --run-tag formal5080 --n-state 40 --n-action 50 --n-iter 30 --n-iter-v 1 --callback-freq 10 --n-test 100 --device cuda --max-batch-v 10000 --max-batch-a 100000 --nswp-v 5 --nswp-a 10 --rmax-v 100 --rmax-a 100 --kickrank-v 10 --kickrank-a 10 --eps-cross-v 0.001 --eps-cross-a 0.001 --eps-round-v 0.001 --eps-round-a 0.001 --n-samples 50
HM12_cross_coupled,2,2,2026,0,2,pam_spectral,/home/s110/code/ttpi_iclr/repro/results/HM12_cross_coupled_state40_action50_iter30_orderpam_spectral_seed2_formal5080.json,/home/s110/miniconda3/envs/tt_5080/bin/python3 /home/s110/code/ttpi_iclr/repro/scripts/run_hardmove.py --n-actuator 12 --env-variant cross_coupled --training-seed 2 --environment-seed 2026 --permutation-seed 0 --state-sampling-seed 2 --action-order pam_spectral --run-tag formal5080 --n-state 40 --n-action 50 --n-iter 30 --n-iter-v 1 --callback-freq 10 --n-test 100 --device cuda --max-batch-v 10000 --max-batch-a 100000 --nswp-v 5 --nswp-a 10 --rmax-v 100 --rmax-a 100 --kickrank-v 10 --kickrank-a 10 --eps-cross-v 0.001 --eps-cross-a 0.001 --eps-round-v 0.001 --eps-round-a 0.001 --n-samples 50
HM12_cross_coupled,2,2,2026,0,2,block_pam,/home/s110/code/ttpi_iclr/repro/results/HM12_cross_coupled_state40_action50_iter30_orderblock_pam_seed2_formal5080.json,/home/s110/miniconda3/envs/tt_5080/bin/python3 /home/s110/code/ttpi_iclr/repro/scripts/run_hardmove.py --n-actuator 12 --env-variant cross_coupled --training-seed 2 --environment-seed 2026 --permutation-seed 0 --state-sampling-seed 2 --action-order block_pam --run-tag formal5080 --n-state 40 --n-action 50 --n-iter 30 --n-iter-v 1 --callback-freq 10 --n-test 100 --device cuda --max-batch-v 10000 --max-batch-a 100000 --nswp-v 5 --nswp-a 10 --rmax-v 100 --rmax-a 100 --kickrank-v 10 --kickrank-a 10 --eps-cross-v 0.001 --eps-cross-a 0.001 --eps-round-v 0.001 --eps-round-a 0.001 --n-samples 50
HM12_cross_coupled,2,2,2026,0,2,free_pam,/home/s110/code/ttpi_iclr/repro/results/HM12_cross_coupled_state40_action50_iter30_orderfree_pam_seed2_formal5080.json,/home/s110/miniconda3/envs/tt_5080/bin/python3 /home/s110/code/ttpi_iclr/repro/scripts/run_hardmove.py --n-actuator 12 --env-variant cross_coupled --training-seed 2 --environment-seed 2026 --permutation-seed 0 --state-sampling-seed 2 --action-order free_pam --run-tag formal5080 --n-state 40 --n-action 50 --n-iter 30 --n-iter-v 1 --callback-freq 10 --n-test 100 --device cuda --max-batch-v 10000 --max-batch-a 100000 --nswp-v 5 --nswp-a 10 --rmax-v 100 --rmax-a 100 --kickrank-v 10 --kickrank-a 10 --eps-cross-v 0.001 --eps-cross-a 0.001 --eps-round-v 0.001 --eps-round-a 0.001 --n-samples 50
HM12_cross_coupled,2,2,2026,0,2,peakcut_pam,/home/s110/code/ttpi_iclr/repro/results/HM12_cross_coupled_state40_action50_iter30_orderpeakcut_pam_seed2_formal5080.json,/home/s110/miniconda3/envs/tt_5080/bin/python3 /home/s110/code/ttpi_iclr/repro/scripts/run_hardmove.py --n-actuator 12 --env-variant cross_coupled --training-seed 2 --environment-seed 2026 --permutation-seed 0 --state-sampling-seed 2 --action-order peakcut_pam --run-tag formal5080 --n-state 40 --n-action 50 --n-iter 30 --n-iter-v 1 --callback-freq 10 --n-test 100 --device cuda --max-batch-v 10000 --max-batch-a 100000 --nswp-v 5 --nswp-a 10 --rmax-v 100 --rmax-a 100 --kickrank-v 10 --kickrank-a 10 --eps-cross-v 0.001 --eps-cross-a 0.001 --eps-round-v 0.001 --eps-round-a 0.001 --n-samples 50
HM12_cross_coupled,2,2,2026,0,2,sensitivity_pam,/home/s110/code/ttpi_iclr/repro/results/HM12_cross_coupled_state40_action50_iter30_ordersensitivity_pam_seed2_formal5080.json,/home/s110/miniconda3/envs/tt_5080/bin/python3 /home/s110/code/ttpi_iclr/repro/scripts/run_hardmove.py --n-actuator 12 --env-variant cross_coupled --training-seed 2 --environment-seed 2026 --permutation-seed 0 --state-sampling-seed 2 --action-order sensitivity_pam --run-tag formal5080 --n-state 40 --n-action 50 --n-iter 30 --n-iter-v 1 --callback-freq 10 --n-test 100 --device cuda --max-batch-v 10000 --max-batch-a 100000 --nswp-v 5 --nswp-a 10 --rmax-v 100 --rmax-a 100 --kickrank-v 10 --kickrank-a 10 --eps-cross-v 0.001 --eps-cross-a 0.001 --eps-round-v 0.001 --eps-round-a 0.001 --n-samples 50
HM12_cross_coupled,2,2,2026,0,2,rankaware_proxy_pam,/home/s110/code/ttpi_iclr/repro/results/HM12_cross_coupled_state40_action50_iter30_orderrankaware_proxy_pam_seed2_formal5080.json,/home/s110/miniconda3/envs/tt_5080/bin/python3 /home/s110/code/ttpi_iclr/repro/scripts/run_hardmove.py --n-actuator 12 --env-variant cross_coupled --training-seed 2 --environment-seed 2026 --permutation-seed 0 --state-sampling-seed 2 --action-order rankaware_proxy_pam --run-tag formal5080 --n-state 40 --n-action 50 --n-iter 30 --n-iter-v 1 --callback-freq 10 --n-test 100 --device cuda --max-batch-v 10000 --max-batch-a 100000 --nswp-v 5 --nswp-a 10 --rmax-v 100 --rmax-a 100 --kickrank-v 10 --kickrank-a 10 --eps-cross-v 0.001 --eps-cross-a 0.001 --eps-round-v 0.001 --eps-round-a 0.001 --n-samples 50
HM12_cross_coupled,2,2,2026,0,2,hybrid_pam,/home/s110/code/ttpi_iclr/repro/results/HM12_cross_coupled_state40_action50_iter30_orderhybrid_pam_seed2_formal5080.json,/home/s110/miniconda3/envs/tt_5080/bin/python3 /home/s110/code/ttpi_iclr/repro/scripts/run_hardmove.py --n-actuator 12 --env-variant cross_coupled --training-seed 2 --environment-seed 2026 --permutation-seed 0 --state-sampling-seed 2 --action-order hybrid_pam --run-tag formal5080 --n-state 40 --n-action 50 --n-iter 30 --n-iter-v 1 --callback-freq 10 --n-test 100 --device cuda --max-batch-v 10000 --max-batch-a 100000 --nswp-v 5 --nswp-a 10 --rmax-v 100 --rmax-a 100 --kickrank-v 10 --kickrank-a 10 --eps-cross-v 0.001 --eps-cross-a 0.001 --eps-round-v 0.001 --eps-round-a 0.001 --n-samples 50
HM12_cross_coupled,3,3,2026,0,3,local,/home/s110/code/ttpi_iclr/repro/results/HM12_cross_coupled_state40_action50_iter30_orderlocal_seed3_formal5080.json,/home/s110/miniconda3/envs/tt_5080/bin/python3 /home/s110/code/ttpi_iclr/repro/scripts/run_hardmove.py --n-actuator 12 --env-variant cross_coupled --training-seed 3 --environment-seed 2026 --permutation-seed 0 --state-sampling-seed 3 --action-order local --run-tag formal5080 --n-state 40 --n-action 50 --n-iter 30 --n-iter-v 1 --callback-freq 10 --n-test 100 --device cuda --max-batch-v 10000 --max-batch-a 100000 --nswp-v 5 --nswp-a 10 --rmax-v 100 --rmax-a 100 --kickrank-v 10 --kickrank-a 10 --eps-cross-v 0.001 --eps-cross-a 0.001 --eps-round-v 0.001 --eps-round-a 0.001 --n-samples 50
HM12_cross_coupled,3,3,2026,0,3,random,/home/s110/code/ttpi_iclr/repro/results/HM12_cross_coupled_state40_action50_iter30_orderrandom_seed3_permseed0_formal5080.json,/home/s110/miniconda3/envs/tt_5080/bin/python3 /home/s110/code/ttpi_iclr/repro/scripts/run_hardmove.py --n-actuator 12 --env-variant cross_coupled --training-seed 3 --environment-seed 2026 --permutation-seed 0 --include-permutation-seed-in-run-id --state-sampling-seed 3 --action-order random --run-tag formal5080 --n-state 40 --n-action 50 --n-iter 30 --n-iter-v 1 --callback-freq 10 --n-test 100 --device cuda --max-batch-v 10000 --max-batch-a 100000 --nswp-v 5 --nswp-a 10 --rmax-v 100 --rmax-a 100 --kickrank-v 10 --kickrank-a 10 --eps-cross-v 0.001 --eps-cross-a 0.001 --eps-round-v 0.001 --eps-round-a 0.001 --n-samples 50
HM12_cross_coupled,3,3,2026,1,3,random,/home/s110/code/ttpi_iclr/repro/results/HM12_cross_coupled_state40_action50_iter30_orderrandom_seed3_permseed1_formal5080.json,/home/s110/miniconda3/envs/tt_5080/bin/python3 /home/s110/code/ttpi_iclr/repro/scripts/run_hardmove.py --n-actuator 12 --env-variant cross_coupled --training-seed 3 --environment-seed 2026 --permutation-seed 1 --include-permutation-seed-in-run-id --state-sampling-seed 3 --action-order random --run-tag formal5080 --n-state 40 --n-action 50 --n-iter 30 --n-iter-v 1 --callback-freq 10 --n-test 100 --device cuda --max-batch-v 10000 --max-batch-a 100000 --nswp-v 5 --nswp-a 10 --rmax-v 100 --rmax-a 100 --kickrank-v 10 --kickrank-a 10 --eps-cross-v 0.001 --eps-cross-a 0.001 --eps-round-v 0.001 --eps-round-a 0.001 --n-samples 50
HM12_cross_coupled,3,3,2026,2,3,random,/home/s110/code/ttpi_iclr/repro/results/HM12_cross_coupled_state40_action50_iter30_orderrandom_seed3_permseed2_formal5080.json,/home/s110/miniconda3/envs/tt_5080/bin/python3 /home/s110/code/ttpi_iclr/repro/scripts/run_hardmove.py --n-actuator 12 --env-variant cross_coupled --training-seed 3 --environment-seed 2026 --permutation-seed 2 --include-permutation-seed-in-run-id --state-sampling-seed 3 --action-order random --run-tag formal5080 --n-state 40 --n-action 50 --n-iter 30 --n-iter-v 1 --callback-freq 10 --n-test 100 --device cuda --max-batch-v 10000 --max-batch-a 100000 --nswp-v 5 --nswp-a 10 --rmax-v 100 --rmax-a 100 --kickrank-v 10 --kickrank-a 10 --eps-cross-v 0.001 --eps-cross-a 0.001 --eps-round-v 0.001 --eps-round-a 0.001 --n-samples 50
HM12_cross_coupled,3,3,2026,0,3,badsplit,/home/s110/code/ttpi_iclr/repro/results/HM12_cross_coupled_state40_action50_iter30_orderbadsplit_seed3_formal5080.json,/home/s110/miniconda3/envs/tt_5080/bin/python3 /home/s110/code/ttpi_iclr/repro/scripts/run_hardmove.py --n-actuator 12 --env-variant cross_coupled --training-seed 3 --environment-seed 2026 --permutation-seed 0 --state-sampling-seed 3 --action-order badsplit --run-tag formal5080 --n-state 40 --n-action 50 --n-iter 30 --n-iter-v 1 --callback-freq 10 --n-test 100 --device cuda --max-batch-v 10000 --max-batch-a 100000 --nswp-v 5 --nswp-a 10 --rmax-v 100 --rmax-a 100 --kickrank-v 10 --kickrank-a 10 --eps-cross-v 0.001 --eps-cross-a 0.001 --eps-round-v 0.001 --eps-round-a 0.001 --n-samples 50
HM12_cross_coupled,3,3,2026,0,3,reverse_blocks,/home/s110/code/ttpi_iclr/repro/results/HM12_cross_coupled_state40_action50_iter30_orderreverse_blocks_seed3_formal5080.json,/home/s110/miniconda3/envs/tt_5080/bin/python3 /home/s110/code/ttpi_iclr/repro/scripts/run_hardmove.py --n-actuator 12 --env-variant cross_coupled --training-seed 3 --environment-seed 2026 --permutation-seed 0 --state-sampling-seed 3 --action-order reverse_blocks --run-tag formal5080 --n-state 40 --n-action 50 --n-iter 30 --n-iter-v 1 --callback-freq 10 --n-test 100 --device cuda --max-batch-v 10000 --max-batch-a 100000 --nswp-v 5 --nswp-a 10 --rmax-v 100 --rmax-a 100 --kickrank-v 10 --kickrank-a 10 --eps-cross-v 0.001 --eps-cross-a 0.001 --eps-round-v 0.001 --eps-round-a 0.001 --n-samples 50
HM12_cross_coupled,3,3,2026,0,3,flip_within_block,/home/s110/code/ttpi_iclr/repro/results/HM12_cross_coupled_state40_action50_iter30_orderflip_within_block_seed3_formal5080.json,/home/s110/miniconda3/envs/tt_5080/bin/python3 /home/s110/code/ttpi_iclr/repro/scripts/run_hardmove.py --n-actuator 12 --env-variant cross_coupled --training-seed 3 --environment-seed 2026 --permutation-seed 0 --state-sampling-seed 3 --action-order flip_within_block --run-tag formal5080 --n-state 40 --n-action 50 --n-iter 30 --n-iter-v 1 --callback-freq 10 --n-test 100 --device cuda --max-batch-v 10000 --max-batch-a 100000 --nswp-v 5 --nswp-a 10 --rmax-v 100 --rmax-a 100 --kickrank-v 10 --kickrank-a 10 --eps-cross-v 0.001 --eps-cross-a 0.001 --eps-round-v 0.001 --eps-round-a 0.001 --n-samples 50
HM12_cross_coupled,3,3,2026,0,3,pam_greedy,/home/s110/code/ttpi_iclr/repro/results/HM12_cross_coupled_state40_action50_iter30_orderpam_greedy_seed3_formal5080.json,/home/s110/miniconda3/envs/tt_5080/bin/python3 /home/s110/code/ttpi_iclr/repro/scripts/run_hardmove.py --n-actuator 12 --env-variant cross_coupled --training-seed 3 --environment-seed 2026 --permutation-seed 0 --state-sampling-seed 3 --action-order pam_greedy --run-tag formal5080 --n-state 40 --n-action 50 --n-iter 30 --n-iter-v 1 --callback-freq 10 --n-test 100 --device cuda --max-batch-v 10000 --max-batch-a 100000 --nswp-v 5 --nswp-a 10 --rmax-v 100 --rmax-a 100 --kickrank-v 10 --kickrank-a 10 --eps-cross-v 0.001 --eps-cross-a 0.001 --eps-round-v 0.001 --eps-round-a 0.001 --n-samples 50
HM12_cross_coupled,3,3,2026,0,3,pam_spectral,/home/s110/code/ttpi_iclr/repro/results/HM12_cross_coupled_state40_action50_iter30_orderpam_spectral_seed3_formal5080.json,/home/s110/miniconda3/envs/tt_5080/bin/python3 /home/s110/code/ttpi_iclr/repro/scripts/run_hardmove.py --n-actuator 12 --env-variant cross_coupled --training-seed 3 --environment-seed 2026 --permutation-seed 0 --state-sampling-seed 3 --action-order pam_spectral --run-tag formal5080 --n-state 40 --n-action 50 --n-iter 30 --n-iter-v 1 --callback-freq 10 --n-test 100 --device cuda --max-batch-v 10000 --max-batch-a 100000 --nswp-v 5 --nswp-a 10 --rmax-v 100 --rmax-a 100 --kickrank-v 10 --kickrank-a 10 --eps-cross-v 0.001 --eps-cross-a 0.001 --eps-round-v 0.001 --eps-round-a 0.001 --n-samples 50
HM12_cross_coupled,3,3,2026,0,3,block_pam,/home/s110/code/ttpi_iclr/repro/results/HM12_cross_coupled_state40_action50_iter30_orderblock_pam_seed3_formal5080.json,/home/s110/miniconda3/envs/tt_5080/bin/python3 /home/s110/code/ttpi_iclr/repro/scripts/run_hardmove.py --n-actuator 12 --env-variant cross_coupled --training-seed 3 --environment-seed 2026 --permutation-seed 0 --state-sampling-seed 3 --action-order block_pam --run-tag formal5080 --n-state 40 --n-action 50 --n-iter 30 --n-iter-v 1 --callback-freq 10 --n-test 100 --device cuda --max-batch-v 10000 --max-batch-a 100000 --nswp-v 5 --nswp-a 10 --rmax-v 100 --rmax-a 100 --kickrank-v 10 --kickrank-a 10 --eps-cross-v 0.001 --eps-cross-a 0.001 --eps-round-v 0.001 --eps-round-a 0.001 --n-samples 50
HM12_cross_coupled,3,3,2026,0,3,free_pam,/home/s110/code/ttpi_iclr/repro/results/HM12_cross_coupled_state40_action50_iter30_orderfree_pam_seed3_formal5080.json,/home/s110/miniconda3/envs/tt_5080/bin/python3 /home/s110/code/ttpi_iclr/repro/scripts/run_hardmove.py --n-actuator 12 --env-variant cross_coupled --training-seed 3 --environment-seed 2026 --permutation-seed 0 --state-sampling-seed 3 --action-order free_pam --run-tag formal5080 --n-state 40 --n-action 50 --n-iter 30 --n-iter-v 1 --callback-freq 10 --n-test 100 --device cuda --max-batch-v 10000 --max-batch-a 100000 --nswp-v 5 --nswp-a 10 --rmax-v 100 --rmax-a 100 --kickrank-v 10 --kickrank-a 10 --eps-cross-v 0.001 --eps-cross-a 0.001 --eps-round-v 0.001 --eps-round-a 0.001 --n-samples 50
HM12_cross_coupled,3,3,2026,0,3,peakcut_pam,/home/s110/code/ttpi_iclr/repro/results/HM12_cross_coupled_state40_action50_iter30_orderpeakcut_pam_seed3_formal5080.json,/home/s110/miniconda3/envs/tt_5080/bin/python3 /home/s110/code/ttpi_iclr/repro/scripts/run_hardmove.py --n-actuator 12 --env-variant cross_coupled --training-seed 3 --environment-seed 2026 --permutation-seed 0 --state-sampling-seed 3 --action-order peakcut_pam --run-tag formal5080 --n-state 40 --n-action 50 --n-iter 30 --n-iter-v 1 --callback-freq 10 --n-test 100 --device cuda --max-batch-v 10000 --max-batch-a 100000 --nswp-v 5 --nswp-a 10 --rmax-v 100 --rmax-a 100 --kickrank-v 10 --kickrank-a 10 --eps-cross-v 0.001 --eps-cross-a 0.001 --eps-round-v 0.001 --eps-round-a 0.001 --n-samples 50
HM12_cross_coupled,3,3,2026,0,3,sensitivity_pam,/home/s110/code/ttpi_iclr/repro/results/HM12_cross_coupled_state40_action50_iter30_ordersensitivity_pam_seed3_formal5080.json,/home/s110/miniconda3/envs/tt_5080/bin/python3 /home/s110/code/ttpi_iclr/repro/scripts/run_hardmove.py --n-actuator 12 --env-variant cross_coupled --training-seed 3 --environment-seed 2026 --permutation-seed 0 --state-sampling-seed 3 --action-order sensitivity_pam --run-tag formal5080 --n-state 40 --n-action 50 --n-iter 30 --n-iter-v 1 --callback-freq 10 --n-test 100 --device cuda --max-batch-v 10000 --max-batch-a 100000 --nswp-v 5 --nswp-a 10 --rmax-v 100 --rmax-a 100 --kickrank-v 10 --kickrank-a 10 --eps-cross-v 0.001 --eps-cross-a 0.001 --eps-round-v 0.001 --eps-round-a 0.001 --n-samples 50
HM12_cross_coupled,3,3,2026,0,3,rankaware_proxy_pam,/home/s110/code/ttpi_iclr/repro/results/HM12_cross_coupled_state40_action50_iter30_orderrankaware_proxy_pam_seed3_formal5080.json,/home/s110/miniconda3/envs/tt_5080/bin/python3 /home/s110/code/ttpi_iclr/repro/scripts/run_hardmove.py --n-actuator 12 --env-variant cross_coupled --training-seed 3 --environment-seed 2026 --permutation-seed 0 --state-sampling-seed 3 --action-order rankaware_proxy_pam --run-tag formal5080 --n-state 40 --n-action 50 --n-iter 30 --n-iter-v 1 --callback-freq 10 --n-test 100 --device cuda --max-batch-v 10000 --max-batch-a 100000 --nswp-v 5 --nswp-a 10 --rmax-v 100 --rmax-a 100 --kickrank-v 10 --kickrank-a 10 --eps-cross-v 0.001 --eps-cross-a 0.001 --eps-round-v 0.001 --eps-round-a 0.001 --n-samples 50
HM12_cross_coupled,3,3,2026,0,3,hybrid_pam,/home/s110/code/ttpi_iclr/repro/results/HM12_cross_coupled_state40_action50_iter30_orderhybrid_pam_seed3_formal5080.json,/home/s110/miniconda3/envs/tt_5080/bin/python3 /home/s110/code/ttpi_iclr/repro/scripts/run_hardmove.py --n-actuator 12 --env-variant cross_coupled --training-seed 3 --environment-seed 2026 --permutation-seed 0 --state-sampling-seed 3 --action-order hybrid_pam --run-tag formal5080 --n-state 40 --n-action 50 --n-iter 30 --n-iter-v 1 --callback-freq 10 --n-test 100 --device cuda --max-batch-v 10000 --max-batch-a 100000 --nswp-v 5 --nswp-a 10 --rmax-v 100 --rmax-a 100 --kickrank-v 10 --kickrank-a 10 --eps-cross-v 0.001 --eps-cross-a 0.001 --eps-round-v 0.001 --eps-round-a 0.001 --n-samples 50
HM12_cross_coupled,4,4,2026,0,4,local,/home/s110/code/ttpi_iclr/repro/results/HM12_cross_coupled_state40_action50_iter30_orderlocal_seed4_formal5080.json,/home/s110/miniconda3/envs/tt_5080/bin/python3 /home/s110/code/ttpi_iclr/repro/scripts/run_hardmove.py --n-actuator 12 --env-variant cross_coupled --training-seed 4 --environment-seed 2026 --permutation-seed 0 --state-sampling-seed 4 --action-order local --run-tag formal5080 --n-state 40 --n-action 50 --n-iter 30 --n-iter-v 1 --callback-freq 10 --n-test 100 --device cuda --max-batch-v 10000 --max-batch-a 100000 --nswp-v 5 --nswp-a 10 --rmax-v 100 --rmax-a 100 --kickrank-v 10 --kickrank-a 10 --eps-cross-v 0.001 --eps-cross-a 0.001 --eps-round-v 0.001 --eps-round-a 0.001 --n-samples 50
HM12_cross_coupled,4,4,2026,0,4,random,/home/s110/code/ttpi_iclr/repro/results/HM12_cross_coupled_state40_action50_iter30_orderrandom_seed4_permseed0_formal5080.json,/home/s110/miniconda3/envs/tt_5080/bin/python3 /home/s110/code/ttpi_iclr/repro/scripts/run_hardmove.py --n-actuator 12 --env-variant cross_coupled --training-seed 4 --environment-seed 2026 --permutation-seed 0 --include-permutation-seed-in-run-id --state-sampling-seed 4 --action-order random --run-tag formal5080 --n-state 40 --n-action 50 --n-iter 30 --n-iter-v 1 --callback-freq 10 --n-test 100 --device cuda --max-batch-v 10000 --max-batch-a 100000 --nswp-v 5 --nswp-a 10 --rmax-v 100 --rmax-a 100 --kickrank-v 10 --kickrank-a 10 --eps-cross-v 0.001 --eps-cross-a 0.001 --eps-round-v 0.001 --eps-round-a 0.001 --n-samples 50
HM12_cross_coupled,4,4,2026,1,4,random,/home/s110/code/ttpi_iclr/repro/results/HM12_cross_coupled_state40_action50_iter30_orderrandom_seed4_permseed1_formal5080.json,/home/s110/miniconda3/envs/tt_5080/bin/python3 /home/s110/code/ttpi_iclr/repro/scripts/run_hardmove.py --n-actuator 12 --env-variant cross_coupled --training-seed 4 --environment-seed 2026 --permutation-seed 1 --include-permutation-seed-in-run-id --state-sampling-seed 4 --action-order random --run-tag formal5080 --n-state 40 --n-action 50 --n-iter 30 --n-iter-v 1 --callback-freq 10 --n-test 100 --device cuda --max-batch-v 10000 --max-batch-a 100000 --nswp-v 5 --nswp-a 10 --rmax-v 100 --rmax-a 100 --kickrank-v 10 --kickrank-a 10 --eps-cross-v 0.001 --eps-cross-a 0.001 --eps-round-v 0.001 --eps-round-a 0.001 --n-samples 50
HM12_cross_coupled,4,4,2026,2,4,random,/home/s110/code/ttpi_iclr/repro/results/HM12_cross_coupled_state40_action50_iter30_orderrandom_seed4_permseed2_formal5080.json,/home/s110/miniconda3/envs/tt_5080/bin/python3 /home/s110/code/ttpi_iclr/repro/scripts/run_hardmove.py --n-actuator 12 --env-variant cross_coupled --training-seed 4 --environment-seed 2026 --permutation-seed 2 --include-permutation-seed-in-run-id --state-sampling-seed 4 --action-order random --run-tag formal5080 --n-state 40 --n-action 50 --n-iter 30 --n-iter-v 1 --callback-freq 10 --n-test 100 --device cuda --max-batch-v 10000 --max-batch-a 100000 --nswp-v 5 --nswp-a 10 --rmax-v 100 --rmax-a 100 --kickrank-v 10 --kickrank-a 10 --eps-cross-v 0.001 --eps-cross-a 0.001 --eps-round-v 0.001 --eps-round-a 0.001 --n-samples 50
HM12_cross_coupled,4,4,2026,0,4,badsplit,/home/s110/code/ttpi_iclr/repro/results/HM12_cross_coupled_state40_action50_iter30_orderbadsplit_seed4_formal5080.json,/home/s110/miniconda3/envs/tt_5080/bin/python3 /home/s110/code/ttpi_iclr/repro/scripts/run_hardmove.py --n-actuator 12 --env-variant cross_coupled --training-seed 4 --environment-seed 2026 --permutation-seed 0 --state-sampling-seed 4 --action-order badsplit --run-tag formal5080 --n-state 40 --n-action 50 --n-iter 30 --n-iter-v 1 --callback-freq 10 --n-test 100 --device cuda --max-batch-v 10000 --max-batch-a 100000 --nswp-v 5 --nswp-a 10 --rmax-v 100 --rmax-a 100 --kickrank-v 10 --kickrank-a 10 --eps-cross-v 0.001 --eps-cross-a 0.001 --eps-round-v 0.001 --eps-round-a 0.001 --n-samples 50
HM12_cross_coupled,4,4,2026,0,4,reverse_blocks,/home/s110/code/ttpi_iclr/repro/results/HM12_cross_coupled_state40_action50_iter30_orderreverse_blocks_seed4_formal5080.json,/home/s110/miniconda3/envs/tt_5080/bin/python3 /home/s110/code/ttpi_iclr/repro/scripts/run_hardmove.py --n-actuator 12 --env-variant cross_coupled --training-seed 4 --environment-seed 2026 --permutation-seed 0 --state-sampling-seed 4 --action-order reverse_blocks --run-tag formal5080 --n-state 40 --n-action 50 --n-iter 30 --n-iter-v 1 --callback-freq 10 --n-test 100 --device cuda --max-batch-v 10000 --max-batch-a 100000 --nswp-v 5 --nswp-a 10 --rmax-v 100 --rmax-a 100 --kickrank-v 10 --kickrank-a 10 --eps-cross-v 0.001 --eps-cross-a 0.001 --eps-round-v 0.001 --eps-round-a 0.001 --n-samples 50
HM12_cross_coupled,4,4,2026,0,4,flip_within_block,/home/s110/code/ttpi_iclr/repro/results/HM12_cross_coupled_state40_action50_iter30_orderflip_within_block_seed4_formal5080.json,/home/s110/miniconda3/envs/tt_5080/bin/python3 /home/s110/code/ttpi_iclr/repro/scripts/run_hardmove.py --n-actuator 12 --env-variant cross_coupled --training-seed 4 --environment-seed 2026 --permutation-seed 0 --state-sampling-seed 4 --action-order flip_within_block --run-tag formal5080 --n-state 40 --n-action 50 --n-iter 30 --n-iter-v 1 --callback-freq 10 --n-test 100 --device cuda --max-batch-v 10000 --max-batch-a 100000 --nswp-v 5 --nswp-a 10 --rmax-v 100 --rmax-a 100 --kickrank-v 10 --kickrank-a 10 --eps-cross-v 0.001 --eps-cross-a 0.001 --eps-round-v 0.001 --eps-round-a 0.001 --n-samples 50
HM12_cross_coupled,4,4,2026,0,4,pam_greedy,/home/s110/code/ttpi_iclr/repro/results/HM12_cross_coupled_state40_action50_iter30_orderpam_greedy_seed4_formal5080.json,/home/s110/miniconda3/envs/tt_5080/bin/python3 /home/s110/code/ttpi_iclr/repro/scripts/run_hardmove.py --n-actuator 12 --env-variant cross_coupled --training-seed 4 --environment-seed 2026 --permutation-seed 0 --state-sampling-seed 4 --action-order pam_greedy --run-tag formal5080 --n-state 40 --n-action 50 --n-iter 30 --n-iter-v 1 --callback-freq 10 --n-test 100 --device cuda --max-batch-v 10000 --max-batch-a 100000 --nswp-v 5 --nswp-a 10 --rmax-v 100 --rmax-a 100 --kickrank-v 10 --kickrank-a 10 --eps-cross-v 0.001 --eps-cross-a 0.001 --eps-round-v 0.001 --eps-round-a 0.001 --n-samples 50
HM12_cross_coupled,4,4,2026,0,4,pam_spectral,/home/s110/code/ttpi_iclr/repro/results/HM12_cross_coupled_state40_action50_iter30_orderpam_spectral_seed4_formal5080.json,/home/s110/miniconda3/envs/tt_5080/bin/python3 /home/s110/code/ttpi_iclr/repro/scripts/run_hardmove.py --n-actuator 12 --env-variant cross_coupled --training-seed 4 --environment-seed 2026 --permutation-seed 0 --state-sampling-seed 4 --action-order pam_spectral --run-tag formal5080 --n-state 40 --n-action 50 --n-iter 30 --n-iter-v 1 --callback-freq 10 --n-test 100 --device cuda --max-batch-v 10000 --max-batch-a 100000 --nswp-v 5 --nswp-a 10 --rmax-v 100 --rmax-a 100 --kickrank-v 10 --kickrank-a 10 --eps-cross-v 0.001 --eps-cross-a 0.001 --eps-round-v 0.001 --eps-round-a 0.001 --n-samples 50
HM12_cross_coupled,4,4,2026,0,4,block_pam,/home/s110/code/ttpi_iclr/repro/results/HM12_cross_coupled_state40_action50_iter30_orderblock_pam_seed4_formal5080.json,/home/s110/miniconda3/envs/tt_5080/bin/python3 /home/s110/code/ttpi_iclr/repro/scripts/run_hardmove.py --n-actuator 12 --env-variant cross_coupled --training-seed 4 --environment-seed 2026 --permutation-seed 0 --state-sampling-seed 4 --action-order block_pam --run-tag formal5080 --n-state 40 --n-action 50 --n-iter 30 --n-iter-v 1 --callback-freq 10 --n-test 100 --device cuda --max-batch-v 10000 --max-batch-a 100000 --nswp-v 5 --nswp-a 10 --rmax-v 100 --rmax-a 100 --kickrank-v 10 --kickrank-a 10 --eps-cross-v 0.001 --eps-cross-a 0.001 --eps-round-v 0.001 --eps-round-a 0.001 --n-samples 50
HM12_cross_coupled,4,4,2026,0,4,free_pam,/home/s110/code/ttpi_iclr/repro/results/HM12_cross_coupled_state40_action50_iter30_orderfree_pam_seed4_formal5080.json,/home/s110/miniconda3/envs/tt_5080/bin/python3 /home/s110/code/ttpi_iclr/repro/scripts/run_hardmove.py --n-actuator 12 --env-variant cross_coupled --training-seed 4 --environment-seed 2026 --permutation-seed 0 --state-sampling-seed 4 --action-order free_pam --run-tag formal5080 --n-state 40 --n-action 50 --n-iter 30 --n-iter-v 1 --callback-freq 10 --n-test 100 --device cuda --max-batch-v 10000 --max-batch-a 100000 --nswp-v 5 --nswp-a 10 --rmax-v 100 --rmax-a 100 --kickrank-v 10 --kickrank-a 10 --eps-cross-v 0.001 --eps-cross-a 0.001 --eps-round-v 0.001 --eps-round-a 0.001 --n-samples 50
HM12_cross_coupled,4,4,2026,0,4,peakcut_pam,/home/s110/code/ttpi_iclr/repro/results/HM12_cross_coupled_state40_action50_iter30_orderpeakcut_pam_seed4_formal5080.json,/home/s110/miniconda3/envs/tt_5080/bin/python3 /home/s110/code/ttpi_iclr/repro/scripts/run_hardmove.py --n-actuator 12 --env-variant cross_coupled --training-seed 4 --environment-seed 2026 --permutation-seed 0 --state-sampling-seed 4 --action-order peakcut_pam --run-tag formal5080 --n-state 40 --n-action 50 --n-iter 30 --n-iter-v 1 --callback-freq 10 --n-test 100 --device cuda --max-batch-v 10000 --max-batch-a 100000 --nswp-v 5 --nswp-a 10 --rmax-v 100 --rmax-a 100 --kickrank-v 10 --kickrank-a 10 --eps-cross-v 0.001 --eps-cross-a 0.001 --eps-round-v 0.001 --eps-round-a 0.001 --n-samples 50
HM12_cross_coupled,4,4,2026,0,4,sensitivity_pam,/home/s110/code/ttpi_iclr/repro/results/HM12_cross_coupled_state40_action50_iter30_ordersensitivity_pam_seed4_formal5080.json,/home/s110/miniconda3/envs/tt_5080/bin/python3 /home/s110/code/ttpi_iclr/repro/scripts/run_hardmove.py --n-actuator 12 --env-variant cross_coupled --training-seed 4 --environment-seed 2026 --permutation-seed 0 --state-sampling-seed 4 --action-order sensitivity_pam --run-tag formal5080 --n-state 40 --n-action 50 --n-iter 30 --n-iter-v 1 --callback-freq 10 --n-test 100 --device cuda --max-batch-v 10000 --max-batch-a 100000 --nswp-v 5 --nswp-a 10 --rmax-v 100 --rmax-a 100 --kickrank-v 10 --kickrank-a 10 --eps-cross-v 0.001 --eps-cross-a 0.001 --eps-round-v 0.001 --eps-round-a 0.001 --n-samples 50
HM12_cross_coupled,4,4,2026,0,4,rankaware_proxy_pam,/home/s110/code/ttpi_iclr/repro/results/HM12_cross_coupled_state40_action50_iter30_orderrankaware_proxy_pam_seed4_formal5080.json,/home/s110/miniconda3/envs/tt_5080/bin/python3 /home/s110/code/ttpi_iclr/repro/scripts/run_hardmove.py --n-actuator 12 --env-variant cross_coupled --training-seed 4 --environment-seed 2026 --permutation-seed 0 --state-sampling-seed 4 --action-order rankaware_proxy_pam --run-tag formal5080 --n-state 40 --n-action 50 --n-iter 30 --n-iter-v 1 --callback-freq 10 --n-test 100 --device cuda --max-batch-v 10000 --max-batch-a 100000 --nswp-v 5 --nswp-a 10 --rmax-v 100 --rmax-a 100 --kickrank-v 10 --kickrank-a 10 --eps-cross-v 0.001 --eps-cross-a 0.001 --eps-round-v 0.001 --eps-round-a 0.001 --n-samples 50
HM12_cross_coupled,4,4,2026,0,4,hybrid_pam,/home/s110/code/ttpi_iclr/repro/results/HM12_cross_coupled_state40_action50_iter30_orderhybrid_pam_seed4_formal5080.json,/home/s110/miniconda3/envs/tt_5080/bin/python3 /home/s110/code/ttpi_iclr/repro/scripts/run_hardmove.py --n-actuator 12 --env-variant cross_coupled --training-seed 4 --environment-seed 2026 --permutation-seed 0 --state-sampling-seed 4 --action-order hybrid_pam --run-tag formal5080 --n-state 40 --n-action 50 --n-iter 30 --n-iter-v 1 --callback-freq 10 --n-test 100 --device cuda --max-batch-v 10000 --max-batch-a 100000 --nswp-v 5 --nswp-a 10 --rmax-v 100 --rmax-a 100 --kickrank-v 10 --kickrank-a 10 --eps-cross-v 0.001 --eps-cross-a 0.001 --eps-round-v 0.001 --eps-round-a 0.001 --n-samples 50
HM12_cross_coupled,5,5,2026,0,5,local,/home/s110/code/ttpi_iclr/repro/results/HM12_cross_coupled_state40_action50_iter30_orderlocal_seed5_formal5080.json,/home/s110/miniconda3/envs/tt_5080/bin/python3 /home/s110/code/ttpi_iclr/repro/scripts/run_hardmove.py --n-actuator 12 --env-variant cross_coupled --training-seed 5 --environment-seed 2026 --permutation-seed 0 --state-sampling-seed 5 --action-order local --run-tag formal5080 --n-state 40 --n-action 50 --n-iter 30 --n-iter-v 1 --callback-freq 10 --n-test 100 --device cuda --max-batch-v 10000 --max-batch-a 100000 --nswp-v 5 --nswp-a 10 --rmax-v 100 --rmax-a 100 --kickrank-v 10 --kickrank-a 10 --eps-cross-v 0.001 --eps-cross-a 0.001 --eps-round-v 0.001 --eps-round-a 0.001 --n-samples 50
HM12_cross_coupled,5,5,2026,0,5,random,/home/s110/code/ttpi_iclr/repro/results/HM12_cross_coupled_state40_action50_iter30_orderrandom_seed5_permseed0_formal5080.json,/home/s110/miniconda3/envs/tt_5080/bin/python3 /home/s110/code/ttpi_iclr/repro/scripts/run_hardmove.py --n-actuator 12 --env-variant cross_coupled --training-seed 5 --environment-seed 2026 --permutation-seed 0 --include-permutation-seed-in-run-id --state-sampling-seed 5 --action-order random --run-tag formal5080 --n-state 40 --n-action 50 --n-iter 30 --n-iter-v 1 --callback-freq 10 --n-test 100 --device cuda --max-batch-v 10000 --max-batch-a 100000 --nswp-v 5 --nswp-a 10 --rmax-v 100 --rmax-a 100 --kickrank-v 10 --kickrank-a 10 --eps-cross-v 0.001 --eps-cross-a 0.001 --eps-round-v 0.001 --eps-round-a 0.001 --n-samples 50
HM12_cross_coupled,5,5,2026,1,5,random,/home/s110/code/ttpi_iclr/repro/results/HM12_cross_coupled_state40_action50_iter30_orderrandom_seed5_permseed1_formal5080.json,/home/s110/miniconda3/envs/tt_5080/bin/python3 /home/s110/code/ttpi_iclr/repro/scripts/run_hardmove.py --n-actuator 12 --env-variant cross_coupled --training-seed 5 --environment-seed 2026 --permutation-seed 1 --include-permutation-seed-in-run-id --state-sampling-seed 5 --action-order random --run-tag formal5080 --n-state 40 --n-action 50 --n-iter 30 --n-iter-v 1 --callback-freq 10 --n-test 100 --device cuda --max-batch-v 10000 --max-batch-a 100000 --nswp-v 5 --nswp-a 10 --rmax-v 100 --rmax-a 100 --kickrank-v 10 --kickrank-a 10 --eps-cross-v 0.001 --eps-cross-a 0.001 --eps-round-v 0.001 --eps-round-a 0.001 --n-samples 50
HM12_cross_coupled,5,5,2026,2,5,random,/home/s110/code/ttpi_iclr/repro/results/HM12_cross_coupled_state40_action50_iter30_orderrandom_seed5_permseed2_formal5080.json,/home/s110/miniconda3/envs/tt_5080/bin/python3 /home/s110/code/ttpi_iclr/repro/scripts/run_hardmove.py --n-actuator 12 --env-variant cross_coupled --training-seed 5 --environment-seed 2026 --permutation-seed 2 --include-permutation-seed-in-run-id --state-sampling-seed 5 --action-order random --run-tag formal5080 --n-state 40 --n-action 50 --n-iter 30 --n-iter-v 1 --callback-freq 10 --n-test 100 --device cuda --max-batch-v 10000 --max-batch-a 100000 --nswp-v 5 --nswp-a 10 --rmax-v 100 --rmax-a 100 --kickrank-v 10 --kickrank-a 10 --eps-cross-v 0.001 --eps-cross-a 0.001 --eps-round-v 0.001 --eps-round-a 0.001 --n-samples 50
HM12_cross_coupled,5,5,2026,0,5,badsplit,/home/s110/code/ttpi_iclr/repro/results/HM12_cross_coupled_state40_action50_iter30_orderbadsplit_seed5_formal5080.json,/home/s110/miniconda3/envs/tt_5080/bin/python3 /home/s110/code/ttpi_iclr/repro/scripts/run_hardmove.py --n-actuator 12 --env-variant cross_coupled --training-seed 5 --environment-seed 2026 --permutation-seed 0 --state-sampling-seed 5 --action-order badsplit --run-tag formal5080 --n-state 40 --n-action 50 --n-iter 30 --n-iter-v 1 --callback-freq 10 --n-test 100 --device cuda --max-batch-v 10000 --max-batch-a 100000 --nswp-v 5 --nswp-a 10 --rmax-v 100 --rmax-a 100 --kickrank-v 10 --kickrank-a 10 --eps-cross-v 0.001 --eps-cross-a 0.001 --eps-round-v 0.001 --eps-round-a 0.001 --n-samples 50
HM12_cross_coupled,5,5,2026,0,5,reverse_blocks,/home/s110/code/ttpi_iclr/repro/results/HM12_cross_coupled_state40_action50_iter30_orderreverse_blocks_seed5_formal5080.json,/home/s110/miniconda3/envs/tt_5080/bin/python3 /home/s110/code/ttpi_iclr/repro/scripts/run_hardmove.py --n-actuator 12 --env-variant cross_coupled --training-seed 5 --environment-seed 2026 --permutation-seed 0 --state-sampling-seed 5 --action-order reverse_blocks --run-tag formal5080 --n-state 40 --n-action 50 --n-iter 30 --n-iter-v 1 --callback-freq 10 --n-test 100 --device cuda --max-batch-v 10000 --max-batch-a 100000 --nswp-v 5 --nswp-a 10 --rmax-v 100 --rmax-a 100 --kickrank-v 10 --kickrank-a 10 --eps-cross-v 0.001 --eps-cross-a 0.001 --eps-round-v 0.001 --eps-round-a 0.001 --n-samples 50
HM12_cross_coupled,5,5,2026,0,5,flip_within_block,/home/s110/code/ttpi_iclr/repro/results/HM12_cross_coupled_state40_action50_iter30_orderflip_within_block_seed5_formal5080.json,/home/s110/miniconda3/envs/tt_5080/bin/python3 /home/s110/code/ttpi_iclr/repro/scripts/run_hardmove.py --n-actuator 12 --env-variant cross_coupled --training-seed 5 --environment-seed 2026 --permutation-seed 0 --state-sampling-seed 5 --action-order flip_within_block --run-tag formal5080 --n-state 40 --n-action 50 --n-iter 30 --n-iter-v 1 --callback-freq 10 --n-test 100 --device cuda --max-batch-v 10000 --max-batch-a 100000 --nswp-v 5 --nswp-a 10 --rmax-v 100 --rmax-a 100 --kickrank-v 10 --kickrank-a 10 --eps-cross-v 0.001 --eps-cross-a 0.001 --eps-round-v 0.001 --eps-round-a 0.001 --n-samples 50
HM12_cross_coupled,5,5,2026,0,5,pam_greedy,/home/s110/code/ttpi_iclr/repro/results/HM12_cross_coupled_state40_action50_iter30_orderpam_greedy_seed5_formal5080.json,/home/s110/miniconda3/envs/tt_5080/bin/python3 /home/s110/code/ttpi_iclr/repro/scripts/run_hardmove.py --n-actuator 12 --env-variant cross_coupled --training-seed 5 --environment-seed 2026 --permutation-seed 0 --state-sampling-seed 5 --action-order pam_greedy --run-tag formal5080 --n-state 40 --n-action 50 --n-iter 30 --n-iter-v 1 --callback-freq 10 --n-test 100 --device cuda --max-batch-v 10000 --max-batch-a 100000 --nswp-v 5 --nswp-a 10 --rmax-v 100 --rmax-a 100 --kickrank-v 10 --kickrank-a 10 --eps-cross-v 0.001 --eps-cross-a 0.001 --eps-round-v 0.001 --eps-round-a 0.001 --n-samples 50
HM12_cross_coupled,5,5,2026,0,5,pam_spectral,/home/s110/code/ttpi_iclr/repro/results/HM12_cross_coupled_state40_action50_iter30_orderpam_spectral_seed5_formal5080.json,/home/s110/miniconda3/envs/tt_5080/bin/python3 /home/s110/code/ttpi_iclr/repro/scripts/run_hardmove.py --n-actuator 12 --env-variant cross_coupled --training-seed 5 --environment-seed 2026 --permutation-seed 0 --state-sampling-seed 5 --action-order pam_spectral --run-tag formal5080 --n-state 40 --n-action 50 --n-iter 30 --n-iter-v 1 --callback-freq 10 --n-test 100 --device cuda --max-batch-v 10000 --max-batch-a 100000 --nswp-v 5 --nswp-a 10 --rmax-v 100 --rmax-a 100 --kickrank-v 10 --kickrank-a 10 --eps-cross-v 0.001 --eps-cross-a 0.001 --eps-round-v 0.001 --eps-round-a 0.001 --n-samples 50
HM12_cross_coupled,5,5,2026,0,5,block_pam,/home/s110/code/ttpi_iclr/repro/results/HM12_cross_coupled_state40_action50_iter30_orderblock_pam_seed5_formal5080.json,/home/s110/miniconda3/envs/tt_5080/bin/python3 /home/s110/code/ttpi_iclr/repro/scripts/run_hardmove.py --n-actuator 12 --env-variant cross_coupled --training-seed 5 --environment-seed 2026 --permutation-seed 0 --state-sampling-seed 5 --action-order block_pam --run-tag formal5080 --n-state 40 --n-action 50 --n-iter 30 --n-iter-v 1 --callback-freq 10 --n-test 100 --device cuda --max-batch-v 10000 --max-batch-a 100000 --nswp-v 5 --nswp-a 10 --rmax-v 100 --rmax-a 100 --kickrank-v 10 --kickrank-a 10 --eps-cross-v 0.001 --eps-cross-a 0.001 --eps-round-v 0.001 --eps-round-a 0.001 --n-samples 50
HM12_cross_coupled,5,5,2026,0,5,free_pam,/home/s110/code/ttpi_iclr/repro/results/HM12_cross_coupled_state40_action50_iter30_orderfree_pam_seed5_formal5080.json,/home/s110/miniconda3/envs/tt_5080/bin/python3 /home/s110/code/ttpi_iclr/repro/scripts/run_hardmove.py --n-actuator 12 --env-variant cross_coupled --training-seed 5 --environment-seed 2026 --permutation-seed 0 --state-sampling-seed 5 --action-order free_pam --run-tag formal5080 --n-state 40 --n-action 50 --n-iter 30 --n-iter-v 1 --callback-freq 10 --n-test 100 --device cuda --max-batch-v 10000 --max-batch-a 100000 --nswp-v 5 --nswp-a 10 --rmax-v 100 --rmax-a 100 --kickrank-v 10 --kickrank-a 10 --eps-cross-v 0.001 --eps-cross-a 0.001 --eps-round-v 0.001 --eps-round-a 0.001 --n-samples 50
HM12_cross_coupled,5,5,2026,0,5,peakcut_pam,/home/s110/code/ttpi_iclr/repro/results/HM12_cross_coupled_state40_action50_iter30_orderpeakcut_pam_seed5_formal5080.json,/home/s110/miniconda3/envs/tt_5080/bin/python3 /home/s110/code/ttpi_iclr/repro/scripts/run_hardmove.py --n-actuator 12 --env-variant cross_coupled --training-seed 5 --environment-seed 2026 --permutation-seed 0 --state-sampling-seed 5 --action-order peakcut_pam --run-tag formal5080 --n-state 40 --n-action 50 --n-iter 30 --n-iter-v 1 --callback-freq 10 --n-test 100 --device cuda --max-batch-v 10000 --max-batch-a 100000 --nswp-v 5 --nswp-a 10 --rmax-v 100 --rmax-a 100 --kickrank-v 10 --kickrank-a 10 --eps-cross-v 0.001 --eps-cross-a 0.001 --eps-round-v 0.001 --eps-round-a 0.001 --n-samples 50
HM12_cross_coupled,5,5,2026,0,5,sensitivity_pam,/home/s110/code/ttpi_iclr/repro/results/HM12_cross_coupled_state40_action50_iter30_ordersensitivity_pam_seed5_formal5080.json,/home/s110/miniconda3/envs/tt_5080/bin/python3 /home/s110/code/ttpi_iclr/repro/scripts/run_hardmove.py --n-actuator 12 --env-variant cross_coupled --training-seed 5 --environment-seed 2026 --permutation-seed 0 --state-sampling-seed 5 --action-order sensitivity_pam --run-tag formal5080 --n-state 40 --n-action 50 --n-iter 30 --n-iter-v 1 --callback-freq 10 --n-test 100 --device cuda --max-batch-v 10000 --max-batch-a 100000 --nswp-v 5 --nswp-a 10 --rmax-v 100 --rmax-a 100 --kickrank-v 10 --kickrank-a 10 --eps-cross-v 0.001 --eps-cross-a 0.001 --eps-round-v 0.001 --eps-round-a 0.001 --n-samples 50
HM12_cross_coupled,5,5,2026,0,5,rankaware_proxy_pam,/home/s110/code/ttpi_iclr/repro/results/HM12_cross_coupled_state40_action50_iter30_orderrankaware_proxy_pam_seed5_formal5080.json,/home/s110/miniconda3/envs/tt_5080/bin/python3 /home/s110/code/ttpi_iclr/repro/scripts/run_hardmove.py --n-actuator 12 --env-variant cross_coupled --training-seed 5 --environment-seed 2026 --permutation-seed 0 --state-sampling-seed 5 --action-order rankaware_proxy_pam --run-tag formal5080 --n-state 40 --n-action 50 --n-iter 30 --n-iter-v 1 --callback-freq 10 --n-test 100 --device cuda --max-batch-v 10000 --max-batch-a 100000 --nswp-v 5 --nswp-a 10 --rmax-v 100 --rmax-a 100 --kickrank-v 10 --kickrank-a 10 --eps-cross-v 0.001 --eps-cross-a 0.001 --eps-round-v 0.001 --eps-round-a 0.001 --n-samples 50
HM12_cross_coupled,5,5,2026,0,5,hybrid_pam,/home/s110/code/ttpi_iclr/repro/results/HM12_cross_coupled_state40_action50_iter30_orderhybrid_pam_seed5_formal5080.json,/home/s110/miniconda3/envs/tt_5080/bin/python3 /home/s110/code/ttpi_iclr/repro/scripts/run_hardmove.py --n-actuator 12 --env-variant cross_coupled --training-seed 5 --environment-seed 2026 --permutation-seed 0 --state-sampling-seed 5 --action-order hybrid_pam --run-tag formal5080 --n-state 40 --n-action 50 --n-iter 30 --n-iter-v 1 --callback-freq 10 --n-test 100 --device cuda --max-batch-v 10000 --max-batch-a 100000 --nswp-v 5 --nswp-a 10 --rmax-v 100 --rmax-a 100 --kickrank-v 10 --kickrank-a 10 --eps-cross-v 0.001 --eps-cross-a 0.001 --eps-round-v 0.001 --eps-round-a 0.001 --n-samples 50
HM12_cross_coupled,6,6,2026,0,6,local,/home/s110/code/ttpi_iclr/repro/results/HM12_cross_coupled_state40_action50_iter30_orderlocal_seed6_formal5080.json,/home/s110/miniconda3/envs/tt_5080/bin/python3 /home/s110/code/ttpi_iclr/repro/scripts/run_hardmove.py --n-actuator 12 --env-variant cross_coupled --training-seed 6 --environment-seed 2026 --permutation-seed 0 --state-sampling-seed 6 --action-order local --run-tag formal5080 --n-state 40 --n-action 50 --n-iter 30 --n-iter-v 1 --callback-freq 10 --n-test 100 --device cuda --max-batch-v 10000 --max-batch-a 100000 --nswp-v 5 --nswp-a 10 --rmax-v 100 --rmax-a 100 --kickrank-v 10 --kickrank-a 10 --eps-cross-v 0.001 --eps-cross-a 0.001 --eps-round-v 0.001 --eps-round-a 0.001 --n-samples 50
HM12_cross_coupled,6,6,2026,0,6,random,/home/s110/code/ttpi_iclr/repro/results/HM12_cross_coupled_state40_action50_iter30_orderrandom_seed6_permseed0_formal5080.json,/home/s110/miniconda3/envs/tt_5080/bin/python3 /home/s110/code/ttpi_iclr/repro/scripts/run_hardmove.py --n-actuator 12 --env-variant cross_coupled --training-seed 6 --environment-seed 2026 --permutation-seed 0 --include-permutation-seed-in-run-id --state-sampling-seed 6 --action-order random --run-tag formal5080 --n-state 40 --n-action 50 --n-iter 30 --n-iter-v 1 --callback-freq 10 --n-test 100 --device cuda --max-batch-v 10000 --max-batch-a 100000 --nswp-v 5 --nswp-a 10 --rmax-v 100 --rmax-a 100 --kickrank-v 10 --kickrank-a 10 --eps-cross-v 0.001 --eps-cross-a 0.001 --eps-round-v 0.001 --eps-round-a 0.001 --n-samples 50
HM12_cross_coupled,6,6,2026,1,6,random,/home/s110/code/ttpi_iclr/repro/results/HM12_cross_coupled_state40_action50_iter30_orderrandom_seed6_permseed1_formal5080.json,/home/s110/miniconda3/envs/tt_5080/bin/python3 /home/s110/code/ttpi_iclr/repro/scripts/run_hardmove.py --n-actuator 12 --env-variant cross_coupled --training-seed 6 --environment-seed 2026 --permutation-seed 1 --include-permutation-seed-in-run-id --state-sampling-seed 6 --action-order random --run-tag formal5080 --n-state 40 --n-action 50 --n-iter 30 --n-iter-v 1 --callback-freq 10 --n-test 100 --device cuda --max-batch-v 10000 --max-batch-a 100000 --nswp-v 5 --nswp-a 10 --rmax-v 100 --rmax-a 100 --kickrank-v 10 --kickrank-a 10 --eps-cross-v 0.001 --eps-cross-a 0.001 --eps-round-v 0.001 --eps-round-a 0.001 --n-samples 50
HM12_cross_coupled,6,6,2026,2,6,random,/home/s110/code/ttpi_iclr/repro/results/HM12_cross_coupled_state40_action50_iter30_orderrandom_seed6_permseed2_formal5080.json,/home/s110/miniconda3/envs/tt_5080/bin/python3 /home/s110/code/ttpi_iclr/repro/scripts/run_hardmove.py --n-actuator 12 --env-variant cross_coupled --training-seed 6 --environment-seed 2026 --permutation-seed 2 --include-permutation-seed-in-run-id --state-sampling-seed 6 --action-order random --run-tag formal5080 --n-state 40 --n-action 50 --n-iter 30 --n-iter-v 1 --callback-freq 10 --n-test 100 --device cuda --max-batch-v 10000 --max-batch-a 100000 --nswp-v 5 --nswp-a 10 --rmax-v 100 --rmax-a 100 --kickrank-v 10 --kickrank-a 10 --eps-cross-v 0.001 --eps-cross-a 0.001 --eps-round-v 0.001 --eps-round-a 0.001 --n-samples 50
HM12_cross_coupled,6,6,2026,0,6,badsplit,/home/s110/code/ttpi_iclr/repro/results/HM12_cross_coupled_state40_action50_iter30_orderbadsplit_seed6_formal5080.json,/home/s110/miniconda3/envs/tt_5080/bin/python3 /home/s110/code/ttpi_iclr/repro/scripts/run_hardmove.py --n-actuator 12 --env-variant cross_coupled --training-seed 6 --environment-seed 2026 --permutation-seed 0 --state-sampling-seed 6 --action-order badsplit --run-tag formal5080 --n-state 40 --n-action 50 --n-iter 30 --n-iter-v 1 --callback-freq 10 --n-test 100 --device cuda --max-batch-v 10000 --max-batch-a 100000 --nswp-v 5 --nswp-a 10 --rmax-v 100 --rmax-a 100 --kickrank-v 10 --kickrank-a 10 --eps-cross-v 0.001 --eps-cross-a 0.001 --eps-round-v 0.001 --eps-round-a 0.001 --n-samples 50
HM12_cross_coupled,6,6,2026,0,6,reverse_blocks,/home/s110/code/ttpi_iclr/repro/results/HM12_cross_coupled_state40_action50_iter30_orderreverse_blocks_seed6_formal5080.json,/home/s110/miniconda3/envs/tt_5080/bin/python3 /home/s110/code/ttpi_iclr/repro/scripts/run_hardmove.py --n-actuator 12 --env-variant cross_coupled --training-seed 6 --environment-seed 2026 --permutation-seed 0 --state-sampling-seed 6 --action-order reverse_blocks --run-tag formal5080 --n-state 40 --n-action 50 --n-iter 30 --n-iter-v 1 --callback-freq 10 --n-test 100 --device cuda --max-batch-v 10000 --max-batch-a 100000 --nswp-v 5 --nswp-a 10 --rmax-v 100 --rmax-a 100 --kickrank-v 10 --kickrank-a 10 --eps-cross-v 0.001 --eps-cross-a 0.001 --eps-round-v 0.001 --eps-round-a 0.001 --n-samples 50
HM12_cross_coupled,6,6,2026,0,6,flip_within_block,/home/s110/code/ttpi_iclr/repro/results/HM12_cross_coupled_state40_action50_iter30_orderflip_within_block_seed6_formal5080.json,/home/s110/miniconda3/envs/tt_5080/bin/python3 /home/s110/code/ttpi_iclr/repro/scripts/run_hardmove.py --n-actuator 12 --env-variant cross_coupled --training-seed 6 --environment-seed 2026 --permutation-seed 0 --state-sampling-seed 6 --action-order flip_within_block --run-tag formal5080 --n-state 40 --n-action 50 --n-iter 30 --n-iter-v 1 --callback-freq 10 --n-test 100 --device cuda --max-batch-v 10000 --max-batch-a 100000 --nswp-v 5 --nswp-a 10 --rmax-v 100 --rmax-a 100 --kickrank-v 10 --kickrank-a 10 --eps-cross-v 0.001 --eps-cross-a 0.001 --eps-round-v 0.001 --eps-round-a 0.001 --n-samples 50
HM12_cross_coupled,6,6,2026,0,6,pam_greedy,/home/s110/code/ttpi_iclr/repro/results/HM12_cross_coupled_state40_action50_iter30_orderpam_greedy_seed6_formal5080.json,/home/s110/miniconda3/envs/tt_5080/bin/python3 /home/s110/code/ttpi_iclr/repro/scripts/run_hardmove.py --n-actuator 12 --env-variant cross_coupled --training-seed 6 --environment-seed 2026 --permutation-seed 0 --state-sampling-seed 6 --action-order pam_greedy --run-tag formal5080 --n-state 40 --n-action 50 --n-iter 30 --n-iter-v 1 --callback-freq 10 --n-test 100 --device cuda --max-batch-v 10000 --max-batch-a 100000 --nswp-v 5 --nswp-a 10 --rmax-v 100 --rmax-a 100 --kickrank-v 10 --kickrank-a 10 --eps-cross-v 0.001 --eps-cross-a 0.001 --eps-round-v 0.001 --eps-round-a 0.001 --n-samples 50
HM12_cross_coupled,6,6,2026,0,6,pam_spectral,/home/s110/code/ttpi_iclr/repro/results/HM12_cross_coupled_state40_action50_iter30_orderpam_spectral_seed6_formal5080.json,/home/s110/miniconda3/envs/tt_5080/bin/python3 /home/s110/code/ttpi_iclr/repro/scripts/run_hardmove.py --n-actuator 12 --env-variant cross_coupled --training-seed 6 --environment-seed 2026 --permutation-seed 0 --state-sampling-seed 6 --action-order pam_spectral --run-tag formal5080 --n-state 40 --n-action 50 --n-iter 30 --n-iter-v 1 --callback-freq 10 --n-test 100 --device cuda --max-batch-v 10000 --max-batch-a 100000 --nswp-v 5 --nswp-a 10 --rmax-v 100 --rmax-a 100 --kickrank-v 10 --kickrank-a 10 --eps-cross-v 0.001 --eps-cross-a 0.001 --eps-round-v 0.001 --eps-round-a 0.001 --n-samples 50
HM12_cross_coupled,6,6,2026,0,6,block_pam,/home/s110/code/ttpi_iclr/repro/results/HM12_cross_coupled_state40_action50_iter30_orderblock_pam_seed6_formal5080.json,/home/s110/miniconda3/envs/tt_5080/bin/python3 /home/s110/code/ttpi_iclr/repro/scripts/run_hardmove.py --n-actuator 12 --env-variant cross_coupled --training-seed 6 --environment-seed 2026 --permutation-seed 0 --state-sampling-seed 6 --action-order block_pam --run-tag formal5080 --n-state 40 --n-action 50 --n-iter 30 --n-iter-v 1 --callback-freq 10 --n-test 100 --device cuda --max-batch-v 10000 --max-batch-a 100000 --nswp-v 5 --nswp-a 10 --rmax-v 100 --rmax-a 100 --kickrank-v 10 --kickrank-a 10 --eps-cross-v 0.001 --eps-cross-a 0.001 --eps-round-v 0.001 --eps-round-a 0.001 --n-samples 50
HM12_cross_coupled,6,6,2026,0,6,free_pam,/home/s110/code/ttpi_iclr/repro/results/HM12_cross_coupled_state40_action50_iter30_orderfree_pam_seed6_formal5080.json,/home/s110/miniconda3/envs/tt_5080/bin/python3 /home/s110/code/ttpi_iclr/repro/scripts/run_hardmove.py --n-actuator 12 --env-variant cross_coupled --training-seed 6 --environment-seed 2026 --permutation-seed 0 --state-sampling-seed 6 --action-order free_pam --run-tag formal5080 --n-state 40 --n-action 50 --n-iter 30 --n-iter-v 1 --callback-freq 10 --n-test 100 --device cuda --max-batch-v 10000 --max-batch-a 100000 --nswp-v 5 --nswp-a 10 --rmax-v 100 --rmax-a 100 --kickrank-v 10 --kickrank-a 10 --eps-cross-v 0.001 --eps-cross-a 0.001 --eps-round-v 0.001 --eps-round-a 0.001 --n-samples 50
HM12_cross_coupled,6,6,2026,0,6,peakcut_pam,/home/s110/code/ttpi_iclr/repro/results/HM12_cross_coupled_state40_action50_iter30_orderpeakcut_pam_seed6_formal5080.json,/home/s110/miniconda3/envs/tt_5080/bin/python3 /home/s110/code/ttpi_iclr/repro/scripts/run_hardmove.py --n-actuator 12 --env-variant cross_coupled --training-seed 6 --environment-seed 2026 --permutation-seed 0 --state-sampling-seed 6 --action-order peakcut_pam --run-tag formal5080 --n-state 40 --n-action 50 --n-iter 30 --n-iter-v 1 --callback-freq 10 --n-test 100 --device cuda --max-batch-v 10000 --max-batch-a 100000 --nswp-v 5 --nswp-a 10 --rmax-v 100 --rmax-a 100 --kickrank-v 10 --kickrank-a 10 --eps-cross-v 0.001 --eps-cross-a 0.001 --eps-round-v 0.001 --eps-round-a 0.001 --n-samples 50
HM12_cross_coupled,6,6,2026,0,6,sensitivity_pam,/home/s110/code/ttpi_iclr/repro/results/HM12_cross_coupled_state40_action50_iter30_ordersensitivity_pam_seed6_formal5080.json,/home/s110/miniconda3/envs/tt_5080/bin/python3 /home/s110/code/ttpi_iclr/repro/scripts/run_hardmove.py --n-actuator 12 --env-variant cross_coupled --training-seed 6 --environment-seed 2026 --permutation-seed 0 --state-sampling-seed 6 --action-order sensitivity_pam --run-tag formal5080 --n-state 40 --n-action 50 --n-iter 30 --n-iter-v 1 --callback-freq 10 --n-test 100 --device cuda --max-batch-v 10000 --max-batch-a 100000 --nswp-v 5 --nswp-a 10 --rmax-v 100 --rmax-a 100 --kickrank-v 10 --kickrank-a 10 --eps-cross-v 0.001 --eps-cross-a 0.001 --eps-round-v 0.001 --eps-round-a 0.001 --n-samples 50
HM12_cross_coupled,6,6,2026,0,6,rankaware_proxy_pam,/home/s110/code/ttpi_iclr/repro/results/HM12_cross_coupled_state40_action50_iter30_orderrankaware_proxy_pam_seed6_formal5080.json,/home/s110/miniconda3/envs/tt_5080/bin/python3 /home/s110/code/ttpi_iclr/repro/scripts/run_hardmove.py --n-actuator 12 --env-variant cross_coupled --training-seed 6 --environment-seed 2026 --permutation-seed 0 --state-sampling-seed 6 --action-order rankaware_proxy_pam --run-tag formal5080 --n-state 40 --n-action 50 --n-iter 30 --n-iter-v 1 --callback-freq 10 --n-test 100 --device cuda --max-batch-v 10000 --max-batch-a 100000 --nswp-v 5 --nswp-a 10 --rmax-v 100 --rmax-a 100 --kickrank-v 10 --kickrank-a 10 --eps-cross-v 0.001 --eps-cross-a 0.001 --eps-round-v 0.001 --eps-round-a 0.001 --n-samples 50
HM12_cross_coupled,6,6,2026,0,6,hybrid_pam,/home/s110/code/ttpi_iclr/repro/results/HM12_cross_coupled_state40_action50_iter30_orderhybrid_pam_seed6_formal5080.json,/home/s110/miniconda3/envs/tt_5080/bin/python3 /home/s110/code/ttpi_iclr/repro/scripts/run_hardmove.py --n-actuator 12 --env-variant cross_coupled --training-seed 6 --environment-seed 2026 --permutation-seed 0 --state-sampling-seed 6 --action-order hybrid_pam --run-tag formal5080 --n-state 40 --n-action 50 --n-iter 30 --n-iter-v 1 --callback-freq 10 --n-test 100 --device cuda --max-batch-v 10000 --max-batch-a 100000 --nswp-v 5 --nswp-a 10 --rmax-v 100 --rmax-a 100 --kickrank-v 10 --kickrank-a 10 --eps-cross-v 0.001 --eps-cross-a 0.001 --eps-round-v 0.001 --eps-round-a 0.001 --n-samples 50
HM12_cross_coupled,7,7,2026,0,7,local,/home/s110/code/ttpi_iclr/repro/results/HM12_cross_coupled_state40_action50_iter30_orderlocal_seed7_formal5080.json,/home/s110/miniconda3/envs/tt_5080/bin/python3 /home/s110/code/ttpi_iclr/repro/scripts/run_hardmove.py --n-actuator 12 --env-variant cross_coupled --training-seed 7 --environment-seed 2026 --permutation-seed 0 --state-sampling-seed 7 --action-order local --run-tag formal5080 --n-state 40 --n-action 50 --n-iter 30 --n-iter-v 1 --callback-freq 10 --n-test 100 --device cuda --max-batch-v 10000 --max-batch-a 100000 --nswp-v 5 --nswp-a 10 --rmax-v 100 --rmax-a 100 --kickrank-v 10 --kickrank-a 10 --eps-cross-v 0.001 --eps-cross-a 0.001 --eps-round-v 0.001 --eps-round-a 0.001 --n-samples 50
HM12_cross_coupled,7,7,2026,0,7,random,/home/s110/code/ttpi_iclr/repro/results/HM12_cross_coupled_state40_action50_iter30_orderrandom_seed7_permseed0_formal5080.json,/home/s110/miniconda3/envs/tt_5080/bin/python3 /home/s110/code/ttpi_iclr/repro/scripts/run_hardmove.py --n-actuator 12 --env-variant cross_coupled --training-seed 7 --environment-seed 2026 --permutation-seed 0 --include-permutation-seed-in-run-id --state-sampling-seed 7 --action-order random --run-tag formal5080 --n-state 40 --n-action 50 --n-iter 30 --n-iter-v 1 --callback-freq 10 --n-test 100 --device cuda --max-batch-v 10000 --max-batch-a 100000 --nswp-v 5 --nswp-a 10 --rmax-v 100 --rmax-a 100 --kickrank-v 10 --kickrank-a 10 --eps-cross-v 0.001 --eps-cross-a 0.001 --eps-round-v 0.001 --eps-round-a 0.001 --n-samples 50
HM12_cross_coupled,7,7,2026,1,7,random,/home/s110/code/ttpi_iclr/repro/results/HM12_cross_coupled_state40_action50_iter30_orderrandom_seed7_permseed1_formal5080.json,/home/s110/miniconda3/envs/tt_5080/bin/python3 /home/s110/code/ttpi_iclr/repro/scripts/run_hardmove.py --n-actuator 12 --env-variant cross_coupled --training-seed 7 --environment-seed 2026 --permutation-seed 1 --include-permutation-seed-in-run-id --state-sampling-seed 7 --action-order random --run-tag formal5080 --n-state 40 --n-action 50 --n-iter 30 --n-iter-v 1 --callback-freq 10 --n-test 100 --device cuda --max-batch-v 10000 --max-batch-a 100000 --nswp-v 5 --nswp-a 10 --rmax-v 100 --rmax-a 100 --kickrank-v 10 --kickrank-a 10 --eps-cross-v 0.001 --eps-cross-a 0.001 --eps-round-v 0.001 --eps-round-a 0.001 --n-samples 50
HM12_cross_coupled,7,7,2026,2,7,random,/home/s110/code/ttpi_iclr/repro/results/HM12_cross_coupled_state40_action50_iter30_orderrandom_seed7_permseed2_formal5080.json,/home/s110/miniconda3/envs/tt_5080/bin/python3 /home/s110/code/ttpi_iclr/repro/scripts/run_hardmove.py --n-actuator 12 --env-variant cross_coupled --training-seed 7 --environment-seed 2026 --permutation-seed 2 --include-permutation-seed-in-run-id --state-sampling-seed 7 --action-order random --run-tag formal5080 --n-state 40 --n-action 50 --n-iter 30 --n-iter-v 1 --callback-freq 10 --n-test 100 --device cuda --max-batch-v 10000 --max-batch-a 100000 --nswp-v 5 --nswp-a 10 --rmax-v 100 --rmax-a 100 --kickrank-v 10 --kickrank-a 10 --eps-cross-v 0.001 --eps-cross-a 0.001 --eps-round-v 0.001 --eps-round-a 0.001 --n-samples 50
HM12_cross_coupled,7,7,2026,0,7,badsplit,/home/s110/code/ttpi_iclr/repro/results/HM12_cross_coupled_state40_action50_iter30_orderbadsplit_seed7_formal5080.json,/home/s110/miniconda3/envs/tt_5080/bin/python3 /home/s110/code/ttpi_iclr/repro/scripts/run_hardmove.py --n-actuator 12 --env-variant cross_coupled --training-seed 7 --environment-seed 2026 --permutation-seed 0 --state-sampling-seed 7 --action-order badsplit --run-tag formal5080 --n-state 40 --n-action 50 --n-iter 30 --n-iter-v 1 --callback-freq 10 --n-test 100 --device cuda --max-batch-v 10000 --max-batch-a 100000 --nswp-v 5 --nswp-a 10 --rmax-v 100 --rmax-a 100 --kickrank-v 10 --kickrank-a 10 --eps-cross-v 0.001 --eps-cross-a 0.001 --eps-round-v 0.001 --eps-round-a 0.001 --n-samples 50
HM12_cross_coupled,7,7,2026,0,7,reverse_blocks,/home/s110/code/ttpi_iclr/repro/results/HM12_cross_coupled_state40_action50_iter30_orderreverse_blocks_seed7_formal5080.json,/home/s110/miniconda3/envs/tt_5080/bin/python3 /home/s110/code/ttpi_iclr/repro/scripts/run_hardmove.py --n-actuator 12 --env-variant cross_coupled --training-seed 7 --environment-seed 2026 --permutation-seed 0 --state-sampling-seed 7 --action-order reverse_blocks --run-tag formal5080 --n-state 40 --n-action 50 --n-iter 30 --n-iter-v 1 --callback-freq 10 --n-test 100 --device cuda --max-batch-v 10000 --max-batch-a 100000 --nswp-v 5 --nswp-a 10 --rmax-v 100 --rmax-a 100 --kickrank-v 10 --kickrank-a 10 --eps-cross-v 0.001 --eps-cross-a 0.001 --eps-round-v 0.001 --eps-round-a 0.001 --n-samples 50
HM12_cross_coupled,7,7,2026,0,7,flip_within_block,/home/s110/code/ttpi_iclr/repro/results/HM12_cross_coupled_state40_action50_iter30_orderflip_within_block_seed7_formal5080.json,/home/s110/miniconda3/envs/tt_5080/bin/python3 /home/s110/code/ttpi_iclr/repro/scripts/run_hardmove.py --n-actuator 12 --env-variant cross_coupled --training-seed 7 --environment-seed 2026 --permutation-seed 0 --state-sampling-seed 7 --action-order flip_within_block --run-tag formal5080 --n-state 40 --n-action 50 --n-iter 30 --n-iter-v 1 --callback-freq 10 --n-test 100 --device cuda --max-batch-v 10000 --max-batch-a 100000 --nswp-v 5 --nswp-a 10 --rmax-v 100 --rmax-a 100 --kickrank-v 10 --kickrank-a 10 --eps-cross-v 0.001 --eps-cross-a 0.001 --eps-round-v 0.001 --eps-round-a 0.001 --n-samples 50
HM12_cross_coupled,7,7,2026,0,7,pam_greedy,/home/s110/code/ttpi_iclr/repro/results/HM12_cross_coupled_state40_action50_iter30_orderpam_greedy_seed7_formal5080.json,/home/s110/miniconda3/envs/tt_5080/bin/python3 /home/s110/code/ttpi_iclr/repro/scripts/run_hardmove.py --n-actuator 12 --env-variant cross_coupled --training-seed 7 --environment-seed 2026 --permutation-seed 0 --state-sampling-seed 7 --action-order pam_greedy --run-tag formal5080 --n-state 40 --n-action 50 --n-iter 30 --n-iter-v 1 --callback-freq 10 --n-test 100 --device cuda --max-batch-v 10000 --max-batch-a 100000 --nswp-v 5 --nswp-a 10 --rmax-v 100 --rmax-a 100 --kickrank-v 10 --kickrank-a 10 --eps-cross-v 0.001 --eps-cross-a 0.001 --eps-round-v 0.001 --eps-round-a 0.001 --n-samples 50
HM12_cross_coupled,7,7,2026,0,7,pam_spectral,/home/s110/code/ttpi_iclr/repro/results/HM12_cross_coupled_state40_action50_iter30_orderpam_spectral_seed7_formal5080.json,/home/s110/miniconda3/envs/tt_5080/bin/python3 /home/s110/code/ttpi_iclr/repro/scripts/run_hardmove.py --n-actuator 12 --env-variant cross_coupled --training-seed 7 --environment-seed 2026 --permutation-seed 0 --state-sampling-seed 7 --action-order pam_spectral --run-tag formal5080 --n-state 40 --n-action 50 --n-iter 30 --n-iter-v 1 --callback-freq 10 --n-test 100 --device cuda --max-batch-v 10000 --max-batch-a 100000 --nswp-v 5 --nswp-a 10 --rmax-v 100 --rmax-a 100 --kickrank-v 10 --kickrank-a 10 --eps-cross-v 0.001 --eps-cross-a 0.001 --eps-round-v 0.001 --eps-round-a 0.001 --n-samples 50
HM12_cross_coupled,7,7,2026,0,7,block_pam,/home/s110/code/ttpi_iclr/repro/results/HM12_cross_coupled_state40_action50_iter30_orderblock_pam_seed7_formal5080.json,/home/s110/miniconda3/envs/tt_5080/bin/python3 /home/s110/code/ttpi_iclr/repro/scripts/run_hardmove.py --n-actuator 12 --env-variant cross_coupled --training-seed 7 --environment-seed 2026 --permutation-seed 0 --state-sampling-seed 7 --action-order block_pam --run-tag formal5080 --n-state 40 --n-action 50 --n-iter 30 --n-iter-v 1 --callback-freq 10 --n-test 100 --device cuda --max-batch-v 10000 --max-batch-a 100000 --nswp-v 5 --nswp-a 10 --rmax-v 100 --rmax-a 100 --kickrank-v 10 --kickrank-a 10 --eps-cross-v 0.001 --eps-cross-a 0.001 --eps-round-v 0.001 --eps-round-a 0.001 --n-samples 50
HM12_cross_coupled,7,7,2026,0,7,free_pam,/home/s110/code/ttpi_iclr/repro/results/HM12_cross_coupled_state40_action50_iter30_orderfree_pam_seed7_formal5080.json,/home/s110/miniconda3/envs/tt_5080/bin/python3 /home/s110/code/ttpi_iclr/repro/scripts/run_hardmove.py --n-actuator 12 --env-variant cross_coupled --training-seed 7 --environment-seed 2026 --permutation-seed 0 --state-sampling-seed 7 --action-order free_pam --run-tag formal5080 --n-state 40 --n-action 50 --n-iter 30 --n-iter-v 1 --callback-freq 10 --n-test 100 --device cuda --max-batch-v 10000 --max-batch-a 100000 --nswp-v 5 --nswp-a 10 --rmax-v 100 --rmax-a 100 --kickrank-v 10 --kickrank-a 10 --eps-cross-v 0.001 --eps-cross-a 0.001 --eps-round-v 0.001 --eps-round-a 0.001 --n-samples 50
HM12_cross_coupled,7,7,2026,0,7,peakcut_pam,/home/s110/code/ttpi_iclr/repro/results/HM12_cross_coupled_state40_action50_iter30_orderpeakcut_pam_seed7_formal5080.json,/home/s110/miniconda3/envs/tt_5080/bin/python3 /home/s110/code/ttpi_iclr/repro/scripts/run_hardmove.py --n-actuator 12 --env-variant cross_coupled --training-seed 7 --environment-seed 2026 --permutation-seed 0 --state-sampling-seed 7 --action-order peakcut_pam --run-tag formal5080 --n-state 40 --n-action 50 --n-iter 30 --n-iter-v 1 --callback-freq 10 --n-test 100 --device cuda --max-batch-v 10000 --max-batch-a 100000 --nswp-v 5 --nswp-a 10 --rmax-v 100 --rmax-a 100 --kickrank-v 10 --kickrank-a 10 --eps-cross-v 0.001 --eps-cross-a 0.001 --eps-round-v 0.001 --eps-round-a 0.001 --n-samples 50
HM12_cross_coupled,7,7,2026,0,7,sensitivity_pam,/home/s110/code/ttpi_iclr/repro/results/HM12_cross_coupled_state40_action50_iter30_ordersensitivity_pam_seed7_formal5080.json,/home/s110/miniconda3/envs/tt_5080/bin/python3 /home/s110/code/ttpi_iclr/repro/scripts/run_hardmove.py --n-actuator 12 --env-variant cross_coupled --training-seed 7 --environment-seed 2026 --permutation-seed 0 --state-sampling-seed 7 --action-order sensitivity_pam --run-tag formal5080 --n-state 40 --n-action 50 --n-iter 30 --n-iter-v 1 --callback-freq 10 --n-test 100 --device cuda --max-batch-v 10000 --max-batch-a 100000 --nswp-v 5 --nswp-a 10 --rmax-v 100 --rmax-a 100 --kickrank-v 10 --kickrank-a 10 --eps-cross-v 0.001 --eps-cross-a 0.001 --eps-round-v 0.001 --eps-round-a 0.001 --n-samples 50
HM12_cross_coupled,7,7,2026,0,7,rankaware_proxy_pam,/home/s110/code/ttpi_iclr/repro/results/HM12_cross_coupled_state40_action50_iter30_orderrankaware_proxy_pam_seed7_formal5080.json,/home/s110/miniconda3/envs/tt_5080/bin/python3 /home/s110/code/ttpi_iclr/repro/scripts/run_hardmove.py --n-actuator 12 --env-variant cross_coupled --training-seed 7 --environment-seed 2026 --permutation-seed 0 --state-sampling-seed 7 --action-order rankaware_proxy_pam --run-tag formal5080 --n-state 40 --n-action 50 --n-iter 30 --n-iter-v 1 --callback-freq 10 --n-test 100 --device cuda --max-batch-v 10000 --max-batch-a 100000 --nswp-v 5 --nswp-a 10 --rmax-v 100 --rmax-a 100 --kickrank-v 10 --kickrank-a 10 --eps-cross-v 0.001 --eps-cross-a 0.001 --eps-round-v 0.001 --eps-round-a 0.001 --n-samples 50
HM12_cross_coupled,7,7,2026,0,7,hybrid_pam,/home/s110/code/ttpi_iclr/repro/results/HM12_cross_coupled_state40_action50_iter30_orderhybrid_pam_seed7_formal5080.json,/home/s110/miniconda3/envs/tt_5080/bin/python3 /home/s110/code/ttpi_iclr/repro/scripts/run_hardmove.py --n-actuator 12 --env-variant cross_coupled --training-seed 7 --environment-seed 2026 --permutation-seed 0 --state-sampling-seed 7 --action-order hybrid_pam --run-tag formal5080 --n-state 40 --n-action 50 --n-iter 30 --n-iter-v 1 --callback-freq 10 --n-test 100 --device cuda --max-batch-v 10000 --max-batch-a 100000 --nswp-v 5 --nswp-a 10 --rmax-v 100 --rmax-a 100 --kickrank-v 10 --kickrank-a 10 --eps-cross-v 0.001 --eps-cross-a 0.001 --eps-round-v 0.001 --eps-round-a 0.001 --n-samples 50
HM12_cross_coupled,8,8,2026,0,8,local,/home/s110/code/ttpi_iclr/repro/results/HM12_cross_coupled_state40_action50_iter30_orderlocal_seed8_formal5080.json,/home/s110/miniconda3/envs/tt_5080/bin/python3 /home/s110/code/ttpi_iclr/repro/scripts/run_hardmove.py --n-actuator 12 --env-variant cross_coupled --training-seed 8 --environment-seed 2026 --permutation-seed 0 --state-sampling-seed 8 --action-order local --run-tag formal5080 --n-state 40 --n-action 50 --n-iter 30 --n-iter-v 1 --callback-freq 10 --n-test 100 --device cuda --max-batch-v 10000 --max-batch-a 100000 --nswp-v 5 --nswp-a 10 --rmax-v 100 --rmax-a 100 --kickrank-v 10 --kickrank-a 10 --eps-cross-v 0.001 --eps-cross-a 0.001 --eps-round-v 0.001 --eps-round-a 0.001 --n-samples 50
HM12_cross_coupled,8,8,2026,0,8,random,/home/s110/code/ttpi_iclr/repro/results/HM12_cross_coupled_state40_action50_iter30_orderrandom_seed8_permseed0_formal5080.json,/home/s110/miniconda3/envs/tt_5080/bin/python3 /home/s110/code/ttpi_iclr/repro/scripts/run_hardmove.py --n-actuator 12 --env-variant cross_coupled --training-seed 8 --environment-seed 2026 --permutation-seed 0 --include-permutation-seed-in-run-id --state-sampling-seed 8 --action-order random --run-tag formal5080 --n-state 40 --n-action 50 --n-iter 30 --n-iter-v 1 --callback-freq 10 --n-test 100 --device cuda --max-batch-v 10000 --max-batch-a 100000 --nswp-v 5 --nswp-a 10 --rmax-v 100 --rmax-a 100 --kickrank-v 10 --kickrank-a 10 --eps-cross-v 0.001 --eps-cross-a 0.001 --eps-round-v 0.001 --eps-round-a 0.001 --n-samples 50
HM12_cross_coupled,8,8,2026,1,8,random,/home/s110/code/ttpi_iclr/repro/results/HM12_cross_coupled_state40_action50_iter30_orderrandom_seed8_permseed1_formal5080.json,/home/s110/miniconda3/envs/tt_5080/bin/python3 /home/s110/code/ttpi_iclr/repro/scripts/run_hardmove.py --n-actuator 12 --env-variant cross_coupled --training-seed 8 --environment-seed 2026 --permutation-seed 1 --include-permutation-seed-in-run-id --state-sampling-seed 8 --action-order random --run-tag formal5080 --n-state 40 --n-action 50 --n-iter 30 --n-iter-v 1 --callback-freq 10 --n-test 100 --device cuda --max-batch-v 10000 --max-batch-a 100000 --nswp-v 5 --nswp-a 10 --rmax-v 100 --rmax-a 100 --kickrank-v 10 --kickrank-a 10 --eps-cross-v 0.001 --eps-cross-a 0.001 --eps-round-v 0.001 --eps-round-a 0.001 --n-samples 50
HM12_cross_coupled,8,8,2026,2,8,random,/home/s110/code/ttpi_iclr/repro/results/HM12_cross_coupled_state40_action50_iter30_orderrandom_seed8_permseed2_formal5080.json,/home/s110/miniconda3/envs/tt_5080/bin/python3 /home/s110/code/ttpi_iclr/repro/scripts/run_hardmove.py --n-actuator 12 --env-variant cross_coupled --training-seed 8 --environment-seed 2026 --permutation-seed 2 --include-permutation-seed-in-run-id --state-sampling-seed 8 --action-order random --run-tag formal5080 --n-state 40 --n-action 50 --n-iter 30 --n-iter-v 1 --callback-freq 10 --n-test 100 --device cuda --max-batch-v 10000 --max-batch-a 100000 --nswp-v 5 --nswp-a 10 --rmax-v 100 --rmax-a 100 --kickrank-v 10 --kickrank-a 10 --eps-cross-v 0.001 --eps-cross-a 0.001 --eps-round-v 0.001 --eps-round-a 0.001 --n-samples 50
HM12_cross_coupled,8,8,2026,0,8,badsplit,/home/s110/code/ttpi_iclr/repro/results/HM12_cross_coupled_state40_action50_iter30_orderbadsplit_seed8_formal5080.json,/home/s110/miniconda3/envs/tt_5080/bin/python3 /home/s110/code/ttpi_iclr/repro/scripts/run_hardmove.py --n-actuator 12 --env-variant cross_coupled --training-seed 8 --environment-seed 2026 --permutation-seed 0 --state-sampling-seed 8 --action-order badsplit --run-tag formal5080 --n-state 40 --n-action 50 --n-iter 30 --n-iter-v 1 --callback-freq 10 --n-test 100 --device cuda --max-batch-v 10000 --max-batch-a 100000 --nswp-v 5 --nswp-a 10 --rmax-v 100 --rmax-a 100 --kickrank-v 10 --kickrank-a 10 --eps-cross-v 0.001 --eps-cross-a 0.001 --eps-round-v 0.001 --eps-round-a 0.001 --n-samples 50
HM12_cross_coupled,8,8,2026,0,8,reverse_blocks,/home/s110/code/ttpi_iclr/repro/results/HM12_cross_coupled_state40_action50_iter30_orderreverse_blocks_seed8_formal5080.json,/home/s110/miniconda3/envs/tt_5080/bin/python3 /home/s110/code/ttpi_iclr/repro/scripts/run_hardmove.py --n-actuator 12 --env-variant cross_coupled --training-seed 8 --environment-seed 2026 --permutation-seed 0 --state-sampling-seed 8 --action-order reverse_blocks --run-tag formal5080 --n-state 40 --n-action 50 --n-iter 30 --n-iter-v 1 --callback-freq 10 --n-test 100 --device cuda --max-batch-v 10000 --max-batch-a 100000 --nswp-v 5 --nswp-a 10 --rmax-v 100 --rmax-a 100 --kickrank-v 10 --kickrank-a 10 --eps-cross-v 0.001 --eps-cross-a 0.001 --eps-round-v 0.001 --eps-round-a 0.001 --n-samples 50
HM12_cross_coupled,8,8,2026,0,8,flip_within_block,/home/s110/code/ttpi_iclr/repro/results/HM12_cross_coupled_state40_action50_iter30_orderflip_within_block_seed8_formal5080.json,/home/s110/miniconda3/envs/tt_5080/bin/python3 /home/s110/code/ttpi_iclr/repro/scripts/run_hardmove.py --n-actuator 12 --env-variant cross_coupled --training-seed 8 --environment-seed 2026 --permutation-seed 0 --state-sampling-seed 8 --action-order flip_within_block --run-tag formal5080 --n-state 40 --n-action 50 --n-iter 30 --n-iter-v 1 --callback-freq 10 --n-test 100 --device cuda --max-batch-v 10000 --max-batch-a 100000 --nswp-v 5 --nswp-a 10 --rmax-v 100 --rmax-a 100 --kickrank-v 10 --kickrank-a 10 --eps-cross-v 0.001 --eps-cross-a 0.001 --eps-round-v 0.001 --eps-round-a 0.001 --n-samples 50
HM12_cross_coupled,8,8,2026,0,8,pam_greedy,/home/s110/code/ttpi_iclr/repro/results/HM12_cross_coupled_state40_action50_iter30_orderpam_greedy_seed8_formal5080.json,/home/s110/miniconda3/envs/tt_5080/bin/python3 /home/s110/code/ttpi_iclr/repro/scripts/run_hardmove.py --n-actuator 12 --env-variant cross_coupled --training-seed 8 --environment-seed 2026 --permutation-seed 0 --state-sampling-seed 8 --action-order pam_greedy --run-tag formal5080 --n-state 40 --n-action 50 --n-iter 30 --n-iter-v 1 --callback-freq 10 --n-test 100 --device cuda --max-batch-v 10000 --max-batch-a 100000 --nswp-v 5 --nswp-a 10 --rmax-v 100 --rmax-a 100 --kickrank-v 10 --kickrank-a 10 --eps-cross-v 0.001 --eps-cross-a 0.001 --eps-round-v 0.001 --eps-round-a 0.001 --n-samples 50
HM12_cross_coupled,8,8,2026,0,8,pam_spectral,/home/s110/code/ttpi_iclr/repro/results/HM12_cross_coupled_state40_action50_iter30_orderpam_spectral_seed8_formal5080.json,/home/s110/miniconda3/envs/tt_5080/bin/python3 /home/s110/code/ttpi_iclr/repro/scripts/run_hardmove.py --n-actuator 12 --env-variant cross_coupled --training-seed 8 --environment-seed 2026 --permutation-seed 0 --state-sampling-seed 8 --action-order pam_spectral --run-tag formal5080 --n-state 40 --n-action 50 --n-iter 30 --n-iter-v 1 --callback-freq 10 --n-test 100 --device cuda --max-batch-v 10000 --max-batch-a 100000 --nswp-v 5 --nswp-a 10 --rmax-v 100 --rmax-a 100 --kickrank-v 10 --kickrank-a 10 --eps-cross-v 0.001 --eps-cross-a 0.001 --eps-round-v 0.001 --eps-round-a 0.001 --n-samples 50
HM12_cross_coupled,8,8,2026,0,8,block_pam,/home/s110/code/ttpi_iclr/repro/results/HM12_cross_coupled_state40_action50_iter30_orderblock_pam_seed8_formal5080.json,/home/s110/miniconda3/envs/tt_5080/bin/python3 /home/s110/code/ttpi_iclr/repro/scripts/run_hardmove.py --n-actuator 12 --env-variant cross_coupled --training-seed 8 --environment-seed 2026 --permutation-seed 0 --state-sampling-seed 8 --action-order block_pam --run-tag formal5080 --n-state 40 --n-action 50 --n-iter 30 --n-iter-v 1 --callback-freq 10 --n-test 100 --device cuda --max-batch-v 10000 --max-batch-a 100000 --nswp-v 5 --nswp-a 10 --rmax-v 100 --rmax-a 100 --kickrank-v 10 --kickrank-a 10 --eps-cross-v 0.001 --eps-cross-a 0.001 --eps-round-v 0.001 --eps-round-a 0.001 --n-samples 50
HM12_cross_coupled,8,8,2026,0,8,free_pam,/home/s110/code/ttpi_iclr/repro/results/HM12_cross_coupled_state40_action50_iter30_orderfree_pam_seed8_formal5080.json,/home/s110/miniconda3/envs/tt_5080/bin/python3 /home/s110/code/ttpi_iclr/repro/scripts/run_hardmove.py --n-actuator 12 --env-variant cross_coupled --training-seed 8 --environment-seed 2026 --permutation-seed 0 --state-sampling-seed 8 --action-order free_pam --run-tag formal5080 --n-state 40 --n-action 50 --n-iter 30 --n-iter-v 1 --callback-freq 10 --n-test 100 --device cuda --max-batch-v 10000 --max-batch-a 100000 --nswp-v 5 --nswp-a 10 --rmax-v 100 --rmax-a 100 --kickrank-v 10 --kickrank-a 10 --eps-cross-v 0.001 --eps-cross-a 0.001 --eps-round-v 0.001 --eps-round-a 0.001 --n-samples 50
HM12_cross_coupled,8,8,2026,0,8,peakcut_pam,/home/s110/code/ttpi_iclr/repro/results/HM12_cross_coupled_state40_action50_iter30_orderpeakcut_pam_seed8_formal5080.json,/home/s110/miniconda3/envs/tt_5080/bin/python3 /home/s110/code/ttpi_iclr/repro/scripts/run_hardmove.py --n-actuator 12 --env-variant cross_coupled --training-seed 8 --environment-seed 2026 --permutation-seed 0 --state-sampling-seed 8 --action-order peakcut_pam --run-tag formal5080 --n-state 40 --n-action 50 --n-iter 30 --n-iter-v 1 --callback-freq 10 --n-test 100 --device cuda --max-batch-v 10000 --max-batch-a 100000 --nswp-v 5 --nswp-a 10 --rmax-v 100 --rmax-a 100 --kickrank-v 10 --kickrank-a 10 --eps-cross-v 0.001 --eps-cross-a 0.001 --eps-round-v 0.001 --eps-round-a 0.001 --n-samples 50
HM12_cross_coupled,8,8,2026,0,8,sensitivity_pam,/home/s110/code/ttpi_iclr/repro/results/HM12_cross_coupled_state40_action50_iter30_ordersensitivity_pam_seed8_formal5080.json,/home/s110/miniconda3/envs/tt_5080/bin/python3 /home/s110/code/ttpi_iclr/repro/scripts/run_hardmove.py --n-actuator 12 --env-variant cross_coupled --training-seed 8 --environment-seed 2026 --permutation-seed 0 --state-sampling-seed 8 --action-order sensitivity_pam --run-tag formal5080 --n-state 40 --n-action 50 --n-iter 30 --n-iter-v 1 --callback-freq 10 --n-test 100 --device cuda --max-batch-v 10000 --max-batch-a 100000 --nswp-v 5 --nswp-a 10 --rmax-v 100 --rmax-a 100 --kickrank-v 10 --kickrank-a 10 --eps-cross-v 0.001 --eps-cross-a 0.001 --eps-round-v 0.001 --eps-round-a 0.001 --n-samples 50
HM12_cross_coupled,8,8,2026,0,8,rankaware_proxy_pam,/home/s110/code/ttpi_iclr/repro/results/HM12_cross_coupled_state40_action50_iter30_orderrankaware_proxy_pam_seed8_formal5080.json,/home/s110/miniconda3/envs/tt_5080/bin/python3 /home/s110/code/ttpi_iclr/repro/scripts/run_hardmove.py --n-actuator 12 --env-variant cross_coupled --training-seed 8 --environment-seed 2026 --permutation-seed 0 --state-sampling-seed 8 --action-order rankaware_proxy_pam --run-tag formal5080 --n-state 40 --n-action 50 --n-iter 30 --n-iter-v 1 --callback-freq 10 --n-test 100 --device cuda --max-batch-v 10000 --max-batch-a 100000 --nswp-v 5 --nswp-a 10 --rmax-v 100 --rmax-a 100 --kickrank-v 10 --kickrank-a 10 --eps-cross-v 0.001 --eps-cross-a 0.001 --eps-round-v 0.001 --eps-round-a 0.001 --n-samples 50
HM12_cross_coupled,8,8,2026,0,8,hybrid_pam,/home/s110/code/ttpi_iclr/repro/results/HM12_cross_coupled_state40_action50_iter30_orderhybrid_pam_seed8_formal5080.json,/home/s110/miniconda3/envs/tt_5080/bin/python3 /home/s110/code/ttpi_iclr/repro/scripts/run_hardmove.py --n-actuator 12 --env-variant cross_coupled --training-seed 8 --environment-seed 2026 --permutation-seed 0 --state-sampling-seed 8 --action-order hybrid_pam --run-tag formal5080 --n-state 40 --n-action 50 --n-iter 30 --n-iter-v 1 --callback-freq 10 --n-test 100 --device cuda --max-batch-v 10000 --max-batch-a 100000 --nswp-v 5 --nswp-a 10 --rmax-v 100 --rmax-a 100 --kickrank-v 10 --kickrank-a 10 --eps-cross-v 0.001 --eps-cross-a 0.001 --eps-round-v 0.001 --eps-round-a 0.001 --n-samples 50
HM12_cross_coupled,9,9,2026,0,9,local,/home/s110/code/ttpi_iclr/repro/results/HM12_cross_coupled_state40_action50_iter30_orderlocal_seed9_formal5080.json,/home/s110/miniconda3/envs/tt_5080/bin/python3 /home/s110/code/ttpi_iclr/repro/scripts/run_hardmove.py --n-actuator 12 --env-variant cross_coupled --training-seed 9 --environment-seed 2026 --permutation-seed 0 --state-sampling-seed 9 --action-order local --run-tag formal5080 --n-state 40 --n-action 50 --n-iter 30 --n-iter-v 1 --callback-freq 10 --n-test 100 --device cuda --max-batch-v 10000 --max-batch-a 100000 --nswp-v 5 --nswp-a 10 --rmax-v 100 --rmax-a 100 --kickrank-v 10 --kickrank-a 10 --eps-cross-v 0.001 --eps-cross-a 0.001 --eps-round-v 0.001 --eps-round-a 0.001 --n-samples 50
HM12_cross_coupled,9,9,2026,0,9,random,/home/s110/code/ttpi_iclr/repro/results/HM12_cross_coupled_state40_action50_iter30_orderrandom_seed9_permseed0_formal5080.json,/home/s110/miniconda3/envs/tt_5080/bin/python3 /home/s110/code/ttpi_iclr/repro/scripts/run_hardmove.py --n-actuator 12 --env-variant cross_coupled --training-seed 9 --environment-seed 2026 --permutation-seed 0 --include-permutation-seed-in-run-id --state-sampling-seed 9 --action-order random --run-tag formal5080 --n-state 40 --n-action 50 --n-iter 30 --n-iter-v 1 --callback-freq 10 --n-test 100 --device cuda --max-batch-v 10000 --max-batch-a 100000 --nswp-v 5 --nswp-a 10 --rmax-v 100 --rmax-a 100 --kickrank-v 10 --kickrank-a 10 --eps-cross-v 0.001 --eps-cross-a 0.001 --eps-round-v 0.001 --eps-round-a 0.001 --n-samples 50
HM12_cross_coupled,9,9,2026,1,9,random,/home/s110/code/ttpi_iclr/repro/results/HM12_cross_coupled_state40_action50_iter30_orderrandom_seed9_permseed1_formal5080.json,/home/s110/miniconda3/envs/tt_5080/bin/python3 /home/s110/code/ttpi_iclr/repro/scripts/run_hardmove.py --n-actuator 12 --env-variant cross_coupled --training-seed 9 --environment-seed 2026 --permutation-seed 1 --include-permutation-seed-in-run-id --state-sampling-seed 9 --action-order random --run-tag formal5080 --n-state 40 --n-action 50 --n-iter 30 --n-iter-v 1 --callback-freq 10 --n-test 100 --device cuda --max-batch-v 10000 --max-batch-a 100000 --nswp-v 5 --nswp-a 10 --rmax-v 100 --rmax-a 100 --kickrank-v 10 --kickrank-a 10 --eps-cross-v 0.001 --eps-cross-a 0.001 --eps-round-v 0.001 --eps-round-a 0.001 --n-samples 50
HM12_cross_coupled,9,9,2026,2,9,random,/home/s110/code/ttpi_iclr/repro/results/HM12_cross_coupled_state40_action50_iter30_orderrandom_seed9_permseed2_formal5080.json,/home/s110/miniconda3/envs/tt_5080/bin/python3 /home/s110/code/ttpi_iclr/repro/scripts/run_hardmove.py --n-actuator 12 --env-variant cross_coupled --training-seed 9 --environment-seed 2026 --permutation-seed 2 --include-permutation-seed-in-run-id --state-sampling-seed 9 --action-order random --run-tag formal5080 --n-state 40 --n-action 50 --n-iter 30 --n-iter-v 1 --callback-freq 10 --n-test 100 --device cuda --max-batch-v 10000 --max-batch-a 100000 --nswp-v 5 --nswp-a 10 --rmax-v 100 --rmax-a 100 --kickrank-v 10 --kickrank-a 10 --eps-cross-v 0.001 --eps-cross-a 0.001 --eps-round-v 0.001 --eps-round-a 0.001 --n-samples 50
HM12_cross_coupled,9,9,2026,0,9,badsplit,/home/s110/code/ttpi_iclr/repro/results/HM12_cross_coupled_state40_action50_iter30_orderbadsplit_seed9_formal5080.json,/home/s110/miniconda3/envs/tt_5080/bin/python3 /home/s110/code/ttpi_iclr/repro/scripts/run_hardmove.py --n-actuator 12 --env-variant cross_coupled --training-seed 9 --environment-seed 2026 --permutation-seed 0 --state-sampling-seed 9 --action-order badsplit --run-tag formal5080 --n-state 40 --n-action 50 --n-iter 30 --n-iter-v 1 --callback-freq 10 --n-test 100 --device cuda --max-batch-v 10000 --max-batch-a 100000 --nswp-v 5 --nswp-a 10 --rmax-v 100 --rmax-a 100 --kickrank-v 10 --kickrank-a 10 --eps-cross-v 0.001 --eps-cross-a 0.001 --eps-round-v 0.001 --eps-round-a 0.001 --n-samples 50
HM12_cross_coupled,9,9,2026,0,9,reverse_blocks,/home/s110/code/ttpi_iclr/repro/results/HM12_cross_coupled_state40_action50_iter30_orderreverse_blocks_seed9_formal5080.json,/home/s110/miniconda3/envs/tt_5080/bin/python3 /home/s110/code/ttpi_iclr/repro/scripts/run_hardmove.py --n-actuator 12 --env-variant cross_coupled --training-seed 9 --environment-seed 2026 --permutation-seed 0 --state-sampling-seed 9 --action-order reverse_blocks --run-tag formal5080 --n-state 40 --n-action 50 --n-iter 30 --n-iter-v 1 --callback-freq 10 --n-test 100 --device cuda --max-batch-v 10000 --max-batch-a 100000 --nswp-v 5 --nswp-a 10 --rmax-v 100 --rmax-a 100 --kickrank-v 10 --kickrank-a 10 --eps-cross-v 0.001 --eps-cross-a 0.001 --eps-round-v 0.001 --eps-round-a 0.001 --n-samples 50
HM12_cross_coupled,9,9,2026,0,9,flip_within_block,/home/s110/code/ttpi_iclr/repro/results/HM12_cross_coupled_state40_action50_iter30_orderflip_within_block_seed9_formal5080.json,/home/s110/miniconda3/envs/tt_5080/bin/python3 /home/s110/code/ttpi_iclr/repro/scripts/run_hardmove.py --n-actuator 12 --env-variant cross_coupled --training-seed 9 --environment-seed 2026 --permutation-seed 0 --state-sampling-seed 9 --action-order flip_within_block --run-tag formal5080 --n-state 40 --n-action 50 --n-iter 30 --n-iter-v 1 --callback-freq 10 --n-test 100 --device cuda --max-batch-v 10000 --max-batch-a 100000 --nswp-v 5 --nswp-a 10 --rmax-v 100 --rmax-a 100 --kickrank-v 10 --kickrank-a 10 --eps-cross-v 0.001 --eps-cross-a 0.001 --eps-round-v 0.001 --eps-round-a 0.001 --n-samples 50
HM12_cross_coupled,9,9,2026,0,9,pam_greedy,/home/s110/code/ttpi_iclr/repro/results/HM12_cross_coupled_state40_action50_iter30_orderpam_greedy_seed9_formal5080.json,/home/s110/miniconda3/envs/tt_5080/bin/python3 /home/s110/code/ttpi_iclr/repro/scripts/run_hardmove.py --n-actuator 12 --env-variant cross_coupled --training-seed 9 --environment-seed 2026 --permutation-seed 0 --state-sampling-seed 9 --action-order pam_greedy --run-tag formal5080 --n-state 40 --n-action 50 --n-iter 30 --n-iter-v 1 --callback-freq 10 --n-test 100 --device cuda --max-batch-v 10000 --max-batch-a 100000 --nswp-v 5 --nswp-a 10 --rmax-v 100 --rmax-a 100 --kickrank-v 10 --kickrank-a 10 --eps-cross-v 0.001 --eps-cross-a 0.001 --eps-round-v 0.001 --eps-round-a 0.001 --n-samples 50
HM12_cross_coupled,9,9,2026,0,9,pam_spectral,/home/s110/code/ttpi_iclr/repro/results/HM12_cross_coupled_state40_action50_iter30_orderpam_spectral_seed9_formal5080.json,/home/s110/miniconda3/envs/tt_5080/bin/python3 /home/s110/code/ttpi_iclr/repro/scripts/run_hardmove.py --n-actuator 12 --env-variant cross_coupled --training-seed 9 --environment-seed 2026 --permutation-seed 0 --state-sampling-seed 9 --action-order pam_spectral --run-tag formal5080 --n-state 40 --n-action 50 --n-iter 30 --n-iter-v 1 --callback-freq 10 --n-test 100 --device cuda --max-batch-v 10000 --max-batch-a 100000 --nswp-v 5 --nswp-a 10 --rmax-v 100 --rmax-a 100 --kickrank-v 10 --kickrank-a 10 --eps-cross-v 0.001 --eps-cross-a 0.001 --eps-round-v 0.001 --eps-round-a 0.001 --n-samples 50
HM12_cross_coupled,9,9,2026,0,9,block_pam,/home/s110/code/ttpi_iclr/repro/results/HM12_cross_coupled_state40_action50_iter30_orderblock_pam_seed9_formal5080.json,/home/s110/miniconda3/envs/tt_5080/bin/python3 /home/s110/code/ttpi_iclr/repro/scripts/run_hardmove.py --n-actuator 12 --env-variant cross_coupled --training-seed 9 --environment-seed 2026 --permutation-seed 0 --state-sampling-seed 9 --action-order block_pam --run-tag formal5080 --n-state 40 --n-action 50 --n-iter 30 --n-iter-v 1 --callback-freq 10 --n-test 100 --device cuda --max-batch-v 10000 --max-batch-a 100000 --nswp-v 5 --nswp-a 10 --rmax-v 100 --rmax-a 100 --kickrank-v 10 --kickrank-a 10 --eps-cross-v 0.001 --eps-cross-a 0.001 --eps-round-v 0.001 --eps-round-a 0.001 --n-samples 50
HM12_cross_coupled,9,9,2026,0,9,free_pam,/home/s110/code/ttpi_iclr/repro/results/HM12_cross_coupled_state40_action50_iter30_orderfree_pam_seed9_formal5080.json,/home/s110/miniconda3/envs/tt_5080/bin/python3 /home/s110/code/ttpi_iclr/repro/scripts/run_hardmove.py --n-actuator 12 --env-variant cross_coupled --training-seed 9 --environment-seed 2026 --permutation-seed 0 --state-sampling-seed 9 --action-order free_pam --run-tag formal5080 --n-state 40 --n-action 50 --n-iter 30 --n-iter-v 1 --callback-freq 10 --n-test 100 --device cuda --max-batch-v 10000 --max-batch-a 100000 --nswp-v 5 --nswp-a 10 --rmax-v 100 --rmax-a 100 --kickrank-v 10 --kickrank-a 10 --eps-cross-v 0.001 --eps-cross-a 0.001 --eps-round-v 0.001 --eps-round-a 0.001 --n-samples 50
HM12_cross_coupled,9,9,2026,0,9,peakcut_pam,/home/s110/code/ttpi_iclr/repro/results/HM12_cross_coupled_state40_action50_iter30_orderpeakcut_pam_seed9_formal5080.json,/home/s110/miniconda3/envs/tt_5080/bin/python3 /home/s110/code/ttpi_iclr/repro/scripts/run_hardmove.py --n-actuator 12 --env-variant cross_coupled --training-seed 9 --environment-seed 2026 --permutation-seed 0 --state-sampling-seed 9 --action-order peakcut_pam --run-tag formal5080 --n-state 40 --n-action 50 --n-iter 30 --n-iter-v 1 --callback-freq 10 --n-test 100 --device cuda --max-batch-v 10000 --max-batch-a 100000 --nswp-v 5 --nswp-a 10 --rmax-v 100 --rmax-a 100 --kickrank-v 10 --kickrank-a 10 --eps-cross-v 0.001 --eps-cross-a 0.001 --eps-round-v 0.001 --eps-round-a 0.001 --n-samples 50
HM12_cross_coupled,9,9,2026,0,9,sensitivity_pam,/home/s110/code/ttpi_iclr/repro/results/HM12_cross_coupled_state40_action50_iter30_ordersensitivity_pam_seed9_formal5080.json,/home/s110/miniconda3/envs/tt_5080/bin/python3 /home/s110/code/ttpi_iclr/repro/scripts/run_hardmove.py --n-actuator 12 --env-variant cross_coupled --training-seed 9 --environment-seed 2026 --permutation-seed 0 --state-sampling-seed 9 --action-order sensitivity_pam --run-tag formal5080 --n-state 40 --n-action 50 --n-iter 30 --n-iter-v 1 --callback-freq 10 --n-test 100 --device cuda --max-batch-v 10000 --max-batch-a 100000 --nswp-v 5 --nswp-a 10 --rmax-v 100 --rmax-a 100 --kickrank-v 10 --kickrank-a 10 --eps-cross-v 0.001 --eps-cross-a 0.001 --eps-round-v 0.001 --eps-round-a 0.001 --n-samples 50
HM12_cross_coupled,9,9,2026,0,9,rankaware_proxy_pam,/home/s110/code/ttpi_iclr/repro/results/HM12_cross_coupled_state40_action50_iter30_orderrankaware_proxy_pam_seed9_formal5080.json,/home/s110/miniconda3/envs/tt_5080/bin/python3 /home/s110/code/ttpi_iclr/repro/scripts/run_hardmove.py --n-actuator 12 --env-variant cross_coupled --training-seed 9 --environment-seed 2026 --permutation-seed 0 --state-sampling-seed 9 --action-order rankaware_proxy_pam --run-tag formal5080 --n-state 40 --n-action 50 --n-iter 30 --n-iter-v 1 --callback-freq 10 --n-test 100 --device cuda --max-batch-v 10000 --max-batch-a 100000 --nswp-v 5 --nswp-a 10 --rmax-v 100 --rmax-a 100 --kickrank-v 10 --kickrank-a 10 --eps-cross-v 0.001 --eps-cross-a 0.001 --eps-round-v 0.001 --eps-round-a 0.001 --n-samples 50
HM12_cross_coupled,9,9,2026,0,9,hybrid_pam,/home/s110/code/ttpi_iclr/repro/results/HM12_cross_coupled_state40_action50_iter30_orderhybrid_pam_seed9_formal5080.json,/home/s110/miniconda3/envs/tt_5080/bin/python3 /home/s110/code/ttpi_iclr/repro/scripts/run_hardmove.py --n-actuator 12 --env-variant cross_coupled --training-seed 9 --environment-seed 2026 --permutation-seed 0 --state-sampling-seed 9 --action-order hybrid_pam --run-tag formal5080 --n-state 40 --n-action 50 --n-iter 30 --n-iter-v 1 --callback-freq 10 --n-test 100 --device cuda --max-batch-v 10000 --max-batch-a 100000 --nswp-v 5 --nswp-a 10 --rmax-v 100 --rmax-a 100 --kickrank-v 10 --kickrank-a 10 --eps-cross-v 0.001 --eps-cross-a 0.001 --eps-round-v 0.001 --eps-round-a 0.001 --n-samples 50
