env,ordering,state_index,state_type,cut,singular_index,singular_value,exact_unfolding,matrix_rows,matrix_cols,used_rows,used_cols
HM8,local,0,easy,1,1,5441686.024414137,False,12,9172942848,12,512
HM8,local,0,easy,1,2,25615.05214099681,False,12,9172942848,12,512
HM8,local,0,easy,1,3,6.775682620601215e-10,False,12,9172942848,12,512
HM8,local,0,easy,1,4,1.0152553635478987e-10,False,12,9172942848,12,512
HM8,local,0,easy,1,5,7.793195465102578e-11,False,12,9172942848,12,512
HM8,local,0,easy,1,6,6.415662073517762e-11,False,12,9172942848,12,512
HM8,local,0,easy,1,7,5.290453014596335e-11,False,12,9172942848,12,512
HM8,local,0,easy,1,8,2.2360961980001256e-12,False,12,9172942848,12,512
HM8,local,0,easy,1,9,2.6062578392046065e-26,False,12,9172942848,12,512
HM8,local,0,easy,1,10,3.285945915048249e-27,False,12,9172942848,12,512
HM8,local,0,easy,1,11,2.279467031257765e-28,False,12,9172942848,12,512
HM8,local,0,easy,1,12,1.286810710196913e-29,False,12,9172942848,12,512
HM8,local,0,easy,2,1,7705320.739494798,False,24,4586471424,24,512
HM8,local,0,easy,2,2,2720.9851952122967,False,24,4586471424,24,512
HM8,local,0,easy,2,3,1.8138234708317907e-09,False,24,4586471424,24,512
HM8,local,0,easy,2,4,8.303839673512967e-10,False,24,4586471424,24,512
HM8,local,0,easy,2,5,5.521792115501258e-10,False,24,4586471424,24,512
HM8,local,0,easy,2,6,3.8823057915071393e-10,False,24,4586471424,24,512
HM8,local,0,easy,2,7,3.275134974234715e-10,False,24,4586471424,24,512
HM8,local,0,easy,2,8,2.795160501344184e-10,False,24,4586471424,24,512
HM8,local,0,easy,2,9,1.9068651465599239e-10,False,24,4586471424,24,512
HM8,local,0,easy,2,10,1.7304346464603466e-10,False,24,4586471424,24,512
HM8,local,0,easy,2,11,1.4443832452270826e-10,False,24,4586471424,24,512
HM8,local,0,easy,2,12,8.247290699231153e-11,False,24,4586471424,24,512
HM8,local,0,easy,2,13,3.362648538275497e-11,False,24,4586471424,24,512
HM8,local,0,easy,2,14,2.842886149883557e-14,False,24,4586471424,24,512
HM8,local,0,easy,2,15,5.562864832358412e-25,False,24,4586471424,24,512
HM8,local,0,easy,2,16,7.886798919041577e-26,False,24,4586471424,24,512
HM8,local,0,easy,2,17,5.222351798917781e-26,False,24,4586471424,24,512
HM8,local,0,easy,2,18,1.5029112596667997e-26,False,24,4586471424,24,512
HM8,local,0,easy,2,19,1.1738067241173634e-26,False,24,4586471424,24,512
HM8,local,0,easy,2,20,3.846123841841795e-27,False,24,4586471424,24,512
HM8,local,0,easy,2,21,1.7700243310672554e-28,False,24,4586471424,24,512
HM8,local,0,easy,2,22,3.5169301724635455e-42,False,24,4586471424,24,512
HM8,local,0,easy,2,23,8.593029340126298e-43,False,24,4586471424,24,512
HM8,local,0,easy,2,24,3.5693528154387565e-44,False,24,4586471424,24,512
HM8,local,0,easy,3,1,26767423.817437652,False,288,382205952,288,512
HM8,local,0,easy,3,2,145898.65441522122,False,288,382205952,288,512
HM8,local,0,easy,3,3,10131.712922034769,False,288,382205952,288,512
HM8,local,0,easy,3,4,2.5421773183616826e-08,False,288,382205952,288,512
HM8,local,0,easy,3,5,2.1694991632023375e-08,False,288,382205952,288,512
HM8,local,0,easy,3,6,2.0865916411842695e-08,False,288,382205952,288,512
HM8,local,0,easy,3,7,1.6908258905865038e-08,False,288,382205952,288,512
HM8,local,0,easy,3,8,1.3624810986481993e-08,False,288,382205952,288,512
HM8,local,0,easy,3,9,1.1277727275803848e-08,False,288,382205952,288,512
HM8,local,0,easy,3,10,9.104753674821857e-09,False,288,382205952,288,512
HM8,local,0,easy,3,11,7.123485876649892e-09,False,288,382205952,288,512
HM8,local,0,easy,3,12,6.640007488262122e-09,False,288,382205952,288,512
HM8,local,0,easy,3,13,5.642945559032375e-09,False,288,382205952,288,512
HM8,local,0,easy,3,14,5.003068415646123e-09,False,288,382205952,288,512
HM8,local,0,easy,3,15,4.1262677112319424e-09,False,288,382205952,288,512
HM8,local,0,easy,3,16,3.4899150565781087e-09,False,288,382205952,288,512
HM8,local,0,easy,3,17,2.7979529295005854e-09,False,288,382205952,288,512
HM8,local,0,easy,3,18,2.6636188687557116e-09,False,288,382205952,288,512
HM8,local,0,easy,3,19,2.5701436230724263e-09,False,288,382205952,288,512
HM8,local,0,easy,3,20,2.0815137643132543e-09,False,288,382205952,288,512
HM8,local,0,easy,3,21,1.8195062927111067e-09,False,288,382205952,288,512
HM8,local,0,easy,3,22,1.7103574674318594e-09,False,288,382205952,288,512
HM8,local,0,easy,3,23,1.6553647928529947e-09,False,288,382205952,288,512
HM8,local,0,easy,3,24,1.445638306874987e-09,False,288,382205952,288,512
HM8,local,0,easy,3,25,1.360701018756204e-09,False,288,382205952,288,512
HM8,local,0,easy,3,26,1.335962847966635e-09,False,288,382205952,288,512
HM8,local,0,easy,3,27,1.2589456983238539e-09,False,288,382205952,288,512
HM8,local,0,easy,3,28,1.1681049231849025e-09,False,288,382205952,288,512
HM8,local,0,easy,3,29,1.1481930801500671e-09,False,288,382205952,288,512
HM8,local,0,easy,3,30,1.0944560819424044e-09,False,288,382205952,288,512
HM8,local,0,easy,3,31,1.0683763716670172e-09,False,288,382205952,288,512
HM8,local,0,easy,3,32,9.58075788102636e-10,False,288,382205952,288,512
HM8,local,0,easy,4,1,35601075.4474153,False,576,191102976,512,512
HM8,local,0,easy,4,2,20348.697576599505,False,576,191102976,512,512
HM8,local,0,easy,4,3,7.724118850339031e-08,False,576,191102976,512,512
HM8,local,0,easy,4,4,6.235566031672806e-08,False,576,191102976,512,512
HM8,local,0,easy,4,5,5.652644225228066e-08,False,576,191102976,512,512
HM8,local,0,easy,4,6,5.4692712237278155e-08,False,576,191102976,512,512
HM8,local,0,easy,4,7,4.137408216739726e-08,False,576,191102976,512,512
HM8,local,0,easy,4,8,3.9774633636297916e-08,False,576,191102976,512,512
HM8,local,0,easy,4,9,3.471707414478143e-08,False,576,191102976,512,512
HM8,local,0,easy,4,10,3.123341541744859e-08,False,576,191102976,512,512
HM8,local,0,easy,4,11,2.2470051331352435e-08,False,576,191102976,512,512
HM8,local,0,easy,4,12,1.7078796437874683e-08,False,576,191102976,512,512
HM8,local,0,easy,4,13,1.5130812103418175e-08,False,576,191102976,512,512
HM8,local,0,easy,4,14,1.0971489914455228e-08,False,576,191102976,512,512
HM8,local,0,easy,4,15,6.952373565227534e-09,False,576,191102976,512,512
HM8,local,0,easy,4,16,5.614323693264906e-09,False,576,191102976,512,512
HM8,local,0,easy,4,17,4.412054398810597e-09,False,576,191102976,512,512
HM8,local,0,easy,4,18,4.271291467778874e-09,False,576,191102976,512,512
HM8,local,0,easy,4,19,3.9966440436805535e-09,False,576,191102976,512,512
HM8,local,0,easy,4,20,3.3403778520925954e-09,False,576,191102976,512,512
HM8,local,0,easy,4,21,3.2146837824380427e-09,False,576,191102976,512,512
HM8,local,0,easy,4,22,2.989635765637356e-09,False,576,191102976,512,512
HM8,local,0,easy,4,23,2.5845611254405456e-09,False,576,191102976,512,512
HM8,local,0,easy,4,24,2.3374364122700922e-09,False,576,191102976,512,512
HM8,local,0,easy,4,25,2.126925943029947e-09,False,576,191102976,512,512
HM8,local,0,easy,4,26,1.9548259137951763e-09,False,576,191102976,512,512
HM8,local,0,easy,4,27,1.4853019377933572e-09,False,576,191102976,512,512
HM8,local,0,easy,4,28,1.3854792356643704e-09,False,576,191102976,512,512
HM8,local,0,easy,4,29,1.2066671716054938e-09,False,576,191102976,512,512
HM8,local,0,easy,4,30,1.1241436006804393e-09,False,576,191102976,512,512
HM8,local,0,easy,4,31,1.0126968347480872e-09,False,576,191102976,512,512
HM8,local,0,easy,4,32,8.799918125180829e-10,False,576,191102976,512,512
HM8,local,0,easy,5,1,35665865.072247855,False,6912,15925248,512,512
HM8,local,0,easy,5,2,196663.0000203183,False,6912,15925248,512,512
HM8,local,0,easy,5,3,18347.57022198581,False,6912,15925248,512,512
HM8,local,0,easy,5,4,2.2338290971072116e-08,False,6912,15925248,512,512
HM8,local,0,easy,5,5,1.725275566128553e-08,False,6912,15925248,512,512
HM8,local,0,easy,5,6,1.538657887923966e-08,False,6912,15925248,512,512
HM8,local,0,easy,5,7,1.4744571646521071e-08,False,6912,15925248,512,512
HM8,local,0,easy,5,8,1.3379623689371496e-08,False,6912,15925248,512,512
HM8,local,0,easy,5,9,1.1208042193519513e-08,False,6912,15925248,512,512
HM8,local,0,easy,5,10,1.0745327233331759e-08,False,6912,15925248,512,512
HM8,local,0,easy,5,11,9.64154878154711e-09,False,6912,15925248,512,512
HM8,local,0,easy,5,12,8.287363251478351e-09,False,6912,15925248,512,512
HM8,local,0,easy,5,13,5.147099052423949e-09,False,6912,15925248,512,512
HM8,local,0,easy,5,14,4.383694789187467e-09,False,6912,15925248,512,512
HM8,local,0,easy,5,15,3.538516167443472e-09,False,6912,15925248,512,512
HM8,local,0,easy,5,16,3.0287550933180345e-09,False,6912,15925248,512,512
HM8,local,0,easy,5,17,2.895547932656161e-09,False,6912,15925248,512,512
HM8,local,0,easy,5,18,2.7548546380848542e-09,False,6912,15925248,512,512
HM8,local,0,easy,5,19,2.5878931245854212e-09,False,6912,15925248,512,512
HM8,local,0,easy,5,20,2.43764210087394e-09,False,6912,15925248,512,512
HM8,local,0,easy,5,21,2.2768747703302942e-09,False,6912,15925248,512,512
HM8,local,0,easy,5,22,2.2231228199243856e-09,False,6912,15925248,512,512
HM8,local,0,easy,5,23,2.046867865865071e-09,False,6912,15925248,512,512
HM8,local,0,easy,5,24,1.992107350245231e-09,False,6912,15925248,512,512
HM8,local,0,easy,5,25,1.8598711396771942e-09,False,6912,15925248,512,512
HM8,local,0,easy,5,26,1.7214742880258277e-09,False,6912,15925248,512,512
HM8,local,0,easy,5,27,1.682447705731287e-09,False,6912,15925248,512,512
HM8,local,0,easy,5,28,1.5859655533487407e-09,False,6912,15925248,512,512
HM8,local,0,easy,5,29,1.56682708645031e-09,False,6912,15925248,512,512
HM8,local,0,easy,5,30,1.4271482611349e-09,False,6912,15925248,512,512
HM8,local,0,easy,5,31,1.3536582376402167e-09,False,6912,15925248,512,512
HM8,local,0,easy,5,32,1.3336345503467453e-09,False,6912,15925248,512,512
HM8,local,0,easy,6,1,35494316.936843775,False,13824,7962624,512,512
HM8,local,0,easy,6,2,21546.784810232206,False,13824,7962624,512,512
HM8,local,0,easy,6,3,3.598845816237816e-08,False,13824,7962624,512,512
HM8,local,0,easy,6,4,2.954468324518373e-08,False,13824,7962624,512,512
HM8,local,0,easy,6,5,2.9532883337267194e-08,False,13824,7962624,512,512
HM8,local,0,easy,6,6,2.027270554681843e-08,False,13824,7962624,512,512
HM8,local,0,easy,6,7,1.847036654235908e-08,False,13824,7962624,512,512
HM8,local,0,easy,6,8,1.748235283342695e-08,False,13824,7962624,512,512
HM8,local,0,easy,6,9,1.6827577912724407e-08,False,13824,7962624,512,512
HM8,local,0,easy,6,10,1.3202928775789624e-08,False,13824,7962624,512,512
HM8,local,0,easy,6,11,1.2067124422194195e-08,False,13824,7962624,512,512
HM8,local,0,easy,6,12,9.574215518704085e-09,False,13824,7962624,512,512
HM8,local,0,easy,6,13,8.458721352016274e-09,False,13824,7962624,512,512
HM8,local,0,easy,6,14,7.424709611664475e-09,False,13824,7962624,512,512
HM8,local,0,easy,6,15,6.20269961375162e-09,False,13824,7962624,512,512
HM8,local,0,easy,6,16,4.72146655578721e-09,False,13824,7962624,512,512
HM8,local,0,easy,6,17,4.193594445089883e-09,False,13824,7962624,512,512
HM8,local,0,easy,6,18,3.895965546868653e-09,False,13824,7962624,512,512
HM8,local,0,easy,6,19,3.6931795136887565e-09,False,13824,7962624,512,512
HM8,local,0,easy,6,20,3.4170481691074943e-09,False,13824,7962624,512,512
HM8,local,0,easy,6,21,2.832169987424405e-09,False,13824,7962624,512,512
HM8,local,0,easy,6,22,2.5738504782568813e-09,False,13824,7962624,512,512
HM8,local,0,easy,6,23,2.2631710717513396e-09,False,13824,7962624,512,512
HM8,local,0,easy,6,24,2.137433241892671e-09,False,13824,7962624,512,512
HM8,local,0,easy,6,25,1.908754205149444e-09,False,13824,7962624,512,512
HM8,local,0,easy,6,26,1.850553036173124e-09,False,13824,7962624,512,512
HM8,local,0,easy,6,27,1.7310176672781172e-09,False,13824,7962624,512,512
HM8,local,0,easy,6,28,1.649938859935576e-09,False,13824,7962624,512,512
HM8,local,0,easy,6,29,1.4968958418413511e-09,False,13824,7962624,512,512
HM8,local,0,easy,6,30,1.4201740860463733e-09,False,13824,7962624,512,512
HM8,local,0,easy,6,31,1.2084823568372142e-09,False,13824,7962624,512,512
HM8,local,0,easy,6,32,1.1264493166233183e-09,False,13824,7962624,512,512
HM8,local,0,easy,7,1,35587998.86861495,False,165888,663552,512,512
HM8,local,0,easy,7,2,196487.26567948118,False,165888,663552,512,512
HM8,local,0,easy,7,3,20175.76668226216,False,165888,663552,512,512
HM8,local,0,easy,7,4,2.2168425420937444e-08,False,165888,663552,512,512
HM8,local,0,easy,7,5,1.986441308627796e-08,False,165888,663552,512,512
HM8,local,0,easy,7,6,1.4687264759513828e-08,False,165888,663552,512,512
HM8,local,0,easy,7,7,1.3773435594960374e-08,False,165888,663552,512,512
HM8,local,0,easy,7,8,1.3055144140086365e-08,False,165888,663552,512,512
HM8,local,0,easy,7,9,1.0087892138495356e-08,False,165888,663552,512,512
HM8,local,0,easy,7,10,9.551086421398289e-09,False,165888,663552,512,512
HM8,local,0,easy,7,11,8.384575820329693e-09,False,165888,663552,512,512
HM8,local,0,easy,7,12,6.976976949923977e-09,False,165888,663552,512,512
HM8,local,0,easy,7,13,5.683908896887053e-09,False,165888,663552,512,512
HM8,local,0,easy,7,14,4.5055082840636404e-09,False,165888,663552,512,512
HM8,local,0,easy,7,15,3.396760356286578e-09,False,165888,663552,512,512
HM8,local,0,easy,7,16,3.2461424052498677e-09,False,165888,663552,512,512
HM8,local,0,easy,7,17,2.8006018005359264e-09,False,165888,663552,512,512
HM8,local,0,easy,7,18,2.7069807220483726e-09,False,165888,663552,512,512
HM8,local,0,easy,7,19,2.4280810393296733e-09,False,165888,663552,512,512
HM8,local,0,easy,7,20,2.3014633113150795e-09,False,165888,663552,512,512
HM8,local,0,easy,7,21,2.198536320782187e-09,False,165888,663552,512,512
HM8,local,0,easy,7,22,1.99611748608181e-09,False,165888,663552,512,512
HM8,local,0,easy,7,23,1.9002214092149826e-09,False,165888,663552,512,512
HM8,local,0,easy,7,24,1.7729174745530122e-09,False,165888,663552,512,512
HM8,local,0,easy,7,25,1.6886702688661005e-09,False,165888,663552,512,512
HM8,local,0,easy,7,26,1.6506142345244407e-09,False,165888,663552,512,512
HM8,local,0,easy,7,27,1.5614014952006127e-09,False,165888,663552,512,512
HM8,local,0,easy,7,28,1.523622351567245e-09,False,165888,663552,512,512
HM8,local,0,easy,7,29,1.460992602148918e-09,False,165888,663552,512,512
HM8,local,0,easy,7,30,1.3965401846003732e-09,False,165888,663552,512,512
HM8,local,0,easy,7,31,1.3166279941373392e-09,False,165888,663552,512,512
HM8,local,0,easy,7,32,1.299317174524358e-09,False,165888,663552,512,512
HM8,local,0,easy,8,1,35710279.380829476,False,331776,331776,512,512
HM8,local,0,easy,8,2,24327.771796054498,False,331776,331776,512,512
HM8,local,0,easy,8,3,3.600788421351483e-08,False,331776,331776,512,512
HM8,local,0,easy,8,4,2.592406427255479e-08,False,331776,331776,512,512
HM8,local,0,easy,8,5,2.068811793455256e-08,False,331776,331776,512,512
HM8,local,0,easy,8,6,1.8535267319109547e-08,False,331776,331776,512,512
HM8,local,0,easy,8,7,1.7652471293319724e-08,False,331776,331776,512,512
HM8,local,0,easy,8,8,1.3323100898995039e-08,False,331776,331776,512,512
HM8,local,0,easy,8,9,1.2752420411673071e-08,False,331776,331776,512,512
HM8,local,0,easy,8,10,1.1165321652590397e-08,False,331776,331776,512,512
HM8,local,0,easy,8,11,7.869838404060463e-09,False,331776,331776,512,512
HM8,local,0,easy,8,12,7.3301149812130495e-09,False,331776,331776,512,512
HM8,local,0,easy,8,13,6.048058880802933e-09,False,331776,331776,512,512
HM8,local,0,easy,8,14,4.660469438757066e-09,False,331776,331776,512,512
HM8,local,0,easy,8,15,3.979332992318002e-09,False,331776,331776,512,512
HM8,local,0,easy,8,16,3.512933859454721e-09,False,331776,331776,512,512
HM8,local,0,easy,8,17,3.0852242687059152e-09,False,331776,331776,512,512
HM8,local,0,easy,8,18,2.7582121007972172e-09,False,331776,331776,512,512
HM8,local,0,easy,8,19,2.3212000704737817e-09,False,331776,331776,512,512
HM8,local,0,easy,8,20,2.2945453824267045e-09,False,331776,331776,512,512
HM8,local,0,easy,8,21,2.2174021466108343e-09,False,331776,331776,512,512
HM8,local,0,easy,8,22,2.048262739298113e-09,False,331776,331776,512,512
HM8,local,0,easy,8,23,1.9339240739330755e-09,False,331776,331776,512,512
HM8,local,0,easy,8,24,1.888552243696367e-09,False,331776,331776,512,512
HM8,local,0,easy,8,25,1.668117830037e-09,False,331776,331776,512,512
HM8,local,0,easy,8,26,1.6366723985207714e-09,False,331776,331776,512,512
HM8,local,0,easy,8,27,1.5043487452345669e-09,False,331776,331776,512,512
HM8,local,0,easy,8,28,1.4531940705001682e-09,False,331776,331776,512,512
HM8,local,0,easy,8,29,1.3501603970525184e-09,False,331776,331776,512,512
HM8,local,0,easy,8,30,1.2383499275672824e-09,False,331776,331776,512,512
HM8,local,0,easy,8,31,1.1509555904938321e-09,False,331776,331776,512,512
HM8,local,0,easy,8,32,1.1213755469237843e-09,False,331776,331776,512,512
HM8,local,0,easy,9,1,35656971.1363806,False,3981312,27648,512,512
HM8,local,0,easy,9,2,195488.57725759508,False,3981312,27648,512,512
HM8,local,0,easy,9,3,20941.04549799464,False,3981312,27648,512,512
HM8,local,0,easy,9,4,3.4369465398865433e-08,False,3981312,27648,512,512
HM8,local,0,easy,9,5,2.843456539551793e-08,False,3981312,27648,512,512
HM8,local,0,easy,9,6,2.747802562124527e-08,False,3981312,27648,512,512
HM8,local,0,easy,9,7,1.9101082768433312e-08,False,3981312,27648,512,512
HM8,local,0,easy,9,8,1.753465604259272e-08,False,3981312,27648,512,512
HM8,local,0,easy,9,9,1.6100875462708906e-08,False,3981312,27648,512,512
HM8,local,0,easy,9,10,1.3243334221380394e-08,False,3981312,27648,512,512
HM8,local,0,easy,9,11,1.1202076335037724e-08,False,3981312,27648,512,512
HM8,local,0,easy,9,12,1.0420424848046263e-08,False,3981312,27648,512,512
HM8,local,0,easy,9,13,7.951239725552173e-09,False,3981312,27648,512,512
HM8,local,0,easy,9,14,7.617715073655485e-09,False,3981312,27648,512,512
HM8,local,0,easy,9,15,6.626212537163872e-09,False,3981312,27648,512,512
HM8,local,0,easy,9,16,4.0641055568151044e-09,False,3981312,27648,512,512
HM8,local,0,easy,9,17,3.851109109811078e-09,False,3981312,27648,512,512
HM8,local,0,easy,9,18,3.183773269849129e-09,False,3981312,27648,512,512
HM8,local,0,easy,9,19,2.8299573660724924e-09,False,3981312,27648,512,512
HM8,local,0,easy,9,20,2.6818907763065954e-09,False,3981312,27648,512,512
HM8,local,0,easy,9,21,2.5856599301057826e-09,False,3981312,27648,512,512
HM8,local,0,easy,9,22,2.2657188079159422e-09,False,3981312,27648,512,512
HM8,local,0,easy,9,23,2.2035923473004557e-09,False,3981312,27648,512,512
HM8,local,0,easy,9,24,1.998312309213311e-09,False,3981312,27648,512,512
HM8,local,0,easy,9,25,1.8913493947199034e-09,False,3981312,27648,512,512
HM8,local,0,easy,9,26,1.7911524033697412e-09,False,3981312,27648,512,512
HM8,local,0,easy,9,27,1.7069823803015812e-09,False,3981312,27648,512,512
HM8,local,0,easy,9,28,1.6841435686955903e-09,False,3981312,27648,512,512
HM8,local,0,easy,9,29,1.6740991293195198e-09,False,3981312,27648,512,512
HM8,local,0,easy,9,30,1.4926509562982108e-09,False,3981312,27648,512,512
HM8,local,0,easy,9,31,1.4153844074084772e-09,False,3981312,27648,512,512
HM8,local,0,easy,9,32,1.3978771520674375e-09,False,3981312,27648,512,512
HM8,local,0,easy,10,1,35545695.894708216,False,7962624,13824,512,512
HM8,local,0,easy,10,2,21721.64576893708,False,7962624,13824,512,512
HM8,local,0,easy,10,3,5.9086935494028824e-08,False,7962624,13824,512,512
HM8,local,0,easy,10,4,4.550626038479171e-08,False,7962624,13824,512,512
HM8,local,0,easy,10,5,4.3113864132319875e-08,False,7962624,13824,512,512
HM8,local,0,easy,10,6,2.60106982119685e-08,False,7962624,13824,512,512
HM8,local,0,easy,10,7,2.284467259828165e-08,False,7962624,13824,512,512
HM8,local,0,easy,10,8,1.693854613124095e-08,False,7962624,13824,512,512
HM8,local,0,easy,10,9,1.5869232174365384e-08,False,7962624,13824,512,512
HM8,local,0,easy,10,10,1.543998059797406e-08,False,7962624,13824,512,512
HM8,local,0,easy,10,11,1.2018930348284161e-08,False,7962624,13824,512,512
HM8,local,0,easy,10,12,1.0959608915395531e-08,False,7962624,13824,512,512
HM8,local,0,easy,10,13,8.577918717990285e-09,False,7962624,13824,512,512
HM8,local,0,easy,10,14,8.100114516153353e-09,False,7962624,13824,512,512
HM8,local,0,easy,10,15,5.162491060066761e-09,False,7962624,13824,512,512
HM8,local,0,easy,10,16,4.642130932505225e-09,False,7962624,13824,512,512
HM8,local,0,easy,10,17,3.998968914643379e-09,False,7962624,13824,512,512
HM8,local,0,easy,10,18,3.884264448327105e-09,False,7962624,13824,512,512
HM8,local,0,easy,10,19,3.6468842297948192e-09,False,7962624,13824,512,512
HM8,local,0,easy,10,20,3.1003198816266447e-09,False,7962624,13824,512,512
HM8,local,0,easy,10,21,2.650541912200276e-09,False,7962624,13824,512,512
HM8,local,0,easy,10,22,2.526159706056478e-09,False,7962624,13824,512,512
HM8,local,0,easy,10,23,2.4308916752366036e-09,False,7962624,13824,512,512
HM8,local,0,easy,10,24,1.933988832539813e-09,False,7962624,13824,512,512
HM8,local,0,easy,10,25,1.7571989546746902e-09,False,7962624,13824,512,512
HM8,local,0,easy,10,26,1.665415309495131e-09,False,7962624,13824,512,512
HM8,local,0,easy,10,27,1.6260641669537205e-09,False,7962624,13824,512,512
HM8,local,0,easy,10,28,1.3883901736253965e-09,False,7962624,13824,512,512
HM8,local,0,easy,10,29,1.3104979273554164e-09,False,7962624,13824,512,512
HM8,local,0,easy,10,30,1.2733392653634357e-09,False,7962624,13824,512,512
HM8,local,0,easy,10,31,1.1777740566976103e-09,False,7962624,13824,512,512
HM8,local,0,easy,10,32,1.089039011419331e-09,False,7962624,13824,512,512
HM8,local,0,easy,11,1,35534933.434325054,False,95551488,1152,512,512
HM8,local,0,easy,11,2,198678.1280535155,False,95551488,1152,512,512
HM8,local,0,easy,11,3,18654.45859329953,False,95551488,1152,512,512
HM8,local,0,easy,11,4,4.275616840042786e-08,False,95551488,1152,512,512
HM8,local,0,easy,11,5,3.332958249942013e-08,False,95551488,1152,512,512
HM8,local,0,easy,11,6,2.5802362862486333e-08,False,95551488,1152,512,512
HM8,local,0,easy,11,7,2.0782383438789004e-08,False,95551488,1152,512,512
HM8,local,0,easy,11,8,1.984172542500568e-08,False,95551488,1152,512,512
HM8,local,0,easy,11,9,1.6340313513901907e-08,False,95551488,1152,512,512
HM8,local,0,easy,11,10,1.5579627251983032e-08,False,95551488,1152,512,512
HM8,local,0,easy,11,11,1.3690402304595129e-08,False,95551488,1152,512,512
HM8,local,0,easy,11,12,1.1492258053456535e-08,False,95551488,1152,512,512
HM8,local,0,easy,11,13,1.1234473075553149e-08,False,95551488,1152,512,512
HM8,local,0,easy,11,14,7.501991321239234e-09,False,95551488,1152,512,512
HM8,local,0,easy,11,15,5.170016631954226e-09,False,95551488,1152,512,512
HM8,local,0,easy,11,16,4.368803285669887e-09,False,95551488,1152,512,512
HM8,local,0,easy,11,17,3.5401600539358167e-09,False,95551488,1152,512,512
HM8,local,0,easy,11,18,3.3236523650151063e-09,False,95551488,1152,512,512
HM8,local,0,easy,11,19,3.126975795207561e-09,False,95551488,1152,512,512
HM8,local,0,easy,11,20,2.9810321395220972e-09,False,95551488,1152,512,512
HM8,local,0,easy,11,21,2.754679492801671e-09,False,95551488,1152,512,512
HM8,local,0,easy,11,22,2.51842369579202e-09,False,95551488,1152,512,512
HM8,local,0,easy,11,23,2.273059703419833e-09,False,95551488,1152,512,512
HM8,local,0,easy,11,24,2.2457576980809633e-09,False,95551488,1152,512,512
HM8,local,0,easy,11,25,2.0113967845132927e-09,False,95551488,1152,512,512
HM8,local,0,easy,11,26,1.9798177258191284e-09,False,95551488,1152,512,512
HM8,local,0,easy,11,27,1.8870608433718007e-09,False,95551488,1152,512,512
HM8,local,0,easy,11,28,1.6581356247513043e-09,False,95551488,1152,512,512
HM8,local,0,easy,11,29,1.5371827979229918e-09,False,95551488,1152,512,512
HM8,local,0,easy,11,30,1.4671637447498564e-09,False,95551488,1152,512,512
HM8,local,0,easy,11,31,1.4603565574152203e-09,False,95551488,1152,512,512
HM8,local,0,easy,11,32,1.3461824575047367e-09,False,95551488,1152,512,512
HM8,local,0,easy,12,1,35737168.7460481,False,191102976,576,512,512
HM8,local,0,easy,12,2,21143.867453410196,False,191102976,576,512,512
HM8,local,0,easy,12,3,6.613130210371399e-08,False,191102976,576,512,512
HM8,local,0,easy,12,4,6.0388586466124e-08,False,191102976,576,512,512
HM8,local,0,easy,12,5,5.8162158191400216e-08,False,191102976,576,512,512
HM8,local,0,easy,12,6,4.6753242445350395e-08,False,191102976,576,512,512
HM8,local,0,easy,12,7,3.654095447821304e-08,False,191102976,576,512,512
HM8,local,0,easy,12,8,3.139791850582944e-08,False,191102976,576,512,512
HM8,local,0,easy,12,9,2.8853508820745578e-08,False,191102976,576,512,512
HM8,local,0,easy,12,10,2.158166437336129e-08,False,191102976,576,512,512
HM8,local,0,easy,12,11,1.6142559913407027e-08,False,191102976,576,512,512
HM8,local,0,easy,12,12,1.595521561264198e-08,False,191102976,576,512,512
HM8,local,0,easy,12,13,1.0198904285985575e-08,False,191102976,576,512,512
HM8,local,0,easy,12,14,8.529967496433588e-09,False,191102976,576,512,512
HM8,local,0,easy,12,15,6.277109141696627e-09,False,191102976,576,512,512
HM8,local,0,easy,12,16,4.537990812570446e-09,False,191102976,576,512,512
HM8,local,0,easy,12,17,4.3322315474565765e-09,False,191102976,576,512,512
HM8,local,0,easy,12,18,3.429218191240604e-09,False,191102976,576,512,512
HM8,local,0,easy,12,19,3.168444225410613e-09,False,191102976,576,512,512
HM8,local,0,easy,12,20,2.6330743759202873e-09,False,191102976,576,512,512
HM8,local,0,easy,12,21,2.432471841207583e-09,False,191102976,576,512,512
HM8,local,0,easy,12,22,2.3124874509347763e-09,False,191102976,576,512,512
HM8,local,0,easy,12,23,2.133309166956223e-09,False,191102976,576,512,512
HM8,local,0,easy,12,24,2.0131754838590035e-09,False,191102976,576,512,512
HM8,local,0,easy,12,25,1.8927385274133426e-09,False,191102976,576,512,512
HM8,local,0,easy,12,26,1.5840842015455116e-09,False,191102976,576,512,512
HM8,local,0,easy,12,27,1.4857982470399675e-09,False,191102976,576,512,512
HM8,local,0,easy,12,28,1.302042721947699e-09,False,191102976,576,512,512
HM8,local,0,easy,12,29,1.262374516714987e-09,False,191102976,576,512,512
HM8,local,0,easy,12,30,1.1735609749787133e-09,False,191102976,576,512,512
HM8,local,0,easy,12,31,1.0820387312249956e-09,False,191102976,576,512,512
HM8,local,0,easy,12,32,1.0023518306888556e-09,False,191102976,576,512,512
HM8,local,0,easy,13,1,10973184.889246283,False,2293235712,48,512,48
HM8,local,0,easy,13,2,58275.90950058107,False,2293235712,48,512,48
HM8,local,0,easy,13,3,4636.395953970712,False,2293235712,48,512,48
HM8,local,0,easy,13,4,3.670271690162244e-09,False,2293235712,48,512,48
HM8,local,0,easy,13,5,1.9194750536736408e-09,False,2293235712,48,512,48
HM8,local,0,easy,13,6,1.4349044417831741e-09,False,2293235712,48,512,48
HM8,local,0,easy,13,7,9.103453395768765e-10,False,2293235712,48,512,48
HM8,local,0,easy,13,8,8.413390616558745e-10,False,2293235712,48,512,48
HM8,local,0,easy,13,9,4.830287400823927e-10,False,2293235712,48,512,48
HM8,local,0,easy,13,10,4.2923925158158394e-10,False,2293235712,48,512,48
HM8,local,0,easy,13,11,3.5909060044592473e-10,False,2293235712,48,512,48
HM8,local,0,easy,13,12,3.3543959146922504e-10,False,2293235712,48,512,48
HM8,local,0,easy,13,13,2.968035596844599e-10,False,2293235712,48,512,48
HM8,local,0,easy,13,14,2.8946912468035664e-10,False,2293235712,48,512,48
HM8,local,0,easy,13,15,2.702732268688146e-10,False,2293235712,48,512,48
HM8,local,0,easy,13,16,2.3722068937426233e-10,False,2293235712,48,512,48
HM8,local,0,easy,13,17,2.2371647465512738e-10,False,2293235712,48,512,48
HM8,local,0,easy,13,18,2.041273895159016e-10,False,2293235712,48,512,48
HM8,local,0,easy,13,19,1.942203378343333e-10,False,2293235712,48,512,48
HM8,local,0,easy,13,20,1.687861422233561e-10,False,2293235712,48,512,48
HM8,local,0,easy,13,21,1.4349388274187905e-10,False,2293235712,48,512,48
HM8,local,0,easy,13,22,1.2196648710509008e-10,False,2293235712,48,512,48
HM8,local,0,easy,13,23,9.603786479020552e-11,False,2293235712,48,512,48
HM8,local,0,easy,13,24,5.956144382122563e-11,False,2293235712,48,512,48
HM8,local,0,easy,13,25,5.1042818444897455e-11,False,2293235712,48,512,48
HM8,local,0,easy,13,26,3.5045730381340074e-11,False,2293235712,48,512,48
HM8,local,0,easy,13,27,6.495333251658345e-25,False,2293235712,48,512,48
HM8,local,0,easy,13,28,3.7660049883074795e-25,False,2293235712,48,512,48
HM8,local,0,easy,13,29,2.1596447668580763e-25,False,2293235712,48,512,48
HM8,local,0,easy,13,30,1.6518892549591007e-25,False,2293235712,48,512,48
HM8,local,0,easy,13,31,1.317480835048799e-25,False,2293235712,48,512,48
HM8,local,0,easy,13,32,1.0322672138006769e-25,False,2293235712,48,512,48
HM8,local,0,easy,14,1,7706396.481820024,False,4586471424,24,512,24
HM8,local,0,easy,14,2,3114.31819290413,False,4586471424,24,512,24
HM8,local,0,easy,14,3,2.973624924483633e-09,False,4586471424,24,512,24
HM8,local,0,easy,14,4,1.893663704302212e-09,False,4586471424,24,512,24
HM8,local,0,easy,14,5,1.5177922818594276e-09,False,4586471424,24,512,24
HM8,local,0,easy,14,6,7.865872794351904e-10,False,4586471424,24,512,24
HM8,local,0,easy,14,7,5.083459661642325e-10,False,4586471424,24,512,24
HM8,local,0,easy,14,8,3.5612291641800994e-10,False,4586471424,24,512,24
HM8,local,0,easy,14,9,3.074814124185636e-10,False,4586471424,24,512,24
HM8,local,0,easy,14,10,2.4882030596072415e-10,False,4586471424,24,512,24
HM8,local,0,easy,14,11,2.221688629910931e-10,False,4586471424,24,512,24
HM8,local,0,easy,14,12,1.7166249169714208e-10,False,4586471424,24,512,24
HM8,local,0,easy,14,13,1.2247668676870586e-10,False,4586471424,24,512,24
HM8,local,0,easy,14,14,7.362696097429442e-11,False,4586471424,24,512,24
HM8,local,0,easy,14,15,3.884753470812661e-11,False,4586471424,24,512,24
HM8,local,0,easy,14,16,7.170635284782747e-25,False,4586471424,24,512,24
HM8,local,0,easy,14,17,1.152299801928111e-25,False,4586471424,24,512,24
HM8,local,0,easy,14,18,1.0232891297604004e-25,False,4586471424,24,512,24
HM8,local,0,easy,14,19,3.98207783018735e-26,False,4586471424,24,512,24
HM8,local,0,easy,14,20,2.0197307699584758e-26,False,4586471424,24,512,24
HM8,local,0,easy,14,21,1.8771144269053702e-26,False,4586471424,24,512,24
HM8,local,0,easy,14,22,4.585608886679469e-27,False,4586471424,24,512,24
HM8,local,0,easy,14,23,1.4486371846614383e-42,False,4586471424,24,512,24
HM8,local,0,easy,14,24,7.267248670903169e-43,False,4586471424,24,512,24
HM8,local,0,easy,15,1,2247147.588630873,False,55037657088,2,512,2
HM8,local,0,easy,15,2,2.0288128947398097e-10,False,55037657088,2,512,2
HM8,local,1,boundary,1,1,49395969.04220928,False,12,9172942848,12,512
HM8,local,1,boundary,1,2,22510.417104644563,False,12,9172942848,12,512
HM8,local,1,boundary,1,3,4.4329873009928136e-09,False,12,9172942848,12,512
HM8,local,1,boundary,1,4,9.305272803647344e-10,False,12,9172942848,12,512
HM8,local,1,boundary,1,5,6.358785371366868e-10,False,12,9172942848,12,512
HM8,local,1,boundary,1,6,6.514300231606644e-13,False,12,9172942848,12,512
HM8,local,1,boundary,1,7,1.8473143401944506e-25,False,12,9172942848,12,512
HM8,local,1,boundary,1,8,8.354573893407958e-26,False,12,9172942848,12,512
HM8,local,1,boundary,1,9,5.362479268686217e-26,False,12,9172942848,12,512
HM8,local,1,boundary,1,10,8.843953264556362e-29,False,12,9172942848,12,512
HM8,local,1,boundary,1,11,7.49192091790324e-42,False,12,9172942848,12,512
HM8,local,1,boundary,1,12,1.8171256062525122e-44,False,12,9172942848,12,512
HM8,local,1,boundary,2,1,69904643.94946465,False,24,4586471424,24,512
HM8,local,1,boundary,2,2,372.6236814379097,False,24,4586471424,24,512
HM8,local,1,boundary,2,3,4.3357744614117404e-08,False,24,4586471424,24,512
HM8,local,1,boundary,2,4,1.7517293754989816e-08,False,24,4586471424,24,512
HM8,local,1,boundary,2,5,9.493439776683693e-09,False,24,4586471424,24,512
HM8,local,1,boundary,2,6,5.207669216297425e-09,False,24,4586471424,24,512
HM8,local,1,boundary,2,7,4.244258598093957e-09,False,24,4586471424,24,512
HM8,local,1,boundary,2,8,3.710312390124854e-09,False,24,4586471424,24,512
HM8,local,1,boundary,2,9,2.76814057959912e-09,False,24,4586471424,24,512
HM8,local,1,boundary,2,10,1.991216391943584e-09,False,24,4586471424,24,512
HM8,local,1,boundary,2,11,1.2976241946069239e-09,False,24,4586471424,24,512
HM8,local,1,boundary,2,12,8.97628411511051e-10,False,24,4586471424,24,512
HM8,local,1,boundary,2,13,3.903896920615244e-10,False,24,4586471424,24,512
HM8,local,1,boundary,2,14,4.398907327223104e-24,False,24,4586471424,24,512
HM8,local,1,boundary,2,15,1.79377029286234e-24,False,24,4586471424,24,512
HM8,local,1,boundary,2,16,1.1416189505797562e-24,False,24,4586471424,24,512
HM8,local,1,boundary,2,17,6.438527248409631e-25,False,24,4586471424,24,512
HM8,local,1,boundary,2,18,4.724139188418842e-25,False,24,4586471424,24,512
HM8,local,1,boundary,2,19,3.6312042528365806e-25,False,24,4586471424,24,512
HM8,local,1,boundary,2,20,1.486868818904955e-25,False,24,4586471424,24,512
HM8,local,1,boundary,2,21,1.9314653074387052e-26,False,24,4586471424,24,512
HM8,local,1,boundary,2,22,2.7624990500966814e-41,False,24,4586471424,24,512
HM8,local,1,boundary,2,23,1.907586098691026e-42,False,24,4586471424,24,512
HM8,local,1,boundary,2,24,7.908159739045518e-44,False,24,4586471424,24,512
HM8,local,1,boundary,3,1,242070044.1462908,False,288,382205952,288,512
HM8,local,1,boundary,3,2,148854.63653944494,False,288,382205952,288,512
HM8,local,1,boundary,3,3,1087.263862806256,False,288,382205952,288,512
HM8,local,1,boundary,3,4,2.6527489393101437e-07,False,288,382205952,288,512
HM8,local,1,boundary,3,5,2.543569308286305e-07,False,288,382205952,288,512
HM8,local,1,boundary,3,6,2.1427115298633881e-07,False,288,382205952,288,512
HM8,local,1,boundary,3,7,1.6714707325822314e-07,False,288,382205952,288,512
HM8,local,1,boundary,3,8,1.443199843545379e-07,False,288,382205952,288,512
HM8,local,1,boundary,3,9,1.3416226319527795e-07,False,288,382205952,288,512
HM8,local,1,boundary,3,10,1.277852030226273e-07,False,288,382205952,288,512
HM8,local,1,boundary,3,11,1.1541636349694725e-07,False,288,382205952,288,512
HM8,local,1,boundary,3,12,7.699627234834756e-08,False,288,382205952,288,512
HM8,local,1,boundary,3,13,6.759520387538041e-08,False,288,382205952,288,512
HM8,local,1,boundary,3,14,6.652977350887855e-08,False,288,382205952,288,512
HM8,local,1,boundary,3,15,4.400083973849136e-08,False,288,382205952,288,512
HM8,local,1,boundary,3,16,3.337273982339303e-08,False,288,382205952,288,512
HM8,local,1,boundary,3,17,3.2123303309554136e-08,False,288,382205952,288,512
HM8,local,1,boundary,3,18,2.6181188436084823e-08,False,288,382205952,288,512
HM8,local,1,boundary,3,19,2.5283055094204996e-08,False,288,382205952,288,512
HM8,local,1,boundary,3,20,2.2203683870620055e-08,False,288,382205952,288,512
HM8,local,1,boundary,3,21,1.883248011007504e-08,False,288,382205952,288,512
HM8,local,1,boundary,3,22,1.670496752872393e-08,False,288,382205952,288,512
HM8,local,1,boundary,3,23,1.6356989667105426e-08,False,288,382205952,288,512
HM8,local,1,boundary,3,24,1.571195567354115e-08,False,288,382205952,288,512
HM8,local,1,boundary,3,25,1.4659561840340465e-08,False,288,382205952,288,512
HM8,local,1,boundary,3,26,1.2949595961699134e-08,False,288,382205952,288,512
HM8,local,1,boundary,3,27,1.1764107133925792e-08,False,288,382205952,288,512
HM8,local,1,boundary,3,28,1.1164375978767853e-08,False,288,382205952,288,512
HM8,local,1,boundary,3,29,1.0771666094512325e-08,False,288,382205952,288,512
HM8,local,1,boundary,3,30,9.746358878582054e-09,False,288,382205952,288,512
HM8,local,1,boundary,3,31,8.216579382461235e-09,False,288,382205952,288,512
HM8,local,1,boundary,3,32,8.067916133511267e-09,False,288,382205952,288,512
HM8,local,1,boundary,4,1,322729506.41390914,False,576,191102976,512,512
HM8,local,1,boundary,4,2,2064.1881825818773,False,576,191102976,512,512
HM8,local,1,boundary,4,3,6.126095664245189e-07,False,576,191102976,512,512
HM8,local,1,boundary,4,4,4.4032866554752946e-07,False,576,191102976,512,512
HM8,local,1,boundary,4,5,3.41114852656398e-07,False,576,191102976,512,512
HM8,local,1,boundary,4,6,2.7354542980462624e-07,False,576,191102976,512,512
HM8,local,1,boundary,4,7,2.6271734360682707e-07,False,576,191102976,512,512
HM8,local,1,boundary,4,8,2.3161449957869914e-07,False,576,191102976,512,512
HM8,local,1,boundary,4,9,2.1288709307662174e-07,False,576,191102976,512,512
HM8,local,1,boundary,4,10,1.8449986614372848e-07,False,576,191102976,512,512
HM8,local,1,boundary,4,11,1.3722127437347713e-07,False,576,191102976,512,512
HM8,local,1,boundary,4,12,1.1232443520774977e-07,False,576,191102976,512,512
HM8,local,1,boundary,4,13,9.145238035384795e-08,False,576,191102976,512,512
HM8,local,1,boundary,4,14,8.254987645871758e-08,False,576,191102976,512,512
HM8,local,1,boundary,4,15,6.216965443182872e-08,False,576,191102976,512,512
HM8,local,1,boundary,4,16,5.271389794429411e-08,False,576,191102976,512,512
HM8,local,1,boundary,4,17,4.4218894138431415e-08,False,576,191102976,512,512
HM8,local,1,boundary,4,18,3.811647788409214e-08,False,576,191102976,512,512
HM8,local,1,boundary,4,19,3.2766625364457685e-08,False,576,191102976,512,512
HM8,local,1,boundary,4,20,2.953160289522321e-08,False,576,191102976,512,512
HM8,local,1,boundary,4,21,2.286339637890741e-08,False,576,191102976,512,512
HM8,local,1,boundary,4,22,2.1212719068431278e-08,False,576,191102976,512,512
HM8,local,1,boundary,4,23,1.8746242695609657e-08,False,576,191102976,512,512
HM8,local,1,boundary,4,24,1.5996198894822913e-08,False,576,191102976,512,512
HM8,local,1,boundary,4,25,1.4844190596076333e-08,False,576,191102976,512,512
HM8,local,1,boundary,4,26,1.4134833083172468e-08,False,576,191102976,512,512
HM8,local,1,boundary,4,27,1.2534402172621442e-08,False,576,191102976,512,512
HM8,local,1,boundary,4,28,1.0289221236446171e-08,False,576,191102976,512,512
HM8,local,1,boundary,4,29,9.559888421716588e-09,False,576,191102976,512,512
HM8,local,1,boundary,4,30,8.688118396114802e-09,False,576,191102976,512,512
HM8,local,1,boundary,4,31,7.4090345737017824e-09,False,576,191102976,512,512
HM8,local,1,boundary,4,32,7.3002938681583575e-09,False,576,191102976,512,512
HM8,local,1,boundary,5,1,322805464.05958503,False,6912,15925248,512,512
HM8,local,1,boundary,5,2,199199.24973960646,False,6912,15925248,512,512
HM8,local,1,boundary,5,3,1910.2830377447624,False,6912,15925248,512,512
HM8,local,1,boundary,5,4,3.3487053322211084e-07,False,6912,15925248,512,512
HM8,local,1,boundary,5,5,2.780351926192423e-07,False,6912,15925248,512,512
HM8,local,1,boundary,5,6,1.9378358145371542e-07,False,6912,15925248,512,512
HM8,local,1,boundary,5,7,1.9202351739293154e-07,False,6912,15925248,512,512
HM8,local,1,boundary,5,8,1.839166231566202e-07,False,6912,15925248,512,512
HM8,local,1,boundary,5,9,1.5626431954118994e-07,False,6912,15925248,512,512
HM8,local,1,boundary,5,10,1.5277237027991162e-07,False,6912,15925248,512,512
HM8,local,1,boundary,5,11,1.3611584253496519e-07,False,6912,15925248,512,512
HM8,local,1,boundary,5,12,9.335974996136848e-08,False,6912,15925248,512,512
HM8,local,1,boundary,5,13,7.686686830157072e-08,False,6912,15925248,512,512
HM8,local,1,boundary,5,14,6.322225741669716e-08,False,6912,15925248,512,512
HM8,local,1,boundary,5,15,4.4611239292045765e-08,False,6912,15925248,512,512
HM8,local,1,boundary,5,16,3.7243734470374204e-08,False,6912,15925248,512,512
HM8,local,1,boundary,5,17,2.8994576081404197e-08,False,6912,15925248,512,512
HM8,local,1,boundary,5,18,2.4656008333366266e-08,False,6912,15925248,512,512
HM8,local,1,boundary,5,19,2.3637699729843993e-08,False,6912,15925248,512,512
HM8,local,1,boundary,5,20,2.27343180969634e-08,False,6912,15925248,512,512
HM8,local,1,boundary,5,21,1.94321817059181e-08,False,6912,15925248,512,512
HM8,local,1,boundary,5,22,1.910178310344204e-08,False,6912,15925248,512,512
HM8,local,1,boundary,5,23,1.8042768551200662e-08,False,6912,15925248,512,512
HM8,local,1,boundary,5,24,1.7249806641923277e-08,False,6912,15925248,512,512
HM8,local,1,boundary,5,25,1.7068155494592802e-08,False,6912,15925248,512,512
HM8,local,1,boundary,5,26,1.6168704210863815e-08,False,6912,15925248,512,512
HM8,local,1,boundary,5,27,1.475751895808889e-08,False,6912,15925248,512,512
HM8,local,1,boundary,5,28,1.2925034210858111e-08,False,6912,15925248,512,512
HM8,local,1,boundary,5,29,1.2823127642101517e-08,False,6912,15925248,512,512
HM8,local,1,boundary,5,30,1.1975072742501484e-08,False,6912,15925248,512,512
HM8,local,1,boundary,5,31,1.1770934642587358e-08,False,6912,15925248,512,512
HM8,local,1,boundary,5,32,1.1421567602144644e-08,False,6912,15925248,512,512
HM8,local,1,boundary,6,1,322804909.4925546,False,13824,7962624,512,512
HM8,local,1,boundary,6,2,2416.14600512943,False,13824,7962624,512,512
HM8,local,1,boundary,6,3,6.523206019701126e-07,False,13824,7962624,512,512
HM8,local,1,boundary,6,4,3.671826926113728e-07,False,13824,7962624,512,512
HM8,local,1,boundary,6,5,2.568098554760279e-07,False,13824,7962624,512,512
HM8,local,1,boundary,6,6,2.429865399936422e-07,False,13824,7962624,512,512
HM8,local,1,boundary,6,7,2.223411838844137e-07,False,13824,7962624,512,512
HM8,local,1,boundary,6,8,1.7799506754944063e-07,False,13824,7962624,512,512
HM8,local,1,boundary,6,9,1.672025569520357e-07,False,13824,7962624,512,512
HM8,local,1,boundary,6,10,1.5667203078089618e-07,False,13824,7962624,512,512
HM8,local,1,boundary,6,11,1.1305145559612512e-07,False,13824,7962624,512,512
HM8,local,1,boundary,6,12,8.808976194104677e-08,False,13824,7962624,512,512
HM8,local,1,boundary,6,13,7.413329354042042e-08,False,13824,7962624,512,512
HM8,local,1,boundary,6,14,6.21839077108815e-08,False,13824,7962624,512,512
HM8,local,1,boundary,6,15,4.5551104736787303e-08,False,13824,7962624,512,512
HM8,local,1,boundary,6,16,4.444668990204607e-08,False,13824,7962624,512,512
HM8,local,1,boundary,6,17,3.575845698015337e-08,False,13824,7962624,512,512
HM8,local,1,boundary,6,18,3.4666329984506285e-08,False,13824,7962624,512,512
HM8,local,1,boundary,6,19,2.8156174251906014e-08,False,13824,7962624,512,512
HM8,local,1,boundary,6,20,2.4983172817229595e-08,False,13824,7962624,512,512
HM8,local,1,boundary,6,21,2.448275267685331e-08,False,13824,7962624,512,512
HM8,local,1,boundary,6,22,2.2815297709764758e-08,False,13824,7962624,512,512
HM8,local,1,boundary,6,23,2.175239405463891e-08,False,13824,7962624,512,512
HM8,local,1,boundary,6,24,1.920923945098711e-08,False,13824,7962624,512,512
HM8,local,1,boundary,6,25,1.80437464719717e-08,False,13824,7962624,512,512
HM8,local,1,boundary,6,26,1.6259712777305065e-08,False,13824,7962624,512,512
HM8,local,1,boundary,6,27,1.5575779937159015e-08,False,13824,7962624,512,512
HM8,local,1,boundary,6,28,1.3465211046780208e-08,False,13824,7962624,512,512
HM8,local,1,boundary,6,29,1.2836080615630649e-08,False,13824,7962624,512,512
HM8,local,1,boundary,6,30,1.1201550770246893e-08,False,13824,7962624,512,512
HM8,local,1,boundary,6,31,1.0712365659808987e-08,False,13824,7962624,512,512
HM8,local,1,boundary,6,32,9.62004275756632e-09,False,13824,7962624,512,512
HM8,local,1,boundary,7,1,322892437.9318914,False,165888,663552,512,512
HM8,local,1,boundary,7,2,204954.5846057973,False,165888,663552,512,512
HM8,local,1,boundary,7,3,2134.3804671803887,False,165888,663552,512,512
HM8,local,1,boundary,7,4,2.611227392196637e-07,False,165888,663552,512,512
HM8,local,1,boundary,7,5,2.065239340173973e-07,False,165888,663552,512,512
HM8,local,1,boundary,7,6,1.6228384559157161e-07,False,165888,663552,512,512
HM8,local,1,boundary,7,7,1.2231679795057177e-07,False,165888,663552,512,512
HM8,local,1,boundary,7,8,1.1416348359457296e-07,False,165888,663552,512,512
HM8,local,1,boundary,7,9,8.111259898934202e-08,False,165888,663552,512,512
HM8,local,1,boundary,7,10,7.736174254861818e-08,False,165888,663552,512,512
HM8,local,1,boundary,7,11,7.386898775422225e-08,False,165888,663552,512,512
HM8,local,1,boundary,7,12,5.343874988722273e-08,False,165888,663552,512,512
HM8,local,1,boundary,7,13,4.785556703554282e-08,False,165888,663552,512,512
HM8,local,1,boundary,7,14,3.947551747539832e-08,False,165888,663552,512,512
HM8,local,1,boundary,7,15,3.18657565194142e-08,False,165888,663552,512,512
HM8,local,1,boundary,7,16,2.595431980667538e-08,False,165888,663552,512,512
HM8,local,1,boundary,7,17,2.441101552542831e-08,False,165888,663552,512,512
HM8,local,1,boundary,7,18,2.3473944778884446e-08,False,165888,663552,512,512
HM8,local,1,boundary,7,19,2.1218615790937587e-08,False,165888,663552,512,512
HM8,local,1,boundary,7,20,2.037434100743373e-08,False,165888,663552,512,512
HM8,local,1,boundary,7,21,1.883038191324174e-08,False,165888,663552,512,512
HM8,local,1,boundary,7,22,1.7650895370319105e-08,False,165888,663552,512,512
HM8,local,1,boundary,7,23,1.6895423598055063e-08,False,165888,663552,512,512
HM8,local,1,boundary,7,24,1.5465912172263254e-08,False,165888,663552,512,512
HM8,local,1,boundary,7,25,1.5379683644734647e-08,False,165888,663552,512,512
HM8,local,1,boundary,7,26,1.448657179984791e-08,False,165888,663552,512,512
HM8,local,1,boundary,7,27,1.3967229377121709e-08,False,165888,663552,512,512
HM8,local,1,boundary,7,28,1.3640702238803968e-08,False,165888,663552,512,512
HM8,local,1,boundary,7,29,1.2505541253205406e-08,False,165888,663552,512,512
HM8,local,1,boundary,7,30,1.2277672777861443e-08,False,165888,663552,512,512
HM8,local,1,boundary,7,31,1.1236218668486454e-08,False,165888,663552,512,512
HM8,local,1,boundary,7,32,1.1068960888552716e-08,False,165888,663552,512,512
HM8,local,1,boundary,8,1,322766442.81636786,False,331776,331776,512,512
HM8,local,1,boundary,8,2,2462.3865376815875,False,331776,331776,512,512
HM8,local,1,boundary,8,3,3.8789527818076223e-07,False,331776,331776,512,512
HM8,local,1,boundary,8,4,3.078937695227254e-07,False,331776,331776,512,512
HM8,local,1,boundary,8,5,2.7121732013739995e-07,False,331776,331776,512,512
HM8,local,1,boundary,8,6,2.4424484875665213e-07,False,331776,331776,512,512
HM8,local,1,boundary,8,7,2.1899984904596117e-07,False,331776,331776,512,512
HM8,local,1,boundary,8,8,2.034028399547119e-07,False,331776,331776,512,512
HM8,local,1,boundary,8,9,1.374004535168949e-07,False,331776,331776,512,512
HM8,local,1,boundary,8,10,1.118534289452633e-07,False,331776,331776,512,512
HM8,local,1,boundary,8,11,1.0546882310953298e-07,False,331776,331776,512,512
HM8,local,1,boundary,8,12,1.0469697435955758e-07,False,331776,331776,512,512
HM8,local,1,boundary,8,13,7.369196331552329e-08,False,331776,331776,512,512
HM8,local,1,boundary,8,14,6.493218933277439e-08,False,331776,331776,512,512
HM8,local,1,boundary,8,15,4.536528766674714e-08,False,331776,331776,512,512
HM8,local,1,boundary,8,16,3.8296401421532127e-08,False,331776,331776,512,512
HM8,local,1,boundary,8,17,3.004487921286573e-08,False,331776,331776,512,512
HM8,local,1,boundary,8,18,2.826935560641456e-08,False,331776,331776,512,512
HM8,local,1,boundary,8,19,2.6335532984024444e-08,False,331776,331776,512,512
HM8,local,1,boundary,8,20,2.443514924181776e-08,False,331776,331776,512,512
HM8,local,1,boundary,8,21,2.041061590583821e-08,False,331776,331776,512,512
HM8,local,1,boundary,8,22,1.9734608230514433e-08,False,331776,331776,512,512
HM8,local,1,boundary,8,23,1.8887787551981307e-08,False,331776,331776,512,512
HM8,local,1,boundary,8,24,1.810235695011329e-08,False,331776,331776,512,512
HM8,local,1,boundary,8,25,1.529585265326756e-08,False,331776,331776,512,512
HM8,local,1,boundary,8,26,1.4800150532283213e-08,False,331776,331776,512,512
HM8,local,1,boundary,8,27,1.3619424384767255e-08,False,331776,331776,512,512
HM8,local,1,boundary,8,28,1.1978011406211298e-08,False,331776,331776,512,512
HM8,local,1,boundary,8,29,1.1447562312705888e-08,False,331776,331776,512,512
HM8,local,1,boundary,8,30,1.0572238876377325e-08,False,331776,331776,512,512
HM8,local,1,boundary,8,31,9.651865299505263e-09,False,331776,331776,512,512
HM8,local,1,boundary,8,32,9.149198450040556e-09,False,331776,331776,512,512
HM8,local,1,boundary,9,1,322762418.7985739,False,3981312,27648,512,512
HM8,local,1,boundary,9,2,202454.08278859002,False,3981312,27648,512,512
HM8,local,1,boundary,9,3,2162.752388846465,False,3981312,27648,512,512
HM8,local,1,boundary,9,4,2.815164609480071e-07,False,3981312,27648,512,512
HM8,local,1,boundary,9,5,1.7984463389014592e-07,False,3981312,27648,512,512
HM8,local,1,boundary,9,6,1.729167166458861e-07,False,3981312,27648,512,512
HM8,local,1,boundary,9,7,1.6760125649175106e-07,False,3981312,27648,512,512
HM8,local,1,boundary,9,8,1.3054316605135754e-07,False,3981312,27648,512,512
HM8,local,1,boundary,9,9,1.1405300531646494e-07,False,3981312,27648,512,512
HM8,local,1,boundary,9,10,9.716560822946667e-08,False,3981312,27648,512,512
HM8,local,1,boundary,9,11,7.857554830302877e-08,False,3981312,27648,512,512
HM8,local,1,boundary,9,12,7.036478034518336e-08,False,3981312,27648,512,512
HM8,local,1,boundary,9,13,5.185315161938871e-08,False,3981312,27648,512,512
HM8,local,1,boundary,9,14,4.1718403091835805e-08,False,3981312,27648,512,512
HM8,local,1,boundary,9,15,3.51405384940332e-08,False,3981312,27648,512,512
HM8,local,1,boundary,9,16,2.7104580436679295e-08,False,3981312,27648,512,512
HM8,local,1,boundary,9,17,2.506434553756847e-08,False,3981312,27648,512,512
HM8,local,1,boundary,9,18,2.3998505007585137e-08,False,3981312,27648,512,512
HM8,local,1,boundary,9,19,2.291404370045756e-08,False,3981312,27648,512,512
HM8,local,1,boundary,9,20,2.014560430944637e-08,False,3981312,27648,512,512
HM8,local,1,boundary,9,21,1.9366723714935385e-08,False,3981312,27648,512,512
HM8,local,1,boundary,9,22,1.894097063018332e-08,False,3981312,27648,512,512
HM8,local,1,boundary,9,23,1.7607971103195227e-08,False,3981312,27648,512,512
HM8,local,1,boundary,9,24,1.706740372276208e-08,False,3981312,27648,512,512
HM8,local,1,boundary,9,25,1.587801439908985e-08,False,3981312,27648,512,512
HM8,local,1,boundary,9,26,1.5035995829743074e-08,False,3981312,27648,512,512
HM8,local,1,boundary,9,27,1.4755974007982065e-08,False,3981312,27648,512,512
HM8,local,1,boundary,9,28,1.3068061394136897e-08,False,3981312,27648,512,512
HM8,local,1,boundary,9,29,1.2829999374541754e-08,False,3981312,27648,512,512
HM8,local,1,boundary,9,30,1.1971253955721872e-08,False,3981312,27648,512,512
HM8,local,1,boundary,9,31,1.1885097835094676e-08,False,3981312,27648,512,512
HM8,local,1,boundary,9,32,1.1523723664370672e-08,False,3981312,27648,512,512
HM8,local,1,boundary,10,1,322776422.39899445,False,7962624,13824,512,512
HM8,local,1,boundary,10,2,2518.3748225789755,False,7962624,13824,512,512
HM8,local,1,boundary,10,3,4.0370652288401286e-07,False,7962624,13824,512,512
HM8,local,1,boundary,10,4,3.1387377669397116e-07,False,7962624,13824,512,512
HM8,local,1,boundary,10,5,2.4233450167178776e-07,False,7962624,13824,512,512
HM8,local,1,boundary,10,6,2.1206215109631974e-07,False,7962624,13824,512,512
HM8,local,1,boundary,10,7,1.9631204853159037e-07,False,7962624,13824,512,512
HM8,local,1,boundary,10,8,1.5270568347488135e-07,False,7962624,13824,512,512
HM8,local,1,boundary,10,9,1.261744040366901e-07,False,7962624,13824,512,512
HM8,local,1,boundary,10,10,1.1675174197706316e-07,False,7962624,13824,512,512
HM8,local,1,boundary,10,11,1.102057412119165e-07,False,7962624,13824,512,512
HM8,local,1,boundary,10,12,8.727497555807869e-08,False,7962624,13824,512,512
HM8,local,1,boundary,10,13,7.514709150577711e-08,False,7962624,13824,512,512
HM8,local,1,boundary,10,14,5.660861982209175e-08,False,7962624,13824,512,512
HM8,local,1,boundary,10,15,3.9664258075914196e-08,False,7962624,13824,512,512
HM8,local,1,boundary,10,16,3.793651782536986e-08,False,7962624,13824,512,512
HM8,local,1,boundary,10,17,3.311249160726239e-08,False,7962624,13824,512,512
HM8,local,1,boundary,10,18,3.222505573582756e-08,False,7962624,13824,512,512
HM8,local,1,boundary,10,19,2.408830405118042e-08,False,7962624,13824,512,512
HM8,local,1,boundary,10,20,2.1628218186654182e-08,False,7962624,13824,512,512
HM8,local,1,boundary,10,21,2.068359495587138e-08,False,7962624,13824,512,512
HM8,local,1,boundary,10,22,1.9006246193233422e-08,False,7962624,13824,512,512
HM8,local,1,boundary,10,23,1.8373276771182285e-08,False,7962624,13824,512,512
HM8,local,1,boundary,10,24,1.6530631280320196e-08,False,7962624,13824,512,512
HM8,local,1,boundary,10,25,1.5562405656098748e-08,False,7962624,13824,512,512
HM8,local,1,boundary,10,26,1.4656999702494482e-08,False,7962624,13824,512,512
HM8,local,1,boundary,10,27,1.3580024226763127e-08,False,7962624,13824,512,512
HM8,local,1,boundary,10,28,1.2841166936176346e-08,False,7962624,13824,512,512
HM8,local,1,boundary,10,29,1.1902690366821617e-08,False,7962624,13824,512,512
HM8,local,1,boundary,10,30,1.0963073670511508e-08,False,7962624,13824,512,512
HM8,local,1,boundary,10,31,9.817821417527643e-09,False,7962624,13824,512,512
HM8,local,1,boundary,10,32,9.411439402914821e-09,False,7962624,13824,512,512
HM8,local,1,boundary,11,1,322792628.0867599,False,95551488,1152,512,512
HM8,local,1,boundary,11,2,195925.0289949404,False,95551488,1152,512,512
HM8,local,1,boundary,11,3,2064.4649155053958,False,95551488,1152,512,512
HM8,local,1,boundary,11,4,3.4541838543124453e-07,False,95551488,1152,512,512
HM8,local,1,boundary,11,5,2.4201798135327486e-07,False,95551488,1152,512,512
HM8,local,1,boundary,11,6,1.879820405616119e-07,False,95551488,1152,512,512
HM8,local,1,boundary,11,7,1.8622397929645935e-07,False,95551488,1152,512,512
HM8,local,1,boundary,11,8,1.3207492836497178e-07,False,95551488,1152,512,512
HM8,local,1,boundary,11,9,1.1747499001792695e-07,False,95551488,1152,512,512
HM8,local,1,boundary,11,10,1.1193341394738522e-07,False,95551488,1152,512,512
HM8,local,1,boundary,11,11,9.974539006232496e-08,False,95551488,1152,512,512
HM8,local,1,boundary,11,12,7.965090335287334e-08,False,95551488,1152,512,512
HM8,local,1,boundary,11,13,6.044190106378929e-08,False,95551488,1152,512,512
HM8,local,1,boundary,11,14,5.1066233227771415e-08,False,95551488,1152,512,512
HM8,local,1,boundary,11,15,3.7901496025385216e-08,False,95551488,1152,512,512
HM8,local,1,boundary,11,16,3.2096229203741125e-08,False,95551488,1152,512,512
HM8,local,1,boundary,11,17,2.9425787174823322e-08,False,95551488,1152,512,512
HM8,local,1,boundary,11,18,2.7687156817656123e-08,False,95551488,1152,512,512
HM8,local,1,boundary,11,19,2.268009355603668e-08,False,95551488,1152,512,512
HM8,local,1,boundary,11,20,2.1065958622651565e-08,False,95551488,1152,512,512
HM8,local,1,boundary,11,21,1.9874669164973515e-08,False,95551488,1152,512,512
HM8,local,1,boundary,11,22,1.7886835675469332e-08,False,95551488,1152,512,512
HM8,local,1,boundary,11,23,1.711899042270812e-08,False,95551488,1152,512,512
HM8,local,1,boundary,11,24,1.542362949720212e-08,False,95551488,1152,512,512
HM8,local,1,boundary,11,25,1.530947319404204e-08,False,95551488,1152,512,512
HM8,local,1,boundary,11,26,1.439468212180067e-08,False,95551488,1152,512,512
HM8,local,1,boundary,11,27,1.383726986171068e-08,False,95551488,1152,512,512
HM8,local,1,boundary,11,28,1.2201274261487562e-08,False,95551488,1152,512,512
HM8,local,1,boundary,11,29,1.1887282279889883e-08,False,95551488,1152,512,512
HM8,local,1,boundary,11,30,1.1243323602000939e-08,False,95551488,1152,512,512
HM8,local,1,boundary,11,31,1.0931120050916776e-08,False,95551488,1152,512,512
HM8,local,1,boundary,11,32,1.0649334278841649e-08,False,95551488,1152,512,512
HM8,local,1,boundary,12,1,322848582.3424016,False,191102976,576,512,512
HM8,local,1,boundary,12,2,2307.387921367171,False,191102976,576,512,512
HM8,local,1,boundary,12,3,5.088202041199657e-07,False,191102976,576,512,512
HM8,local,1,boundary,12,4,4.705180966445558e-07,False,191102976,576,512,512
HM8,local,1,boundary,12,5,4.326849289812343e-07,False,191102976,576,512,512
HM8,local,1,boundary,12,6,3.889545976951442e-07,False,191102976,576,512,512
HM8,local,1,boundary,12,7,2.3549239394553147e-07,False,191102976,576,512,512
HM8,local,1,boundary,12,8,2.0718934888491762e-07,False,191102976,576,512,512
HM8,local,1,boundary,12,9,1.3432329122709133e-07,False,191102976,576,512,512
HM8,local,1,boundary,12,10,1.1201838502740153e-07,False,191102976,576,512,512
HM8,local,1,boundary,12,11,1.0983686246860325e-07,False,191102976,576,512,512
HM8,local,1,boundary,12,12,7.975938768017102e-08,False,191102976,576,512,512
HM8,local,1,boundary,12,13,6.7972277790501e-08,False,191102976,576,512,512
HM8,local,1,boundary,12,14,5.2011262969907265e-08,False,191102976,576,512,512
HM8,local,1,boundary,12,15,4.431336777055024e-08,False,191102976,576,512,512
HM8,local,1,boundary,12,16,4.3830469249161554e-08,False,191102976,576,512,512
HM8,local,1,boundary,12,17,3.3202540091127585e-08,False,191102976,576,512,512
HM8,local,1,boundary,12,18,3.0944882705978e-08,False,191102976,576,512,512
HM8,local,1,boundary,12,19,2.8734023542227425e-08,False,191102976,576,512,512
HM8,local,1,boundary,12,20,2.5981182435422393e-08,False,191102976,576,512,512
HM8,local,1,boundary,12,21,2.080477324983015e-08,False,191102976,576,512,512
HM8,local,1,boundary,12,22,2.0754088404885292e-08,False,191102976,576,512,512
HM8,local,1,boundary,12,23,1.7868080339857786e-08,False,191102976,576,512,512
HM8,local,1,boundary,12,24,1.6398422194905892e-08,False,191102976,576,512,512
HM8,local,1,boundary,12,25,1.5541520006017772e-08,False,191102976,576,512,512
HM8,local,1,boundary,12,26,1.3250628314314641e-08,False,191102976,576,512,512
HM8,local,1,boundary,12,27,1.3035706741775864e-08,False,191102976,576,512,512
HM8,local,1,boundary,12,28,1.1183346365329275e-08,False,191102976,576,512,512
HM8,local,1,boundary,12,29,1.0799574010055989e-08,False,191102976,576,512,512
HM8,local,1,boundary,12,30,9.610467957833611e-09,False,191102976,576,512,512
HM8,local,1,boundary,12,31,8.393287174061016e-09,False,191102976,576,512,512
HM8,local,1,boundary,12,32,7.879051902863506e-09,False,191102976,576,512,512
HM8,local,1,boundary,13,1,98869237.4464382,False,2293235712,48,512,48
HM8,local,1,boundary,13,2,59107.568196908345,False,2293235712,48,512,48
HM8,local,1,boundary,13,3,473.3830723723684,False,2293235712,48,512,48
HM8,local,1,boundary,13,4,3.2601936158895595e-08,False,2293235712,48,512,48
HM8,local,1,boundary,13,5,1.3593694648285526e-08,False,2293235712,48,512,48
HM8,local,1,boundary,13,6,1.23115331429512e-08,False,2293235712,48,512,48
HM8,local,1,boundary,13,7,6.0781303401125746e-09,False,2293235712,48,512,48
HM8,local,1,boundary,13,8,5.594918105660996e-09,False,2293235712,48,512,48
HM8,local,1,boundary,13,9,4.4399163870841225e-09,False,2293235712,48,512,48
HM8,local,1,boundary,13,10,3.379285851712637e-09,False,2293235712,48,512,48
HM8,local,1,boundary,13,11,3.1384435153627714e-09,False,2293235712,48,512,48
HM8,local,1,boundary,13,12,2.791344147346334e-09,False,2293235712,48,512,48
HM8,local,1,boundary,13,13,2.6432640950059677e-09,False,2293235712,48,512,48
HM8,local,1,boundary,13,14,2.510368372832462e-09,False,2293235712,48,512,48
HM8,local,1,boundary,13,15,2.304530579095291e-09,False,2293235712,48,512,48
HM8,local,1,boundary,13,16,2.122416867268217e-09,False,2293235712,48,512,48
HM8,local,1,boundary,13,17,1.889125869509052e-09,False,2293235712,48,512,48
HM8,local,1,boundary,13,18,1.855370462217742e-09,False,2293235712,48,512,48
HM8,local,1,boundary,13,19,1.7800159108699734e-09,False,2293235712,48,512,48
HM8,local,1,boundary,13,20,1.6953820926819842e-09,False,2293235712,48,512,48
HM8,local,1,boundary,13,21,1.3793957389692112e-09,False,2293235712,48,512,48
HM8,local,1,boundary,13,22,1.3378573611103115e-09,False,2293235712,48,512,48
HM8,local,1,boundary,13,23,8.055395610828157e-10,False,2293235712,48,512,48
HM8,local,1,boundary,13,24,3.8967836481260993e-10,False,2293235712,48,512,48
HM8,local,1,boundary,13,25,4.904706427480067e-13,False,2293235712,48,512,48
HM8,local,1,boundary,13,26,1.3236250463670097e-14,False,2293235712,48,512,48
HM8,local,1,boundary,13,27,8.132756540434307e-24,False,2293235712,48,512,48
HM8,local,1,boundary,13,28,1.8971634327082636e-24,False,2293235712,48,512,48
HM8,local,1,boundary,13,29,1.5781236840090233e-24,False,2293235712,48,512,48
HM8,local,1,boundary,13,30,1.0228877272421545e-24,False,2293235712,48,512,48
HM8,local,1,boundary,13,31,9.163775273847397e-25,False,2293235712,48,512,48
HM8,local,1,boundary,13,32,7.71859072811663e-25,False,2293235712,48,512,48
HM8,local,1,boundary,14,1,69909184.97561404,False,4586471424,24,512,24
HM8,local,1,boundary,14,2,354.9230083176097,False,4586471424,24,512,24
HM8,local,1,boundary,14,3,3.859492715491515e-08,False,4586471424,24,512,24
HM8,local,1,boundary,14,4,2.1301098123954965e-08,False,4586471424,24,512,24
HM8,local,1,boundary,14,5,1.0913759972141234e-08,False,4586471424,24,512,24
HM8,local,1,boundary,14,6,7.82164854349001e-09,False,4586471424,24,512,24
HM8,local,1,boundary,14,7,4.900688758783971e-09,False,4586471424,24,512,24
HM8,local,1,boundary,14,8,4.3113622156020675e-09,False,4586471424,24,512,24
HM8,local,1,boundary,14,9,2.8767273815186566e-09,False,4586471424,24,512,24
HM8,local,1,boundary,14,10,1.9078033102209164e-09,False,4586471424,24,512,24
HM8,local,1,boundary,14,11,1.1376763442162516e-09,False,4586471424,24,512,24
HM8,local,1,boundary,14,12,3.902655989914307e-10,False,4586471424,24,512,24
HM8,local,1,boundary,14,13,8.996708469375813e-17,False,4586471424,24,512,24
HM8,local,1,boundary,14,14,7.887850332427337e-24,False,4586471424,24,512,24
HM8,local,1,boundary,14,15,2.2684167933910866e-24,False,4586471424,24,512,24
HM8,local,1,boundary,14,16,1.4664719722217776e-24,False,4586471424,24,512,24
HM8,local,1,boundary,14,17,1.0457183213560686e-24,False,4586471424,24,512,24
HM8,local,1,boundary,14,18,9.078988827382716e-25,False,4586471424,24,512,24
HM8,local,1,boundary,14,19,5.627177954708333e-25,False,4586471424,24,512,24
HM8,local,1,boundary,14,20,3.870199654835684e-25,False,4586471424,24,512,24
HM8,local,1,boundary,14,21,1.3973387730381475e-25,False,4586471424,24,512,24
HM8,local,1,boundary,14,22,3.5445170459543694e-26,False,4586471424,24,512,24
HM8,local,1,boundary,14,23,7.88160524651035e-41,False,4586471424,24,512,24
HM8,local,1,boundary,14,24,3.750930554925614e-41,False,4586471424,24,512,24
HM8,local,1,boundary,15,1,20153135.44845541,False,55037657088,2,512,2
HM8,local,1,boundary,15,2,8.329203072636025e-10,False,55037657088,2,512,2
HM8,local,2,hard,1,1,441339597.7753628,False,12,9172942848,12,512
HM8,local,2,hard,1,2,25626.38823622536,False,12,9172942848,12,512
HM8,local,2,hard,1,3,3.595396152919029e-08,False,12,9172942848,12,512
HM8,local,2,hard,1,4,9.71050268296981e-09,False,12,9172942848,12,512
HM8,local,2,hard,1,5,6.265035178181148e-09,False,12,9172942848,12,512
HM8,local,2,hard,1,6,3.3877140406163144e-09,False,12,9172942848,12,512
HM8,local,2,hard,1,7,4.6970408035778865e-12,False,12,9172942848,12,512
HM8,local,2,hard,1,8,1.2085508329584339e-23,False,12,9172942848,12,512
HM8,local,2,hard,1,9,1.2007854157633442e-24,False,12,9172942848,12,512
HM8,local,2,hard,1,10,4.3072462492825285e-26,False,12,9172942848,12,512
HM8,local,2,hard,1,11,7.10054002766901e-29,False,12,9172942848,12,512
HM8,local,2,hard,1,12,1.262689325439796e-34,False,12,9172942848,12,512
HM8,local,2,hard,2,1,624152370.6018411,False,24,4586471424,24,512
HM8,local,2,hard,2,2,42.31855803629442,False,24,4586471424,24,512
HM8,local,2,hard,2,3,1.4470333692820956e-07,False,24,4586471424,24,512
HM8,local,2,hard,2,4,1.2156609492078558e-07,False,24,4586471424,24,512
HM8,local,2,hard,2,5,6.203279061759244e-08,False,24,4586471424,24,512
HM8,local,2,hard,2,6,3.9092410014174066e-08,False,24,4586471424,24,512
HM8,local,2,hard,2,7,2.5646103399959945e-08,False,24,4586471424,24,512
HM8,local,2,hard,2,8,2.0251766806855312e-08,False,24,4586471424,24,512
HM8,local,2,hard,2,9,1.7703442304993924e-08,False,24,4586471424,24,512
HM8,local,2,hard,2,10,1.2520242743011036e-08,False,24,4586471424,24,512
HM8,local,2,hard,2,11,4.769848670328577e-09,False,24,4586471424,24,512
HM8,local,2,hard,2,12,3.8898913951536014e-09,False,24,4586471424,24,512
HM8,local,2,hard,2,13,5.1672942555518195e-23,False,24,4586471424,24,512
HM8,local,2,hard,2,14,2.5541937623019417e-23,False,24,4586471424,24,512
HM8,local,2,hard,2,15,1.451841862973658e-23,False,24,4586471424,24,512
HM8,local,2,hard,2,16,1.0114608581589103e-23,False,24,4586471424,24,512
HM8,local,2,hard,2,17,4.795541303275131e-24,False,24,4586471424,24,512
HM8,local,2,hard,2,18,2.5184962782456597e-24,False,24,4586471424,24,512
HM8,local,2,hard,2,19,3.7369242083961804e-25,False,24,4586471424,24,512
HM8,local,2,hard,2,20,2.975932657982834e-39,False,24,4586471424,24,512
HM8,local,2,hard,2,21,5.618614086725999e-40,False,24,4586471424,24,512
HM8,local,2,hard,2,22,3.0988687198440746e-41,False,24,4586471424,24,512
HM8,local,2,hard,2,23,1.2250186575088574e-42,False,24,4586471424,24,512
HM8,local,2,hard,2,24,2.9145232174651204e-59,False,24,4586471424,24,512
HM8,local,2,hard,3,1,2162100385.1332493,False,288,382205952,288,512
HM8,local,2,hard,3,2,149287.5995435161,False,288,382205952,288,512
HM8,local,2,hard,3,3,125.45419833217149,False,288,382205952,288,512
HM8,local,2,hard,3,4,5.431744640530963e-06,False,288,382205952,288,512
HM8,local,2,hard,3,5,4.307743715804716e-06,False,288,382205952,288,512
HM8,local,2,hard,3,6,2.294073944034013e-06,False,288,382205952,288,512
HM8,local,2,hard,3,7,2.191630582081974e-06,False,288,382205952,288,512
HM8,local,2,hard,3,8,1.316999256202295e-06,False,288,382205952,288,512
HM8,local,2,hard,3,9,1.2913661578545523e-06,False,288,382205952,288,512
HM8,local,2,hard,3,10,8.062394254108603e-07,False,288,382205952,288,512
HM8,local,2,hard,3,11,7.266098941187488e-07,False,288,382205952,288,512
HM8,local,2,hard,3,12,6.79217103328824e-07,False,288,382205952,288,512
HM8,local,2,hard,3,13,5.872105877082168e-07,False,288,382205952,288,512
HM8,local,2,hard,3,14,5.527634386934745e-07,False,288,382205952,288,512
HM8,local,2,hard,3,15,3.327370170327791e-07,False,288,382205952,288,512
HM8,local,2,hard,3,16,3.153116676212758e-07,False,288,382205952,288,512
HM8,local,2,hard,3,17,2.297865738518764e-07,False,288,382205952,288,512
HM8,local,2,hard,3,18,2.2515470607034656e-07,False,288,382205952,288,512
HM8,local,2,hard,3,19,1.8297702475888296e-07,False,288,382205952,288,512
HM8,local,2,hard,3,20,1.612931961562809e-07,False,288,382205952,288,512
HM8,local,2,hard,3,21,1.364942941172976e-07,False,288,382205952,288,512
HM8,local,2,hard,3,22,1.2348893784283157e-07,False,288,382205952,288,512
HM8,local,2,hard,3,23,1.1294901994279652e-07,False,288,382205952,288,512
HM8,local,2,hard,3,24,1.0223491534307575e-07,False,288,382205952,288,512
HM8,local,2,hard,3,25,9.774904608343638e-08,False,288,382205952,288,512
HM8,local,2,hard,3,26,9.322625303604843e-08,False,288,382205952,288,512
HM8,local,2,hard,3,27,8.801320072728184e-08,False,288,382205952,288,512
HM8,local,2,hard,3,28,7.641050779136501e-08,False,288,382205952,288,512
HM8,local,2,hard,3,29,7.117947320080295e-08,False,288,382205952,288,512
HM8,local,2,hard,3,30,6.86126455374241e-08,False,288,382205952,288,512
HM8,local,2,hard,3,31,6.412224558217436e-08,False,288,382205952,288,512
HM8,local,2,hard,3,32,5.771594486704799e-08,False,288,382205952,288,512
HM8,local,2,hard,4,1,2882903190.083119,False,576,191102976,512,512
HM8,local,2,hard,4,2,247.5906250328905,False,576,191102976,512,512
HM8,local,2,hard,4,3,6.026008777714753e-06,False,576,191102976,512,512
HM8,local,2,hard,4,4,3.393819564215194e-06,False,576,191102976,512,512
HM8,local,2,hard,4,5,2.7111588034851467e-06,False,576,191102976,512,512
HM8,local,2,hard,4,6,2.6158068028930594e-06,False,576,191102976,512,512
HM8,local,2,hard,4,7,2.000811480597698e-06,False,576,191102976,512,512
HM8,local,2,hard,4,8,1.905958936620632e-06,False,576,191102976,512,512
HM8,local,2,hard,4,9,1.7579705159065898e-06,False,576,191102976,512,512
HM8,local,2,hard,4,10,1.6623494587639276e-06,False,576,191102976,512,512
HM8,local,2,hard,4,11,1.6342675343979688e-06,False,576,191102976,512,512
HM8,local,2,hard,4,12,1.2726783174186421e-06,False,576,191102976,512,512
HM8,local,2,hard,4,13,8.449079248191154e-07,False,576,191102976,512,512
HM8,local,2,hard,4,14,7.111939639911219e-07,False,576,191102976,512,512
HM8,local,2,hard,4,15,6.752035699311454e-07,False,576,191102976,512,512
HM8,local,2,hard,4,16,3.973964313597725e-07,False,576,191102976,512,512
HM8,local,2,hard,4,17,3.7679168299222216e-07,False,576,191102976,512,512
HM8,local,2,hard,4,18,2.696925983096241e-07,False,576,191102976,512,512
HM8,local,2,hard,4,19,2.4294771660037363e-07,False,576,191102976,512,512
HM8,local,2,hard,4,20,2.3219509642640152e-07,False,576,191102976,512,512
HM8,local,2,hard,4,21,2.0051775931521545e-07,False,576,191102976,512,512
HM8,local,2,hard,4,22,1.8141317566358002e-07,False,576,191102976,512,512
HM8,local,2,hard,4,23,1.5711861391621904e-07,False,576,191102976,512,512
HM8,local,2,hard,4,24,1.507975831054725e-07,False,576,191102976,512,512
HM8,local,2,hard,4,25,1.287514299188896e-07,False,576,191102976,512,512
HM8,local,2,hard,4,26,1.232390940463792e-07,False,576,191102976,512,512
HM8,local,2,hard,4,27,9.952102316185644e-08,False,576,191102976,512,512
HM8,local,2,hard,4,28,8.809524851843387e-08,False,576,191102976,512,512
HM8,local,2,hard,4,29,8.331384752087004e-08,False,576,191102976,512,512
HM8,local,2,hard,4,30,7.410182824038726e-08,False,576,191102976,512,512
HM8,local,2,hard,4,31,6.234913740280875e-08,False,576,191102976,512,512
HM8,local,2,hard,4,32,5.367128416542435e-08,False,576,191102976,512,512
HM8,local,2,hard,5,1,2882899129.588014,False,6912,15925248,512,512
HM8,local,2,hard,5,2,195220.4742776361,False,6912,15925248,512,512
HM8,local,2,hard,5,3,228.79839516588666,False,6912,15925248,512,512
HM8,local,2,hard,5,4,1.715978661161136e-06,False,6912,15925248,512,512
HM8,local,2,hard,5,5,1.690601406619943e-06,False,6912,15925248,512,512
HM8,local,2,hard,5,6,1.4095405755762576e-06,False,6912,15925248,512,512
HM8,local,2,hard,5,7,1.3627641554750243e-06,False,6912,15925248,512,512
HM8,local,2,hard,5,8,1.022068228094392e-06,False,6912,15925248,512,512
HM8,local,2,hard,5,9,8.637155469913478e-07,False,6912,15925248,512,512
HM8,local,2,hard,5,10,8.308706098968918e-07,False,6912,15925248,512,512
HM8,local,2,hard,5,11,6.558980866748133e-07,False,6912,15925248,512,512
HM8,local,2,hard,5,12,6.25395194302205e-07,False,6912,15925248,512,512
HM8,local,2,hard,5,13,5.859435325735149e-07,False,6912,15925248,512,512
HM8,local,2,hard,5,14,4.758704858276635e-07,False,6912,15925248,512,512
HM8,local,2,hard,5,15,3.78311747571111e-07,False,6912,15925248,512,512
HM8,local,2,hard,5,16,2.5777854511010707e-07,False,6912,15925248,512,512
HM8,local,2,hard,5,17,2.3246516882388942e-07,False,6912,15925248,512,512
HM8,local,2,hard,5,18,2.2909686614742415e-07,False,6912,15925248,512,512
HM8,local,2,hard,5,19,1.894404780393229e-07,False,6912,15925248,512,512
HM8,local,2,hard,5,20,1.7223385514443601e-07,False,6912,15925248,512,512
HM8,local,2,hard,5,21,1.6908939367698093e-07,False,6912,15925248,512,512
HM8,local,2,hard,5,22,1.575941271183199e-07,False,6912,15925248,512,512
HM8,local,2,hard,5,23,1.4852492062805478e-07,False,6912,15925248,512,512
HM8,local,2,hard,5,24,1.377802186352176e-07,False,6912,15925248,512,512
HM8,local,2,hard,5,25,1.2896221878108842e-07,False,6912,15925248,512,512
HM8,local,2,hard,5,26,1.2245469498174313e-07,False,6912,15925248,512,512
HM8,local,2,hard,5,27,1.1378786961832591e-07,False,6912,15925248,512,512
HM8,local,2,hard,5,28,1.0843448431742525e-07,False,6912,15925248,512,512
HM8,local,2,hard,5,29,1.0728512504543898e-07,False,6912,15925248,512,512
HM8,local,2,hard,5,30,9.451817056122014e-08,False,6912,15925248,512,512
HM8,local,2,hard,5,31,9.300088643337597e-08,False,6912,15925248,512,512
HM8,local,2,hard,5,32,8.917754028206759e-08,False,6912,15925248,512,512
HM8,local,2,hard,6,1,2882840680.5483084,False,13824,7962624,512,512
HM8,local,2,hard,6,2,264.5959605191651,False,13824,7962624,512,512
HM8,local,2,hard,6,3,4.195010310059837e-06,False,13824,7962624,512,512
HM8,local,2,hard,6,4,2.8012777381625754e-06,False,13824,7962624,512,512
HM8,local,2,hard,6,5,2.4579095699966097e-06,False,13824,7962624,512,512
HM8,local,2,hard,6,6,1.8877839349921372e-06,False,13824,7962624,512,512
HM8,local,2,hard,6,7,1.6958404573630028e-06,False,13824,7962624,512,512
HM8,local,2,hard,6,8,1.5482478704311218e-06,False,13824,7962624,512,512
HM8,local,2,hard,6,9,1.4042860142916808e-06,False,13824,7962624,512,512
HM8,local,2,hard,6,10,1.2236904437445134e-06,False,13824,7962624,512,512
HM8,local,2,hard,6,11,1.1786778218682494e-06,False,13824,7962624,512,512
HM8,local,2,hard,6,12,1.049014604153979e-06,False,13824,7962624,512,512
HM8,local,2,hard,6,13,8.725751465645977e-07,False,13824,7962624,512,512
HM8,local,2,hard,6,14,6.113303473198316e-07,False,13824,7962624,512,512
HM8,local,2,hard,6,15,3.4607948945591023e-07,False,13824,7962624,512,512
HM8,local,2,hard,6,16,2.830664977551877e-07,False,13824,7962624,512,512
HM8,local,2,hard,6,17,2.600889003899022e-07,False,13824,7962624,512,512
HM8,local,2,hard,6,18,2.3601252179388967e-07,False,13824,7962624,512,512
HM8,local,2,hard,6,19,2.2192134144936478e-07,False,13824,7962624,512,512
HM8,local,2,hard,6,20,2.0116088012767695e-07,False,13824,7962624,512,512
HM8,local,2,hard,6,21,1.8884246167013437e-07,False,13824,7962624,512,512
HM8,local,2,hard,6,22,1.8506833753018418e-07,False,13824,7962624,512,512
HM8,local,2,hard,6,23,1.7774936214973515e-07,False,13824,7962624,512,512
HM8,local,2,hard,6,24,1.6094348333182163e-07,False,13824,7962624,512,512
HM8,local,2,hard,6,25,1.3317116055626456e-07,False,13824,7962624,512,512
HM8,local,2,hard,6,26,1.2358140117233343e-07,False,13824,7962624,512,512
HM8,local,2,hard,6,27,1.1710349208710488e-07,False,13824,7962624,512,512
HM8,local,2,hard,6,28,1.1090158031838455e-07,False,13824,7962624,512,512
HM8,local,2,hard,6,29,1.0413018390295828e-07,False,13824,7962624,512,512
HM8,local,2,hard,6,30,9.837838254776381e-08,False,13824,7962624,512,512
HM8,local,2,hard,6,31,8.693667901194774e-08,False,13824,7962624,512,512
HM8,local,2,hard,6,32,8.075207215626758e-08,False,13824,7962624,512,512
HM8,local,2,hard,7,1,2882783123.1202536,False,165888,663552,512,512
HM8,local,2,hard,7,2,194981.6741640071,False,165888,663552,512,512
HM8,local,2,hard,7,3,247.56344993531377,False,165888,663552,512,512
HM8,local,2,hard,7,4,2.8133125053587754e-06,False,165888,663552,512,512
HM8,local,2,hard,7,5,2.000862622736191e-06,False,165888,663552,512,512
HM8,local,2,hard,7,6,1.6794474888854673e-06,False,165888,663552,512,512
HM8,local,2,hard,7,7,1.3695710690399515e-06,False,165888,663552,512,512
HM8,local,2,hard,7,8,1.3537687767571385e-06,False,165888,663552,512,512
HM8,local,2,hard,7,9,1.0821540232348024e-06,False,165888,663552,512,512
HM8,local,2,hard,7,10,9.182597765433215e-07,False,165888,663552,512,512
HM8,local,2,hard,7,11,7.887826385604032e-07,False,165888,663552,512,512
HM8,local,2,hard,7,12,7.148665036877524e-07,False,165888,663552,512,512
HM8,local,2,hard,7,13,6.022000310887627e-07,False,165888,663552,512,512
HM8,local,2,hard,7,14,4.630789891619756e-07,False,165888,663552,512,512
HM8,local,2,hard,7,15,3.893361740768411e-07,False,165888,663552,512,512
HM8,local,2,hard,7,16,3.359981155886183e-07,False,165888,663552,512,512
HM8,local,2,hard,7,17,3.079184142565679e-07,False,165888,663552,512,512
HM8,local,2,hard,7,18,2.7113990984868124e-07,False,165888,663552,512,512
HM8,local,2,hard,7,19,2.5183727727558273e-07,False,165888,663552,512,512
HM8,local,2,hard,7,20,2.381296140740668e-07,False,165888,663552,512,512
HM8,local,2,hard,7,21,1.969637955341511e-07,False,165888,663552,512,512
HM8,local,2,hard,7,22,1.9266338750634905e-07,False,165888,663552,512,512
HM8,local,2,hard,7,23,1.7860567655805328e-07,False,165888,663552,512,512
HM8,local,2,hard,7,24,1.4955829862652525e-07,False,165888,663552,512,512
HM8,local,2,hard,7,25,1.4543138778355752e-07,False,165888,663552,512,512
HM8,local,2,hard,7,26,1.3987201204243681e-07,False,165888,663552,512,512
HM8,local,2,hard,7,27,1.2019858773455233e-07,False,165888,663552,512,512
HM8,local,2,hard,7,28,1.1526070306294008e-07,False,165888,663552,512,512
HM8,local,2,hard,7,29,1.06755055091929e-07,False,165888,663552,512,512
HM8,local,2,hard,7,30,1.0251855418590378e-07,False,165888,663552,512,512
HM8,local,2,hard,7,31,1.0039842750322083e-07,False,165888,663552,512,512
HM8,local,2,hard,7,32,9.154131344782416e-08,False,165888,663552,512,512
HM8,local,2,hard,8,1,2882874765.914543,False,331776,331776,512,512
HM8,local,2,hard,8,2,276.11808218480746,False,331776,331776,512,512
HM8,local,2,hard,8,3,5.4796463053084595e-06,False,331776,331776,512,512
HM8,local,2,hard,8,4,2.1646565644581125e-06,False,331776,331776,512,512
HM8,local,2,hard,8,5,2.0659104374991007e-06,False,331776,331776,512,512
HM8,local,2,hard,8,6,1.787828028500149e-06,False,331776,331776,512,512
HM8,local,2,hard,8,7,1.6226315185604587e-06,False,331776,331776,512,512
HM8,local,2,hard,8,8,1.5683183994316256e-06,False,331776,331776,512,512
HM8,local,2,hard,8,9,1.5371854785194007e-06,False,331776,331776,512,512
HM8,local,2,hard,8,10,1.455884773951541e-06,False,331776,331776,512,512
HM8,local,2,hard,8,11,8.77172241552167e-07,False,331776,331776,512,512
HM8,local,2,hard,8,12,8.231892501086097e-07,False,331776,331776,512,512
HM8,local,2,hard,8,13,6.072552463548216e-07,False,331776,331776,512,512
HM8,local,2,hard,8,14,4.365499313388266e-07,False,331776,331776,512,512
HM8,local,2,hard,8,15,3.7382640650787094e-07,False,331776,331776,512,512
HM8,local,2,hard,8,16,3.241542897070922e-07,False,331776,331776,512,512
HM8,local,2,hard,8,17,2.9609904295681554e-07,False,331776,331776,512,512
HM8,local,2,hard,8,18,2.3299553892202593e-07,False,331776,331776,512,512
HM8,local,2,hard,8,19,2.2633070848683768e-07,False,331776,331776,512,512
HM8,local,2,hard,8,20,1.952138094541604e-07,False,331776,331776,512,512
HM8,local,2,hard,8,21,1.9234483458508965e-07,False,331776,331776,512,512
HM8,local,2,hard,8,22,1.7255559475890971e-07,False,331776,331776,512,512
HM8,local,2,hard,8,23,1.5770135548946337e-07,False,331776,331776,512,512
HM8,local,2,hard,8,24,1.4749862864913782e-07,False,331776,331776,512,512
HM8,local,2,hard,8,25,1.4112088422754652e-07,False,331776,331776,512,512
HM8,local,2,hard,8,26,1.3681975678701544e-07,False,331776,331776,512,512
HM8,local,2,hard,8,27,1.131313607672915e-07,False,331776,331776,512,512
HM8,local,2,hard,8,28,1.0543261239235769e-07,False,331776,331776,512,512
HM8,local,2,hard,8,29,9.802972504625448e-08,False,331776,331776,512,512
HM8,local,2,hard,8,30,9.628759260625163e-08,False,331776,331776,512,512
HM8,local,2,hard,8,31,8.271351245221847e-08,False,331776,331776,512,512
HM8,local,2,hard,8,32,7.760183405514702e-08,False,331776,331776,512,512
HM8,local,2,hard,9,1,2882849306.0774393,False,3981312,27648,512,512
HM8,local,2,hard,9,2,207049.22932251857,False,3981312,27648,512,512
HM8,local,2,hard,9,3,252.92539041118206,False,3981312,27648,512,512
HM8,local,2,hard,9,4,2.6592896462602517e-06,False,3981312,27648,512,512
HM8,local,2,hard,9,5,2.5995143840178096e-06,False,3981312,27648,512,512
HM8,local,2,hard,9,6,1.7148581888290803e-06,False,3981312,27648,512,512
HM8,local,2,hard,9,7,1.6628401143008223e-06,False,3981312,27648,512,512
HM8,local,2,hard,9,8,1.2542905606171483e-06,False,3981312,27648,512,512
HM8,local,2,hard,9,9,1.1415891233266812e-06,False,3981312,27648,512,512
HM8,local,2,hard,9,10,7.628001612975052e-07,False,3981312,27648,512,512
HM8,local,2,hard,9,11,7.378021453662636e-07,False,3981312,27648,512,512
HM8,local,2,hard,9,12,6.401299723093429e-07,False,3981312,27648,512,512
HM8,local,2,hard,9,13,5.768595005242596e-07,False,3981312,27648,512,512
HM8,local,2,hard,9,14,5.248704028033705e-07,False,3981312,27648,512,512
HM8,local,2,hard,9,15,4.38731488882166e-07,False,3981312,27648,512,512
HM8,local,2,hard,9,16,3.4863712356429485e-07,False,3981312,27648,512,512
HM8,local,2,hard,9,17,2.4740754957104374e-07,False,3981312,27648,512,512
HM8,local,2,hard,9,18,2.3857258271206354e-07,False,3981312,27648,512,512
HM8,local,2,hard,9,19,2.111637575233975e-07,False,3981312,27648,512,512
HM8,local,2,hard,9,20,2.017215217831105e-07,False,3981312,27648,512,512
HM8,local,2,hard,9,21,1.7180153451544506e-07,False,3981312,27648,512,512
HM8,local,2,hard,9,22,1.6335388558913333e-07,False,3981312,27648,512,512
HM8,local,2,hard,9,23,1.4377609035174815e-07,False,3981312,27648,512,512
HM8,local,2,hard,9,24,1.3627927976869627e-07,False,3981312,27648,512,512
HM8,local,2,hard,9,25,1.3010647381921676e-07,False,3981312,27648,512,512
HM8,local,2,hard,9,26,1.1991426759751037e-07,False,3981312,27648,512,512
HM8,local,2,hard,9,27,1.1864314761474291e-07,False,3981312,27648,512,512
HM8,local,2,hard,9,28,1.1088721678686274e-07,False,3981312,27648,512,512
HM8,local,2,hard,9,29,1.0983071560930719e-07,False,3981312,27648,512,512
HM8,local,2,hard,9,30,1.0564930562123267e-07,False,3981312,27648,512,512
HM8,local,2,hard,9,31,1.0264724599584645e-07,False,3981312,27648,512,512
HM8,local,2,hard,9,32,9.47156973255778e-08,False,3981312,27648,512,512
HM8,local,2,hard,10,1,2882864055.2510114,False,7962624,13824,512,512
HM8,local,2,hard,10,2,273.717670101172,False,7962624,13824,512,512
HM8,local,2,hard,10,3,2.6375147781413742e-06,False,7962624,13824,512,512
HM8,local,2,hard,10,4,2.2296162608952917e-06,False,7962624,13824,512,512
HM8,local,2,hard,10,5,1.6217451705202403e-06,False,7962624,13824,512,512
HM8,local,2,hard,10,6,1.5048515389544487e-06,False,7962624,13824,512,512
HM8,local,2,hard,10,7,1.441284775411676e-06,False,7962624,13824,512,512
HM8,local,2,hard,10,8,1.392010724437574e-06,False,7962624,13824,512,512
HM8,local,2,hard,10,9,1.0950405142066169e-06,False,7962624,13824,512,512
HM8,local,2,hard,10,10,8.537175680134647e-07,False,7962624,13824,512,512
HM8,local,2,hard,10,11,7.196828978764766e-07,False,7962624,13824,512,512
HM8,local,2,hard,10,12,6.541373607171081e-07,False,7962624,13824,512,512
HM8,local,2,hard,10,13,5.877089259296943e-07,False,7962624,13824,512,512
HM8,local,2,hard,10,14,4.138566127973853e-07,False,7962624,13824,512,512
HM8,local,2,hard,10,15,3.423826684831787e-07,False,7962624,13824,512,512
HM8,local,2,hard,10,16,3.1222187985003103e-07,False,7962624,13824,512,512
HM8,local,2,hard,10,17,2.8705329786997485e-07,False,7962624,13824,512,512
HM8,local,2,hard,10,18,2.4628893226745876e-07,False,7962624,13824,512,512
HM8,local,2,hard,10,19,2.3512965027190027e-07,False,7962624,13824,512,512
HM8,local,2,hard,10,20,2.2193927952765705e-07,False,7962624,13824,512,512
HM8,local,2,hard,10,21,1.9947872391748693e-07,False,7962624,13824,512,512
HM8,local,2,hard,10,22,1.7623555527498236e-07,False,7962624,13824,512,512
HM8,local,2,hard,10,23,1.6299843815911076e-07,False,7962624,13824,512,512
HM8,local,2,hard,10,24,1.3932932998188506e-07,False,7962624,13824,512,512
HM8,local,2,hard,10,25,1.3114419830193657e-07,False,7962624,13824,512,512
HM8,local,2,hard,10,26,1.2868283328360166e-07,False,7962624,13824,512,512
HM8,local,2,hard,10,27,1.1831217940038182e-07,False,7962624,13824,512,512
HM8,local,2,hard,10,28,1.1127291277581522e-07,False,7962624,13824,512,512
HM8,local,2,hard,10,29,1.0253997488566506e-07,False,7962624,13824,512,512
HM8,local,2,hard,10,30,9.129470355920398e-08,False,7962624,13824,512,512
HM8,local,2,hard,10,31,8.670625371550703e-08,False,7962624,13824,512,512
HM8,local,2,hard,10,32,7.820781152745931e-08,False,7962624,13824,512,512
HM8,local,2,hard,11,1,2882815533.884899,False,95551488,1152,512,512
HM8,local,2,hard,11,2,196965.88508991856,False,95551488,1152,512,512
HM8,local,2,hard,11,3,208.99756094414883,False,95551488,1152,512,512
HM8,local,2,hard,11,4,3.101846285189599e-06,False,95551488,1152,512,512
HM8,local,2,hard,11,5,1.9712510180960676e-06,False,95551488,1152,512,512
HM8,local,2,hard,11,6,1.7006168409944543e-06,False,95551488,1152,512,512
HM8,local,2,hard,11,7,1.5714228333152134e-06,False,95551488,1152,512,512
HM8,local,2,hard,11,8,1.365633278016433e-06,False,95551488,1152,512,512
HM8,local,2,hard,11,9,1.3136173257831146e-06,False,95551488,1152,512,512
HM8,local,2,hard,11,10,1.0879813214446674e-06,False,95551488,1152,512,512
HM8,local,2,hard,11,11,1.046499432122674e-06,False,95551488,1152,512,512
HM8,local,2,hard,11,12,8.113375040252504e-07,False,95551488,1152,512,512
HM8,local,2,hard,11,13,5.648921593833925e-07,False,95551488,1152,512,512
HM8,local,2,hard,11,14,4.1591264443543977e-07,False,95551488,1152,512,512
HM8,local,2,hard,11,15,3.12725533508249e-07,False,95551488,1152,512,512
HM8,local,2,hard,11,16,2.6195640863817865e-07,False,95551488,1152,512,512
HM8,local,2,hard,11,17,2.450011175449167e-07,False,95551488,1152,512,512
HM8,local,2,hard,11,18,2.036005566276302e-07,False,95551488,1152,512,512
HM8,local,2,hard,11,19,1.9273965108053067e-07,False,95551488,1152,512,512
HM8,local,2,hard,11,20,1.7425547882459804e-07,False,95551488,1152,512,512
HM8,local,2,hard,11,21,1.7112663208833747e-07,False,95551488,1152,512,512
HM8,local,2,hard,11,22,1.5901166547765561e-07,False,95551488,1152,512,512
HM8,local,2,hard,11,23,1.4777157531440738e-07,False,95551488,1152,512,512
HM8,local,2,hard,11,24,1.4213010265147778e-07,False,95551488,1152,512,512
HM8,local,2,hard,11,25,1.3394022289835174e-07,False,95551488,1152,512,512
HM8,local,2,hard,11,26,1.2311842636339803e-07,False,95551488,1152,512,512
HM8,local,2,hard,11,27,1.1822262245565368e-07,False,95551488,1152,512,512
HM8,local,2,hard,11,28,1.128170814834718e-07,False,95551488,1152,512,512
HM8,local,2,hard,11,29,1.066079524463539e-07,False,95551488,1152,512,512
HM8,local,2,hard,11,30,9.952903750682476e-08,False,95551488,1152,512,512
HM8,local,2,hard,11,31,9.430669220888418e-08,False,95551488,1152,512,512
HM8,local,2,hard,11,32,9.160119796597226e-08,False,95551488,1152,512,512
HM8,local,2,hard,12,1,2882737323.305652,False,191102976,576,512,512
HM8,local,2,hard,12,2,249.98007130195415,False,191102976,576,512,512
HM8,local,2,hard,12,3,6.23331630489606e-06,False,191102976,576,512,512
HM8,local,2,hard,12,4,4.6427090757275094e-06,False,191102976,576,512,512
HM8,local,2,hard,12,5,3.604603997334146e-06,False,191102976,576,512,512
HM8,local,2,hard,12,6,2.820057987236631e-06,False,191102976,576,512,512
HM8,local,2,hard,12,7,2.6180644725079337e-06,False,191102976,576,512,512
HM8,local,2,hard,12,8,2.348677740042274e-06,False,191102976,576,512,512
HM8,local,2,hard,12,9,1.7784897160953869e-06,False,191102976,576,512,512
HM8,local,2,hard,12,10,1.705037815044942e-06,False,191102976,576,512,512
HM8,local,2,hard,12,11,1.326034857894366e-06,False,191102976,576,512,512
HM8,local,2,hard,12,12,1.2371026628584676e-06,False,191102976,576,512,512
HM8,local,2,hard,12,13,9.423898829271535e-07,False,191102976,576,512,512
HM8,local,2,hard,12,14,7.941640995856604e-07,False,191102976,576,512,512
HM8,local,2,hard,12,15,6.339838142593889e-07,False,191102976,576,512,512
HM8,local,2,hard,12,16,4.267019130351544e-07,False,191102976,576,512,512
HM8,local,2,hard,12,17,3.898158893485292e-07,False,191102976,576,512,512
HM8,local,2,hard,12,18,3.2315524948338287e-07,False,191102976,576,512,512
HM8,local,2,hard,12,19,2.505559857353668e-07,False,191102976,576,512,512
HM8,local,2,hard,12,20,2.425808214889155e-07,False,191102976,576,512,512
HM8,local,2,hard,12,21,2.1049612208596244e-07,False,191102976,576,512,512
HM8,local,2,hard,12,22,1.7790442516652266e-07,False,191102976,576,512,512
HM8,local,2,hard,12,23,1.6572653358126668e-07,False,191102976,576,512,512
HM8,local,2,hard,12,24,1.4744582156249377e-07,False,191102976,576,512,512
HM8,local,2,hard,12,25,1.4066475348380018e-07,False,191102976,576,512,512
HM8,local,2,hard,12,26,1.2743330227735761e-07,False,191102976,576,512,512
HM8,local,2,hard,12,27,1.146275260844463e-07,False,191102976,576,512,512
HM8,local,2,hard,12,28,1.0034780520861136e-07,False,191102976,576,512,512
HM8,local,2,hard,12,29,8.723926769368029e-08,False,191102976,576,512,512
HM8,local,2,hard,12,30,7.925136167607111e-08,False,191102976,576,512,512
HM8,local,2,hard,12,31,6.37288541609562e-08,False,191102976,576,512,512
HM8,local,2,hard,12,32,5.663148257402551e-08,False,191102976,576,512,512
HM8,local,2,hard,13,1,882645173.738168,False,2293235712,48,512,48
HM8,local,2,hard,13,2,60590.59236187195,False,2293235712,48,512,48
HM8,local,2,hard,13,3,49.32618813289504,False,2293235712,48,512,48
HM8,local,2,hard,13,4,2.694093989239658e-07,False,2293235712,48,512,48
HM8,local,2,hard,13,5,1.664159730655442e-07,False,2293235712,48,512,48
HM8,local,2,hard,13,6,7.97031570592719e-08,False,2293235712,48,512,48
HM8,local,2,hard,13,7,2.922947855492134e-08,False,2293235712,48,512,48
HM8,local,2,hard,13,8,2.581990649854589e-08,False,2293235712,48,512,48
HM8,local,2,hard,13,9,2.313478479882206e-08,False,2293235712,48,512,48
HM8,local,2,hard,13,10,2.1267781037505367e-08,False,2293235712,48,512,48
HM8,local,2,hard,13,11,1.869970885117713e-08,False,2293235712,48,512,48
HM8,local,2,hard,13,12,1.7580018831780602e-08,False,2293235712,48,512,48
HM8,local,2,hard,13,13,1.6918720669787714e-08,False,2293235712,48,512,48
HM8,local,2,hard,13,14,1.544500290131018e-08,False,2293235712,48,512,48
HM8,local,2,hard,13,15,1.4187017026525137e-08,False,2293235712,48,512,48
HM8,local,2,hard,13,16,1.3098839272768722e-08,False,2293235712,48,512,48
HM8,local,2,hard,13,17,1.2487199606742907e-08,False,2293235712,48,512,48
HM8,local,2,hard,13,18,1.171258004262632e-08,False,2293235712,48,512,48
HM8,local,2,hard,13,19,1.0564262927342328e-08,False,2293235712,48,512,48
HM8,local,2,hard,13,20,7.897771121648966e-09,False,2293235712,48,512,48
HM8,local,2,hard,13,21,6.579587096641935e-09,False,2293235712,48,512,48
HM8,local,2,hard,13,22,5.412133193243279e-09,False,2293235712,48,512,48
HM8,local,2,hard,13,23,1.3453848771959303e-12,False,2293235712,48,512,48
HM8,local,2,hard,13,24,6.662904008995241e-14,False,2293235712,48,512,48
HM8,local,2,hard,13,25,2.0212058055212605e-22,False,2293235712,48,512,48
HM8,local,2,hard,13,26,3.981682279319184e-23,False,2293235712,48,512,48
HM8,local,2,hard,13,27,1.324933217312895e-23,False,2293235712,48,512,48
HM8,local,2,hard,13,28,6.183091886374637e-24,False,2293235712,48,512,48
HM8,local,2,hard,13,29,3.647774133564266e-24,False,2293235712,48,512,48
HM8,local,2,hard,13,30,2.8711408112005703e-24,False,2293235712,48,512,48
HM8,local,2,hard,13,31,2.697322550770504e-24,False,2293235712,48,512,48
HM8,local,2,hard,13,32,2.5926387523107648e-24,False,2293235712,48,512,48
HM8,local,2,hard,14,1,624127860.716556,False,4586471424,24,512,24
HM8,local,2,hard,14,2,37.60830999636549,False,4586471424,24,512,24
HM8,local,2,hard,14,3,2.533973151235783e-07,False,4586471424,24,512,24
HM8,local,2,hard,14,4,1.1664259569955466e-07,False,4586471424,24,512,24
HM8,local,2,hard,14,5,7.851987994473731e-08,False,4586471424,24,512,24
HM8,local,2,hard,14,6,3.0878496381679524e-08,False,4586471424,24,512,24
HM8,local,2,hard,14,7,1.6868792512532867e-08,False,4586471424,24,512,24
HM8,local,2,hard,14,8,9.643229311216372e-09,False,4586471424,24,512,24
HM8,local,2,hard,14,9,4.994783859713581e-09,False,4586471424,24,512,24
HM8,local,2,hard,14,10,1.118616000528443e-15,False,4586471424,24,512,24
HM8,local,2,hard,14,11,3.937387051862034e-23,False,4586471424,24,512,24
HM8,local,2,hard,14,12,2.8331484697480245e-23,False,4586471424,24,512,24
HM8,local,2,hard,14,13,1.655144786919932e-23,False,4586471424,24,512,24
HM8,local,2,hard,14,14,8.58747695210525e-24,False,4586471424,24,512,24
HM8,local,2,hard,14,15,7.131606364763428e-24,False,4586471424,24,512,24
HM8,local,2,hard,14,16,4.048427441646443e-24,False,4586471424,24,512,24
HM8,local,2,hard,14,17,3.2875921266885248e-24,False,4586471424,24,512,24
HM8,local,2,hard,14,18,9.203172718644076e-25,False,4586471424,24,512,24
HM8,local,2,hard,14,19,9.855616683133785e-32,False,4586471424,24,512,24
HM8,local,2,hard,14,20,1.9841099866940802e-39,False,4586471424,24,512,24
HM8,local,2,hard,14,21,1.8836414946157656e-39,False,4586471424,24,512,24
HM8,local,2,hard,14,22,3.6525658938002975e-40,False,4586471424,24,512,24
HM8,local,2,hard,14,23,9.44736116006293e-41,False,4586471424,24,512,24
HM8,local,2,hard,14,24,1.9107792676793167e-42,False,4586471424,24,512,24
HM8,local,2,hard,15,1,180155312.53373134,False,55037657088,2,512,2
HM8,local,2,hard,15,2,4.760968162657543e-09,False,55037657088,2,512,2
HM8,block_pam,0,easy,1,1,5478545.56484511,False,12,9172942848,12,512
HM8,block_pam,0,easy,1,2,28081.572528272183,False,12,9172942848,12,512
HM8,block_pam,0,easy,1,3,3.1566631692482026e-10,False,12,9172942848,12,512
HM8,block_pam,0,easy,1,4,1.3537675173527712e-10,False,12,9172942848,12,512
HM8,block_pam,0,easy,1,5,6.370987494100415e-11,False,12,9172942848,12,512
HM8,block_pam,0,easy,1,6,5.8599980459323524e-12,False,12,9172942848,12,512
HM8,block_pam,0,easy,1,7,2.2658084903339678e-26,False,12,9172942848,12,512
HM8,block_pam,0,easy,1,8,8.062399942071773e-27,False,12,9172942848,12,512
HM8,block_pam,0,easy,1,9,1.12352791271804e-42,False,12,9172942848,12,512
HM8,block_pam,0,easy,1,10,2.5361025989167866e-43,False,12,9172942848,12,512
HM8,block_pam,0,easy,1,11,2.05888567956784e-43,False,12,9172942848,12,512
HM8,block_pam,0,easy,1,12,1.3287449998599e-59,False,12,9172942848,12,512
HM8,block_pam,0,easy,2,1,7727211.041171599,False,24,4586471424,24,512
HM8,block_pam,0,easy,2,2,2851.7072857797775,False,24,4586471424,24,512
HM8,block_pam,0,easy,2,3,2.8697324967324196e-09,False,24,4586471424,24,512
HM8,block_pam,0,easy,2,4,1.6710892653943912e-09,False,24,4586471424,24,512
HM8,block_pam,0,easy,2,5,8.769125603669877e-10,False,24,4586471424,24,512
HM8,block_pam,0,easy,2,6,5.50831717008693e-10,False,24,4586471424,24,512
HM8,block_pam,0,easy,2,7,4.43107035089921e-10,False,24,4586471424,24,512
HM8,block_pam,0,easy,2,8,3.267779201464874e-10,False,24,4586471424,24,512
HM8,block_pam,0,easy,2,9,2.024301211434729e-10,False,24,4586471424,24,512
HM8,block_pam,0,easy,2,10,1.3909424799468175e-10,False,24,4586471424,24,512
HM8,block_pam,0,easy,2,11,1.236986173788692e-10,False,24,4586471424,24,512
HM8,block_pam,0,easy,2,12,8.065070965390301e-11,False,24,4586471424,24,512
HM8,block_pam,0,easy,2,13,2.416437939543891e-13,False,24,4586471424,24,512
HM8,block_pam,0,easy,2,14,1.1299217114323666e-24,False,24,4586471424,24,512
HM8,block_pam,0,easy,2,15,1.4529385361838966e-25,False,24,4586471424,24,512
HM8,block_pam,0,easy,2,16,1.343174180912161e-25,False,24,4586471424,24,512
HM8,block_pam,0,easy,2,17,7.7334842236926e-26,False,24,4586471424,24,512
HM8,block_pam,0,easy,2,18,3.4418814496864683e-26,False,24,4586471424,24,512
HM8,block_pam,0,easy,2,19,1.0207478266177412e-26,False,24,4586471424,24,512
HM8,block_pam,0,easy,2,20,6.954017548558608e-27,False,24,4586471424,24,512
HM8,block_pam,0,easy,2,21,2.794849641776435e-27,False,24,4586471424,24,512
HM8,block_pam,0,easy,2,22,1.669155848874441e-27,False,24,4586471424,24,512
HM8,block_pam,0,easy,2,23,2.4519879765851817e-42,False,24,4586471424,24,512
HM8,block_pam,0,easy,2,24,4.780790911439652e-44,False,24,4586471424,24,512
HM8,block_pam,0,easy,3,1,26731923.492851514,False,288,382205952,288,512
HM8,block_pam,0,easy,3,2,147562.28327934977,False,288,382205952,288,512
HM8,block_pam,0,easy,3,3,10280.944641117607,False,288,382205952,288,512
HM8,block_pam,0,easy,3,4,3.7544600153038897e-08,False,288,382205952,288,512
HM8,block_pam,0,easy,3,5,3.734824035907497e-08,False,288,382205952,288,512
HM8,block_pam,0,easy,3,6,2.943557761417334e-08,False,288,382205952,288,512
HM8,block_pam,0,easy,3,7,2.53440902430049e-08,False,288,382205952,288,512
HM8,block_pam,0,easy,3,8,2.1448494952288345e-08,False,288,382205952,288,512
HM8,block_pam,0,easy,3,9,1.962781721148349e-08,False,288,382205952,288,512
HM8,block_pam,0,easy,3,10,1.6326679057425034e-08,False,288,382205952,288,512
HM8,block_pam,0,easy,3,11,1.3817341496180446e-08,False,288,382205952,288,512
HM8,block_pam,0,easy,3,12,1.0970121474335832e-08,False,288,382205952,288,512
HM8,block_pam,0,easy,3,13,8.466345419482948e-09,False,288,382205952,288,512
HM8,block_pam,0,easy,3,14,7.394051545630939e-09,False,288,382205952,288,512
HM8,block_pam,0,easy,3,15,5.922502689663764e-09,False,288,382205952,288,512
HM8,block_pam,0,easy,3,16,4.719379944561699e-09,False,288,382205952,288,512
HM8,block_pam,0,easy,3,17,3.6833107718091897e-09,False,288,382205952,288,512
HM8,block_pam,0,easy,3,18,3.5160781509659356e-09,False,288,382205952,288,512
HM8,block_pam,0,easy,3,19,3.2172169950698113e-09,False,288,382205952,288,512
HM8,block_pam,0,easy,3,20,2.7261468871346887e-09,False,288,382205952,288,512
HM8,block_pam,0,easy,3,21,2.4360274402814446e-09,False,288,382205952,288,512
HM8,block_pam,0,easy,3,22,2.058374892097698e-09,False,288,382205952,288,512
HM8,block_pam,0,easy,3,23,1.8826971166913583e-09,False,288,382205952,288,512
HM8,block_pam,0,easy,3,24,1.8138270681929995e-09,False,288,382205952,288,512
HM8,block_pam,0,easy,3,25,1.4216792500035035e-09,False,288,382205952,288,512
HM8,block_pam,0,easy,3,26,1.36352501642818e-09,False,288,382205952,288,512
HM8,block_pam,0,easy,3,27,1.2353376393510733e-09,False,288,382205952,288,512
HM8,block_pam,0,easy,3,28,1.2047146098520725e-09,False,288,382205952,288,512
HM8,block_pam,0,easy,3,29,1.1920012996220023e-09,False,288,382205952,288,512
HM8,block_pam,0,easy,3,30,1.1320488456252556e-09,False,288,382205952,288,512
HM8,block_pam,0,easy,3,31,1.0480095331621007e-09,False,288,382205952,288,512
HM8,block_pam,0,easy,3,32,9.43542543431296e-10,False,288,382205952,288,512
HM8,block_pam,0,easy,4,1,35516689.55681479,False,576,191102976,512,512
HM8,block_pam,0,easy,4,2,19827.468543574298,False,576,191102976,512,512
HM8,block_pam,0,easy,4,3,4.814953366186489e-08,False,576,191102976,512,512
HM8,block_pam,0,easy,4,4,4.135698322772276e-08,False,576,191102976,512,512
HM8,block_pam,0,easy,4,5,4.04856617144444e-08,False,576,191102976,512,512
HM8,block_pam,0,easy,4,6,3.544538507465547e-08,False,576,191102976,512,512
HM8,block_pam,0,easy,4,7,3.169157700638996e-08,False,576,191102976,512,512
HM8,block_pam,0,easy,4,8,2.8544883359981982e-08,False,576,191102976,512,512
HM8,block_pam,0,easy,4,9,2.45148429565849e-08,False,576,191102976,512,512
HM8,block_pam,0,easy,4,10,2.0873407671211025e-08,False,576,191102976,512,512
HM8,block_pam,0,easy,4,11,1.868575794481372e-08,False,576,191102976,512,512
HM8,block_pam,0,easy,4,12,1.6121729373196595e-08,False,576,191102976,512,512
HM8,block_pam,0,easy,4,13,1.243387463315395e-08,False,576,191102976,512,512
HM8,block_pam,0,easy,4,14,1.1006372507553877e-08,False,576,191102976,512,512
HM8,block_pam,0,easy,4,15,7.851778865517172e-09,False,576,191102976,512,512
HM8,block_pam,0,easy,4,16,6.313459585119316e-09,False,576,191102976,512,512
HM8,block_pam,0,easy,4,17,5.132340306225894e-09,False,576,191102976,512,512
HM8,block_pam,0,easy,4,18,4.032021535890185e-09,False,576,191102976,512,512
HM8,block_pam,0,easy,4,19,3.4739113788408023e-09,False,576,191102976,512,512
HM8,block_pam,0,easy,4,20,2.8214773389285432e-09,False,576,191102976,512,512
HM8,block_pam,0,easy,4,21,2.7206811159497455e-09,False,576,191102976,512,512
HM8,block_pam,0,easy,4,22,2.442939611919459e-09,False,576,191102976,512,512
HM8,block_pam,0,easy,4,23,2.1483276544669294e-09,False,576,191102976,512,512
HM8,block_pam,0,easy,4,24,2.009997401275387e-09,False,576,191102976,512,512
HM8,block_pam,0,easy,4,25,1.8089229621711733e-09,False,576,191102976,512,512
HM8,block_pam,0,easy,4,26,1.6767217193089563e-09,False,576,191102976,512,512
HM8,block_pam,0,easy,4,27,1.287100633621225e-09,False,576,191102976,512,512
HM8,block_pam,0,easy,4,28,1.121042922256263e-09,False,576,191102976,512,512
HM8,block_pam,0,easy,4,29,1.0164752811899507e-09,False,576,191102976,512,512
HM8,block_pam,0,easy,4,30,9.602512411555943e-10,False,576,191102976,512,512
HM8,block_pam,0,easy,4,31,9.072026747003924e-10,False,576,191102976,512,512
HM8,block_pam,0,easy,4,32,7.888639489178759e-10,False,576,191102976,512,512
HM8,block_pam,0,easy,5,1,35598836.02118649,False,6912,15925248,512,512
HM8,block_pam,0,easy,5,2,188491.43911523634,False,6912,15925248,512,512
HM8,block_pam,0,easy,5,3,17054.102673953174,False,6912,15925248,512,512
HM8,block_pam,0,easy,5,4,3.294181993437268e-08,False,6912,15925248,512,512
HM8,block_pam,0,easy,5,5,2.0662103333637136e-08,False,6912,15925248,512,512
HM8,block_pam,0,easy,5,6,1.5400749624991237e-08,False,6912,15925248,512,512
HM8,block_pam,0,easy,5,7,1.51888983711405e-08,False,6912,15925248,512,512
HM8,block_pam,0,easy,5,8,1.2673674015680999e-08,False,6912,15925248,512,512
HM8,block_pam,0,easy,5,9,1.1265828771705013e-08,False,6912,15925248,512,512
HM8,block_pam,0,easy,5,10,9.796499547505887e-09,False,6912,15925248,512,512
HM8,block_pam,0,easy,5,11,9.089297938039242e-09,False,6912,15925248,512,512
HM8,block_pam,0,easy,5,12,6.570616533976378e-09,False,6912,15925248,512,512
HM8,block_pam,0,easy,5,13,6.1013210932648565e-09,False,6912,15925248,512,512
HM8,block_pam,0,easy,5,14,4.662129442968552e-09,False,6912,15925248,512,512
HM8,block_pam,0,easy,5,15,4.486882376248816e-09,False,6912,15925248,512,512
HM8,block_pam,0,easy,5,16,3.811089754310185e-09,False,6912,15925248,512,512
HM8,block_pam,0,easy,5,17,3.107381527310277e-09,False,6912,15925248,512,512
HM8,block_pam,0,easy,5,18,3.0744192869857375e-09,False,6912,15925248,512,512
HM8,block_pam,0,easy,5,19,2.854223953952701e-09,False,6912,15925248,512,512
HM8,block_pam,0,easy,5,20,2.807008457089495e-09,False,6912,15925248,512,512
HM8,block_pam,0,easy,5,21,2.3969698719275065e-09,False,6912,15925248,512,512
HM8,block_pam,0,easy,5,22,2.161158027252294e-09,False,6912,15925248,512,512
HM8,block_pam,0,easy,5,23,2.089281646178786e-09,False,6912,15925248,512,512
HM8,block_pam,0,easy,5,24,2.012745480436741e-09,False,6912,15925248,512,512
HM8,block_pam,0,easy,5,25,1.9642788986550467e-09,False,6912,15925248,512,512
HM8,block_pam,0,easy,5,26,1.8398074966318056e-09,False,6912,15925248,512,512
HM8,block_pam,0,easy,5,27,1.7591904000124815e-09,False,6912,15925248,512,512
HM8,block_pam,0,easy,5,28,1.6710818966108543e-09,False,6912,15925248,512,512
HM8,block_pam,0,easy,5,29,1.6464782403757026e-09,False,6912,15925248,512,512
HM8,block_pam,0,easy,5,30,1.559843307300419e-09,False,6912,15925248,512,512
HM8,block_pam,0,easy,5,31,1.4333521790523161e-09,False,6912,15925248,512,512
HM8,block_pam,0,easy,5,32,1.4094877064500448e-09,False,6912,15925248,512,512
HM8,block_pam,0,easy,6,1,35776282.40407369,False,13824,7962624,512,512
HM8,block_pam,0,easy,6,2,23525.327007373755,False,13824,7962624,512,512
HM8,block_pam,0,easy,6,3,2.9914413201938936e-08,False,13824,7962624,512,512
HM8,block_pam,0,easy,6,4,2.8687235808030458e-08,False,13824,7962624,512,512
HM8,block_pam,0,easy,6,5,2.3172376849068657e-08,False,13824,7962624,512,512
HM8,block_pam,0,easy,6,6,2.3048149439223952e-08,False,13824,7962624,512,512
HM8,block_pam,0,easy,6,7,1.9923777727067428e-08,False,13824,7962624,512,512
HM8,block_pam,0,easy,6,8,1.5123449691014018e-08,False,13824,7962624,512,512
HM8,block_pam,0,easy,6,9,1.4941131086909643e-08,False,13824,7962624,512,512
HM8,block_pam,0,easy,6,10,1.2165916360891421e-08,False,13824,7962624,512,512
HM8,block_pam,0,easy,6,11,1.1025900749772419e-08,False,13824,7962624,512,512
HM8,block_pam,0,easy,6,12,9.03813023046264e-09,False,13824,7962624,512,512
HM8,block_pam,0,easy,6,13,7.450322672557381e-09,False,13824,7962624,512,512
HM8,block_pam,0,easy,6,14,5.051461350319248e-09,False,13824,7962624,512,512
HM8,block_pam,0,easy,6,15,4.594530277067665e-09,False,13824,7962624,512,512
HM8,block_pam,0,easy,6,16,3.9101732885740704e-09,False,13824,7962624,512,512
HM8,block_pam,0,easy,6,17,3.663859938272742e-09,False,13824,7962624,512,512
HM8,block_pam,0,easy,6,18,3.3599361129117714e-09,False,13824,7962624,512,512
HM8,block_pam,0,easy,6,19,3.113583367828897e-09,False,13824,7962624,512,512
HM8,block_pam,0,easy,6,20,2.686034640260382e-09,False,13824,7962624,512,512
HM8,block_pam,0,easy,6,21,2.5391157144118385e-09,False,13824,7962624,512,512
HM8,block_pam,0,easy,6,22,2.2586994980164154e-09,False,13824,7962624,512,512
HM8,block_pam,0,easy,6,23,1.987051343204591e-09,False,13824,7962624,512,512
HM8,block_pam,0,easy,6,24,1.835088865289744e-09,False,13824,7962624,512,512
HM8,block_pam,0,easy,6,25,1.7870340313284173e-09,False,13824,7962624,512,512
HM8,block_pam,0,easy,6,26,1.6455550864494322e-09,False,13824,7962624,512,512
HM8,block_pam,0,easy,6,27,1.5200660361736726e-09,False,13824,7962624,512,512
HM8,block_pam,0,easy,6,28,1.4560965323358034e-09,False,13824,7962624,512,512
HM8,block_pam,0,easy,6,29,1.3786437219325987e-09,False,13824,7962624,512,512
HM8,block_pam,0,easy,6,30,1.2322776488511143e-09,False,13824,7962624,512,512
HM8,block_pam,0,easy,6,31,1.1614887058368105e-09,False,13824,7962624,512,512
HM8,block_pam,0,easy,6,32,1.1197061420787432e-09,False,13824,7962624,512,512
HM8,block_pam,0,easy,7,1,35548624.6314132,False,165888,663552,512,512
HM8,block_pam,0,easy,7,2,201487.3281742224,False,165888,663552,512,512
HM8,block_pam,0,easy,7,3,20510.73912723733,False,165888,663552,512,512
HM8,block_pam,0,easy,7,4,2.8764129327317162e-08,False,165888,663552,512,512
HM8,block_pam,0,easy,7,5,2.6254230948898332e-08,False,165888,663552,512,512
HM8,block_pam,0,easy,7,6,2.4475325721778086e-08,False,165888,663552,512,512
HM8,block_pam,0,easy,7,7,1.9662908220326682e-08,False,165888,663552,512,512
HM8,block_pam,0,easy,7,8,1.748733233294187e-08,False,165888,663552,512,512
HM8,block_pam,0,easy,7,9,1.5374721998555472e-08,False,165888,663552,512,512
HM8,block_pam,0,easy,7,10,1.2106689090583625e-08,False,165888,663552,512,512
HM8,block_pam,0,easy,7,11,1.1237850571251003e-08,False,165888,663552,512,512
HM8,block_pam,0,easy,7,12,1.0618449959194107e-08,False,165888,663552,512,512
HM8,block_pam,0,easy,7,13,9.890558260604718e-09,False,165888,663552,512,512
HM8,block_pam,0,easy,7,14,6.448564258626327e-09,False,165888,663552,512,512
HM8,block_pam,0,easy,7,15,4.6588619991295715e-09,False,165888,663552,512,512
HM8,block_pam,0,easy,7,16,3.3986021063417883e-09,False,165888,663552,512,512
HM8,block_pam,0,easy,7,17,3.114913671616107e-09,False,165888,663552,512,512
HM8,block_pam,0,easy,7,18,2.9347887068431055e-09,False,165888,663552,512,512
HM8,block_pam,0,easy,7,19,2.7110887296077943e-09,False,165888,663552,512,512
HM8,block_pam,0,easy,7,20,2.553943863579321e-09,False,165888,663552,512,512
HM8,block_pam,0,easy,7,21,2.10992449840427e-09,False,165888,663552,512,512
HM8,block_pam,0,easy,7,22,2.059012682733306e-09,False,165888,663552,512,512
HM8,block_pam,0,easy,7,23,1.9046817509535178e-09,False,165888,663552,512,512
HM8,block_pam,0,easy,7,24,1.8697417831234198e-09,False,165888,663552,512,512
HM8,block_pam,0,easy,7,25,1.8544010598917054e-09,False,165888,663552,512,512
HM8,block_pam,0,easy,7,26,1.7552913068252387e-09,False,165888,663552,512,512
HM8,block_pam,0,easy,7,27,1.6185911722307617e-09,False,165888,663552,512,512
HM8,block_pam,0,easy,7,28,1.5380947938926692e-09,False,165888,663552,512,512
HM8,block_pam,0,easy,7,29,1.5161086703381166e-09,False,165888,663552,512,512
HM8,block_pam,0,easy,7,30,1.4503984654871134e-09,False,165888,663552,512,512
HM8,block_pam,0,easy,7,31,1.3946414473095129e-09,False,165888,663552,512,512
HM8,block_pam,0,easy,7,32,1.316824711721215e-09,False,165888,663552,512,512
HM8,block_pam,0,easy,8,1,35562684.8539057,False,331776,331776,512,512
HM8,block_pam,0,easy,8,2,21479.688955684844,False,331776,331776,512,512
HM8,block_pam,0,easy,8,3,4.463067623014763e-08,False,331776,331776,512,512
HM8,block_pam,0,easy,8,4,3.2256110231193775e-08,False,331776,331776,512,512
HM8,block_pam,0,easy,8,5,2.46804484147092e-08,False,331776,331776,512,512
HM8,block_pam,0,easy,8,6,1.960482847689071e-08,False,331776,331776,512,512
HM8,block_pam,0,easy,8,7,1.9390579235645575e-08,False,331776,331776,512,512
HM8,block_pam,0,easy,8,8,1.6421162545040275e-08,False,331776,331776,512,512
HM8,block_pam,0,easy,8,9,1.5051259403035697e-08,False,331776,331776,512,512
HM8,block_pam,0,easy,8,10,1.1590905225570397e-08,False,331776,331776,512,512
HM8,block_pam,0,easy,8,11,9.092644508458527e-09,False,331776,331776,512,512
HM8,block_pam,0,easy,8,12,8.733009646265586e-09,False,331776,331776,512,512
HM8,block_pam,0,easy,8,13,7.042089049025232e-09,False,331776,331776,512,512
HM8,block_pam,0,easy,8,14,6.113096238720595e-09,False,331776,331776,512,512
HM8,block_pam,0,easy,8,15,3.99496359838426e-09,False,331776,331776,512,512
HM8,block_pam,0,easy,8,16,3.7392658681639035e-09,False,331776,331776,512,512
HM8,block_pam,0,easy,8,17,3.372720997544718e-09,False,331776,331776,512,512
HM8,block_pam,0,easy,8,18,3.230083044240172e-09,False,331776,331776,512,512
HM8,block_pam,0,easy,8,19,2.8074537744489974e-09,False,331776,331776,512,512
HM8,block_pam,0,easy,8,20,2.6856488172930823e-09,False,331776,331776,512,512
HM8,block_pam,0,easy,8,21,2.4698639225140853e-09,False,331776,331776,512,512
HM8,block_pam,0,easy,8,22,2.3114439849422615e-09,False,331776,331776,512,512
HM8,block_pam,0,easy,8,23,2.0971002544421615e-09,False,331776,331776,512,512
HM8,block_pam,0,easy,8,24,2.0106649406950727e-09,False,331776,331776,512,512
HM8,block_pam,0,easy,8,25,1.8037356195781362e-09,False,331776,331776,512,512
HM8,block_pam,0,easy,8,26,1.7436660916409745e-09,False,331776,331776,512,512
HM8,block_pam,0,easy,8,27,1.6558400734860913e-09,False,331776,331776,512,512
HM8,block_pam,0,easy,8,28,1.5137483619456289e-09,False,331776,331776,512,512
HM8,block_pam,0,easy,8,29,1.436010969446092e-09,False,331776,331776,512,512
HM8,block_pam,0,easy,8,30,1.325780969114147e-09,False,331776,331776,512,512
HM8,block_pam,0,easy,8,31,1.2256782286875316e-09,False,331776,331776,512,512
HM8,block_pam,0,easy,8,32,1.1455853475296823e-09,False,331776,331776,512,512
HM8,block_pam,0,easy,9,1,35654517.87468558,False,3981312,27648,512,512
HM8,block_pam,0,easy,9,2,199928.32147154736,False,3981312,27648,512,512
HM8,block_pam,0,easy,9,3,20944.57082401938,False,3981312,27648,512,512
HM8,block_pam,0,easy,9,4,2.1165808492312004e-08,False,3981312,27648,512,512
HM8,block_pam,0,easy,9,5,2.0810264642625746e-08,False,3981312,27648,512,512
HM8,block_pam,0,easy,9,6,1.3388343313824596e-08,False,3981312,27648,512,512
HM8,block_pam,0,easy,9,7,1.2157556478132011e-08,False,3981312,27648,512,512
HM8,block_pam,0,easy,9,8,1.1349201424437411e-08,False,3981312,27648,512,512
HM8,block_pam,0,easy,9,9,1.05213069069761e-08,False,3981312,27648,512,512
HM8,block_pam,0,easy,9,10,9.336459486066625e-09,False,3981312,27648,512,512
HM8,block_pam,0,easy,9,11,6.9795277222371745e-09,False,3981312,27648,512,512
HM8,block_pam,0,easy,9,12,6.295182969807744e-09,False,3981312,27648,512,512
HM8,block_pam,0,easy,9,13,4.636535756328935e-09,False,3981312,27648,512,512
HM8,block_pam,0,easy,9,14,4.350458144587163e-09,False,3981312,27648,512,512
HM8,block_pam,0,easy,9,15,3.033870523809904e-09,False,3981312,27648,512,512
HM8,block_pam,0,easy,9,16,2.8794785262805186e-09,False,3981312,27648,512,512
HM8,block_pam,0,easy,9,17,2.5052343954141117e-09,False,3981312,27648,512,512
HM8,block_pam,0,easy,9,18,2.4035892304438677e-09,False,3981312,27648,512,512
HM8,block_pam,0,easy,9,19,2.171286197518509e-09,False,3981312,27648,512,512
HM8,block_pam,0,easy,9,20,2.141879061219353e-09,False,3981312,27648,512,512
HM8,block_pam,0,easy,9,21,2.0312127362402067e-09,False,3981312,27648,512,512
HM8,block_pam,0,easy,9,22,1.8756713000399214e-09,False,3981312,27648,512,512
HM8,block_pam,0,easy,9,23,1.8146390266951693e-09,False,3981312,27648,512,512
HM8,block_pam,0,easy,9,24,1.7360035304284607e-09,False,3981312,27648,512,512
HM8,block_pam,0,easy,9,25,1.6508374139671833e-09,False,3981312,27648,512,512
HM8,block_pam,0,easy,9,26,1.5767972135582286e-09,False,3981312,27648,512,512
HM8,block_pam,0,easy,9,27,1.5270127527628818e-09,False,3981312,27648,512,512
HM8,block_pam,0,easy,9,28,1.4223463596790972e-09,False,3981312,27648,512,512
HM8,block_pam,0,easy,9,29,1.362071299629817e-09,False,3981312,27648,512,512
HM8,block_pam,0,easy,9,30,1.3014255248575218e-09,False,3981312,27648,512,512
HM8,block_pam,0,easy,9,31,1.225782902805902e-09,False,3981312,27648,512,512
HM8,block_pam,0,easy,9,32,1.1877519603883417e-09,False,3981312,27648,512,512
HM8,block_pam,0,easy,10,1,35629433.30149938,False,7962624,13824,512,512
HM8,block_pam,0,easy,10,2,22424.71073767641,False,7962624,13824,512,512
HM8,block_pam,0,easy,10,3,5.09305204264801e-08,False,7962624,13824,512,512
HM8,block_pam,0,easy,10,4,3.77760299132615e-08,False,7962624,13824,512,512
HM8,block_pam,0,easy,10,5,3.2726303602216284e-08,False,7962624,13824,512,512
HM8,block_pam,0,easy,10,6,2.7084669809254035e-08,False,7962624,13824,512,512
HM8,block_pam,0,easy,10,7,2.1292210448286613e-08,False,7962624,13824,512,512
HM8,block_pam,0,easy,10,8,1.8725686021841626e-08,False,7962624,13824,512,512
HM8,block_pam,0,easy,10,9,1.57044079146365e-08,False,7962624,13824,512,512
HM8,block_pam,0,easy,10,10,1.4759002979131477e-08,False,7962624,13824,512,512
HM8,block_pam,0,easy,10,11,1.3319418143302526e-08,False,7962624,13824,512,512
HM8,block_pam,0,easy,10,12,9.222940546803993e-09,False,7962624,13824,512,512
HM8,block_pam,0,easy,10,13,8.371807687709592e-09,False,7962624,13824,512,512
HM8,block_pam,0,easy,10,14,7.971629981333255e-09,False,7962624,13824,512,512
HM8,block_pam,0,easy,10,15,4.699405861255296e-09,False,7962624,13824,512,512
HM8,block_pam,0,easy,10,16,4.091401433796124e-09,False,7962624,13824,512,512
HM8,block_pam,0,easy,10,17,3.907906512180486e-09,False,7962624,13824,512,512
HM8,block_pam,0,easy,10,18,3.5696623881279116e-09,False,7962624,13824,512,512
HM8,block_pam,0,easy,10,19,3.1925205834153536e-09,False,7962624,13824,512,512
HM8,block_pam,0,easy,10,20,2.6872429867948557e-09,False,7962624,13824,512,512
HM8,block_pam,0,easy,10,21,2.543198970681494e-09,False,7962624,13824,512,512
HM8,block_pam,0,easy,10,22,2.489394176782003e-09,False,7962624,13824,512,512
HM8,block_pam,0,easy,10,23,2.191323927994165e-09,False,7962624,13824,512,512
HM8,block_pam,0,easy,10,24,2.0695493924824155e-09,False,7962624,13824,512,512
HM8,block_pam,0,easy,10,25,1.8793983126036218e-09,False,7962624,13824,512,512
HM8,block_pam,0,easy,10,26,1.8011841431544754e-09,False,7962624,13824,512,512
HM8,block_pam,0,easy,10,27,1.605995612834678e-09,False,7962624,13824,512,512
HM8,block_pam,0,easy,10,28,1.5477586177169113e-09,False,7962624,13824,512,512
HM8,block_pam,0,easy,10,29,1.4334591214391308e-09,False,7962624,13824,512,512
HM8,block_pam,0,easy,10,30,1.3906451472916288e-09,False,7962624,13824,512,512
HM8,block_pam,0,easy,10,31,1.1839315081447827e-09,False,7962624,13824,512,512
HM8,block_pam,0,easy,10,32,1.1421176015389332e-09,False,7962624,13824,512,512
HM8,block_pam,0,easy,11,1,35550545.73339223,False,95551488,1152,512,512
HM8,block_pam,0,easy,11,2,194209.27358272712,False,95551488,1152,512,512
HM8,block_pam,0,easy,11,3,17081.07571334484,False,95551488,1152,512,512
HM8,block_pam,0,easy,11,4,4.5278050938384054e-08,False,95551488,1152,512,512
HM8,block_pam,0,easy,11,5,4.051907120037505e-08,False,95551488,1152,512,512
HM8,block_pam,0,easy,11,6,3.2980437504877494e-08,False,95551488,1152,512,512
HM8,block_pam,0,easy,11,7,1.998467023837833e-08,False,95551488,1152,512,512
HM8,block_pam,0,easy,11,8,1.8617869319467528e-08,False,95551488,1152,512,512
HM8,block_pam,0,easy,11,9,1.7542128650180244e-08,False,95551488,1152,512,512
HM8,block_pam,0,easy,11,10,1.6433210099127974e-08,False,95551488,1152,512,512
HM8,block_pam,0,easy,11,11,1.2843783590652998e-08,False,95551488,1152,512,512
HM8,block_pam,0,easy,11,12,1.0563994500336511e-08,False,95551488,1152,512,512
HM8,block_pam,0,easy,11,13,9.399096921507384e-09,False,95551488,1152,512,512
HM8,block_pam,0,easy,11,14,6.958410363169413e-09,False,95551488,1152,512,512
HM8,block_pam,0,easy,11,15,4.8952085628308895e-09,False,95551488,1152,512,512
HM8,block_pam,0,easy,11,16,4.190016692719872e-09,False,95551488,1152,512,512
HM8,block_pam,0,easy,11,17,3.6947113952324887e-09,False,95551488,1152,512,512
HM8,block_pam,0,easy,11,18,3.4793154054340205e-09,False,95551488,1152,512,512
HM8,block_pam,0,easy,11,19,3.0041300915218447e-09,False,95551488,1152,512,512
HM8,block_pam,0,easy,11,20,2.8023313651447954e-09,False,95551488,1152,512,512
HM8,block_pam,0,easy,11,21,2.63278296026787e-09,False,95551488,1152,512,512
HM8,block_pam,0,easy,11,22,2.5209321279362477e-09,False,95551488,1152,512,512
HM8,block_pam,0,easy,11,23,2.18073503173011e-09,False,95551488,1152,512,512
HM8,block_pam,0,easy,11,24,2.091769262507113e-09,False,95551488,1152,512,512
HM8,block_pam,0,easy,11,25,1.9320230327454924e-09,False,95551488,1152,512,512
HM8,block_pam,0,easy,11,26,1.8713122987078754e-09,False,95551488,1152,512,512
HM8,block_pam,0,easy,11,27,1.818086184486026e-09,False,95551488,1152,512,512
HM8,block_pam,0,easy,11,28,1.6456376431519752e-09,False,95551488,1152,512,512
HM8,block_pam,0,easy,11,29,1.553458450323959e-09,False,95551488,1152,512,512
HM8,block_pam,0,easy,11,30,1.5154305012648565e-09,False,95551488,1152,512,512
HM8,block_pam,0,easy,11,31,1.3898433772401673e-09,False,95551488,1152,512,512
HM8,block_pam,0,easy,11,32,1.249869215742243e-09,False,95551488,1152,512,512
HM8,block_pam,0,easy,12,1,35607485.14617442,False,191102976,576,512,512
HM8,block_pam,0,easy,12,2,19850.560910477303,False,191102976,576,512,512
HM8,block_pam,0,easy,12,3,6.541699557789358e-08,False,191102976,576,512,512
HM8,block_pam,0,easy,12,4,3.520456770660671e-08,False,191102976,576,512,512
HM8,block_pam,0,easy,12,5,2.931498813726506e-08,False,191102976,576,512,512
HM8,block_pam,0,easy,12,6,2.5663896297783952e-08,False,191102976,576,512,512
HM8,block_pam,0,easy,12,7,2.345167178373375e-08,False,191102976,576,512,512
HM8,block_pam,0,easy,12,8,2.046649699837381e-08,False,191102976,576,512,512
HM8,block_pam,0,easy,12,9,1.8051058402129526e-08,False,191102976,576,512,512
HM8,block_pam,0,easy,12,10,1.4794305613656287e-08,False,191102976,576,512,512
HM8,block_pam,0,easy,12,11,1.3514176517006833e-08,False,191102976,576,512,512
HM8,block_pam,0,easy,12,12,1.2343769189762314e-08,False,191102976,576,512,512
HM8,block_pam,0,easy,12,13,9.089517860479288e-09,False,191102976,576,512,512
HM8,block_pam,0,easy,12,14,7.457832882191597e-09,False,191102976,576,512,512
HM8,block_pam,0,easy,12,15,4.956580341892177e-09,False,191102976,576,512,512
HM8,block_pam,0,easy,12,16,4.76730588630526e-09,False,191102976,576,512,512
HM8,block_pam,0,easy,12,17,4.424260191707208e-09,False,191102976,576,512,512
HM8,block_pam,0,easy,12,18,4.070648027317014e-09,False,191102976,576,512,512
HM8,block_pam,0,easy,12,19,3.588105875399379e-09,False,191102976,576,512,512
HM8,block_pam,0,easy,12,20,3.0347024069830995e-09,False,191102976,576,512,512
HM8,block_pam,0,easy,12,21,2.995838325102315e-09,False,191102976,576,512,512
HM8,block_pam,0,easy,12,22,2.63640066197224e-09,False,191102976,576,512,512
HM8,block_pam,0,easy,12,23,2.3277585308098864e-09,False,191102976,576,512,512
HM8,block_pam,0,easy,12,24,2.020399925808579e-09,False,191102976,576,512,512
HM8,block_pam,0,easy,12,25,1.917975648259606e-09,False,191102976,576,512,512
HM8,block_pam,0,easy,12,26,1.7236246511269336e-09,False,191102976,576,512,512
HM8,block_pam,0,easy,12,27,1.5986707261596897e-09,False,191102976,576,512,512
HM8,block_pam,0,easy,12,28,1.3724873479018564e-09,False,191102976,576,512,512
HM8,block_pam,0,easy,12,29,1.3078928423956244e-09,False,191102976,576,512,512
HM8,block_pam,0,easy,12,30,1.2897581590466756e-09,False,191102976,576,512,512
HM8,block_pam,0,easy,12,31,9.966993958416544e-10,False,191102976,576,512,512
HM8,block_pam,0,easy,12,32,9.5932381481789e-10,False,191102976,576,512,512
HM8,block_pam,0,easy,13,1,10852148.459207397,False,2293235712,48,512,48
HM8,block_pam,0,easy,13,2,61583.91500259262,False,2293235712,48,512,48
HM8,block_pam,0,easy,13,3,3535.828747859925,False,2293235712,48,512,48
HM8,block_pam,0,easy,13,4,5.253835745324038e-09,False,2293235712,48,512,48
HM8,block_pam,0,easy,13,5,1.9472628478106488e-09,False,2293235712,48,512,48
HM8,block_pam,0,easy,13,6,1.0389625554040145e-09,False,2293235712,48,512,48
HM8,block_pam,0,easy,13,7,6.742862837666159e-10,False,2293235712,48,512,48
HM8,block_pam,0,easy,13,8,5.056283626352763e-10,False,2293235712,48,512,48
HM8,block_pam,0,easy,13,9,4.239676537416035e-10,False,2293235712,48,512,48
HM8,block_pam,0,easy,13,10,3.746768379554827e-10,False,2293235712,48,512,48
HM8,block_pam,0,easy,13,11,3.460966402279183e-10,False,2293235712,48,512,48
HM8,block_pam,0,easy,13,12,2.9287338162814803e-10,False,2293235712,48,512,48
HM8,block_pam,0,easy,13,13,2.853265264299224e-10,False,2293235712,48,512,48
HM8,block_pam,0,easy,13,14,2.508020195196331e-10,False,2293235712,48,512,48
HM8,block_pam,0,easy,13,15,2.311873717542927e-10,False,2293235712,48,512,48
HM8,block_pam,0,easy,13,16,2.1645763299679151e-10,False,2293235712,48,512,48
HM8,block_pam,0,easy,13,17,1.8999382753990298e-10,False,2293235712,48,512,48
HM8,block_pam,0,easy,13,18,1.5314229944062576e-10,False,2293235712,48,512,48
HM8,block_pam,0,easy,13,19,1.381126795731109e-10,False,2293235712,48,512,48
HM8,block_pam,0,easy,13,20,1.1373255301260436e-10,False,2293235712,48,512,48
HM8,block_pam,0,easy,13,21,8.917950298130232e-11,False,2293235712,48,512,48
HM8,block_pam,0,easy,13,22,6.421822889001869e-11,False,2293235712,48,512,48
HM8,block_pam,0,easy,13,23,4.432255962216915e-14,False,2293235712,48,512,48
HM8,block_pam,0,easy,13,24,1.7169168798554105e-24,False,2293235712,48,512,48
HM8,block_pam,0,easy,13,25,1.1082357099272562e-24,False,2293235712,48,512,48
HM8,block_pam,0,easy,13,26,2.394333322495355e-25,False,2293235712,48,512,48
HM8,block_pam,0,easy,13,27,1.2409385460420338e-25,False,2293235712,48,512,48
HM8,block_pam,0,easy,13,28,8.551670080860472e-26,False,2293235712,48,512,48
HM8,block_pam,0,easy,13,29,7.352101214231737e-26,False,2293235712,48,512,48
HM8,block_pam,0,easy,13,30,5.348035336031364e-26,False,2293235712,48,512,48
HM8,block_pam,0,easy,13,31,4.808543319323978e-26,False,2293235712,48,512,48
HM8,block_pam,0,easy,13,32,4.110179821249774e-26,False,2293235712,48,512,48
HM8,block_pam,0,easy,14,1,7715093.142468852,False,4586471424,24,512,24
HM8,block_pam,0,easy,14,2,3735.617997837367,False,4586471424,24,512,24
HM8,block_pam,0,easy,14,3,3.869468302008445e-09,False,4586471424,24,512,24
HM8,block_pam,0,easy,14,4,1.5358057294162157e-09,False,4586471424,24,512,24
HM8,block_pam,0,easy,14,5,1.0943411642332988e-09,False,4586471424,24,512,24
HM8,block_pam,0,easy,14,6,4.843067135860114e-10,False,4586471424,24,512,24
HM8,block_pam,0,easy,14,7,3.0028731912336987e-10,False,4586471424,24,512,24
HM8,block_pam,0,easy,14,8,2.535926297925654e-10,False,4586471424,24,512,24
HM8,block_pam,0,easy,14,9,1.8767844243190053e-10,False,4586471424,24,512,24
HM8,block_pam,0,easy,14,10,1.6764908756254665e-10,False,4586471424,24,512,24
HM8,block_pam,0,easy,14,11,7.704860887790728e-11,False,4586471424,24,512,24
HM8,block_pam,0,easy,14,12,5.957210940792849e-11,False,4586471424,24,512,24
HM8,block_pam,0,easy,14,13,1.1195818047968166e-13,False,4586471424,24,512,24
HM8,block_pam,0,easy,14,14,1.318586415424656e-24,False,4586471424,24,512,24
HM8,block_pam,0,easy,14,15,7.005838613743662e-25,False,4586471424,24,512,24
HM8,block_pam,0,easy,14,16,2.579742868319273e-26,False,4586471424,24,512,24
HM8,block_pam,0,easy,14,17,1.9269232394617734e-26,False,4586471424,24,512,24
HM8,block_pam,0,easy,14,18,5.581867681686327e-27,False,4586471424,24,512,24
HM8,block_pam,0,easy,14,19,1.5025629848656808e-30,False,4586471424,24,512,24
HM8,block_pam,0,easy,14,20,7.909154012200191e-43,False,4586471424,24,512,24
HM8,block_pam,0,easy,14,21,8.653404493085627e-44,False,4586471424,24,512,24
HM8,block_pam,0,easy,14,22,8.825818973349126e-47,False,4586471424,24,512,24
HM8,block_pam,0,easy,14,23,8.843320748956863e-60,False,4586471424,24,512,24
HM8,block_pam,0,easy,14,24,3.538612600258252e-61,False,4586471424,24,512,24
HM8,block_pam,0,easy,15,1,2208237.8699815506,False,55037657088,2,512,2
HM8,block_pam,0,easy,15,2,9.725489046339868e-11,False,55037657088,2,512,2
HM8,block_pam,1,boundary,1,1,49432183.41433203,False,12,9172942848,12,512
HM8,block_pam,1,boundary,1,2,31299.152467176784,False,12,9172942848,12,512
HM8,block_pam,1,boundary,1,3,7.558855219498257e-09,False,12,9172942848,12,512
HM8,block_pam,1,boundary,1,4,1.1009529890597987e-09,False,12,9172942848,12,512
HM8,block_pam,1,boundary,1,5,6.538378997645454e-10,False,12,9172942848,12,512
HM8,block_pam,1,boundary,1,6,4.708197853745117e-10,False,12,9172942848,12,512
HM8,block_pam,1,boundary,1,7,1.1750962834473287e-24,False,12,9172942848,12,512
HM8,block_pam,1,boundary,1,8,2.0867422020613484e-25,False,12,9172942848,12,512
HM8,block_pam,1,boundary,1,9,5.618784762121469e-26,False,12,9172942848,12,512
HM8,block_pam,1,boundary,1,10,4.541039896250929e-40,False,12,9172942848,12,512
HM8,block_pam,1,boundary,1,11,6.993651017418713e-41,False,12,9172942848,12,512
HM8,block_pam,1,boundary,1,12,7.750594855954817e-42,False,12,9172942848,12,512
HM8,block_pam,1,boundary,2,1,69876107.49709234,False,24,4586471424,24,512
HM8,block_pam,1,boundary,2,2,311.22047123137696,False,24,4586471424,24,512
HM8,block_pam,1,boundary,2,3,2.9877180871098776e-08,False,24,4586471424,24,512
HM8,block_pam,1,boundary,2,4,1.4210286860332152e-08,False,24,4586471424,24,512
HM8,block_pam,1,boundary,2,5,6.819458886666303e-09,False,24,4586471424,24,512
HM8,block_pam,1,boundary,2,6,3.117323524096725e-09,False,24,4586471424,24,512
HM8,block_pam,1,boundary,2,7,2.086842195622715e-09,False,24,4586471424,24,512
HM8,block_pam,1,boundary,2,8,2.0097492309323935e-09,False,24,4586471424,24,512
HM8,block_pam,1,boundary,2,9,1.5541000119803422e-09,False,24,4586471424,24,512
HM8,block_pam,1,boundary,2,10,1.0941741389904461e-09,False,24,4586471424,24,512
HM8,block_pam,1,boundary,2,11,8.415469455871556e-10,False,24,4586471424,24,512
HM8,block_pam,1,boundary,2,12,5.330476262493423e-14,False,24,4586471424,24,512
HM8,block_pam,1,boundary,2,13,1.8632435144262794e-23,False,24,4586471424,24,512
HM8,block_pam,1,boundary,2,14,5.742061768401591e-25,False,24,4586471424,24,512
HM8,block_pam,1,boundary,2,15,3.6437796988049225e-25,False,24,4586471424,24,512
HM8,block_pam,1,boundary,2,16,1.760298445299684e-25,False,24,4586471424,24,512
HM8,block_pam,1,boundary,2,17,7.722639457014108e-26,False,24,4586471424,24,512
HM8,block_pam,1,boundary,2,18,7.305770933981368e-26,False,24,4586471424,24,512
HM8,block_pam,1,boundary,2,19,3.271498900271483e-26,False,24,4586471424,24,512
HM8,block_pam,1,boundary,2,20,5.796376254455323e-32,False,24,4586471424,24,512
HM8,block_pam,1,boundary,2,21,4.243933450496475e-42,False,24,4586471424,24,512
HM8,block_pam,1,boundary,2,22,2.764134754814287e-42,False,24,4586471424,24,512
HM8,block_pam,1,boundary,2,23,3.8740826012930085e-43,False,24,4586471424,24,512
HM8,block_pam,1,boundary,2,24,1.6913719339447205e-48,False,24,4586471424,24,512
HM8,block_pam,1,boundary,3,1,242127951.36929592,False,288,382205952,288,512
HM8,block_pam,1,boundary,3,2,145729.25366765418,False,288,382205952,288,512
HM8,block_pam,1,boundary,3,3,1210.065606572955,False,288,382205952,288,512
HM8,block_pam,1,boundary,3,4,5.169157169661564e-07,False,288,382205952,288,512
HM8,block_pam,1,boundary,3,5,2.7704800821796353e-07,False,288,382205952,288,512
HM8,block_pam,1,boundary,3,6,1.960059385155165e-07,False,288,382205952,288,512
HM8,block_pam,1,boundary,3,7,1.8907955283488892e-07,False,288,382205952,288,512
HM8,block_pam,1,boundary,3,8,1.674443858264831e-07,False,288,382205952,288,512
HM8,block_pam,1,boundary,3,9,1.5951453971873496e-07,False,288,382205952,288,512
HM8,block_pam,1,boundary,3,10,1.3334992864372433e-07,False,288,382205952,288,512
HM8,block_pam,1,boundary,3,11,8.933762585571818e-08,False,288,382205952,288,512
HM8,block_pam,1,boundary,3,12,7.754827211228623e-08,False,288,382205952,288,512
HM8,block_pam,1,boundary,3,13,6.412219945294731e-08,False,288,382205952,288,512
HM8,block_pam,1,boundary,3,14,5.89178115628996e-08,False,288,382205952,288,512
HM8,block_pam,1,boundary,3,15,3.97973533647904e-08,False,288,382205952,288,512
HM8,block_pam,1,boundary,3,16,3.347470806417889e-08,False,288,382205952,288,512
HM8,block_pam,1,boundary,3,17,2.8002745605267464e-08,False,288,382205952,288,512
HM8,block_pam,1,boundary,3,18,2.399625490815668e-08,False,288,382205952,288,512
HM8,block_pam,1,boundary,3,19,2.3097566767626183e-08,False,288,382205952,288,512
HM8,block_pam,1,boundary,3,20,2.210047027883386e-08,False,288,382205952,288,512
HM8,block_pam,1,boundary,3,21,1.9173473153202632e-08,False,288,382205952,288,512
HM8,block_pam,1,boundary,3,22,1.704549401811771e-08,False,288,382205952,288,512
HM8,block_pam,1,boundary,3,23,1.5557253789710422e-08,False,288,382205952,288,512
HM8,block_pam,1,boundary,3,24,1.4756494071588305e-08,False,288,382205952,288,512
HM8,block_pam,1,boundary,3,25,1.3617909089838962e-08,False,288,382205952,288,512
HM8,block_pam,1,boundary,3,26,1.2384800994804671e-08,False,288,382205952,288,512
HM8,block_pam,1,boundary,3,27,1.1495063594698113e-08,False,288,382205952,288,512
HM8,block_pam,1,boundary,3,28,1.0200863672031946e-08,False,288,382205952,288,512
HM8,block_pam,1,boundary,3,29,9.414710177786123e-09,False,288,382205952,288,512
HM8,block_pam,1,boundary,3,30,8.587197280751502e-09,False,288,382205952,288,512
HM8,block_pam,1,boundary,3,31,8.54348053072993e-09,False,288,382205952,288,512
HM8,block_pam,1,boundary,3,32,7.819837278390872e-09,False,288,382205952,288,512
HM8,block_pam,1,boundary,4,1,322893504.0985787,False,576,191102976,512,512
HM8,block_pam,1,boundary,4,2,2142.3588660719647,False,576,191102976,512,512
HM8,block_pam,1,boundary,4,3,8.259416587687094e-07,False,576,191102976,512,512
HM8,block_pam,1,boundary,4,4,4.3668644951467465e-07,False,576,191102976,512,512
HM8,block_pam,1,boundary,4,5,4.23570838766167e-07,False,576,191102976,512,512
HM8,block_pam,1,boundary,4,6,3.7262818026934926e-07,False,576,191102976,512,512
HM8,block_pam,1,boundary,4,7,3.596122307902111e-07,False,576,191102976,512,512
HM8,block_pam,1,boundary,4,8,2.962800755431878e-07,False,576,191102976,512,512
HM8,block_pam,1,boundary,4,9,2.5513519432455664e-07,False,576,191102976,512,512
HM8,block_pam,1,boundary,4,10,2.285175808621003e-07,False,576,191102976,512,512
HM8,block_pam,1,boundary,4,11,1.6411462402310631e-07,False,576,191102976,512,512
HM8,block_pam,1,boundary,4,12,1.4074886732807469e-07,False,576,191102976,512,512
HM8,block_pam,1,boundary,4,13,1.1160265967833181e-07,False,576,191102976,512,512
HM8,block_pam,1,boundary,4,14,7.538059175881623e-08,False,576,191102976,512,512
HM8,block_pam,1,boundary,4,15,6.244825249306136e-08,False,576,191102976,512,512
HM8,block_pam,1,boundary,4,16,5.1966214536018045e-08,False,576,191102976,512,512
HM8,block_pam,1,boundary,4,17,4.497897339027281e-08,False,576,191102976,512,512
HM8,block_pam,1,boundary,4,18,3.786063535674909e-08,False,576,191102976,512,512
HM8,block_pam,1,boundary,4,19,3.372915388122055e-08,False,576,191102976,512,512
HM8,block_pam,1,boundary,4,20,2.670239343954001e-08,False,576,191102976,512,512
HM8,block_pam,1,boundary,4,21,2.433096879906984e-08,False,576,191102976,512,512
HM8,block_pam,1,boundary,4,22,2.3751416677011014e-08,False,576,191102976,512,512
HM8,block_pam,1,boundary,4,23,2.1969354989932283e-08,False,576,191102976,512,512
HM8,block_pam,1,boundary,4,24,2.070015736768451e-08,False,576,191102976,512,512
HM8,block_pam,1,boundary,4,25,1.8429438606071046e-08,False,576,191102976,512,512
HM8,block_pam,1,boundary,4,26,1.1513630983684903e-08,False,576,191102976,512,512
HM8,block_pam,1,boundary,4,27,1.0623500679317443e-08,False,576,191102976,512,512
HM8,block_pam,1,boundary,4,28,1.0068767467328597e-08,False,576,191102976,512,512
HM8,block_pam,1,boundary,4,29,9.327157034958964e-09,False,576,191102976,512,512
HM8,block_pam,1,boundary,4,30,9.067235414997072e-09,False,576,191102976,512,512
HM8,block_pam,1,boundary,4,31,8.704916425515272e-09,False,576,191102976,512,512
HM8,block_pam,1,boundary,4,32,7.818119586924757e-09,False,576,191102976,512,512
HM8,block_pam,1,boundary,5,1,322750252.2726269,False,6912,15925248,512,512
HM8,block_pam,1,boundary,5,2,191023.30750442535,False,6912,15925248,512,512
HM8,block_pam,1,boundary,5,3,1852.7937672221424,False,6912,15925248,512,512
HM8,block_pam,1,boundary,5,4,3.5687024510359746e-07,False,6912,15925248,512,512
HM8,block_pam,1,boundary,5,5,1.8443066251290408e-07,False,6912,15925248,512,512
HM8,block_pam,1,boundary,5,6,1.8439387459440166e-07,False,6912,15925248,512,512
HM8,block_pam,1,boundary,5,7,1.7838682250434823e-07,False,6912,15925248,512,512
HM8,block_pam,1,boundary,5,8,1.3038259755445782e-07,False,6912,15925248,512,512
HM8,block_pam,1,boundary,5,9,1.137284124856513e-07,False,6912,15925248,512,512
HM8,block_pam,1,boundary,5,10,1.1248220254761987e-07,False,6912,15925248,512,512
HM8,block_pam,1,boundary,5,11,9.173947117491678e-08,False,6912,15925248,512,512
HM8,block_pam,1,boundary,5,12,8.766801525234167e-08,False,6912,15925248,512,512
HM8,block_pam,1,boundary,5,13,7.3754241260971e-08,False,6912,15925248,512,512
HM8,block_pam,1,boundary,5,14,5.474836936368748e-08,False,6912,15925248,512,512
HM8,block_pam,1,boundary,5,15,4.060942821451811e-08,False,6912,15925248,512,512
HM8,block_pam,1,boundary,5,16,3.4596142056434185e-08,False,6912,15925248,512,512
HM8,block_pam,1,boundary,5,17,2.8321412118812082e-08,False,6912,15925248,512,512
HM8,block_pam,1,boundary,5,18,2.389175443978681e-08,False,6912,15925248,512,512
HM8,block_pam,1,boundary,5,19,2.2143846318133025e-08,False,6912,15925248,512,512
HM8,block_pam,1,boundary,5,20,2.141159512239359e-08,False,6912,15925248,512,512
HM8,block_pam,1,boundary,5,21,1.9810330501878403e-08,False,6912,15925248,512,512
HM8,block_pam,1,boundary,5,22,1.8112778791168435e-08,False,6912,15925248,512,512
HM8,block_pam,1,boundary,5,23,1.7668781829930165e-08,False,6912,15925248,512,512
HM8,block_pam,1,boundary,5,24,1.6264922722839185e-08,False,6912,15925248,512,512
HM8,block_pam,1,boundary,5,25,1.52257134902196e-08,False,6912,15925248,512,512
HM8,block_pam,1,boundary,5,26,1.407504052769553e-08,False,6912,15925248,512,512
HM8,block_pam,1,boundary,5,27,1.352258159918422e-08,False,6912,15925248,512,512
HM8,block_pam,1,boundary,5,28,1.2520482161985061e-08,False,6912,15925248,512,512
HM8,block_pam,1,boundary,5,29,1.2120457561976668e-08,False,6912,15925248,512,512
HM8,block_pam,1,boundary,5,30,1.1785120780221618e-08,False,6912,15925248,512,512
HM8,block_pam,1,boundary,5,31,1.1202668914927394e-08,False,6912,15925248,512,512
HM8,block_pam,1,boundary,5,32,1.1035749735343413e-08,False,6912,15925248,512,512
HM8,block_pam,1,boundary,6,1,322808430.1635023,False,13824,7962624,512,512
HM8,block_pam,1,boundary,6,2,2301.3502242764475,False,13824,7962624,512,512
HM8,block_pam,1,boundary,6,3,3.0619773301936504e-07,False,13824,7962624,512,512
HM8,block_pam,1,boundary,6,4,2.807583040526026e-07,False,13824,7962624,512,512
HM8,block_pam,1,boundary,6,5,2.7366373971798847e-07,False,13824,7962624,512,512
HM8,block_pam,1,boundary,6,6,2.1339504232753658e-07,False,13824,7962624,512,512
HM8,block_pam,1,boundary,6,7,2.0272847757389497e-07,False,13824,7962624,512,512
HM8,block_pam,1,boundary,6,8,1.857770800287223e-07,False,13824,7962624,512,512
HM8,block_pam,1,boundary,6,9,1.5479670893147777e-07,False,13824,7962624,512,512
HM8,block_pam,1,boundary,6,10,9.559858308257801e-08,False,13824,7962624,512,512
HM8,block_pam,1,boundary,6,11,8.813865211808944e-08,False,13824,7962624,512,512
HM8,block_pam,1,boundary,6,12,8.581028407977539e-08,False,13824,7962624,512,512
HM8,block_pam,1,boundary,6,13,8.269066641489638e-08,False,13824,7962624,512,512
HM8,block_pam,1,boundary,6,14,6.580442640859263e-08,False,13824,7962624,512,512
HM8,block_pam,1,boundary,6,15,4.2032132889839826e-08,False,13824,7962624,512,512
HM8,block_pam,1,boundary,6,16,3.243074633834459e-08,False,13824,7962624,512,512
HM8,block_pam,1,boundary,6,17,3.0673486652921016e-08,False,13824,7962624,512,512
HM8,block_pam,1,boundary,6,18,2.7965525823359354e-08,False,13824,7962624,512,512
HM8,block_pam,1,boundary,6,19,2.78890300300252e-08,False,13824,7962624,512,512
HM8,block_pam,1,boundary,6,20,2.4240196614728004e-08,False,13824,7962624,512,512
HM8,block_pam,1,boundary,6,21,2.0808405087772565e-08,False,13824,7962624,512,512
HM8,block_pam,1,boundary,6,22,2.0345922225307337e-08,False,13824,7962624,512,512
HM8,block_pam,1,boundary,6,23,1.7796963586707554e-08,False,13824,7962624,512,512
HM8,block_pam,1,boundary,6,24,1.6441099843895802e-08,False,13824,7962624,512,512
HM8,block_pam,1,boundary,6,25,1.4887980019010034e-08,False,13824,7962624,512,512
HM8,block_pam,1,boundary,6,26,1.4562875496643903e-08,False,13824,7962624,512,512
HM8,block_pam,1,boundary,6,27,1.3174828511712744e-08,False,13824,7962624,512,512
HM8,block_pam,1,boundary,6,28,1.3102107677869248e-08,False,13824,7962624,512,512
HM8,block_pam,1,boundary,6,29,1.2918231758816325e-08,False,13824,7962624,512,512
HM8,block_pam,1,boundary,6,30,1.2172617114962918e-08,False,13824,7962624,512,512
HM8,block_pam,1,boundary,6,31,1.147685590615349e-08,False,13824,7962624,512,512
HM8,block_pam,1,boundary,6,32,9.772838745413472e-09,False,13824,7962624,512,512
HM8,block_pam,1,boundary,7,1,322857859.45204765,False,165888,663552,512,512
HM8,block_pam,1,boundary,7,2,190348.98709363295,False,165888,663552,512,512
HM8,block_pam,1,boundary,7,3,2163.5643614997266,False,165888,663552,512,512
HM8,block_pam,1,boundary,7,4,2.9575902679573865e-07,False,165888,663552,512,512
HM8,block_pam,1,boundary,7,5,2.640224180570356e-07,False,165888,663552,512,512
HM8,block_pam,1,boundary,7,6,1.955195057238413e-07,False,165888,663552,512,512
HM8,block_pam,1,boundary,7,7,1.939971666731988e-07,False,165888,663552,512,512
HM8,block_pam,1,boundary,7,8,1.5398403036982823e-07,False,165888,663552,512,512
HM8,block_pam,1,boundary,7,9,1.496171241038808e-07,False,165888,663552,512,512
HM8,block_pam,1,boundary,7,10,1.0752112081262787e-07,False,165888,663552,512,512
HM8,block_pam,1,boundary,7,11,9.9105744754645e-08,False,165888,663552,512,512
HM8,block_pam,1,boundary,7,12,9.734024546830892e-08,False,165888,663552,512,512
HM8,block_pam,1,boundary,7,13,6.473828326454382e-08,False,165888,663552,512,512
HM8,block_pam,1,boundary,7,14,5.508333492203473e-08,False,165888,663552,512,512
HM8,block_pam,1,boundary,7,15,4.541582411072371e-08,False,165888,663552,512,512
HM8,block_pam,1,boundary,7,16,3.467284207582264e-08,False,165888,663552,512,512
HM8,block_pam,1,boundary,7,17,3.028402420266487e-08,False,165888,663552,512,512
HM8,block_pam,1,boundary,7,18,2.6904741615473325e-08,False,165888,663552,512,512
HM8,block_pam,1,boundary,7,19,2.4424432825396685e-08,False,165888,663552,512,512
HM8,block_pam,1,boundary,7,20,2.1895671138773303e-08,False,165888,663552,512,512
HM8,block_pam,1,boundary,7,21,1.9095320380378504e-08,False,165888,663552,512,512
HM8,block_pam,1,boundary,7,22,1.779016410654475e-08,False,165888,663552,512,512
HM8,block_pam,1,boundary,7,23,1.607148271221764e-08,False,165888,663552,512,512
HM8,block_pam,1,boundary,7,24,1.573819513807718e-08,False,165888,663552,512,512
HM8,block_pam,1,boundary,7,25,1.5688888905332693e-08,False,165888,663552,512,512
HM8,block_pam,1,boundary,7,26,1.4234184520884778e-08,False,165888,663552,512,512
HM8,block_pam,1,boundary,7,27,1.3503311247475055e-08,False,165888,663552,512,512
HM8,block_pam,1,boundary,7,28,1.2843341581025095e-08,False,165888,663552,512,512
HM8,block_pam,1,boundary,7,29,1.2523072645831522e-08,False,165888,663552,512,512
HM8,block_pam,1,boundary,7,30,1.2080482318893612e-08,False,165888,663552,512,512
HM8,block_pam,1,boundary,7,31,1.127903892856664e-08,False,165888,663552,512,512
HM8,block_pam,1,boundary,7,32,1.0951054851506807e-08,False,165888,663552,512,512
HM8,block_pam,1,boundary,8,1,322777339.2585734,False,331776,331776,512,512
HM8,block_pam,1,boundary,8,2,2335.6086222920826,False,331776,331776,512,512
HM8,block_pam,1,boundary,8,3,3.1908141240488133e-07,False,331776,331776,512,512
HM8,block_pam,1,boundary,8,4,2.706873140646465e-07,False,331776,331776,512,512
HM8,block_pam,1,boundary,8,5,2.479035588999898e-07,False,331776,331776,512,512
HM8,block_pam,1,boundary,8,6,2.2562848009265887e-07,False,331776,331776,512,512
HM8,block_pam,1,boundary,8,7,2.2276488892661772e-07,False,331776,331776,512,512
HM8,block_pam,1,boundary,8,8,1.8060599004527628e-07,False,331776,331776,512,512
HM8,block_pam,1,boundary,8,9,1.8032830973802236e-07,False,331776,331776,512,512
HM8,block_pam,1,boundary,8,10,1.492624124055625e-07,False,331776,331776,512,512
HM8,block_pam,1,boundary,8,11,1.2042071798473345e-07,False,331776,331776,512,512
HM8,block_pam,1,boundary,8,12,9.913276509063247e-08,False,331776,331776,512,512
HM8,block_pam,1,boundary,8,13,9.039197993562845e-08,False,331776,331776,512,512
HM8,block_pam,1,boundary,8,14,5.650745541500744e-08,False,331776,331776,512,512
HM8,block_pam,1,boundary,8,15,4.633654663257063e-08,False,331776,331776,512,512
HM8,block_pam,1,boundary,8,16,4.15240262782932e-08,False,331776,331776,512,512
HM8,block_pam,1,boundary,8,17,3.5957493440962365e-08,False,331776,331776,512,512
HM8,block_pam,1,boundary,8,18,3.390320735071596e-08,False,331776,331776,512,512
HM8,block_pam,1,boundary,8,19,2.9836190979878515e-08,False,331776,331776,512,512
HM8,block_pam,1,boundary,8,20,2.6924324050129538e-08,False,331776,331776,512,512
HM8,block_pam,1,boundary,8,21,2.3296763868465707e-08,False,331776,331776,512,512
HM8,block_pam,1,boundary,8,22,2.319929375558629e-08,False,331776,331776,512,512
HM8,block_pam,1,boundary,8,23,2.1531817962159976e-08,False,331776,331776,512,512
HM8,block_pam,1,boundary,8,24,2.0630534054651967e-08,False,331776,331776,512,512
HM8,block_pam,1,boundary,8,25,1.837935148324377e-08,False,331776,331776,512,512
HM8,block_pam,1,boundary,8,26,1.6967446075907604e-08,False,331776,331776,512,512
HM8,block_pam,1,boundary,8,27,1.635181990409435e-08,False,331776,331776,512,512
HM8,block_pam,1,boundary,8,28,1.4622572387089655e-08,False,331776,331776,512,512
HM8,block_pam,1,boundary,8,29,1.3435375277778529e-08,False,331776,331776,512,512
HM8,block_pam,1,boundary,8,30,1.2996105593391209e-08,False,331776,331776,512,512
HM8,block_pam,1,boundary,8,31,1.1944322447753973e-08,False,331776,331776,512,512
HM8,block_pam,1,boundary,8,32,1.0666512068344996e-08,False,331776,331776,512,512
HM8,block_pam,1,boundary,9,1,322812136.0310975,False,3981312,27648,512,512
HM8,block_pam,1,boundary,9,2,193873.69702885556,False,3981312,27648,512,512
HM8,block_pam,1,boundary,9,3,2115.0559956334064,False,3981312,27648,512,512
HM8,block_pam,1,boundary,9,4,4.3674264274608497e-07,False,3981312,27648,512,512
HM8,block_pam,1,boundary,9,5,3.3529984780576536e-07,False,3981312,27648,512,512
HM8,block_pam,1,boundary,9,6,2.7466333569552154e-07,False,3981312,27648,512,512
HM8,block_pam,1,boundary,9,7,2.1690359617761184e-07,False,3981312,27648,512,512
HM8,block_pam,1,boundary,9,8,1.7156687752447904e-07,False,3981312,27648,512,512
HM8,block_pam,1,boundary,9,9,1.351646717207965e-07,False,3981312,27648,512,512
HM8,block_pam,1,boundary,9,10,1.0012006711425722e-07,False,3981312,27648,512,512
HM8,block_pam,1,boundary,9,11,9.458055117097544e-08,False,3981312,27648,512,512
HM8,block_pam,1,boundary,9,12,7.154721486496881e-08,False,3981312,27648,512,512
HM8,block_pam,1,boundary,9,13,6.618921306689005e-08,False,3981312,27648,512,512
HM8,block_pam,1,boundary,9,14,5.131330373069078e-08,False,3981312,27648,512,512
HM8,block_pam,1,boundary,9,15,4.460917697217354e-08,False,3981312,27648,512,512
HM8,block_pam,1,boundary,9,16,4.033461891111684e-08,False,3981312,27648,512,512
HM8,block_pam,1,boundary,9,17,3.1719695493176974e-08,False,3981312,27648,512,512
HM8,block_pam,1,boundary,9,18,2.5371553944674422e-08,False,3981312,27648,512,512
HM8,block_pam,1,boundary,9,19,2.5184766372240952e-08,False,3981312,27648,512,512
HM8,block_pam,1,boundary,9,20,2.2192508983785243e-08,False,3981312,27648,512,512
HM8,block_pam,1,boundary,9,21,2.0613195176024957e-08,False,3981312,27648,512,512
HM8,block_pam,1,boundary,9,22,1.8639625609117463e-08,False,3981312,27648,512,512
HM8,block_pam,1,boundary,9,23,1.8176097074850552e-08,False,3981312,27648,512,512
HM8,block_pam,1,boundary,9,24,1.7036982350491126e-08,False,3981312,27648,512,512
HM8,block_pam,1,boundary,9,25,1.5480650690004556e-08,False,3981312,27648,512,512
HM8,block_pam,1,boundary,9,26,1.434422123797349e-08,False,3981312,27648,512,512
HM8,block_pam,1,boundary,9,27,1.3684203967643614e-08,False,3981312,27648,512,512
HM8,block_pam,1,boundary,9,28,1.2742083936423498e-08,False,3981312,27648,512,512
HM8,block_pam,1,boundary,9,29,1.262793791531836e-08,False,3981312,27648,512,512
HM8,block_pam,1,boundary,9,30,1.2321238264957911e-08,False,3981312,27648,512,512
HM8,block_pam,1,boundary,9,31,1.1822594427689541e-08,False,3981312,27648,512,512
HM8,block_pam,1,boundary,9,32,1.1167984380189391e-08,False,3981312,27648,512,512
HM8,block_pam,1,boundary,10,1,322843185.5858496,False,7962624,13824,512,512
HM8,block_pam,1,boundary,10,2,2393.6976615739713,False,7962624,13824,512,512
HM8,block_pam,1,boundary,10,3,3.9247505033547144e-07,False,7962624,13824,512,512
HM8,block_pam,1,boundary,10,4,2.893114933931399e-07,False,7962624,13824,512,512
HM8,block_pam,1,boundary,10,5,2.3209906077731306e-07,False,7962624,13824,512,512
HM8,block_pam,1,boundary,10,6,1.6173238602308382e-07,False,7962624,13824,512,512
HM8,block_pam,1,boundary,10,7,1.4978856951092468e-07,False,7962624,13824,512,512
HM8,block_pam,1,boundary,10,8,1.477499818816337e-07,False,7962624,13824,512,512
HM8,block_pam,1,boundary,10,9,1.1906852781315513e-07,False,7962624,13824,512,512
HM8,block_pam,1,boundary,10,10,1.1231096784231765e-07,False,7962624,13824,512,512
HM8,block_pam,1,boundary,10,11,1.0856863054397208e-07,False,7962624,13824,512,512
HM8,block_pam,1,boundary,10,12,9.248507609528624e-08,False,7962624,13824,512,512
HM8,block_pam,1,boundary,10,13,8.121279038842499e-08,False,7962624,13824,512,512
HM8,block_pam,1,boundary,10,14,6.368433185259877e-08,False,7962624,13824,512,512
HM8,block_pam,1,boundary,10,15,4.148018515365829e-08,False,7962624,13824,512,512
HM8,block_pam,1,boundary,10,16,3.257339508083343e-08,False,7962624,13824,512,512
HM8,block_pam,1,boundary,10,17,3.086697222930948e-08,False,7962624,13824,512,512
HM8,block_pam,1,boundary,10,18,2.8086341789220074e-08,False,7962624,13824,512,512
HM8,block_pam,1,boundary,10,19,2.6017270453468525e-08,False,7962624,13824,512,512
HM8,block_pam,1,boundary,10,20,2.4744946793118526e-08,False,7962624,13824,512,512
HM8,block_pam,1,boundary,10,21,2.262158656335354e-08,False,7962624,13824,512,512
HM8,block_pam,1,boundary,10,22,2.139213874142927e-08,False,7962624,13824,512,512
HM8,block_pam,1,boundary,10,23,1.910446939766905e-08,False,7962624,13824,512,512
HM8,block_pam,1,boundary,10,24,1.7192195896736505e-08,False,7962624,13824,512,512
HM8,block_pam,1,boundary,10,25,1.695312919793442e-08,False,7962624,13824,512,512
HM8,block_pam,1,boundary,10,26,1.6401704800360878e-08,False,7962624,13824,512,512
HM8,block_pam,1,boundary,10,27,1.4526112476458569e-08,False,7962624,13824,512,512
HM8,block_pam,1,boundary,10,28,1.3111676254624762e-08,False,7962624,13824,512,512
HM8,block_pam,1,boundary,10,29,1.2267639458875861e-08,False,7962624,13824,512,512
HM8,block_pam,1,boundary,10,30,1.0929407621254276e-08,False,7962624,13824,512,512
HM8,block_pam,1,boundary,10,31,1.0754094662232588e-08,False,7962624,13824,512,512
HM8,block_pam,1,boundary,10,32,9.163680023932367e-09,False,7962624,13824,512,512
HM8,block_pam,1,boundary,11,1,322982790.9937099,False,95551488,1152,512,512
HM8,block_pam,1,boundary,11,2,201851.40696127,False,95551488,1152,512,512
HM8,block_pam,1,boundary,11,3,2095.527743382727,False,95551488,1152,512,512
HM8,block_pam,1,boundary,11,4,3.2370104575160447e-07,False,95551488,1152,512,512
HM8,block_pam,1,boundary,11,5,3.154526194742302e-07,False,95551488,1152,512,512
HM8,block_pam,1,boundary,11,6,2.318042981915645e-07,False,95551488,1152,512,512
HM8,block_pam,1,boundary,11,7,1.889320640500425e-07,False,95551488,1152,512,512
HM8,block_pam,1,boundary,11,8,1.8388975398176631e-07,False,95551488,1152,512,512
HM8,block_pam,1,boundary,11,9,1.480430617371696e-07,False,95551488,1152,512,512
HM8,block_pam,1,boundary,11,10,1.4119930164506135e-07,False,95551488,1152,512,512
HM8,block_pam,1,boundary,11,11,1.1442879252513373e-07,False,95551488,1152,512,512
HM8,block_pam,1,boundary,11,12,7.731892627947479e-08,False,95551488,1152,512,512
HM8,block_pam,1,boundary,11,13,6.154677999945267e-08,False,95551488,1152,512,512
HM8,block_pam,1,boundary,11,14,5.255904007063827e-08,False,95551488,1152,512,512
HM8,block_pam,1,boundary,11,15,4.065149606646079e-08,False,95551488,1152,512,512
HM8,block_pam,1,boundary,11,16,3.4347527146896374e-08,False,95551488,1152,512,512
HM8,block_pam,1,boundary,11,17,2.8225528845486503e-08,False,95551488,1152,512,512
HM8,block_pam,1,boundary,11,18,2.6328563595439912e-08,False,95551488,1152,512,512
HM8,block_pam,1,boundary,11,19,2.365286481730641e-08,False,95551488,1152,512,512
HM8,block_pam,1,boundary,11,20,2.269665209841353e-08,False,95551488,1152,512,512
HM8,block_pam,1,boundary,11,21,2.1555587668961735e-08,False,95551488,1152,512,512
HM8,block_pam,1,boundary,11,22,1.8283620254285877e-08,False,95551488,1152,512,512
HM8,block_pam,1,boundary,11,23,1.7237633245004453e-08,False,95551488,1152,512,512
HM8,block_pam,1,boundary,11,24,1.4872819986853412e-08,False,95551488,1152,512,512
HM8,block_pam,1,boundary,11,25,1.4157643761996008e-08,False,95551488,1152,512,512
HM8,block_pam,1,boundary,11,26,1.4001898587497097e-08,False,95551488,1152,512,512
HM8,block_pam,1,boundary,11,27,1.317245613447781e-08,False,95551488,1152,512,512
HM8,block_pam,1,boundary,11,28,1.2843846018299594e-08,False,95551488,1152,512,512
HM8,block_pam,1,boundary,11,29,1.2206064161433492e-08,False,95551488,1152,512,512
HM8,block_pam,1,boundary,11,30,1.146579589720234e-08,False,95551488,1152,512,512
HM8,block_pam,1,boundary,11,31,1.0867985360477713e-08,False,95551488,1152,512,512
HM8,block_pam,1,boundary,11,32,1.0381469605565008e-08,False,95551488,1152,512,512
HM8,block_pam,1,boundary,12,1,322781093.37627554,False,191102976,576,512,512
HM8,block_pam,1,boundary,12,2,2100.384523845258,False,191102976,576,512,512
HM8,block_pam,1,boundary,12,3,4.954027368736396e-07,False,191102976,576,512,512
HM8,block_pam,1,boundary,12,4,3.4859428194213425e-07,False,191102976,576,512,512
HM8,block_pam,1,boundary,12,5,2.664979668451513e-07,False,191102976,576,512,512
HM8,block_pam,1,boundary,12,6,2.2494001850621115e-07,False,191102976,576,512,512
HM8,block_pam,1,boundary,12,7,2.2092842820109732e-07,False,191102976,576,512,512
HM8,block_pam,1,boundary,12,8,1.958613197866998e-07,False,191102976,576,512,512
HM8,block_pam,1,boundary,12,9,1.6369637568540908e-07,False,191102976,576,512,512
HM8,block_pam,1,boundary,12,10,1.5567459597469453e-07,False,191102976,576,512,512
HM8,block_pam,1,boundary,12,11,1.1506703109361436e-07,False,191102976,576,512,512
HM8,block_pam,1,boundary,12,12,1.0365901829141209e-07,False,191102976,576,512,512
HM8,block_pam,1,boundary,12,13,8.346500178869504e-08,False,191102976,576,512,512
HM8,block_pam,1,boundary,12,14,7.064727566569574e-08,False,191102976,576,512,512
HM8,block_pam,1,boundary,12,15,4.3684477595577875e-08,False,191102976,576,512,512
HM8,block_pam,1,boundary,12,16,4.1980690887186985e-08,False,191102976,576,512,512
HM8,block_pam,1,boundary,12,17,3.212294309694621e-08,False,191102976,576,512,512
HM8,block_pam,1,boundary,12,18,2.7401381849104704e-08,False,191102976,576,512,512
HM8,block_pam,1,boundary,12,19,2.6098406761207814e-08,False,191102976,576,512,512
HM8,block_pam,1,boundary,12,20,2.2160186585026053e-08,False,191102976,576,512,512
HM8,block_pam,1,boundary,12,21,1.9333426233735584e-08,False,191102976,576,512,512
HM8,block_pam,1,boundary,12,22,1.8545467542468912e-08,False,191102976,576,512,512
HM8,block_pam,1,boundary,12,23,1.7607312781055334e-08,False,191102976,576,512,512
HM8,block_pam,1,boundary,12,24,1.6135320275076168e-08,False,191102976,576,512,512
HM8,block_pam,1,boundary,12,25,1.3744151863066628e-08,False,191102976,576,512,512
HM8,block_pam,1,boundary,12,26,1.3266633797560725e-08,False,191102976,576,512,512
HM8,block_pam,1,boundary,12,27,9.793812034682534e-09,False,191102976,576,512,512
HM8,block_pam,1,boundary,12,28,9.555612836933848e-09,False,191102976,576,512,512
HM8,block_pam,1,boundary,12,29,9.006343340943531e-09,False,191102976,576,512,512
HM8,block_pam,1,boundary,12,30,7.954395223791226e-09,False,191102976,576,512,512
HM8,block_pam,1,boundary,12,31,6.883643602703192e-09,False,191102976,576,512,512
HM8,block_pam,1,boundary,12,32,6.374538068138585e-09,False,191102976,576,512,512
HM8,block_pam,1,boundary,13,1,98809937.93199244,False,2293235712,48,512,48
HM8,block_pam,1,boundary,13,2,62287.15433613488,False,2293235712,48,512,48
HM8,block_pam,1,boundary,13,3,492.7905990585758,False,2293235712,48,512,48
HM8,block_pam,1,boundary,13,4,1.8756500758583808e-08,False,2293235712,48,512,48
HM8,block_pam,1,boundary,13,5,1.524322542003667e-08,False,2293235712,48,512,48
HM8,block_pam,1,boundary,13,6,8.514187588426069e-09,False,2293235712,48,512,48
HM8,block_pam,1,boundary,13,7,4.638220751880691e-09,False,2293235712,48,512,48
HM8,block_pam,1,boundary,13,8,3.764692754877679e-09,False,2293235712,48,512,48
HM8,block_pam,1,boundary,13,9,2.9033479997913827e-09,False,2293235712,48,512,48
HM8,block_pam,1,boundary,13,10,2.7607129150306317e-09,False,2293235712,48,512,48
HM8,block_pam,1,boundary,13,11,2.6271593089853115e-09,False,2293235712,48,512,48
HM8,block_pam,1,boundary,13,12,2.297310875326075e-09,False,2293235712,48,512,48
HM8,block_pam,1,boundary,13,13,1.8787627659321648e-09,False,2293235712,48,512,48
HM8,block_pam,1,boundary,13,14,1.8490540106426412e-09,False,2293235712,48,512,48
HM8,block_pam,1,boundary,13,15,1.6911816482353918e-09,False,2293235712,48,512,48
HM8,block_pam,1,boundary,13,16,1.503707353890082e-09,False,2293235712,48,512,48
HM8,block_pam,1,boundary,13,17,1.4010125440062926e-09,False,2293235712,48,512,48
HM8,block_pam,1,boundary,13,18,1.3455984579914067e-09,False,2293235712,48,512,48
HM8,block_pam,1,boundary,13,19,1.013986888821791e-09,False,2293235712,48,512,48
HM8,block_pam,1,boundary,13,20,6.910591022152954e-10,False,2293235712,48,512,48
HM8,block_pam,1,boundary,13,21,5.633359769850224e-10,False,2293235712,48,512,48
HM8,block_pam,1,boundary,13,22,4.654649932734675e-10,False,2293235712,48,512,48
HM8,block_pam,1,boundary,13,23,6.081079850047488e-13,False,2293235712,48,512,48
HM8,block_pam,1,boundary,13,24,5.85974782320304e-24,False,2293235712,48,512,48
HM8,block_pam,1,boundary,13,25,2.9238199864998634e-24,False,2293235712,48,512,48
HM8,block_pam,1,boundary,13,26,9.532581105687218e-25,False,2293235712,48,512,48
HM8,block_pam,1,boundary,13,27,7.812053409237543e-25,False,2293235712,48,512,48
HM8,block_pam,1,boundary,13,28,4.7543445516846e-25,False,2293235712,48,512,48
HM8,block_pam,1,boundary,13,29,3.847461844482407e-25,False,2293235712,48,512,48
HM8,block_pam,1,boundary,13,30,3.420420468895606e-25,False,2293235712,48,512,48
HM8,block_pam,1,boundary,13,31,2.3934749066042916e-25,False,2293235712,48,512,48
HM8,block_pam,1,boundary,13,32,2.1817770731809073e-25,False,2293235712,48,512,48
HM8,block_pam,1,boundary,14,1,69914039.10220194,False,4586471424,24,512,24
HM8,block_pam,1,boundary,14,2,358.91260066047005,False,4586471424,24,512,24
HM8,block_pam,1,boundary,14,3,2.330730660981146e-08,False,4586471424,24,512,24
HM8,block_pam,1,boundary,14,4,1.3226952915482232e-08,False,4586471424,24,512,24
HM8,block_pam,1,boundary,14,5,6.7965205330444425e-09,False,4586471424,24,512,24
HM8,block_pam,1,boundary,14,6,5.016332658970909e-09,False,4586471424,24,512,24
HM8,block_pam,1,boundary,14,7,3.247820373170253e-09,False,4586471424,24,512,24
HM8,block_pam,1,boundary,14,8,2.710689208455431e-09,False,4586471424,24,512,24
HM8,block_pam,1,boundary,14,9,2.388473542675637e-09,False,4586471424,24,512,24
HM8,block_pam,1,boundary,14,10,1.7350313414526443e-09,False,4586471424,24,512,24
HM8,block_pam,1,boundary,14,11,1.5891041571071434e-09,False,4586471424,24,512,24
HM8,block_pam,1,boundary,14,12,1.5380185461931293e-09,False,4586471424,24,512,24
HM8,block_pam,1,boundary,14,13,1.1948046556380894e-09,False,4586471424,24,512,24
HM8,block_pam,1,boundary,14,14,7.53818114214984e-10,False,4586471424,24,512,24
HM8,block_pam,1,boundary,14,15,5.324867464974267e-10,False,4586471424,24,512,24
HM8,block_pam,1,boundary,14,16,3.064007668532249e-14,False,4586471424,24,512,24
HM8,block_pam,1,boundary,14,17,3.3568402327733505e-24,False,4586471424,24,512,24
HM8,block_pam,1,boundary,14,18,1.6628408940502165e-24,False,4586471424,24,512,24
HM8,block_pam,1,boundary,14,19,8.79118254761184e-25,False,4586471424,24,512,24
HM8,block_pam,1,boundary,14,20,6.679554241174825e-25,False,4586471424,24,512,24
HM8,block_pam,1,boundary,14,21,5.372996856398515e-25,False,4586471424,24,512,24
HM8,block_pam,1,boundary,14,22,2.3920831509040757e-25,False,4586471424,24,512,24
HM8,block_pam,1,boundary,14,23,1.7050135695536577e-25,False,4586471424,24,512,24
HM8,block_pam,1,boundary,14,24,8.02866614618579e-26,False,4586471424,24,512,24
HM8,block_pam,1,boundary,15,1,20184457.888029452,False,55037657088,2,512,2
HM8,block_pam,1,boundary,15,2,12517.360594871972,False,55037657088,2,512,2
HM8,block_pam,2,hard,1,1,441339738.99250096,False,12,9172942848,12,512
HM8,block_pam,2,hard,1,2,29033.691164234926,False,12,9172942848,12,512
HM8,block_pam,2,hard,1,3,7.13201952540273e-08,False,12,9172942848,12,512
HM8,block_pam,2,hard,1,4,1.0396046861108993e-08,False,12,9172942848,12,512
HM8,block_pam,2,hard,1,5,5.2563298224262215e-09,False,12,9172942848,12,512
HM8,block_pam,2,hard,1,6,3.9587314215213474e-09,False,12,9172942848,12,512
HM8,block_pam,2,hard,1,7,2.5051430429614433e-09,False,12,9172942848,12,512
HM8,block_pam,2,hard,1,8,2.000428881464641e-12,False,12,9172942848,12,512
HM8,block_pam,2,hard,1,9,3.2166201169065788e-25,False,12,9172942848,12,512
HM8,block_pam,2,hard,1,10,1.5261498448283558e-25,False,12,9172942848,12,512
HM8,block_pam,2,hard,1,11,5.408867329275003e-26,False,12,9172942848,12,512
HM8,block_pam,2,hard,1,12,9.942958335112178e-42,False,12,9172942848,12,512
HM8,block_pam,2,hard,2,1,624160902.0213481,False,24,4586471424,24,512
HM8,block_pam,2,hard,2,2,41.61625075396838,False,24,4586471424,24,512
HM8,block_pam,2,hard,2,3,3.8821528347834307e-07,False,24,4586471424,24,512
HM8,block_pam,2,hard,2,4,1.097226504658753e-07,False,24,4586471424,24,512
HM8,block_pam,2,hard,2,5,8.725799590050315e-08,False,24,4586471424,24,512
HM8,block_pam,2,hard,2,6,5.1918090615354816e-08,False,24,4586471424,24,512
HM8,block_pam,2,hard,2,7,4.1174707509710995e-08,False,24,4586471424,24,512
HM8,block_pam,2,hard,2,8,3.257348324507794e-08,False,24,4586471424,24,512
HM8,block_pam,2,hard,2,9,2.4403533386367698e-08,False,24,4586471424,24,512
HM8,block_pam,2,hard,2,10,1.2990954079465555e-08,False,24,4586471424,24,512
HM8,block_pam,2,hard,2,11,9.001935621736764e-09,False,24,4586471424,24,512
HM8,block_pam,2,hard,2,12,7.206046321990342e-09,False,24,4586471424,24,512
HM8,block_pam,2,hard,2,13,6.091796362638308e-09,False,24,4586471424,24,512
HM8,block_pam,2,hard,2,14,1.7768817943849715e-22,False,24,4586471424,24,512
HM8,block_pam,2,hard,2,15,6.767572895825658e-24,False,24,4586471424,24,512
HM8,block_pam,2,hard,2,16,4.731626155106971e-24,False,24,4586471424,24,512
HM8,block_pam,2,hard,2,17,3.678773150145808e-24,False,24,4586471424,24,512
HM8,block_pam,2,hard,2,18,2.6027471193882783e-24,False,24,4586471424,24,512
HM8,block_pam,2,hard,2,19,1.3024921456086664e-24,False,24,4586471424,24,512
HM8,block_pam,2,hard,2,20,6.5343380810270195e-25,False,24,4586471424,24,512
HM8,block_pam,2,hard,2,21,3.890009695499615e-25,False,24,4586471424,24,512
HM8,block_pam,2,hard,2,22,1.4379676274191984e-40,False,24,4586471424,24,512
HM8,block_pam,2,hard,2,23,8.544789884534469e-41,False,24,4586471424,24,512
HM8,block_pam,2,hard,2,24,1.2459585687041202e-41,False,24,4586471424,24,512
HM8,block_pam,2,hard,3,1,2162111263.3009214,False,288,382205952,288,512
HM8,block_pam,2,hard,3,2,142760.99081125116,False,288,382205952,288,512
HM8,block_pam,2,hard,3,3,125.6761864060189,False,288,382205952,288,512
HM8,block_pam,2,hard,3,4,2.4162277293625686e-06,False,288,382205952,288,512
HM8,block_pam,2,hard,3,5,2.2629102454885717e-06,False,288,382205952,288,512
HM8,block_pam,2,hard,3,6,1.8823528936050001e-06,False,288,382205952,288,512
HM8,block_pam,2,hard,3,7,1.8394294850607262e-06,False,288,382205952,288,512
HM8,block_pam,2,hard,3,8,1.6171539371331312e-06,False,288,382205952,288,512
HM8,block_pam,2,hard,3,9,1.4750278597475962e-06,False,288,382205952,288,512
HM8,block_pam,2,hard,3,10,8.355745635639888e-07,False,288,382205952,288,512
HM8,block_pam,2,hard,3,11,7.005894978233678e-07,False,288,382205952,288,512
HM8,block_pam,2,hard,3,12,6.273323829714776e-07,False,288,382205952,288,512
HM8,block_pam,2,hard,3,13,5.240465024562923e-07,False,288,382205952,288,512
HM8,block_pam,2,hard,3,14,4.530218323341811e-07,False,288,382205952,288,512
HM8,block_pam,2,hard,3,15,3.437773868721422e-07,False,288,382205952,288,512
HM8,block_pam,2,hard,3,16,2.654317927045597e-07,False,288,382205952,288,512
HM8,block_pam,2,hard,3,17,2.50027249952862e-07,False,288,382205952,288,512
HM8,block_pam,2,hard,3,18,1.865051612216049e-07,False,288,382205952,288,512
HM8,block_pam,2,hard,3,19,1.612262778101926e-07,False,288,382205952,288,512
HM8,block_pam,2,hard,3,20,1.559793942676178e-07,False,288,382205952,288,512
HM8,block_pam,2,hard,3,21,1.3975674040459644e-07,False,288,382205952,288,512
HM8,block_pam,2,hard,3,22,1.3428458039734318e-07,False,288,382205952,288,512
HM8,block_pam,2,hard,3,23,1.2240054184826015e-07,False,288,382205952,288,512
HM8,block_pam,2,hard,3,24,1.1577103044118373e-07,False,288,382205952,288,512
HM8,block_pam,2,hard,3,25,1.087101702279026e-07,False,288,382205952,288,512
HM8,block_pam,2,hard,3,26,1.0259223332433387e-07,False,288,382205952,288,512
HM8,block_pam,2,hard,3,27,8.776913845233733e-08,False,288,382205952,288,512
HM8,block_pam,2,hard,3,28,8.413258891406023e-08,False,288,382205952,288,512
HM8,block_pam,2,hard,3,29,7.994394813308895e-08,False,288,382205952,288,512
HM8,block_pam,2,hard,3,30,7.400846613673512e-08,False,288,382205952,288,512
HM8,block_pam,2,hard,3,31,6.969448036382034e-08,False,288,382205952,288,512
HM8,block_pam,2,hard,3,32,6.251091935289525e-08,False,288,382205952,288,512
HM8,block_pam,2,hard,4,1,2882779863.2272778,False,576,191102976,512,512
HM8,block_pam,2,hard,4,2,236.57119203467812,False,576,191102976,512,512
HM8,block_pam,2,hard,4,3,4.280519589286856e-06,False,576,191102976,512,512
HM8,block_pam,2,hard,4,4,4.251426484609317e-06,False,576,191102976,512,512
HM8,block_pam,2,hard,4,5,3.0030742008245147e-06,False,576,191102976,512,512
HM8,block_pam,2,hard,4,6,2.601081185510687e-06,False,576,191102976,512,512
HM8,block_pam,2,hard,4,7,2.4626695768520244e-06,False,576,191102976,512,512
HM8,block_pam,2,hard,4,8,2.040334240577265e-06,False,576,191102976,512,512
HM8,block_pam,2,hard,4,9,1.7758583289752581e-06,False,576,191102976,512,512
HM8,block_pam,2,hard,4,10,1.696343721643757e-06,False,576,191102976,512,512
HM8,block_pam,2,hard,4,11,1.0026759950420516e-06,False,576,191102976,512,512
HM8,block_pam,2,hard,4,12,9.696211236548423e-07,False,576,191102976,512,512
HM8,block_pam,2,hard,4,13,8.07651127578423e-07,False,576,191102976,512,512
HM8,block_pam,2,hard,4,14,5.597311564245765e-07,False,576,191102976,512,512
HM8,block_pam,2,hard,4,15,4.927442701693539e-07,False,576,191102976,512,512
HM8,block_pam,2,hard,4,16,3.398989616836228e-07,False,576,191102976,512,512
HM8,block_pam,2,hard,4,17,3.1985956302582356e-07,False,576,191102976,512,512
HM8,block_pam,2,hard,4,18,2.502507546872825e-07,False,576,191102976,512,512
HM8,block_pam,2,hard,4,19,2.3937122976908666e-07,False,576,191102976,512,512
HM8,block_pam,2,hard,4,20,2.2527946094372977e-07,False,576,191102976,512,512
HM8,block_pam,2,hard,4,21,2.036370745922543e-07,False,576,191102976,512,512
HM8,block_pam,2,hard,4,22,1.727971824210319e-07,False,576,191102976,512,512
HM8,block_pam,2,hard,4,23,1.5640230142711012e-07,False,576,191102976,512,512
HM8,block_pam,2,hard,4,24,1.4382485200309307e-07,False,576,191102976,512,512
HM8,block_pam,2,hard,4,25,1.2722511658739845e-07,False,576,191102976,512,512
HM8,block_pam,2,hard,4,26,1.1731313926746632e-07,False,576,191102976,512,512
HM8,block_pam,2,hard,4,27,1.0960580682248921e-07,False,576,191102976,512,512
HM8,block_pam,2,hard,4,28,9.604196779830231e-08,False,576,191102976,512,512
HM8,block_pam,2,hard,4,29,8.116600203902087e-08,False,576,191102976,512,512
HM8,block_pam,2,hard,4,30,7.658140637218362e-08,False,576,191102976,512,512
HM8,block_pam,2,hard,4,31,6.629347541581021e-08,False,576,191102976,512,512
HM8,block_pam,2,hard,4,32,5.937547474700999e-08,False,576,191102976,512,512
HM8,block_pam,2,hard,5,1,2882859888.964495,False,6912,15925248,512,512
HM8,block_pam,2,hard,5,2,201459.57216682239,False,6912,15925248,512,512
HM8,block_pam,2,hard,5,3,227.80382220171276,False,6912,15925248,512,512
HM8,block_pam,2,hard,5,4,1.9840917573146184e-06,False,6912,15925248,512,512
HM8,block_pam,2,hard,5,5,1.9171813927971362e-06,False,6912,15925248,512,512
HM8,block_pam,2,hard,5,6,1.6659310154061794e-06,False,6912,15925248,512,512
HM8,block_pam,2,hard,5,7,1.3225229712399808e-06,False,6912,15925248,512,512
HM8,block_pam,2,hard,5,8,1.2712760555156415e-06,False,6912,15925248,512,512
HM8,block_pam,2,hard,5,9,1.090923009919558e-06,False,6912,15925248,512,512
HM8,block_pam,2,hard,5,10,1.0612254452027742e-06,False,6912,15925248,512,512
HM8,block_pam,2,hard,5,11,8.757378317142196e-07,False,6912,15925248,512,512
HM8,block_pam,2,hard,5,12,7.99379087103879e-07,False,6912,15925248,512,512
HM8,block_pam,2,hard,5,13,6.739911513371812e-07,False,6912,15925248,512,512
HM8,block_pam,2,hard,5,14,5.392187157050984e-07,False,6912,15925248,512,512
HM8,block_pam,2,hard,5,15,4.14017271846001e-07,False,6912,15925248,512,512
HM8,block_pam,2,hard,5,16,3.425875984733239e-07,False,6912,15925248,512,512
HM8,block_pam,2,hard,5,17,2.995137131580368e-07,False,6912,15925248,512,512
HM8,block_pam,2,hard,5,18,2.6681961925687364e-07,False,6912,15925248,512,512
HM8,block_pam,2,hard,5,19,2.3361117863660841e-07,False,6912,15925248,512,512
HM8,block_pam,2,hard,5,20,2.2969440260205275e-07,False,6912,15925248,512,512
HM8,block_pam,2,hard,5,21,2.123536407878936e-07,False,6912,15925248,512,512
HM8,block_pam,2,hard,5,22,2.0374664565984e-07,False,6912,15925248,512,512
HM8,block_pam,2,hard,5,23,1.7812200183597275e-07,False,6912,15925248,512,512
HM8,block_pam,2,hard,5,24,1.5541220049482188e-07,False,6912,15925248,512,512
HM8,block_pam,2,hard,5,25,1.4168030340621426e-07,False,6912,15925248,512,512
HM8,block_pam,2,hard,5,26,1.3428949206389488e-07,False,6912,15925248,512,512
HM8,block_pam,2,hard,5,27,1.2424834438187251e-07,False,6912,15925248,512,512
HM8,block_pam,2,hard,5,28,1.1464632404214986e-07,False,6912,15925248,512,512
HM8,block_pam,2,hard,5,29,1.0720212521365102e-07,False,6912,15925248,512,512
HM8,block_pam,2,hard,5,30,1.0423595160129196e-07,False,6912,15925248,512,512
HM8,block_pam,2,hard,5,31,1.006766003096904e-07,False,6912,15925248,512,512
HM8,block_pam,2,hard,5,32,9.727125534027883e-08,False,6912,15925248,512,512
HM8,block_pam,2,hard,6,1,2882781437.3711734,False,13824,7962624,512,512
HM8,block_pam,2,hard,6,2,257.95657863368035,False,13824,7962624,512,512
HM8,block_pam,2,hard,6,3,3.826630399442832e-06,False,13824,7962624,512,512
HM8,block_pam,2,hard,6,4,3.7142124373358126e-06,False,13824,7962624,512,512
HM8,block_pam,2,hard,6,5,2.810098883518717e-06,False,13824,7962624,512,512
HM8,block_pam,2,hard,6,6,2.105157399197283e-06,False,13824,7962624,512,512
HM8,block_pam,2,hard,6,7,1.8265263754826543e-06,False,13824,7962624,512,512
HM8,block_pam,2,hard,6,8,1.5983956038531327e-06,False,13824,7962624,512,512
HM8,block_pam,2,hard,6,9,1.181588426615732e-06,False,13824,7962624,512,512
HM8,block_pam,2,hard,6,10,1.10987403529127e-06,False,13824,7962624,512,512
HM8,block_pam,2,hard,6,11,9.771259144593488e-07,False,13824,7962624,512,512
HM8,block_pam,2,hard,6,12,8.801008756378636e-07,False,13824,7962624,512,512
HM8,block_pam,2,hard,6,13,6.87314981374013e-07,False,13824,7962624,512,512
HM8,block_pam,2,hard,6,14,5.178082996748204e-07,False,13824,7962624,512,512
HM8,block_pam,2,hard,6,15,3.740132518354834e-07,False,13824,7962624,512,512
HM8,block_pam,2,hard,6,16,3.1976426658783024e-07,False,13824,7962624,512,512
HM8,block_pam,2,hard,6,17,2.871800347026937e-07,False,13824,7962624,512,512
HM8,block_pam,2,hard,6,18,2.564227682153836e-07,False,13824,7962624,512,512
HM8,block_pam,2,hard,6,19,2.288432545717459e-07,False,13824,7962624,512,512
HM8,block_pam,2,hard,6,20,2.111082174555156e-07,False,13824,7962624,512,512
HM8,block_pam,2,hard,6,21,1.9651122387959257e-07,False,13824,7962624,512,512
HM8,block_pam,2,hard,6,22,1.7689309180038415e-07,False,13824,7962624,512,512
HM8,block_pam,2,hard,6,23,1.6879465972453293e-07,False,13824,7962624,512,512
HM8,block_pam,2,hard,6,24,1.6302765982230835e-07,False,13824,7962624,512,512
HM8,block_pam,2,hard,6,25,1.4456103419555345e-07,False,13824,7962624,512,512
HM8,block_pam,2,hard,6,26,1.3459512601852167e-07,False,13824,7962624,512,512
HM8,block_pam,2,hard,6,27,1.2116320650750108e-07,False,13824,7962624,512,512
HM8,block_pam,2,hard,6,28,1.1015157411639238e-07,False,13824,7962624,512,512
HM8,block_pam,2,hard,6,29,1.0707635468509847e-07,False,13824,7962624,512,512
HM8,block_pam,2,hard,6,30,1.0644799331122425e-07,False,13824,7962624,512,512
HM8,block_pam,2,hard,6,31,9.078248874951539e-08,False,13824,7962624,512,512
HM8,block_pam,2,hard,6,32,8.586924839423685e-08,False,13824,7962624,512,512
HM8,block_pam,2,hard,7,1,2882845121.099888,False,165888,663552,512,512
HM8,block_pam,2,hard,7,2,208548.28704404988,False,165888,663552,512,512
HM8,block_pam,2,hard,7,3,260.42996962698163,False,165888,663552,512,512
HM8,block_pam,2,hard,7,4,1.8585041418230697e-06,False,165888,663552,512,512
HM8,block_pam,2,hard,7,5,1.7723387052124906e-06,False,165888,663552,512,512
HM8,block_pam,2,hard,7,6,1.3854412868448232e-06,False,165888,663552,512,512
HM8,block_pam,2,hard,7,7,1.3530891247956644e-06,False,165888,663552,512,512
HM8,block_pam,2,hard,7,8,1.1602148890182295e-06,False,165888,663552,512,512
HM8,block_pam,2,hard,7,9,1.0794878200204576e-06,False,165888,663552,512,512
HM8,block_pam,2,hard,7,10,9.598671071215352e-07,False,165888,663552,512,512
HM8,block_pam,2,hard,7,11,7.298941421214907e-07,False,165888,663552,512,512
HM8,block_pam,2,hard,7,12,5.642103814096926e-07,False,165888,663552,512,512
HM8,block_pam,2,hard,7,13,3.952843752527076e-07,False,165888,663552,512,512
HM8,block_pam,2,hard,7,14,3.374261843451953e-07,False,165888,663552,512,512
HM8,block_pam,2,hard,7,15,2.416634832252358e-07,False,165888,663552,512,512
HM8,block_pam,2,hard,7,16,2.1849171815288733e-07,False,165888,663552,512,512
HM8,block_pam,2,hard,7,17,2.1632196038276681e-07,False,165888,663552,512,512
HM8,block_pam,2,hard,7,18,1.9029224667989803e-07,False,165888,663552,512,512
HM8,block_pam,2,hard,7,19,1.8227476425060796e-07,False,165888,663552,512,512
HM8,block_pam,2,hard,7,20,1.7429468398107822e-07,False,165888,663552,512,512
HM8,block_pam,2,hard,7,21,1.589327649793557e-07,False,165888,663552,512,512
HM8,block_pam,2,hard,7,22,1.4755145266678346e-07,False,165888,663552,512,512
HM8,block_pam,2,hard,7,23,1.3901523996308856e-07,False,165888,663552,512,512
HM8,block_pam,2,hard,7,24,1.246033237154701e-07,False,165888,663552,512,512
HM8,block_pam,2,hard,7,25,1.2025193634481273e-07,False,165888,663552,512,512
HM8,block_pam,2,hard,7,26,1.1203759028047324e-07,False,165888,663552,512,512
HM8,block_pam,2,hard,7,27,1.0914463475625403e-07,False,165888,663552,512,512
HM8,block_pam,2,hard,7,28,1.0213545847467299e-07,False,165888,663552,512,512
HM8,block_pam,2,hard,7,29,9.734347892687562e-08,False,165888,663552,512,512
HM8,block_pam,2,hard,7,30,9.367959387813471e-08,False,165888,663552,512,512
HM8,block_pam,2,hard,7,31,8.961750855953675e-08,False,165888,663552,512,512
HM8,block_pam,2,hard,7,32,8.703815744230905e-08,False,165888,663552,512,512
HM8,block_pam,2,hard,8,1,2882821318.4995914,False,331776,331776,512,512
HM8,block_pam,2,hard,8,2,298.0101825883622,False,331776,331776,512,512
HM8,block_pam,2,hard,8,3,3.726419839500261e-06,False,331776,331776,512,512
HM8,block_pam,2,hard,8,4,2.739955248420298e-06,False,331776,331776,512,512
HM8,block_pam,2,hard,8,5,2.132409170620582e-06,False,331776,331776,512,512
HM8,block_pam,2,hard,8,6,2.06116413959446e-06,False,331776,331776,512,512
HM8,block_pam,2,hard,8,7,1.4088119203151223e-06,False,331776,331776,512,512
HM8,block_pam,2,hard,8,8,1.233417353982749e-06,False,331776,331776,512,512
HM8,block_pam,2,hard,8,9,1.1773593570247975e-06,False,331776,331776,512,512
HM8,block_pam,2,hard,8,10,1.0925834129190076e-06,False,331776,331776,512,512
HM8,block_pam,2,hard,8,11,1.0379864942933391e-06,False,331776,331776,512,512
HM8,block_pam,2,hard,8,12,9.259263645643565e-07,False,331776,331776,512,512
HM8,block_pam,2,hard,8,13,6.746597732739897e-07,False,331776,331776,512,512
HM8,block_pam,2,hard,8,14,5.834997148528891e-07,False,331776,331776,512,512
HM8,block_pam,2,hard,8,15,3.9162106379745113e-07,False,331776,331776,512,512
HM8,block_pam,2,hard,8,16,3.0698902890875205e-07,False,331776,331776,512,512
HM8,block_pam,2,hard,8,17,2.8591049784056246e-07,False,331776,331776,512,512
HM8,block_pam,2,hard,8,18,2.635618060362449e-07,False,331776,331776,512,512
HM8,block_pam,2,hard,8,19,2.3267489629089356e-07,False,331776,331776,512,512
HM8,block_pam,2,hard,8,20,2.272518963042902e-07,False,331776,331776,512,512
HM8,block_pam,2,hard,8,21,2.0342398003945677e-07,False,331776,331776,512,512
HM8,block_pam,2,hard,8,22,1.950895987613315e-07,False,331776,331776,512,512
HM8,block_pam,2,hard,8,23,1.8684814803240517e-07,False,331776,331776,512,512
HM8,block_pam,2,hard,8,24,1.631031229482329e-07,False,331776,331776,512,512
HM8,block_pam,2,hard,8,25,1.5444669664596465e-07,False,331776,331776,512,512
HM8,block_pam,2,hard,8,26,1.4952478752326191e-07,False,331776,331776,512,512
HM8,block_pam,2,hard,8,27,1.38540123422777e-07,False,331776,331776,512,512
HM8,block_pam,2,hard,8,28,1.2616468909922856e-07,False,331776,331776,512,512
HM8,block_pam,2,hard,8,29,1.101570415324838e-07,False,331776,331776,512,512
HM8,block_pam,2,hard,8,30,1.0346501012312136e-07,False,331776,331776,512,512
HM8,block_pam,2,hard,8,31,9.951104825473743e-08,False,331776,331776,512,512
HM8,block_pam,2,hard,8,32,9.453625485956069e-08,False,331776,331776,512,512
HM8,block_pam,2,hard,9,1,2882818737.401598,False,3981312,27648,512,512
HM8,block_pam,2,hard,9,2,197226.9131903292,False,3981312,27648,512,512
HM8,block_pam,2,hard,9,3,250.17111254517877,False,3981312,27648,512,512
HM8,block_pam,2,hard,9,4,2.3919196261085377e-06,False,3981312,27648,512,512
HM8,block_pam,2,hard,9,5,2.3049544594896596e-06,False,3981312,27648,512,512
HM8,block_pam,2,hard,9,6,1.8934314777655068e-06,False,3981312,27648,512,512
HM8,block_pam,2,hard,9,7,1.698435970872434e-06,False,3981312,27648,512,512
HM8,block_pam,2,hard,9,8,1.4980101979973435e-06,False,3981312,27648,512,512
HM8,block_pam,2,hard,9,9,1.3308665780990035e-06,False,3981312,27648,512,512
HM8,block_pam,2,hard,9,10,1.0125608612296442e-06,False,3981312,27648,512,512
HM8,block_pam,2,hard,9,11,9.380720630288712e-07,False,3981312,27648,512,512
HM8,block_pam,2,hard,9,12,8.550656174781501e-07,False,3981312,27648,512,512
HM8,block_pam,2,hard,9,13,8.069017450586891e-07,False,3981312,27648,512,512
HM8,block_pam,2,hard,9,14,6.837777423576401e-07,False,3981312,27648,512,512
HM8,block_pam,2,hard,9,15,3.714482909837477e-07,False,3981312,27648,512,512
HM8,block_pam,2,hard,9,16,2.9707180462900215e-07,False,3981312,27648,512,512
HM8,block_pam,2,hard,9,17,2.6216367567241764e-07,False,3981312,27648,512,512
HM8,block_pam,2,hard,9,18,2.5833702018821836e-07,False,3981312,27648,512,512
HM8,block_pam,2,hard,9,19,2.2354016211309323e-07,False,3981312,27648,512,512
HM8,block_pam,2,hard,9,20,1.8800888538197542e-07,False,3981312,27648,512,512
HM8,block_pam,2,hard,9,21,1.7082040113692099e-07,False,3981312,27648,512,512
HM8,block_pam,2,hard,9,22,1.6527713681978747e-07,False,3981312,27648,512,512
HM8,block_pam,2,hard,9,23,1.4947435570294004e-07,False,3981312,27648,512,512
HM8,block_pam,2,hard,9,24,1.4210050872583402e-07,False,3981312,27648,512,512
HM8,block_pam,2,hard,9,25,1.362635678385024e-07,False,3981312,27648,512,512
HM8,block_pam,2,hard,9,26,1.241069291185513e-07,False,3981312,27648,512,512
HM8,block_pam,2,hard,9,27,1.240103044242901e-07,False,3981312,27648,512,512
HM8,block_pam,2,hard,9,28,1.152800937556377e-07,False,3981312,27648,512,512
HM8,block_pam,2,hard,9,29,1.1139316120059446e-07,False,3981312,27648,512,512
HM8,block_pam,2,hard,9,30,1.0479432733408954e-07,False,3981312,27648,512,512
HM8,block_pam,2,hard,9,31,9.920123459238466e-08,False,3981312,27648,512,512
HM8,block_pam,2,hard,9,32,9.600530000509711e-08,False,3981312,27648,512,512
HM8,block_pam,2,hard,10,1,2882807524.3286486,False,7962624,13824,512,512
HM8,block_pam,2,hard,10,2,272.00733762273984,False,7962624,13824,512,512
HM8,block_pam,2,hard,10,3,3.6066128183003876e-06,False,7962624,13824,512,512
HM8,block_pam,2,hard,10,4,2.565539815022169e-06,False,7962624,13824,512,512
HM8,block_pam,2,hard,10,5,2.2130640827780933e-06,False,7962624,13824,512,512
HM8,block_pam,2,hard,10,6,2.1569841588686443e-06,False,7962624,13824,512,512
HM8,block_pam,2,hard,10,7,1.997426324456142e-06,False,7962624,13824,512,512
HM8,block_pam,2,hard,10,8,1.3690667543193925e-06,False,7962624,13824,512,512
HM8,block_pam,2,hard,10,9,1.3030303771020116e-06,False,7962624,13824,512,512
HM8,block_pam,2,hard,10,10,1.2009379628002084e-06,False,7962624,13824,512,512
HM8,block_pam,2,hard,10,11,9.723399869957084e-07,False,7962624,13824,512,512
HM8,block_pam,2,hard,10,12,9.281678842440046e-07,False,7962624,13824,512,512
HM8,block_pam,2,hard,10,13,7.696364191955412e-07,False,7962624,13824,512,512
HM8,block_pam,2,hard,10,14,5.850775658507519e-07,False,7962624,13824,512,512
HM8,block_pam,2,hard,10,15,4.6089874172339027e-07,False,7962624,13824,512,512
HM8,block_pam,2,hard,10,16,3.426482985816229e-07,False,7962624,13824,512,512
HM8,block_pam,2,hard,10,17,3.1833882419398563e-07,False,7962624,13824,512,512
HM8,block_pam,2,hard,10,18,2.6716051405371134e-07,False,7962624,13824,512,512
HM8,block_pam,2,hard,10,19,2.5382152621225106e-07,False,7962624,13824,512,512
HM8,block_pam,2,hard,10,20,2.307334426309077e-07,False,7962624,13824,512,512
HM8,block_pam,2,hard,10,21,2.0358679230663778e-07,False,7962624,13824,512,512
HM8,block_pam,2,hard,10,22,1.86792558289314e-07,False,7962624,13824,512,512
HM8,block_pam,2,hard,10,23,1.6415511013730783e-07,False,7962624,13824,512,512
HM8,block_pam,2,hard,10,24,1.4593640583018713e-07,False,7962624,13824,512,512
HM8,block_pam,2,hard,10,25,1.379810350960354e-07,False,7962624,13824,512,512
HM8,block_pam,2,hard,10,26,1.278898761857539e-07,False,7962624,13824,512,512
HM8,block_pam,2,hard,10,27,1.2388915148514487e-07,False,7962624,13824,512,512
HM8,block_pam,2,hard,10,28,1.0545818713952833e-07,False,7962624,13824,512,512
HM8,block_pam,2,hard,10,29,9.946553421515423e-08,False,7962624,13824,512,512
HM8,block_pam,2,hard,10,30,9.456474086762116e-08,False,7962624,13824,512,512
HM8,block_pam,2,hard,10,31,9.244462376567615e-08,False,7962624,13824,512,512
HM8,block_pam,2,hard,10,32,8.059656177711838e-08,False,7962624,13824,512,512
HM8,block_pam,2,hard,11,1,2882821112.022848,False,95551488,1152,512,512
HM8,block_pam,2,hard,11,2,199868.29421028486,False,95551488,1152,512,512
HM8,block_pam,2,hard,11,3,232.1197708565028,False,95551488,1152,512,512
HM8,block_pam,2,hard,11,4,2.8350308219626727e-06,False,95551488,1152,512,512
HM8,block_pam,2,hard,11,5,2.4660904205180237e-06,False,95551488,1152,512,512
HM8,block_pam,2,hard,11,6,1.956647539650842e-06,False,95551488,1152,512,512
HM8,block_pam,2,hard,11,7,1.8440551209720841e-06,False,95551488,1152,512,512
HM8,block_pam,2,hard,11,8,1.4572398777609538e-06,False,95551488,1152,512,512
HM8,block_pam,2,hard,11,9,1.1193868949007987e-06,False,95551488,1152,512,512
HM8,block_pam,2,hard,11,10,1.046809869675322e-06,False,95551488,1152,512,512
HM8,block_pam,2,hard,11,11,8.352639958865181e-07,False,95551488,1152,512,512
HM8,block_pam,2,hard,11,12,7.531994375399284e-07,False,95551488,1152,512,512
HM8,block_pam,2,hard,11,13,6.039095475880893e-07,False,95551488,1152,512,512
HM8,block_pam,2,hard,11,14,5.180467312089387e-07,False,95551488,1152,512,512
HM8,block_pam,2,hard,11,15,4.1277878476641924e-07,False,95551488,1152,512,512
HM8,block_pam,2,hard,11,16,2.788553294646969e-07,False,95551488,1152,512,512
HM8,block_pam,2,hard,11,17,2.7293603204334343e-07,False,95551488,1152,512,512
HM8,block_pam,2,hard,11,18,2.357704764152693e-07,False,95551488,1152,512,512
HM8,block_pam,2,hard,11,19,2.3256864405745912e-07,False,95551488,1152,512,512
HM8,block_pam,2,hard,11,20,1.973316115257932e-07,False,95551488,1152,512,512
HM8,block_pam,2,hard,11,21,1.7646571377758448e-07,False,95551488,1152,512,512
HM8,block_pam,2,hard,11,22,1.5331692550397575e-07,False,95551488,1152,512,512
HM8,block_pam,2,hard,11,23,1.436970893456867e-07,False,95551488,1152,512,512
HM8,block_pam,2,hard,11,24,1.335401785483075e-07,False,95551488,1152,512,512
HM8,block_pam,2,hard,11,25,1.3140884822218403e-07,False,95551488,1152,512,512
HM8,block_pam,2,hard,11,26,1.2365148560939334e-07,False,95551488,1152,512,512
HM8,block_pam,2,hard,11,27,1.1704790455194076e-07,False,95551488,1152,512,512
HM8,block_pam,2,hard,11,28,1.0838438911441981e-07,False,95551488,1152,512,512
HM8,block_pam,2,hard,11,29,1.0201378662153484e-07,False,95551488,1152,512,512
HM8,block_pam,2,hard,11,30,9.953116998502184e-08,False,95551488,1152,512,512
HM8,block_pam,2,hard,11,31,9.934318035620393e-08,False,95551488,1152,512,512
HM8,block_pam,2,hard,11,32,9.009629407008816e-08,False,95551488,1152,512,512
HM8,block_pam,2,hard,12,1,2882767771.2927713,False,191102976,576,512,512
HM8,block_pam,2,hard,12,2,236.58949753260225,False,191102976,576,512,512
HM8,block_pam,2,hard,12,3,2.882668767340831e-06,False,191102976,576,512,512
HM8,block_pam,2,hard,12,4,2.7220602497441204e-06,False,191102976,576,512,512
HM8,block_pam,2,hard,12,5,2.0543043925318548e-06,False,191102976,576,512,512
HM8,block_pam,2,hard,12,6,1.906522981583483e-06,False,191102976,576,512,512
HM8,block_pam,2,hard,12,7,1.7219872422959985e-06,False,191102976,576,512,512
HM8,block_pam,2,hard,12,8,1.3084236296873553e-06,False,191102976,576,512,512
HM8,block_pam,2,hard,12,9,1.2344593903644138e-06,False,191102976,576,512,512
HM8,block_pam,2,hard,12,10,9.445536329429552e-07,False,191102976,576,512,512
HM8,block_pam,2,hard,12,11,9.059758958189491e-07,False,191102976,576,512,512
HM8,block_pam,2,hard,12,12,7.992063597431697e-07,False,191102976,576,512,512
HM8,block_pam,2,hard,12,13,7.274162879513949e-07,False,191102976,576,512,512
HM8,block_pam,2,hard,12,14,4.4465276685645844e-07,False,191102976,576,512,512
HM8,block_pam,2,hard,12,15,3.7382337705563314e-07,False,191102976,576,512,512
HM8,block_pam,2,hard,12,16,3.476749357543418e-07,False,191102976,576,512,512
HM8,block_pam,2,hard,12,17,3.0461485451414863e-07,False,191102976,576,512,512
HM8,block_pam,2,hard,12,18,2.3476237854088572e-07,False,191102976,576,512,512
HM8,block_pam,2,hard,12,19,2.09942328868618e-07,False,191102976,576,512,512
HM8,block_pam,2,hard,12,20,1.9971280924313412e-07,False,191102976,576,512,512
HM8,block_pam,2,hard,12,21,1.864066467387264e-07,False,191102976,576,512,512
HM8,block_pam,2,hard,12,22,1.7815023153211648e-07,False,191102976,576,512,512
HM8,block_pam,2,hard,12,23,1.4508441694043697e-07,False,191102976,576,512,512
HM8,block_pam,2,hard,12,24,1.2569564714734676e-07,False,191102976,576,512,512
HM8,block_pam,2,hard,12,25,1.1646829421134093e-07,False,191102976,576,512,512
HM8,block_pam,2,hard,12,26,1.0946957410690582e-07,False,191102976,576,512,512
HM8,block_pam,2,hard,12,27,9.571629160173291e-08,False,191102976,576,512,512
HM8,block_pam,2,hard,12,28,9.007276721797029e-08,False,191102976,576,512,512
HM8,block_pam,2,hard,12,29,8.002951467902842e-08,False,191102976,576,512,512
HM8,block_pam,2,hard,12,30,7.635219487757624e-08,False,191102976,576,512,512
HM8,block_pam,2,hard,12,31,6.384477739064737e-08,False,191102976,576,512,512
HM8,block_pam,2,hard,12,32,5.0011162366182854e-08,False,191102976,576,512,512
HM8,block_pam,2,hard,13,1,882681947.5677246,False,2293235712,48,512,48
HM8,block_pam,2,hard,13,2,61998.42489486591,False,2293235712,48,512,48
HM8,block_pam,2,hard,13,3,45.740811118815536,False,2293235712,48,512,48
HM8,block_pam,2,hard,13,4,3.5356380077265415e-07,False,2293235712,48,512,48
HM8,block_pam,2,hard,13,5,1.7314306882830514e-07,False,2293235712,48,512,48
HM8,block_pam,2,hard,13,6,9.209208748998842e-08,False,2293235712,48,512,48
HM8,block_pam,2,hard,13,7,6.17842625415668e-08,False,2293235712,48,512,48
HM8,block_pam,2,hard,13,8,4.213736465206132e-08,False,2293235712,48,512,48
HM8,block_pam,2,hard,13,9,3.675773536412513e-08,False,2293235712,48,512,48
HM8,block_pam,2,hard,13,10,2.8459328113861877e-08,False,2293235712,48,512,48
HM8,block_pam,2,hard,13,11,2.6726283768241603e-08,False,2293235712,48,512,48
HM8,block_pam,2,hard,13,12,2.2340715555400294e-08,False,2293235712,48,512,48
HM8,block_pam,2,hard,13,13,2.0918486230662773e-08,False,2293235712,48,512,48
HM8,block_pam,2,hard,13,14,1.9078727330883823e-08,False,2293235712,48,512,48
HM8,block_pam,2,hard,13,15,1.6812273981227513e-08,False,2293235712,48,512,48
HM8,block_pam,2,hard,13,16,1.6292142355839736e-08,False,2293235712,48,512,48
HM8,block_pam,2,hard,13,17,1.524708532325126e-08,False,2293235712,48,512,48
HM8,block_pam,2,hard,13,18,1.3963211326744257e-08,False,2293235712,48,512,48
HM8,block_pam,2,hard,13,19,1.126669239012772e-08,False,2293235712,48,512,48
HM8,block_pam,2,hard,13,20,1.086832088664246e-08,False,2293235712,48,512,48
HM8,block_pam,2,hard,13,21,9.420599559963037e-09,False,2293235712,48,512,48
HM8,block_pam,2,hard,13,22,4.300652258916052e-09,False,2293235712,48,512,48
HM8,block_pam,2,hard,13,23,3.971959107195033e-09,False,2293235712,48,512,48
HM8,block_pam,2,hard,13,24,2.936654803538114e-09,False,2293235712,48,512,48
HM8,block_pam,2,hard,13,25,7.461530169238657e-23,False,2293235712,48,512,48
HM8,block_pam,2,hard,13,26,4.6967937847679775e-23,False,2293235712,48,512,48
HM8,block_pam,2,hard,13,27,2.4656431085505677e-23,False,2293235712,48,512,48
HM8,block_pam,2,hard,13,28,1.5980955622177084e-23,False,2293235712,48,512,48
HM8,block_pam,2,hard,13,29,1.1096168303017052e-23,False,2293235712,48,512,48
HM8,block_pam,2,hard,13,30,8.396821935434016e-24,False,2293235712,48,512,48
HM8,block_pam,2,hard,13,31,6.814301069803814e-24,False,2293235712,48,512,48
HM8,block_pam,2,hard,13,32,5.725620784897628e-24,False,2293235712,48,512,48
HM8,block_pam,2,hard,14,1,624141434.7314013,False,4586471424,24,512,24
HM8,block_pam,2,hard,14,2,38.605618162582694,False,4586471424,24,512,24
HM8,block_pam,2,hard,14,3,1.7752926365452478e-07,False,4586471424,24,512,24
HM8,block_pam,2,hard,14,4,1.1040832517025346e-07,False,4586471424,24,512,24
HM8,block_pam,2,hard,14,5,4.814051660292713e-08,False,4586471424,24,512,24
HM8,block_pam,2,hard,14,6,2.9106342726325332e-08,False,4586471424,24,512,24
HM8,block_pam,2,hard,14,7,2.157065530029764e-08,False,4586471424,24,512,24
HM8,block_pam,2,hard,14,8,1.2938107050166798e-08,False,4586471424,24,512,24
HM8,block_pam,2,hard,14,9,1.2272408521388844e-08,False,4586471424,24,512,24
HM8,block_pam,2,hard,14,10,8.495064662491543e-09,False,4586471424,24,512,24
HM8,block_pam,2,hard,14,11,7.365525267010903e-09,False,4586471424,24,512,24
HM8,block_pam,2,hard,14,12,5.521312416614955e-09,False,4586471424,24,512,24
HM8,block_pam,2,hard,14,13,4.83725002933381e-09,False,4586471424,24,512,24
HM8,block_pam,2,hard,14,14,2.471859314011896e-09,False,4586471424,24,512,24
HM8,block_pam,2,hard,14,15,5.490594639501808e-23,False,4586471424,24,512,24
HM8,block_pam,2,hard,14,16,1.2731274010305763e-23,False,4586471424,24,512,24
HM8,block_pam,2,hard,14,17,8.336461592170577e-24,False,4586471424,24,512,24
HM8,block_pam,2,hard,14,18,5.530800751487839e-24,False,4586471424,24,512,24
HM8,block_pam,2,hard,14,19,1.1039421398797763e-24,False,4586471424,24,512,24
HM8,block_pam,2,hard,14,20,4.44505836410613e-25,False,4586471424,24,512,24
HM8,block_pam,2,hard,14,21,3.2362408773331725e-25,False,4586471424,24,512,24
HM8,block_pam,2,hard,14,22,2.4547999386831453e-40,False,4586471424,24,512,24
HM8,block_pam,2,hard,14,23,1.2649084459311817e-40,False,4586471424,24,512,24
HM8,block_pam,2,hard,14,24,2.2890050934819966e-42,False,4586471424,24,512,24
HM8,block_pam,2,hard,15,1,180196841.73128343,False,55037657088,2,512,2
HM8,block_pam,2,hard,15,2,2.1157402636169142e-08,False,55037657088,2,512,2
HM8,rankaware_proxy_pam,0,easy,1,1,2225789.4073893717,False,2,55037657088,2,512
HM8,rankaware_proxy_pam,0,easy,1,2,12587.866965755728,False,2,55037657088,2,512
HM8,rankaware_proxy_pam,0,easy,2,1,7732873.6096323775,False,24,4586471424,24,512
HM8,rankaware_proxy_pam,0,easy,2,2,2949.217569669268,False,24,4586471424,24,512
HM8,rankaware_proxy_pam,0,easy,2,3,1.8728085624506037e-09,False,24,4586471424,24,512
HM8,rankaware_proxy_pam,0,easy,2,4,1.0933324417920373e-09,False,24,4586471424,24,512
HM8,rankaware_proxy_pam,0,easy,2,5,6.654765943561311e-10,False,24,4586471424,24,512
HM8,rankaware_proxy_pam,0,easy,2,6,4.4701192046365806e-10,False,24,4586471424,24,512
HM8,rankaware_proxy_pam,0,easy,2,7,3.178746900531373e-10,False,24,4586471424,24,512
HM8,rankaware_proxy_pam,0,easy,2,8,3.0403147972032513e-10,False,24,4586471424,24,512
HM8,rankaware_proxy_pam,0,easy,2,9,2.7866002804397715e-10,False,24,4586471424,24,512
HM8,rankaware_proxy_pam,0,easy,2,10,2.068756394878586e-10,False,24,4586471424,24,512
HM8,rankaware_proxy_pam,0,easy,2,11,1.637307955124042e-10,False,24,4586471424,24,512
HM8,rankaware_proxy_pam,0,easy,2,12,1.397364740023306e-10,False,24,4586471424,24,512
HM8,rankaware_proxy_pam,0,easy,2,13,1.1356920449323844e-10,False,24,4586471424,24,512
HM8,rankaware_proxy_pam,0,easy,2,14,8.715780670611389e-11,False,24,4586471424,24,512
HM8,rankaware_proxy_pam,0,easy,2,15,6.513370075297083e-11,False,24,4586471424,24,512
HM8,rankaware_proxy_pam,0,easy,2,16,5.104390522950328e-11,False,24,4586471424,24,512
HM8,rankaware_proxy_pam,0,easy,2,17,5.9142353638280015e-25,False,24,4586471424,24,512
HM8,rankaware_proxy_pam,0,easy,2,18,2.4183632068798685e-25,False,24,4586471424,24,512
HM8,rankaware_proxy_pam,0,easy,2,19,1.7697154116389546e-25,False,24,4586471424,24,512
HM8,rankaware_proxy_pam,0,easy,2,20,3.426132117242911e-26,False,24,4586471424,24,512
HM8,rankaware_proxy_pam,0,easy,2,21,2.0156470259371865e-26,False,24,4586471424,24,512
HM8,rankaware_proxy_pam,0,easy,2,22,3.456885575545787e-27,False,24,4586471424,24,512
HM8,rankaware_proxy_pam,0,easy,2,23,1.651092137613471e-27,False,24,4586471424,24,512
HM8,rankaware_proxy_pam,0,easy,2,24,5.283526383303488e-43,False,24,4586471424,24,512
HM8,rankaware_proxy_pam,0,easy,3,1,10942122.789110068,False,48,2293235712,48,512
HM8,rankaware_proxy_pam,0,easy,3,2,58334.80422037539,False,48,2293235712,48,512
HM8,rankaware_proxy_pam,0,easy,3,3,4365.23360333342,False,48,2293235712,48,512
HM8,rankaware_proxy_pam,0,easy,3,4,1.026154933877835e-08,False,48,2293235712,48,512
HM8,rankaware_proxy_pam,0,easy,3,5,8.081394497800182e-09,False,48,2293235712,48,512
HM8,rankaware_proxy_pam,0,easy,3,6,6.89077501951175e-09,False,48,2293235712,48,512
HM8,rankaware_proxy_pam,0,easy,3,7,6.299927126241735e-09,False,48,2293235712,48,512
HM8,rankaware_proxy_pam,0,easy,3,8,4.7472659766860235e-09,False,48,2293235712,48,512
HM8,rankaware_proxy_pam,0,easy,3,9,4.192406484843097e-09,False,48,2293235712,48,512
HM8,rankaware_proxy_pam,0,easy,3,10,3.463221383207721e-09,False,48,2293235712,48,512
HM8,rankaware_proxy_pam,0,easy,3,11,3.0444050695961175e-09,False,48,2293235712,48,512
HM8,rankaware_proxy_pam,0,easy,3,12,2.918203688004609e-09,False,48,2293235712,48,512
HM8,rankaware_proxy_pam,0,easy,3,13,2.157456209422431e-09,False,48,2293235712,48,512
HM8,rankaware_proxy_pam,0,easy,3,14,1.7166018864880453e-09,False,48,2293235712,48,512
HM8,rankaware_proxy_pam,0,easy,3,15,1.6749951058320915e-09,False,48,2293235712,48,512
HM8,rankaware_proxy_pam,0,easy,3,16,1.3258666025654277e-09,False,48,2293235712,48,512
HM8,rankaware_proxy_pam,0,easy,3,17,1.192653475298521e-09,False,48,2293235712,48,512
HM8,rankaware_proxy_pam,0,easy,3,18,1.0703031622246714e-09,False,48,2293235712,48,512
HM8,rankaware_proxy_pam,0,easy,3,19,1.0202444698202748e-09,False,48,2293235712,48,512
HM8,rankaware_proxy_pam,0,easy,3,20,8.667612152504506e-10,False,48,2293235712,48,512
HM8,rankaware_proxy_pam,0,easy,3,21,6.9234102543377e-10,False,48,2293235712,48,512
HM8,rankaware_proxy_pam,0,easy,3,22,5.68503278119289e-10,False,48,2293235712,48,512
HM8,rankaware_proxy_pam,0,easy,3,23,5.277379185961812e-10,False,48,2293235712,48,512
HM8,rankaware_proxy_pam,0,easy,3,24,4.5346098881174974e-10,False,48,2293235712,48,512
HM8,rankaware_proxy_pam,0,easy,3,25,4.22405420259802e-10,False,48,2293235712,48,512
HM8,rankaware_proxy_pam,0,easy,3,26,3.3815633701123254e-10,False,48,2293235712,48,512
HM8,rankaware_proxy_pam,0,easy,3,27,1.267828419776909e-10,False,48,2293235712,48,512
HM8,rankaware_proxy_pam,0,easy,3,28,3.7536056922417645e-25,False,48,2293235712,48,512
HM8,rankaware_proxy_pam,0,easy,3,29,2.319939401551626e-25,False,48,2293235712,48,512
HM8,rankaware_proxy_pam,0,easy,3,30,2.1623073493240033e-25,False,48,2293235712,48,512
HM8,rankaware_proxy_pam,0,easy,3,31,1.8837002704658549e-25,False,48,2293235712,48,512
HM8,rankaware_proxy_pam,0,easy,3,32,1.290053986847501e-25,False,48,2293235712,48,512
HM8,rankaware_proxy_pam,0,easy,4,1,35579580.58702555,False,576,191102976,512,512
HM8,rankaware_proxy_pam,0,easy,4,2,20036.124208761394,False,576,191102976,512,512
HM8,rankaware_proxy_pam,0,easy,4,3,4.5460257922691555e-08,False,576,191102976,512,512
HM8,rankaware_proxy_pam,0,easy,4,4,4.173938146205171e-08,False,576,191102976,512,512
HM8,rankaware_proxy_pam,0,easy,4,5,3.367359602953504e-08,False,576,191102976,512,512
HM8,rankaware_proxy_pam,0,easy,4,6,2.9015228662548564e-08,False,576,191102976,512,512
HM8,rankaware_proxy_pam,0,easy,4,7,2.6211411763179883e-08,False,576,191102976,512,512
HM8,rankaware_proxy_pam,0,easy,4,8,2.5803119008348854e-08,False,576,191102976,512,512
HM8,rankaware_proxy_pam,0,easy,4,9,2.1642818176738406e-08,False,576,191102976,512,512
HM8,rankaware_proxy_pam,0,easy,4,10,1.9910362583104337e-08,False,576,191102976,512,512
HM8,rankaware_proxy_pam,0,easy,4,11,1.4151071332313132e-08,False,576,191102976,512,512
HM8,rankaware_proxy_pam,0,easy,4,12,1.4089596177017079e-08,False,576,191102976,512,512
HM8,rankaware_proxy_pam,0,easy,4,13,9.163050909186723e-09,False,576,191102976,512,512
HM8,rankaware_proxy_pam,0,easy,4,14,7.570030698876028e-09,False,576,191102976,512,512
HM8,rankaware_proxy_pam,0,easy,4,15,5.281915365404075e-09,False,576,191102976,512,512
HM8,rankaware_proxy_pam,0,easy,4,16,4.455389602234804e-09,False,576,191102976,512,512
HM8,rankaware_proxy_pam,0,easy,4,17,4.214652445068994e-09,False,576,191102976,512,512
HM8,rankaware_proxy_pam,0,easy,4,18,3.840229732676998e-09,False,576,191102976,512,512
HM8,rankaware_proxy_pam,0,easy,4,19,3.2355029934303744e-09,False,576,191102976,512,512
HM8,rankaware_proxy_pam,0,easy,4,20,2.8579067706396947e-09,False,576,191102976,512,512
HM8,rankaware_proxy_pam,0,easy,4,21,2.607770244553624e-09,False,576,191102976,512,512
HM8,rankaware_proxy_pam,0,easy,4,22,2.410089045849974e-09,False,576,191102976,512,512
HM8,rankaware_proxy_pam,0,easy,4,23,2.1925576326185983e-09,False,576,191102976,512,512
HM8,rankaware_proxy_pam,0,easy,4,24,2.108056790596293e-09,False,576,191102976,512,512
HM8,rankaware_proxy_pam,0,easy,4,25,1.8572228367627891e-09,False,576,191102976,512,512
HM8,rankaware_proxy_pam,0,easy,4,26,1.440730584398878e-09,False,576,191102976,512,512
HM8,rankaware_proxy_pam,0,easy,4,27,1.3290380367874703e-09,False,576,191102976,512,512
HM8,rankaware_proxy_pam,0,easy,4,28,1.295017245294877e-09,False,576,191102976,512,512
HM8,rankaware_proxy_pam,0,easy,4,29,1.16626957273821e-09,False,576,191102976,512,512
HM8,rankaware_proxy_pam,0,easy,4,30,9.618535337697455e-10,False,576,191102976,512,512
HM8,rankaware_proxy_pam,0,easy,4,31,9.052526514667678e-10,False,576,191102976,512,512
HM8,rankaware_proxy_pam,0,easy,4,32,8.280436281259444e-10,False,576,191102976,512,512
HM8,rankaware_proxy_pam,0,easy,5,1,35589029.07318165,False,1152,95551488,512,512
HM8,rankaware_proxy_pam,0,easy,5,2,197299.18840545893,False,1152,95551488,512,512
HM8,rankaware_proxy_pam,0,easy,5,3,19702.409313297514,False,1152,95551488,512,512
HM8,rankaware_proxy_pam,0,easy,5,4,3.3531646202553025e-08,False,1152,95551488,512,512
HM8,rankaware_proxy_pam,0,easy,5,5,2.1707455917604883e-08,False,1152,95551488,512,512
HM8,rankaware_proxy_pam,0,easy,5,6,1.851860109824936e-08,False,1152,95551488,512,512
HM8,rankaware_proxy_pam,0,easy,5,7,1.8104291117800013e-08,False,1152,95551488,512,512
HM8,rankaware_proxy_pam,0,easy,5,8,1.6010919707295147e-08,False,1152,95551488,512,512
HM8,rankaware_proxy_pam,0,easy,5,9,1.4116117837175642e-08,False,1152,95551488,512,512
HM8,rankaware_proxy_pam,0,easy,5,10,1.2308273704670981e-08,False,1152,95551488,512,512
HM8,rankaware_proxy_pam,0,easy,5,11,1.0199689655400867e-08,False,1152,95551488,512,512
HM8,rankaware_proxy_pam,0,easy,5,12,9.15503567926151e-09,False,1152,95551488,512,512
HM8,rankaware_proxy_pam,0,easy,5,13,7.704943904267352e-09,False,1152,95551488,512,512
HM8,rankaware_proxy_pam,0,easy,5,14,4.754094555733749e-09,False,1152,95551488,512,512
HM8,rankaware_proxy_pam,0,easy,5,15,4.310552387157034e-09,False,1152,95551488,512,512
HM8,rankaware_proxy_pam,0,easy,5,16,3.6698981638770944e-09,False,1152,95551488,512,512
HM8,rankaware_proxy_pam,0,easy,5,17,3.4695371055234046e-09,False,1152,95551488,512,512
HM8,rankaware_proxy_pam,0,easy,5,18,3.3901920203995354e-09,False,1152,95551488,512,512
HM8,rankaware_proxy_pam,0,easy,5,19,2.7538484323541484e-09,False,1152,95551488,512,512
HM8,rankaware_proxy_pam,0,easy,5,20,2.598479122477955e-09,False,1152,95551488,512,512
HM8,rankaware_proxy_pam,0,easy,5,21,2.5649666066313943e-09,False,1152,95551488,512,512
HM8,rankaware_proxy_pam,0,easy,5,22,2.3437530966922967e-09,False,1152,95551488,512,512
HM8,rankaware_proxy_pam,0,easy,5,23,2.0694559649614452e-09,False,1152,95551488,512,512
HM8,rankaware_proxy_pam,0,easy,5,24,1.976032533503114e-09,False,1152,95551488,512,512
HM8,rankaware_proxy_pam,0,easy,5,25,1.824234218479999e-09,False,1152,95551488,512,512
HM8,rankaware_proxy_pam,0,easy,5,26,1.659850984356611e-09,False,1152,95551488,512,512
HM8,rankaware_proxy_pam,0,easy,5,27,1.6392029587452078e-09,False,1152,95551488,512,512
HM8,rankaware_proxy_pam,0,easy,5,28,1.5821995900287396e-09,False,1152,95551488,512,512
HM8,rankaware_proxy_pam,0,easy,5,29,1.5364454419470845e-09,False,1152,95551488,512,512
HM8,rankaware_proxy_pam,0,easy,5,30,1.407250693713029e-09,False,1152,95551488,512,512
HM8,rankaware_proxy_pam,0,easy,5,31,1.3304834585589582e-09,False,1152,95551488,512,512
HM8,rankaware_proxy_pam,0,easy,5,32,1.2674416242569813e-09,False,1152,95551488,512,512
HM8,rankaware_proxy_pam,0,easy,6,1,35520509.24253629,False,13824,7962624,512,512
HM8,rankaware_proxy_pam,0,easy,6,2,22723.08810444455,False,13824,7962624,512,512
HM8,rankaware_proxy_pam,0,easy,6,3,4.261910432895954e-08,False,13824,7962624,512,512
HM8,rankaware_proxy_pam,0,easy,6,4,3.267032473492136e-08,False,13824,7962624,512,512
HM8,rankaware_proxy_pam,0,easy,6,5,2.2040772546771992e-08,False,13824,7962624,512,512
HM8,rankaware_proxy_pam,0,easy,6,6,2.167212468123274e-08,False,13824,7962624,512,512
HM8,rankaware_proxy_pam,0,easy,6,7,2.0304536455715134e-08,False,13824,7962624,512,512
HM8,rankaware_proxy_pam,0,easy,6,8,1.6231284070379004e-08,False,13824,7962624,512,512
HM8,rankaware_proxy_pam,0,easy,6,9,1.511368136137292e-08,False,13824,7962624,512,512
HM8,rankaware_proxy_pam,0,easy,6,10,1.3458800808258804e-08,False,13824,7962624,512,512
HM8,rankaware_proxy_pam,0,easy,6,11,1.1270441535168427e-08,False,13824,7962624,512,512
HM8,rankaware_proxy_pam,0,easy,6,12,1.036334729313312e-08,False,13824,7962624,512,512
HM8,rankaware_proxy_pam,0,easy,6,13,8.016643051638967e-09,False,13824,7962624,512,512
HM8,rankaware_proxy_pam,0,easy,6,14,7.181019331931492e-09,False,13824,7962624,512,512
HM8,rankaware_proxy_pam,0,easy,6,15,5.981699929785102e-09,False,13824,7962624,512,512
HM8,rankaware_proxy_pam,0,easy,6,16,3.977055407522013e-09,False,13824,7962624,512,512
HM8,rankaware_proxy_pam,0,easy,6,17,3.84118363513324e-09,False,13824,7962624,512,512
HM8,rankaware_proxy_pam,0,easy,6,18,3.417466924937789e-09,False,13824,7962624,512,512
HM8,rankaware_proxy_pam,0,easy,6,19,3.1387483065178094e-09,False,13824,7962624,512,512
HM8,rankaware_proxy_pam,0,easy,6,20,2.857884716486158e-09,False,13824,7962624,512,512
HM8,rankaware_proxy_pam,0,easy,6,21,2.5698582077578473e-09,False,13824,7962624,512,512
HM8,rankaware_proxy_pam,0,easy,6,22,2.3177559775403284e-09,False,13824,7962624,512,512
HM8,rankaware_proxy_pam,0,easy,6,23,2.1233803704559973e-09,False,13824,7962624,512,512
HM8,rankaware_proxy_pam,0,easy,6,24,2.0083703789856398e-09,False,13824,7962624,512,512
HM8,rankaware_proxy_pam,0,easy,6,25,1.886400917224411e-09,False,13824,7962624,512,512
HM8,rankaware_proxy_pam,0,easy,6,26,1.860184545027469e-09,False,13824,7962624,512,512
HM8,rankaware_proxy_pam,0,easy,6,27,1.8040396122431306e-09,False,13824,7962624,512,512
HM8,rankaware_proxy_pam,0,easy,6,28,1.6186794880423963e-09,False,13824,7962624,512,512
HM8,rankaware_proxy_pam,0,easy,6,29,1.5290988542332257e-09,False,13824,7962624,512,512
HM8,rankaware_proxy_pam,0,easy,6,30,1.4330925171520038e-09,False,13824,7962624,512,512
HM8,rankaware_proxy_pam,0,easy,6,31,1.2956380243462114e-09,False,13824,7962624,512,512
HM8,rankaware_proxy_pam,0,easy,6,32,1.2439558585271765e-09,False,13824,7962624,512,512
HM8,rankaware_proxy_pam,0,easy,7,1,35612440.39105788,False,27648,3981312,512,512
HM8,rankaware_proxy_pam,0,easy,7,2,195825.0804480929,False,27648,3981312,512,512
HM8,rankaware_proxy_pam,0,easy,7,3,19707.575326407772,False,27648,3981312,512,512
HM8,rankaware_proxy_pam,0,easy,7,4,4.470226507941792e-08,False,27648,3981312,512,512
HM8,rankaware_proxy_pam,0,easy,7,5,2.4578192714941996e-08,False,27648,3981312,512,512
HM8,rankaware_proxy_pam,0,easy,7,6,2.273723430631967e-08,False,27648,3981312,512,512
HM8,rankaware_proxy_pam,0,easy,7,7,2.0076324886347374e-08,False,27648,3981312,512,512
HM8,rankaware_proxy_pam,0,easy,7,8,1.9423349605950688e-08,False,27648,3981312,512,512
HM8,rankaware_proxy_pam,0,easy,7,9,1.5259141909160316e-08,False,27648,3981312,512,512
HM8,rankaware_proxy_pam,0,easy,7,10,1.3041431890177661e-08,False,27648,3981312,512,512
HM8,rankaware_proxy_pam,0,easy,7,11,1.2094907173678602e-08,False,27648,3981312,512,512
HM8,rankaware_proxy_pam,0,easy,7,12,1.0177877887844896e-08,False,27648,3981312,512,512
HM8,rankaware_proxy_pam,0,easy,7,13,8.198165889233245e-09,False,27648,3981312,512,512
HM8,rankaware_proxy_pam,0,easy,7,14,6.629311897696761e-09,False,27648,3981312,512,512
HM8,rankaware_proxy_pam,0,easy,7,15,5.070970723989846e-09,False,27648,3981312,512,512
HM8,rankaware_proxy_pam,0,easy,7,16,4.076168903427016e-09,False,27648,3981312,512,512
HM8,rankaware_proxy_pam,0,easy,7,17,3.502345452837907e-09,False,27648,3981312,512,512
HM8,rankaware_proxy_pam,0,easy,7,18,3.2101925970678226e-09,False,27648,3981312,512,512
HM8,rankaware_proxy_pam,0,easy,7,19,3.1742393320869818e-09,False,27648,3981312,512,512
HM8,rankaware_proxy_pam,0,easy,7,20,2.805076206450293e-09,False,27648,3981312,512,512
HM8,rankaware_proxy_pam,0,easy,7,21,2.4888242266876567e-09,False,27648,3981312,512,512
HM8,rankaware_proxy_pam,0,easy,7,22,2.2966082990293377e-09,False,27648,3981312,512,512
HM8,rankaware_proxy_pam,0,easy,7,23,2.129133189047432e-09,False,27648,3981312,512,512
HM8,rankaware_proxy_pam,0,easy,7,24,1.9629251798529393e-09,False,27648,3981312,512,512
HM8,rankaware_proxy_pam,0,easy,7,25,1.9037356208476354e-09,False,27648,3981312,512,512
HM8,rankaware_proxy_pam,0,easy,7,26,1.8369794398374991e-09,False,27648,3981312,512,512
HM8,rankaware_proxy_pam,0,easy,7,27,1.7417161238389336e-09,False,27648,3981312,512,512
HM8,rankaware_proxy_pam,0,easy,7,28,1.619729592878197e-09,False,27648,3981312,512,512
HM8,rankaware_proxy_pam,0,easy,7,29,1.5727284779542035e-09,False,27648,3981312,512,512
HM8,rankaware_proxy_pam,0,easy,7,30,1.4744877698145814e-09,False,27648,3981312,512,512
HM8,rankaware_proxy_pam,0,easy,7,31,1.4605716917141417e-09,False,27648,3981312,512,512
HM8,rankaware_proxy_pam,0,easy,7,32,1.3674101981577743e-09,False,27648,3981312,512,512
HM8,rankaware_proxy_pam,0,easy,8,1,35510615.044414334,False,331776,331776,512,512
HM8,rankaware_proxy_pam,0,easy,8,2,23729.327671594212,False,331776,331776,512,512
HM8,rankaware_proxy_pam,0,easy,8,3,3.364279980429759e-08,False,331776,331776,512,512
HM8,rankaware_proxy_pam,0,easy,8,4,2.860887607354344e-08,False,331776,331776,512,512
HM8,rankaware_proxy_pam,0,easy,8,5,2.8521102946898718e-08,False,331776,331776,512,512
HM8,rankaware_proxy_pam,0,easy,8,6,2.1194150958828924e-08,False,331776,331776,512,512
HM8,rankaware_proxy_pam,0,easy,8,7,1.885123267356651e-08,False,331776,331776,512,512
HM8,rankaware_proxy_pam,0,easy,8,8,1.691573547331628e-08,False,331776,331776,512,512
HM8,rankaware_proxy_pam,0,easy,8,9,1.4961102047377296e-08,False,331776,331776,512,512
HM8,rankaware_proxy_pam,0,easy,8,10,1.4601580141859497e-08,False,331776,331776,512,512
HM8,rankaware_proxy_pam,0,easy,8,11,1.0986219069489321e-08,False,331776,331776,512,512
HM8,rankaware_proxy_pam,0,easy,8,12,9.579749674526927e-09,False,331776,331776,512,512
HM8,rankaware_proxy_pam,0,easy,8,13,8.323515938753455e-09,False,331776,331776,512,512
HM8,rankaware_proxy_pam,0,easy,8,14,6.311220131593571e-09,False,331776,331776,512,512
HM8,rankaware_proxy_pam,0,easy,8,15,5.314145922699825e-09,False,331776,331776,512,512
HM8,rankaware_proxy_pam,0,easy,8,16,5.0347079952981016e-09,False,331776,331776,512,512
HM8,rankaware_proxy_pam,0,easy,8,17,4.697370343035257e-09,False,331776,331776,512,512
HM8,rankaware_proxy_pam,0,easy,8,18,4.363923368215454e-09,False,331776,331776,512,512
HM8,rankaware_proxy_pam,0,easy,8,19,3.726154847576707e-09,False,331776,331776,512,512
HM8,rankaware_proxy_pam,0,easy,8,20,3.4851516596403084e-09,False,331776,331776,512,512
HM8,rankaware_proxy_pam,0,easy,8,21,2.9786200683455378e-09,False,331776,331776,512,512
HM8,rankaware_proxy_pam,0,easy,8,22,2.80982304566491e-09,False,331776,331776,512,512
HM8,rankaware_proxy_pam,0,easy,8,23,2.6610827943690897e-09,False,331776,331776,512,512
HM8,rankaware_proxy_pam,0,easy,8,24,2.321117563689067e-09,False,331776,331776,512,512
HM8,rankaware_proxy_pam,0,easy,8,25,2.2962152125536647e-09,False,331776,331776,512,512
HM8,rankaware_proxy_pam,0,easy,8,26,2.1489074511888477e-09,False,331776,331776,512,512
HM8,rankaware_proxy_pam,0,easy,8,27,1.881742525169565e-09,False,331776,331776,512,512
HM8,rankaware_proxy_pam,0,easy,8,28,1.7361712580907127e-09,False,331776,331776,512,512
HM8,rankaware_proxy_pam,0,easy,8,29,1.6820145467335904e-09,False,331776,331776,512,512
HM8,rankaware_proxy_pam,0,easy,8,30,1.480114196191808e-09,False,331776,331776,512,512
HM8,rankaware_proxy_pam,0,easy,8,31,1.3185043908911627e-09,False,331776,331776,512,512
HM8,rankaware_proxy_pam,0,easy,8,32,1.207635966561381e-09,False,331776,331776,512,512
HM8,rankaware_proxy_pam,0,easy,9,1,35664581.1438342,False,663552,165888,512,512
HM8,rankaware_proxy_pam,0,easy,9,2,193361.88643097985,False,663552,165888,512,512
HM8,rankaware_proxy_pam,0,easy,9,3,20553.46026824479,False,663552,165888,512,512
HM8,rankaware_proxy_pam,0,easy,9,4,2.8194521149439298e-08,False,663552,165888,512,512
HM8,rankaware_proxy_pam,0,easy,9,5,2.0489553247634016e-08,False,663552,165888,512,512
HM8,rankaware_proxy_pam,0,easy,9,6,1.479474448756798e-08,False,663552,165888,512,512
HM8,rankaware_proxy_pam,0,easy,9,7,1.4726265017231953e-08,False,663552,165888,512,512
HM8,rankaware_proxy_pam,0,easy,9,8,1.4307746806432e-08,False,663552,165888,512,512
HM8,rankaware_proxy_pam,0,easy,9,9,1.1811761758232963e-08,False,663552,165888,512,512
HM8,rankaware_proxy_pam,0,easy,9,10,9.97986496811749e-09,False,663552,165888,512,512
HM8,rankaware_proxy_pam,0,easy,9,11,8.293602208726061e-09,False,663552,165888,512,512
HM8,rankaware_proxy_pam,0,easy,9,12,7.478527636160052e-09,False,663552,165888,512,512
HM8,rankaware_proxy_pam,0,easy,9,13,6.367627645571112e-09,False,663552,165888,512,512
HM8,rankaware_proxy_pam,0,easy,9,14,4.5623924758506986e-09,False,663552,165888,512,512
HM8,rankaware_proxy_pam,0,easy,9,15,3.963553505402727e-09,False,663552,165888,512,512
HM8,rankaware_proxy_pam,0,easy,9,16,3.268524807701881e-09,False,663552,165888,512,512
HM8,rankaware_proxy_pam,0,easy,9,17,3.1107903488092006e-09,False,663552,165888,512,512
HM8,rankaware_proxy_pam,0,easy,9,18,2.97151325131699e-09,False,663552,165888,512,512
HM8,rankaware_proxy_pam,0,easy,9,19,2.3910531202769857e-09,False,663552,165888,512,512
HM8,rankaware_proxy_pam,0,easy,9,20,2.295966525690506e-09,False,663552,165888,512,512
HM8,rankaware_proxy_pam,0,easy,9,21,2.1899282064237266e-09,False,663552,165888,512,512
HM8,rankaware_proxy_pam,0,easy,9,22,2.010949390757373e-09,False,663552,165888,512,512
HM8,rankaware_proxy_pam,0,easy,9,23,1.9098299163418585e-09,False,663552,165888,512,512
HM8,rankaware_proxy_pam,0,easy,9,24,1.850314010989644e-09,False,663552,165888,512,512
HM8,rankaware_proxy_pam,0,easy,9,25,1.746009800671899e-09,False,663552,165888,512,512
HM8,rankaware_proxy_pam,0,easy,9,26,1.674814221444498e-09,False,663552,165888,512,512
HM8,rankaware_proxy_pam,0,easy,9,27,1.577175867338421e-09,False,663552,165888,512,512
HM8,rankaware_proxy_pam,0,easy,9,28,1.5273383761368648e-09,False,663552,165888,512,512
HM8,rankaware_proxy_pam,0,easy,9,29,1.4878428692155367e-09,False,663552,165888,512,512
HM8,rankaware_proxy_pam,0,easy,9,30,1.4486507341624753e-09,False,663552,165888,512,512
HM8,rankaware_proxy_pam,0,easy,9,31,1.3996574364477846e-09,False,663552,165888,512,512
HM8,rankaware_proxy_pam,0,easy,9,32,1.3640321791186677e-09,False,663552,165888,512,512
HM8,rankaware_proxy_pam,0,easy,10,1,35596419.46278115,False,7962624,13824,512,512
HM8,rankaware_proxy_pam,0,easy,10,2,22807.725297083947,False,7962624,13824,512,512
HM8,rankaware_proxy_pam,0,easy,10,3,4.5122535537304074e-08,False,7962624,13824,512,512
HM8,rankaware_proxy_pam,0,easy,10,4,3.318795582166691e-08,False,7962624,13824,512,512
HM8,rankaware_proxy_pam,0,easy,10,5,3.2657297748675546e-08,False,7962624,13824,512,512
HM8,rankaware_proxy_pam,0,easy,10,6,2.5477331149303186e-08,False,7962624,13824,512,512
HM8,rankaware_proxy_pam,0,easy,10,7,1.888545043401797e-08,False,7962624,13824,512,512
HM8,rankaware_proxy_pam,0,easy,10,8,1.80723641212847e-08,False,7962624,13824,512,512
HM8,rankaware_proxy_pam,0,easy,10,9,1.3373886635098241e-08,False,7962624,13824,512,512
HM8,rankaware_proxy_pam,0,easy,10,10,1.3235076804471327e-08,False,7962624,13824,512,512
HM8,rankaware_proxy_pam,0,easy,10,11,1.2915426301841321e-08,False,7962624,13824,512,512
HM8,rankaware_proxy_pam,0,easy,10,12,1.2460515757934732e-08,False,7962624,13824,512,512
HM8,rankaware_proxy_pam,0,easy,10,13,7.996079180498305e-09,False,7962624,13824,512,512
HM8,rankaware_proxy_pam,0,easy,10,14,5.725489221039914e-09,False,7962624,13824,512,512
HM8,rankaware_proxy_pam,0,easy,10,15,4.2210505996337424e-09,False,7962624,13824,512,512
HM8,rankaware_proxy_pam,0,easy,10,16,3.3769912942382663e-09,False,7962624,13824,512,512
HM8,rankaware_proxy_pam,0,easy,10,17,3.1246439905515217e-09,False,7962624,13824,512,512
HM8,rankaware_proxy_pam,0,easy,10,18,2.9032163308333847e-09,False,7962624,13824,512,512
HM8,rankaware_proxy_pam,0,easy,10,19,2.882337847827016e-09,False,7962624,13824,512,512
HM8,rankaware_proxy_pam,0,easy,10,20,2.598100393689333e-09,False,7962624,13824,512,512
HM8,rankaware_proxy_pam,0,easy,10,21,2.509426868814402e-09,False,7962624,13824,512,512
HM8,rankaware_proxy_pam,0,easy,10,22,2.2088710933622863e-09,False,7962624,13824,512,512
HM8,rankaware_proxy_pam,0,easy,10,23,1.977827332044271e-09,False,7962624,13824,512,512
HM8,rankaware_proxy_pam,0,easy,10,24,1.7840839568176387e-09,False,7962624,13824,512,512
HM8,rankaware_proxy_pam,0,easy,10,25,1.756903363155831e-09,False,7962624,13824,512,512
HM8,rankaware_proxy_pam,0,easy,10,26,1.6710963804328299e-09,False,7962624,13824,512,512
HM8,rankaware_proxy_pam,0,easy,10,27,1.5611123173247835e-09,False,7962624,13824,512,512
HM8,rankaware_proxy_pam,0,easy,10,28,1.4865959358900364e-09,False,7962624,13824,512,512
HM8,rankaware_proxy_pam,0,easy,10,29,1.3642226471903755e-09,False,7962624,13824,512,512
HM8,rankaware_proxy_pam,0,easy,10,30,1.3129770844003165e-09,False,7962624,13824,512,512
HM8,rankaware_proxy_pam,0,easy,10,31,1.1990166852296757e-09,False,7962624,13824,512,512
HM8,rankaware_proxy_pam,0,easy,10,32,1.1259724640083437e-09,False,7962624,13824,512,512
HM8,rankaware_proxy_pam,0,easy,11,1,35619679.107996,False,95551488,1152,512,512
HM8,rankaware_proxy_pam,0,easy,11,2,195644.0311883659,False,95551488,1152,512,512
HM8,rankaware_proxy_pam,0,easy,11,3,16947.725012894385,False,95551488,1152,512,512
HM8,rankaware_proxy_pam,0,easy,11,4,2.2245082183720697e-08,False,95551488,1152,512,512
HM8,rankaware_proxy_pam,0,easy,11,5,2.1171372010491397e-08,False,95551488,1152,512,512
HM8,rankaware_proxy_pam,0,easy,11,6,1.9358863783870727e-08,False,95551488,1152,512,512
HM8,rankaware_proxy_pam,0,easy,11,7,1.7078199998116205e-08,False,95551488,1152,512,512
HM8,rankaware_proxy_pam,0,easy,11,8,1.5733079900896475e-08,False,95551488,1152,512,512
HM8,rankaware_proxy_pam,0,easy,11,9,1.453826555936599e-08,False,95551488,1152,512,512
HM8,rankaware_proxy_pam,0,easy,11,10,1.365745246378322e-08,False,95551488,1152,512,512
HM8,rankaware_proxy_pam,0,easy,11,11,1.2596030582304822e-08,False,95551488,1152,512,512
HM8,rankaware_proxy_pam,0,easy,11,12,1.0902723787779716e-08,False,95551488,1152,512,512
HM8,rankaware_proxy_pam,0,easy,11,13,7.240621950466651e-09,False,95551488,1152,512,512
HM8,rankaware_proxy_pam,0,easy,11,14,5.250313308653265e-09,False,95551488,1152,512,512
HM8,rankaware_proxy_pam,0,easy,11,15,4.050135107795542e-09,False,95551488,1152,512,512
HM8,rankaware_proxy_pam,0,easy,11,16,3.833877988569744e-09,False,95551488,1152,512,512
HM8,rankaware_proxy_pam,0,easy,11,17,3.471367254915906e-09,False,95551488,1152,512,512
HM8,rankaware_proxy_pam,0,easy,11,18,3.323520318053064e-09,False,95551488,1152,512,512
HM8,rankaware_proxy_pam,0,easy,11,19,3.0641659375986396e-09,False,95551488,1152,512,512
HM8,rankaware_proxy_pam,0,easy,11,20,2.7540021711941326e-09,False,95551488,1152,512,512
HM8,rankaware_proxy_pam,0,easy,11,21,2.396610909112499e-09,False,95551488,1152,512,512
HM8,rankaware_proxy_pam,0,easy,11,22,2.307364849244704e-09,False,95551488,1152,512,512
HM8,rankaware_proxy_pam,0,easy,11,23,2.153477069436803e-09,False,95551488,1152,512,512
HM8,rankaware_proxy_pam,0,easy,11,24,2.0031567584374806e-09,False,95551488,1152,512,512
HM8,rankaware_proxy_pam,0,easy,11,25,1.936153711455494e-09,False,95551488,1152,512,512
HM8,rankaware_proxy_pam,0,easy,11,26,1.870884610676094e-09,False,95551488,1152,512,512
HM8,rankaware_proxy_pam,0,easy,11,27,1.7424699117378416e-09,False,95551488,1152,512,512
HM8,rankaware_proxy_pam,0,easy,11,28,1.620118767831549e-09,False,95551488,1152,512,512
HM8,rankaware_proxy_pam,0,easy,11,29,1.516874138210712e-09,False,95551488,1152,512,512
HM8,rankaware_proxy_pam,0,easy,11,30,1.403883181132376e-09,False,95551488,1152,512,512
HM8,rankaware_proxy_pam,0,easy,11,31,1.3671451348122318e-09,False,95551488,1152,512,512
HM8,rankaware_proxy_pam,0,easy,11,32,1.2485185701741287e-09,False,95551488,1152,512,512
HM8,rankaware_proxy_pam,0,easy,12,1,35574249.86333826,False,191102976,576,512,512
HM8,rankaware_proxy_pam,0,easy,12,2,20812.58997355731,False,191102976,576,512,512
HM8,rankaware_proxy_pam,0,easy,12,3,6.63660001676522e-08,False,191102976,576,512,512
HM8,rankaware_proxy_pam,0,easy,12,4,3.963105607376216e-08,False,191102976,576,512,512
HM8,rankaware_proxy_pam,0,easy,12,5,3.89319235660386e-08,False,191102976,576,512,512
HM8,rankaware_proxy_pam,0,easy,12,6,3.6518148368969594e-08,False,191102976,576,512,512
HM8,rankaware_proxy_pam,0,easy,12,7,2.7331944258024372e-08,False,191102976,576,512,512
HM8,rankaware_proxy_pam,0,easy,12,8,2.5729112106678632e-08,False,191102976,576,512,512
HM8,rankaware_proxy_pam,0,easy,12,9,2.1429755177362835e-08,False,191102976,576,512,512
HM8,rankaware_proxy_pam,0,easy,12,10,1.4934438781892666e-08,False,191102976,576,512,512
HM8,rankaware_proxy_pam,0,easy,12,11,1.3682758021959408e-08,False,191102976,576,512,512
HM8,rankaware_proxy_pam,0,easy,12,12,1.2620986165737047e-08,False,191102976,576,512,512
HM8,rankaware_proxy_pam,0,easy,12,13,8.663518482606424e-09,False,191102976,576,512,512
HM8,rankaware_proxy_pam,0,easy,12,14,5.8695957403409135e-09,False,191102976,576,512,512
HM8,rankaware_proxy_pam,0,easy,12,15,5.684096498570344e-09,False,191102976,576,512,512
HM8,rankaware_proxy_pam,0,easy,12,16,4.766103394106176e-09,False,191102976,576,512,512
HM8,rankaware_proxy_pam,0,easy,12,17,4.29963702645287e-09,False,191102976,576,512,512
HM8,rankaware_proxy_pam,0,easy,12,18,3.579283367208959e-09,False,191102976,576,512,512
HM8,rankaware_proxy_pam,0,easy,12,19,3.253997790478037e-09,False,191102976,576,512,512
HM8,rankaware_proxy_pam,0,easy,12,20,3.065934219777142e-09,False,191102976,576,512,512
HM8,rankaware_proxy_pam,0,easy,12,21,2.9482264404885504e-09,False,191102976,576,512,512
HM8,rankaware_proxy_pam,0,easy,12,22,2.456800262223849e-09,False,191102976,576,512,512
HM8,rankaware_proxy_pam,0,easy,12,23,2.0763283313769974e-09,False,191102976,576,512,512
HM8,rankaware_proxy_pam,0,easy,12,24,1.9671304696591224e-09,False,191102976,576,512,512
HM8,rankaware_proxy_pam,0,easy,12,25,1.7030147256154854e-09,False,191102976,576,512,512
HM8,rankaware_proxy_pam,0,easy,12,26,1.6314955302569905e-09,False,191102976,576,512,512
HM8,rankaware_proxy_pam,0,easy,12,27,1.5642960220521502e-09,False,191102976,576,512,512
HM8,rankaware_proxy_pam,0,easy,12,28,1.3140370416843043e-09,False,191102976,576,512,512
HM8,rankaware_proxy_pam,0,easy,12,29,1.204549360542291e-09,False,191102976,576,512,512
HM8,rankaware_proxy_pam,0,easy,12,30,1.125451872992742e-09,False,191102976,576,512,512
HM8,rankaware_proxy_pam,0,easy,12,31,1.1094327975239426e-09,False,191102976,576,512,512
HM8,rankaware_proxy_pam,0,easy,12,32,8.559628886953746e-10,False,191102976,576,512,512
HM8,rankaware_proxy_pam,0,easy,13,1,10897204.391889978,False,2293235712,48,512,48
HM8,rankaware_proxy_pam,0,easy,13,2,60930.013905643755,False,2293235712,48,512,48
HM8,rankaware_proxy_pam,0,easy,13,3,4591.811557360629,False,2293235712,48,512,48
HM8,rankaware_proxy_pam,0,easy,13,4,3.502799097840132e-09,False,2293235712,48,512,48
HM8,rankaware_proxy_pam,0,easy,13,5,1.2364568689904376e-09,False,2293235712,48,512,48
HM8,rankaware_proxy_pam,0,easy,13,6,5.285101957724145e-10,False,2293235712,48,512,48
HM8,rankaware_proxy_pam,0,easy,13,7,4.864368954910552e-10,False,2293235712,48,512,48
HM8,rankaware_proxy_pam,0,easy,13,8,4.209925903984339e-10,False,2293235712,48,512,48
HM8,rankaware_proxy_pam,0,easy,13,9,3.900418699752958e-10,False,2293235712,48,512,48
HM8,rankaware_proxy_pam,0,easy,13,10,3.4964806360511374e-10,False,2293235712,48,512,48
HM8,rankaware_proxy_pam,0,easy,13,11,3.007933444786609e-10,False,2293235712,48,512,48
HM8,rankaware_proxy_pam,0,easy,13,12,2.777657342781916e-10,False,2293235712,48,512,48
HM8,rankaware_proxy_pam,0,easy,13,13,2.479369873359577e-10,False,2293235712,48,512,48
HM8,rankaware_proxy_pam,0,easy,13,14,2.2924276417583062e-10,False,2293235712,48,512,48
HM8,rankaware_proxy_pam,0,easy,13,15,2.0802131085134808e-10,False,2293235712,48,512,48
HM8,rankaware_proxy_pam,0,easy,13,16,1.8476586508068243e-10,False,2293235712,48,512,48
HM8,rankaware_proxy_pam,0,easy,13,17,1.5956801392022707e-10,False,2293235712,48,512,48
HM8,rankaware_proxy_pam,0,easy,13,18,1.3228661960573072e-10,False,2293235712,48,512,48
HM8,rankaware_proxy_pam,0,easy,13,19,1.2475852070369368e-10,False,2293235712,48,512,48
HM8,rankaware_proxy_pam,0,easy,13,20,8.450201427446054e-11,False,2293235712,48,512,48
HM8,rankaware_proxy_pam,0,easy,13,21,4.319712279505899e-11,False,2293235712,48,512,48
HM8,rankaware_proxy_pam,0,easy,13,22,8.632691122805014e-13,False,2293235712,48,512,48
HM8,rankaware_proxy_pam,0,easy,13,23,4.2435080162739e-25,False,2293235712,48,512,48
HM8,rankaware_proxy_pam,0,easy,13,24,2.7502830916734813e-25,False,2293235712,48,512,48
HM8,rankaware_proxy_pam,0,easy,13,25,1.4315881167532217e-25,False,2293235712,48,512,48
HM8,rankaware_proxy_pam,0,easy,13,26,1.2850588206103685e-25,False,2293235712,48,512,48
HM8,rankaware_proxy_pam,0,easy,13,27,1.0747116525526337e-25,False,2293235712,48,512,48
HM8,rankaware_proxy_pam,0,easy,13,28,9.324581735206435e-26,False,2293235712,48,512,48
HM8,rankaware_proxy_pam,0,easy,13,29,7.357222360047655e-26,False,2293235712,48,512,48
HM8,rankaware_proxy_pam,0,easy,13,30,3.555717188803863e-26,False,2293235712,48,512,48
HM8,rankaware_proxy_pam,0,easy,13,31,2.859553801796141e-26,False,2293235712,48,512,48
HM8,rankaware_proxy_pam,0,easy,13,32,2.4491611554666532e-26,False,2293235712,48,512,48
HM8,rankaware_proxy_pam,0,easy,14,1,7737137.744222816,False,4586471424,24,512,24
HM8,rankaware_proxy_pam,0,easy,14,2,2961.972043265007,False,4586471424,24,512,24
HM8,rankaware_proxy_pam,0,easy,14,3,2.0722139331469104e-09,False,4586471424,24,512,24
HM8,rankaware_proxy_pam,0,easy,14,4,1.174884761103826e-09,False,4586471424,24,512,24
HM8,rankaware_proxy_pam,0,easy,14,5,4.810754420442796e-10,False,4586471424,24,512,24
HM8,rankaware_proxy_pam,0,easy,14,6,3.855068670459229e-10,False,4586471424,24,512,24
HM8,rankaware_proxy_pam,0,easy,14,7,3.2185474889635877e-10,False,4586471424,24,512,24
HM8,rankaware_proxy_pam,0,easy,14,8,2.456820884976576e-10,False,4586471424,24,512,24
HM8,rankaware_proxy_pam,0,easy,14,9,2.0188907631392088e-10,False,4586471424,24,512,24
HM8,rankaware_proxy_pam,0,easy,14,10,1.833935576435127e-10,False,4586471424,24,512,24
HM8,rankaware_proxy_pam,0,easy,14,11,1.3556957298771467e-10,False,4586471424,24,512,24
HM8,rankaware_proxy_pam,0,easy,14,12,1.1232826326499332e-10,False,4586471424,24,512,24
HM8,rankaware_proxy_pam,0,easy,14,13,1.0308466994279123e-10,False,4586471424,24,512,24
HM8,rankaware_proxy_pam,0,easy,14,14,8.779808262502216e-11,False,4586471424,24,512,24
HM8,rankaware_proxy_pam,0,easy,14,15,7.597619126863082e-11,False,4586471424,24,512,24
HM8,rankaware_proxy_pam,0,easy,14,16,4.868850459106805e-11,False,4586471424,24,512,24
HM8,rankaware_proxy_pam,0,easy,14,17,3.7019378489364285e-11,False,4586471424,24,512,24
HM8,rankaware_proxy_pam,0,easy,14,18,1.0844090084127882e-14,False,4586471424,24,512,24
HM8,rankaware_proxy_pam,0,easy,14,19,6.139786872355853e-25,False,4586471424,24,512,24
HM8,rankaware_proxy_pam,0,easy,14,20,2.487992892718335e-25,False,4586471424,24,512,24
HM8,rankaware_proxy_pam,0,easy,14,21,5.783808983743108e-26,False,4586471424,24,512,24
HM8,rankaware_proxy_pam,0,easy,14,22,2.765548004997806e-26,False,4586471424,24,512,24
HM8,rankaware_proxy_pam,0,easy,14,23,5.082588276833493e-27,False,4586471424,24,512,24
HM8,rankaware_proxy_pam,0,easy,14,24,9.049793209451942e-42,False,4586471424,24,512,24
HM8,rankaware_proxy_pam,0,easy,15,1,2203413.9693117742,False,55037657088,2,512,2
HM8,rankaware_proxy_pam,0,easy,15,2,3.8111438196755927e-10,False,55037657088,2,512,2
HM8,rankaware_proxy_pam,1,boundary,1,1,20172327.688631453,False,2,55037657088,2,512
HM8,rankaware_proxy_pam,1,boundary,1,2,12237.064803573103,False,2,55037657088,2,512
HM8,rankaware_proxy_pam,1,boundary,2,1,69879248.37279007,False,24,4586471424,24,512
HM8,rankaware_proxy_pam,1,boundary,2,2,285.8993334811849,False,24,4586471424,24,512
HM8,rankaware_proxy_pam,1,boundary,2,3,4.350685068967468e-08,False,24,4586471424,24,512
HM8,rankaware_proxy_pam,1,boundary,2,4,2.77376747767636e-08,False,24,4586471424,24,512
HM8,rankaware_proxy_pam,1,boundary,2,5,1.4275595495595905e-08,False,24,4586471424,24,512
HM8,rankaware_proxy_pam,1,boundary,2,6,1.169679914312059e-08,False,24,4586471424,24,512
HM8,rankaware_proxy_pam,1,boundary,2,7,4.227889007526899e-09,False,24,4586471424,24,512
HM8,rankaware_proxy_pam,1,boundary,2,8,2.3449306954371087e-09,False,24,4586471424,24,512
HM8,rankaware_proxy_pam,1,boundary,2,9,2.0982091244138644e-09,False,24,4586471424,24,512
HM8,rankaware_proxy_pam,1,boundary,2,10,1.2982993522660042e-09,False,24,4586471424,24,512
HM8,rankaware_proxy_pam,1,boundary,2,11,7.458710322884428e-10,False,24,4586471424,24,512
HM8,rankaware_proxy_pam,1,boundary,2,12,1.6853998840928963e-23,False,24,4586471424,24,512
HM8,rankaware_proxy_pam,1,boundary,2,13,3.0368476625983825e-24,False,24,4586471424,24,512
HM8,rankaware_proxy_pam,1,boundary,2,14,1.9983390784212704e-24,False,24,4586471424,24,512
HM8,rankaware_proxy_pam,1,boundary,2,15,1.3295225150983375e-24,False,24,4586471424,24,512
HM8,rankaware_proxy_pam,1,boundary,2,16,1.041684671129977e-24,False,24,4586471424,24,512
HM8,rankaware_proxy_pam,1,boundary,2,17,7.813612718134026e-25,False,24,4586471424,24,512
HM8,rankaware_proxy_pam,1,boundary,2,18,2.45642230966801e-25,False,24,4586471424,24,512
HM8,rankaware_proxy_pam,1,boundary,2,19,1.7470337903470477e-25,False,24,4586471424,24,512
HM8,rankaware_proxy_pam,1,boundary,2,20,1.4422685951441838e-25,False,24,4586471424,24,512
HM8,rankaware_proxy_pam,1,boundary,2,21,4.110499623987445e-40,False,24,4586471424,24,512
HM8,rankaware_proxy_pam,1,boundary,2,22,1.6758742178206577e-40,False,24,4586471424,24,512
HM8,rankaware_proxy_pam,1,boundary,2,23,4.3993410481551743e-42,False,24,4586471424,24,512
HM8,rankaware_proxy_pam,1,boundary,2,24,3.789386049945061e-43,False,24,4586471424,24,512
HM8,rankaware_proxy_pam,1,boundary,3,1,98857273.29214641,False,48,2293235712,48,512
HM8,rankaware_proxy_pam,1,boundary,3,2,59385.273458553136,False,48,2293235712,48,512
HM8,rankaware_proxy_pam,1,boundary,3,3,470.0212903389979,False,48,2293235712,48,512
HM8,rankaware_proxy_pam,1,boundary,3,4,7.231051249142784e-08,False,48,2293235712,48,512
HM8,rankaware_proxy_pam,1,boundary,3,5,5.320279327536105e-08,False,48,2293235712,48,512
HM8,rankaware_proxy_pam,1,boundary,3,6,4.609687869499806e-08,False,48,2293235712,48,512
HM8,rankaware_proxy_pam,1,boundary,3,7,4.1133159497709495e-08,False,48,2293235712,48,512
HM8,rankaware_proxy_pam,1,boundary,3,8,3.702393963261022e-08,False,48,2293235712,48,512
HM8,rankaware_proxy_pam,1,boundary,3,9,3.122476795124522e-08,False,48,2293235712,48,512
HM8,rankaware_proxy_pam,1,boundary,3,10,2.497320619391856e-08,False,48,2293235712,48,512
HM8,rankaware_proxy_pam,1,boundary,3,11,2.0875298853950373e-08,False,48,2293235712,48,512
HM8,rankaware_proxy_pam,1,boundary,3,12,1.9643924055432727e-08,False,48,2293235712,48,512
HM8,rankaware_proxy_pam,1,boundary,3,13,1.9450821827455967e-08,False,48,2293235712,48,512
HM8,rankaware_proxy_pam,1,boundary,3,14,1.2701631944123204e-08,False,48,2293235712,48,512
HM8,rankaware_proxy_pam,1,boundary,3,15,1.1995758788934009e-08,False,48,2293235712,48,512
HM8,rankaware_proxy_pam,1,boundary,3,16,8.904231792273783e-09,False,48,2293235712,48,512
HM8,rankaware_proxy_pam,1,boundary,3,17,8.085046995162237e-09,False,48,2293235712,48,512
HM8,rankaware_proxy_pam,1,boundary,3,18,6.86030774451466e-09,False,48,2293235712,48,512
HM8,rankaware_proxy_pam,1,boundary,3,19,6.440211488190495e-09,False,48,2293235712,48,512
HM8,rankaware_proxy_pam,1,boundary,3,20,6.1248389756075135e-09,False,48,2293235712,48,512
HM8,rankaware_proxy_pam,1,boundary,3,21,5.052960198160458e-09,False,48,2293235712,48,512
HM8,rankaware_proxy_pam,1,boundary,3,22,4.720302910514739e-09,False,48,2293235712,48,512
HM8,rankaware_proxy_pam,1,boundary,3,23,4.4189664095612126e-09,False,48,2293235712,48,512
HM8,rankaware_proxy_pam,1,boundary,3,24,3.9504017260296646e-09,False,48,2293235712,48,512
HM8,rankaware_proxy_pam,1,boundary,3,25,3.822511467949556e-09,False,48,2293235712,48,512
HM8,rankaware_proxy_pam,1,boundary,3,26,3.4718281515159683e-09,False,48,2293235712,48,512
HM8,rankaware_proxy_pam,1,boundary,3,27,2.907650091971837e-09,False,48,2293235712,48,512
HM8,rankaware_proxy_pam,1,boundary,3,28,1.4649946575924482e-09,False,48,2293235712,48,512
HM8,rankaware_proxy_pam,1,boundary,3,29,2.443238915402899e-24,False,48,2293235712,48,512
HM8,rankaware_proxy_pam,1,boundary,3,30,1.8150797264119044e-24,False,48,2293235712,48,512
HM8,rankaware_proxy_pam,1,boundary,3,31,1.3546339237832874e-24,False,48,2293235712,48,512
HM8,rankaware_proxy_pam,1,boundary,3,32,1.0771026012015148e-24,False,48,2293235712,48,512
HM8,rankaware_proxy_pam,1,boundary,4,1,322774408.88885444,False,576,191102976,512,512
HM8,rankaware_proxy_pam,1,boundary,4,2,2247.0257064946068,False,576,191102976,512,512
HM8,rankaware_proxy_pam,1,boundary,4,3,4.806522841630943e-07,False,576,191102976,512,512
HM8,rankaware_proxy_pam,1,boundary,4,4,3.836299083672541e-07,False,576,191102976,512,512
HM8,rankaware_proxy_pam,1,boundary,4,5,3.5260524060596893e-07,False,576,191102976,512,512
HM8,rankaware_proxy_pam,1,boundary,4,6,3.433756529548533e-07,False,576,191102976,512,512
HM8,rankaware_proxy_pam,1,boundary,4,7,2.656548198335363e-07,False,576,191102976,512,512
HM8,rankaware_proxy_pam,1,boundary,4,8,1.9869008524962424e-07,False,576,191102976,512,512
HM8,rankaware_proxy_pam,1,boundary,4,9,1.4598229851968757e-07,False,576,191102976,512,512
HM8,rankaware_proxy_pam,1,boundary,4,10,1.3945302103393004e-07,False,576,191102976,512,512
HM8,rankaware_proxy_pam,1,boundary,4,11,1.252677707372726e-07,False,576,191102976,512,512
HM8,rankaware_proxy_pam,1,boundary,4,12,9.95279627818346e-08,False,576,191102976,512,512
HM8,rankaware_proxy_pam,1,boundary,4,13,7.786975769121003e-08,False,576,191102976,512,512
HM8,rankaware_proxy_pam,1,boundary,4,14,6.807698525143791e-08,False,576,191102976,512,512
HM8,rankaware_proxy_pam,1,boundary,4,15,5.685348137598557e-08,False,576,191102976,512,512
HM8,rankaware_proxy_pam,1,boundary,4,16,4.3991485649056174e-08,False,576,191102976,512,512
HM8,rankaware_proxy_pam,1,boundary,4,17,3.917905378906897e-08,False,576,191102976,512,512
HM8,rankaware_proxy_pam,1,boundary,4,18,3.842569620284967e-08,False,576,191102976,512,512
HM8,rankaware_proxy_pam,1,boundary,4,19,3.404651040457622e-08,False,576,191102976,512,512
HM8,rankaware_proxy_pam,1,boundary,4,20,2.835494333220655e-08,False,576,191102976,512,512
HM8,rankaware_proxy_pam,1,boundary,4,21,2.6105684430119794e-08,False,576,191102976,512,512
HM8,rankaware_proxy_pam,1,boundary,4,22,2.4152082704329958e-08,False,576,191102976,512,512
HM8,rankaware_proxy_pam,1,boundary,4,23,2.166444325497957e-08,False,576,191102976,512,512
HM8,rankaware_proxy_pam,1,boundary,4,24,2.0296363679472322e-08,False,576,191102976,512,512
HM8,rankaware_proxy_pam,1,boundary,4,25,1.5881923415749567e-08,False,576,191102976,512,512
HM8,rankaware_proxy_pam,1,boundary,4,26,1.4027171603139216e-08,False,576,191102976,512,512
HM8,rankaware_proxy_pam,1,boundary,4,27,1.1982938593589837e-08,False,576,191102976,512,512
HM8,rankaware_proxy_pam,1,boundary,4,28,1.0341807428429062e-08,False,576,191102976,512,512
HM8,rankaware_proxy_pam,1,boundary,4,29,9.329619224829031e-09,False,576,191102976,512,512
HM8,rankaware_proxy_pam,1,boundary,4,30,8.144874813056302e-09,False,576,191102976,512,512
HM8,rankaware_proxy_pam,1,boundary,4,31,7.825044044146657e-09,False,576,191102976,512,512
HM8,rankaware_proxy_pam,1,boundary,4,32,6.875338338881004e-09,False,576,191102976,512,512
HM8,rankaware_proxy_pam,1,boundary,5,1,322940097.25776744,False,1152,95551488,512,512
HM8,rankaware_proxy_pam,1,boundary,5,2,199141.40387795173,False,1152,95551488,512,512
HM8,rankaware_proxy_pam,1,boundary,5,3,1923.029780226446,False,1152,95551488,512,512
HM8,rankaware_proxy_pam,1,boundary,5,4,2.719819953724303e-07,False,1152,95551488,512,512
HM8,rankaware_proxy_pam,1,boundary,5,5,2.6740269977616903e-07,False,1152,95551488,512,512
HM8,rankaware_proxy_pam,1,boundary,5,6,2.1232579767761164e-07,False,1152,95551488,512,512
HM8,rankaware_proxy_pam,1,boundary,5,7,1.9873516126811172e-07,False,1152,95551488,512,512
HM8,rankaware_proxy_pam,1,boundary,5,8,1.9469098186664689e-07,False,1152,95551488,512,512
HM8,rankaware_proxy_pam,1,boundary,5,9,1.7699415284272864e-07,False,1152,95551488,512,512
HM8,rankaware_proxy_pam,1,boundary,5,10,1.6603787734612633e-07,False,1152,95551488,512,512
HM8,rankaware_proxy_pam,1,boundary,5,11,1.272281593560885e-07,False,1152,95551488,512,512
HM8,rankaware_proxy_pam,1,boundary,5,12,9.855630331979975e-08,False,1152,95551488,512,512
HM8,rankaware_proxy_pam,1,boundary,5,13,6.572604597728087e-08,False,1152,95551488,512,512
HM8,rankaware_proxy_pam,1,boundary,5,14,6.474547753026983e-08,False,1152,95551488,512,512
HM8,rankaware_proxy_pam,1,boundary,5,15,5.33779371909677e-08,False,1152,95551488,512,512
HM8,rankaware_proxy_pam,1,boundary,5,16,4.0548025161448144e-08,False,1152,95551488,512,512
HM8,rankaware_proxy_pam,1,boundary,5,17,3.4246739073442695e-08,False,1152,95551488,512,512
HM8,rankaware_proxy_pam,1,boundary,5,18,3.139550249921014e-08,False,1152,95551488,512,512
HM8,rankaware_proxy_pam,1,boundary,5,19,2.5492134481256596e-08,False,1152,95551488,512,512
HM8,rankaware_proxy_pam,1,boundary,5,20,2.2199011339819602e-08,False,1152,95551488,512,512
HM8,rankaware_proxy_pam,1,boundary,5,21,1.973661692860013e-08,False,1152,95551488,512,512
HM8,rankaware_proxy_pam,1,boundary,5,22,1.9155788138407637e-08,False,1152,95551488,512,512
HM8,rankaware_proxy_pam,1,boundary,5,23,1.7231087721947666e-08,False,1152,95551488,512,512
HM8,rankaware_proxy_pam,1,boundary,5,24,1.6410521070746964e-08,False,1152,95551488,512,512
HM8,rankaware_proxy_pam,1,boundary,5,25,1.5427195518070218e-08,False,1152,95551488,512,512
HM8,rankaware_proxy_pam,1,boundary,5,26,1.4818192866797463e-08,False,1152,95551488,512,512
HM8,rankaware_proxy_pam,1,boundary,5,27,1.4182361000865443e-08,False,1152,95551488,512,512
HM8,rankaware_proxy_pam,1,boundary,5,28,1.3613607200268242e-08,False,1152,95551488,512,512
HM8,rankaware_proxy_pam,1,boundary,5,29,1.285795602484916e-08,False,1152,95551488,512,512
HM8,rankaware_proxy_pam,1,boundary,5,30,1.1423990432783463e-08,False,1152,95551488,512,512
HM8,rankaware_proxy_pam,1,boundary,5,31,1.0670608128077646e-08,False,1152,95551488,512,512
HM8,rankaware_proxy_pam,1,boundary,5,32,1.0144844415504597e-08,False,1152,95551488,512,512
HM8,rankaware_proxy_pam,1,boundary,6,1,322722708.4400341,False,13824,7962624,512,512
HM8,rankaware_proxy_pam,1,boundary,6,2,2432.217696921756,False,13824,7962624,512,512
HM8,rankaware_proxy_pam,1,boundary,6,3,2.6681193421208484e-07,False,13824,7962624,512,512
HM8,rankaware_proxy_pam,1,boundary,6,4,2.650368861592575e-07,False,13824,7962624,512,512
HM8,rankaware_proxy_pam,1,boundary,6,5,2.275827511705555e-07,False,13824,7962624,512,512
HM8,rankaware_proxy_pam,1,boundary,6,6,2.1416790783600894e-07,False,13824,7962624,512,512
HM8,rankaware_proxy_pam,1,boundary,6,7,1.9406246222838548e-07,False,13824,7962624,512,512
HM8,rankaware_proxy_pam,1,boundary,6,8,1.774443054885313e-07,False,13824,7962624,512,512
HM8,rankaware_proxy_pam,1,boundary,6,9,1.7580167966581536e-07,False,13824,7962624,512,512
HM8,rankaware_proxy_pam,1,boundary,6,10,1.4815270694238806e-07,False,13824,7962624,512,512
HM8,rankaware_proxy_pam,1,boundary,6,11,1.2754418995986003e-07,False,13824,7962624,512,512
HM8,rankaware_proxy_pam,1,boundary,6,12,1.0262055121966573e-07,False,13824,7962624,512,512
HM8,rankaware_proxy_pam,1,boundary,6,13,7.806229983832786e-08,False,13824,7962624,512,512
HM8,rankaware_proxy_pam,1,boundary,6,14,7.203645999920945e-08,False,13824,7962624,512,512
HM8,rankaware_proxy_pam,1,boundary,6,15,5.5403765859557414e-08,False,13824,7962624,512,512
HM8,rankaware_proxy_pam,1,boundary,6,16,3.964997474789845e-08,False,13824,7962624,512,512
HM8,rankaware_proxy_pam,1,boundary,6,17,3.7671751204364015e-08,False,13824,7962624,512,512
HM8,rankaware_proxy_pam,1,boundary,6,18,3.005042555845013e-08,False,13824,7962624,512,512
HM8,rankaware_proxy_pam,1,boundary,6,19,2.7276145010916414e-08,False,13824,7962624,512,512
HM8,rankaware_proxy_pam,1,boundary,6,20,2.3340419197313113e-08,False,13824,7962624,512,512
HM8,rankaware_proxy_pam,1,boundary,6,21,2.0136556188961107e-08,False,13824,7962624,512,512
HM8,rankaware_proxy_pam,1,boundary,6,22,1.958289505381063e-08,False,13824,7962624,512,512
HM8,rankaware_proxy_pam,1,boundary,6,23,1.81803945800304e-08,False,13824,7962624,512,512
HM8,rankaware_proxy_pam,1,boundary,6,24,1.6985864217590297e-08,False,13824,7962624,512,512
HM8,rankaware_proxy_pam,1,boundary,6,25,1.5883358658771407e-08,False,13824,7962624,512,512
HM8,rankaware_proxy_pam,1,boundary,6,26,1.4774555204530287e-08,False,13824,7962624,512,512
HM8,rankaware_proxy_pam,1,boundary,6,27,1.4407497636287688e-08,False,13824,7962624,512,512
HM8,rankaware_proxy_pam,1,boundary,6,28,1.3284983495866521e-08,False,13824,7962624,512,512
HM8,rankaware_proxy_pam,1,boundary,6,29,1.1941135187296752e-08,False,13824,7962624,512,512
HM8,rankaware_proxy_pam,1,boundary,6,30,1.1152307512047477e-08,False,13824,7962624,512,512
HM8,rankaware_proxy_pam,1,boundary,6,31,1.0398356996315092e-08,False,13824,7962624,512,512
HM8,rankaware_proxy_pam,1,boundary,6,32,8.895631442609962e-09,False,13824,7962624,512,512
HM8,rankaware_proxy_pam,1,boundary,7,1,322879879.4260537,False,27648,3981312,512,512
HM8,rankaware_proxy_pam,1,boundary,7,2,195086.21775039253,False,27648,3981312,512,512
HM8,rankaware_proxy_pam,1,boundary,7,3,2192.9383486812167,False,27648,3981312,512,512
HM8,rankaware_proxy_pam,1,boundary,7,4,2.898223823083541e-07,False,27648,3981312,512,512
HM8,rankaware_proxy_pam,1,boundary,7,5,1.969162629504151e-07,False,27648,3981312,512,512
HM8,rankaware_proxy_pam,1,boundary,7,6,1.9197819407296854e-07,False,27648,3981312,512,512
HM8,rankaware_proxy_pam,1,boundary,7,7,1.701263550011851e-07,False,27648,3981312,512,512
HM8,rankaware_proxy_pam,1,boundary,7,8,1.6262860162731464e-07,False,27648,3981312,512,512
HM8,rankaware_proxy_pam,1,boundary,7,9,1.3312226778219113e-07,False,27648,3981312,512,512
HM8,rankaware_proxy_pam,1,boundary,7,10,1.1879255969695687e-07,False,27648,3981312,512,512
HM8,rankaware_proxy_pam,1,boundary,7,11,1.087944444272346e-07,False,27648,3981312,512,512
HM8,rankaware_proxy_pam,1,boundary,7,12,9.043534429340547e-08,False,27648,3981312,512,512
HM8,rankaware_proxy_pam,1,boundary,7,13,6.71434021159318e-08,False,27648,3981312,512,512
HM8,rankaware_proxy_pam,1,boundary,7,14,6.235969345680935e-08,False,27648,3981312,512,512
HM8,rankaware_proxy_pam,1,boundary,7,15,5.312161595027374e-08,False,27648,3981312,512,512
HM8,rankaware_proxy_pam,1,boundary,7,16,3.936924346162651e-08,False,27648,3981312,512,512
HM8,rankaware_proxy_pam,1,boundary,7,17,2.99383989989871e-08,False,27648,3981312,512,512
HM8,rankaware_proxy_pam,1,boundary,7,18,2.841239018872605e-08,False,27648,3981312,512,512
HM8,rankaware_proxy_pam,1,boundary,7,19,2.5625843286402665e-08,False,27648,3981312,512,512
HM8,rankaware_proxy_pam,1,boundary,7,20,2.4367553721860582e-08,False,27648,3981312,512,512
HM8,rankaware_proxy_pam,1,boundary,7,21,2.2494461654010696e-08,False,27648,3981312,512,512
HM8,rankaware_proxy_pam,1,boundary,7,22,1.96197903990031e-08,False,27648,3981312,512,512
HM8,rankaware_proxy_pam,1,boundary,7,23,1.840973257425864e-08,False,27648,3981312,512,512
HM8,rankaware_proxy_pam,1,boundary,7,24,1.6245192231281234e-08,False,27648,3981312,512,512
HM8,rankaware_proxy_pam,1,boundary,7,25,1.5962298010141363e-08,False,27648,3981312,512,512
HM8,rankaware_proxy_pam,1,boundary,7,26,1.4714981326470859e-08,False,27648,3981312,512,512
HM8,rankaware_proxy_pam,1,boundary,7,27,1.3936455037686978e-08,False,27648,3981312,512,512
HM8,rankaware_proxy_pam,1,boundary,7,28,1.3758070069080578e-08,False,27648,3981312,512,512
HM8,rankaware_proxy_pam,1,boundary,7,29,1.3039015998505063e-08,False,27648,3981312,512,512
HM8,rankaware_proxy_pam,1,boundary,7,30,1.1605400868090114e-08,False,27648,3981312,512,512
HM8,rankaware_proxy_pam,1,boundary,7,31,1.153302963965949e-08,False,27648,3981312,512,512
HM8,rankaware_proxy_pam,1,boundary,7,32,1.1043410989253382e-08,False,27648,3981312,512,512
HM8,rankaware_proxy_pam,1,boundary,8,1,322852274.13283443,False,331776,331776,512,512
HM8,rankaware_proxy_pam,1,boundary,8,2,2526.754976481283,False,331776,331776,512,512
HM8,rankaware_proxy_pam,1,boundary,8,3,2.769973675518987e-07,False,331776,331776,512,512
HM8,rankaware_proxy_pam,1,boundary,8,4,2.2334525262518515e-07,False,331776,331776,512,512
HM8,rankaware_proxy_pam,1,boundary,8,5,1.9730609827293823e-07,False,331776,331776,512,512
HM8,rankaware_proxy_pam,1,boundary,8,6,1.6660258882516956e-07,False,331776,331776,512,512
HM8,rankaware_proxy_pam,1,boundary,8,7,1.522943571730447e-07,False,331776,331776,512,512
HM8,rankaware_proxy_pam,1,boundary,8,8,1.400385843425342e-07,False,331776,331776,512,512
HM8,rankaware_proxy_pam,1,boundary,8,9,1.180388257467806e-07,False,331776,331776,512,512
HM8,rankaware_proxy_pam,1,boundary,8,10,1.0738578175348818e-07,False,331776,331776,512,512
HM8,rankaware_proxy_pam,1,boundary,8,11,9.654626771887239e-08,False,331776,331776,512,512
HM8,rankaware_proxy_pam,1,boundary,8,12,7.136869916678252e-08,False,331776,331776,512,512
HM8,rankaware_proxy_pam,1,boundary,8,13,6.004028810878876e-08,False,331776,331776,512,512
HM8,rankaware_proxy_pam,1,boundary,8,14,5.001565488671988e-08,False,331776,331776,512,512
HM8,rankaware_proxy_pam,1,boundary,8,15,4.0842212580729406e-08,False,331776,331776,512,512
HM8,rankaware_proxy_pam,1,boundary,8,16,3.830319465899686e-08,False,331776,331776,512,512
HM8,rankaware_proxy_pam,1,boundary,8,17,3.500932697726775e-08,False,331776,331776,512,512
HM8,rankaware_proxy_pam,1,boundary,8,18,2.880313104179782e-08,False,331776,331776,512,512
HM8,rankaware_proxy_pam,1,boundary,8,19,2.6820590801413818e-08,False,331776,331776,512,512
HM8,rankaware_proxy_pam,1,boundary,8,20,2.5332226418142834e-08,False,331776,331776,512,512
HM8,rankaware_proxy_pam,1,boundary,8,21,2.3492006051337672e-08,False,331776,331776,512,512
HM8,rankaware_proxy_pam,1,boundary,8,22,1.995427907740061e-08,False,331776,331776,512,512
HM8,rankaware_proxy_pam,1,boundary,8,23,1.8709945417966485e-08,False,331776,331776,512,512
HM8,rankaware_proxy_pam,1,boundary,8,24,1.753530749961684e-08,False,331776,331776,512,512
HM8,rankaware_proxy_pam,1,boundary,8,25,1.669350126950739e-08,False,331776,331776,512,512
HM8,rankaware_proxy_pam,1,boundary,8,26,1.4602730203735624e-08,False,331776,331776,512,512
HM8,rankaware_proxy_pam,1,boundary,8,27,1.397934794659907e-08,False,331776,331776,512,512
HM8,rankaware_proxy_pam,1,boundary,8,28,1.2953668976455752e-08,False,331776,331776,512,512
HM8,rankaware_proxy_pam,1,boundary,8,29,1.2351085123071278e-08,False,331776,331776,512,512
HM8,rankaware_proxy_pam,1,boundary,8,30,1.129635836543046e-08,False,331776,331776,512,512
HM8,rankaware_proxy_pam,1,boundary,8,31,1.1085901774011943e-08,False,331776,331776,512,512
HM8,rankaware_proxy_pam,1,boundary,8,32,9.66609355536588e-09,False,331776,331776,512,512
HM8,rankaware_proxy_pam,1,boundary,9,1,322754994.2588258,False,663552,165888,512,512
HM8,rankaware_proxy_pam,1,boundary,9,2,198915.75768337157,False,663552,165888,512,512
HM8,rankaware_proxy_pam,1,boundary,9,3,2121.3150704123873,False,663552,165888,512,512
HM8,rankaware_proxy_pam,1,boundary,9,4,2.51803387711328e-07,False,663552,165888,512,512
HM8,rankaware_proxy_pam,1,boundary,9,5,2.0938078138828378e-07,False,663552,165888,512,512
HM8,rankaware_proxy_pam,1,boundary,9,6,1.1762480739887909e-07,False,663552,165888,512,512
HM8,rankaware_proxy_pam,1,boundary,9,7,1.1055606644035636e-07,False,663552,165888,512,512
HM8,rankaware_proxy_pam,1,boundary,9,8,1.0748821164393609e-07,False,663552,165888,512,512
HM8,rankaware_proxy_pam,1,boundary,9,9,1.0381827644323317e-07,False,663552,165888,512,512
HM8,rankaware_proxy_pam,1,boundary,9,10,8.067532143158638e-08,False,663552,165888,512,512
HM8,rankaware_proxy_pam,1,boundary,9,11,5.6912510754783883e-08,False,663552,165888,512,512
HM8,rankaware_proxy_pam,1,boundary,9,12,5.0971500132400144e-08,False,663552,165888,512,512
HM8,rankaware_proxy_pam,1,boundary,9,13,4.788123556334854e-08,False,663552,165888,512,512
HM8,rankaware_proxy_pam,1,boundary,9,14,4.699850948863039e-08,False,663552,165888,512,512
HM8,rankaware_proxy_pam,1,boundary,9,15,3.403595885974785e-08,False,663552,165888,512,512
HM8,rankaware_proxy_pam,1,boundary,9,16,3.0132466997344785e-08,False,663552,165888,512,512
HM8,rankaware_proxy_pam,1,boundary,9,17,2.4160688070264335e-08,False,663552,165888,512,512
HM8,rankaware_proxy_pam,1,boundary,9,18,2.307167574740949e-08,False,663552,165888,512,512
HM8,rankaware_proxy_pam,1,boundary,9,19,2.1118968441056036e-08,False,663552,165888,512,512
HM8,rankaware_proxy_pam,1,boundary,9,20,1.9848119095718467e-08,False,663552,165888,512,512
HM8,rankaware_proxy_pam,1,boundary,9,21,1.8374064491868992e-08,False,663552,165888,512,512
HM8,rankaware_proxy_pam,1,boundary,9,22,1.5999704725197994e-08,False,663552,165888,512,512
HM8,rankaware_proxy_pam,1,boundary,9,23,1.5818607271297355e-08,False,663552,165888,512,512
HM8,rankaware_proxy_pam,1,boundary,9,24,1.5444852842944507e-08,False,663552,165888,512,512
HM8,rankaware_proxy_pam,1,boundary,9,25,1.4092013865022884e-08,False,663552,165888,512,512
HM8,rankaware_proxy_pam,1,boundary,9,26,1.3205858766308622e-08,False,663552,165888,512,512
HM8,rankaware_proxy_pam,1,boundary,9,27,1.2772033335104843e-08,False,663552,165888,512,512
HM8,rankaware_proxy_pam,1,boundary,9,28,1.2092697739012313e-08,False,663552,165888,512,512
HM8,rankaware_proxy_pam,1,boundary,9,29,1.1671284237660725e-08,False,663552,165888,512,512
HM8,rankaware_proxy_pam,1,boundary,9,30,1.150977977689934e-08,False,663552,165888,512,512
HM8,rankaware_proxy_pam,1,boundary,9,31,1.0909478812014799e-08,False,663552,165888,512,512
HM8,rankaware_proxy_pam,1,boundary,9,32,1.055538987278072e-08,False,663552,165888,512,512
HM8,rankaware_proxy_pam,1,boundary,10,1,322768707.6531757,False,7962624,13824,512,512
HM8,rankaware_proxy_pam,1,boundary,10,2,2395.62008991668,False,7962624,13824,512,512
HM8,rankaware_proxy_pam,1,boundary,10,3,3.809326807047964e-07,False,7962624,13824,512,512
HM8,rankaware_proxy_pam,1,boundary,10,4,3.5534405240492853e-07,False,7962624,13824,512,512
HM8,rankaware_proxy_pam,1,boundary,10,5,3.085851166048773e-07,False,7962624,13824,512,512
HM8,rankaware_proxy_pam,1,boundary,10,6,2.385369738510349e-07,False,7962624,13824,512,512
HM8,rankaware_proxy_pam,1,boundary,10,7,2.1876391891555416e-07,False,7962624,13824,512,512
HM8,rankaware_proxy_pam,1,boundary,10,8,1.8777466535472784e-07,False,7962624,13824,512,512
HM8,rankaware_proxy_pam,1,boundary,10,9,1.6249711168796218e-07,False,7962624,13824,512,512
HM8,rankaware_proxy_pam,1,boundary,10,10,1.6197371465119505e-07,False,7962624,13824,512,512
HM8,rankaware_proxy_pam,1,boundary,10,11,1.0579579964510174e-07,False,7962624,13824,512,512
HM8,rankaware_proxy_pam,1,boundary,10,12,9.144934679391793e-08,False,7962624,13824,512,512
HM8,rankaware_proxy_pam,1,boundary,10,13,7.791692785731555e-08,False,7962624,13824,512,512
HM8,rankaware_proxy_pam,1,boundary,10,14,5.3258706830041234e-08,False,7962624,13824,512,512
HM8,rankaware_proxy_pam,1,boundary,10,15,4.6562857103510095e-08,False,7962624,13824,512,512
HM8,rankaware_proxy_pam,1,boundary,10,16,4.000735312874031e-08,False,7962624,13824,512,512
HM8,rankaware_proxy_pam,1,boundary,10,17,3.580654367851192e-08,False,7962624,13824,512,512
HM8,rankaware_proxy_pam,1,boundary,10,18,3.0289667600649756e-08,False,7962624,13824,512,512
HM8,rankaware_proxy_pam,1,boundary,10,19,2.3806788440192942e-08,False,7962624,13824,512,512
HM8,rankaware_proxy_pam,1,boundary,10,20,2.2683480566827897e-08,False,7962624,13824,512,512
HM8,rankaware_proxy_pam,1,boundary,10,21,2.084783996277229e-08,False,7962624,13824,512,512
HM8,rankaware_proxy_pam,1,boundary,10,22,1.970485114465231e-08,False,7962624,13824,512,512
HM8,rankaware_proxy_pam,1,boundary,10,23,1.8295127312069682e-08,False,7962624,13824,512,512
HM8,rankaware_proxy_pam,1,boundary,10,24,1.7893873093539298e-08,False,7962624,13824,512,512
HM8,rankaware_proxy_pam,1,boundary,10,25,1.4790898760378883e-08,False,7962624,13824,512,512
HM8,rankaware_proxy_pam,1,boundary,10,26,1.3789880078146296e-08,False,7962624,13824,512,512
HM8,rankaware_proxy_pam,1,boundary,10,27,1.3426568694962703e-08,False,7962624,13824,512,512
HM8,rankaware_proxy_pam,1,boundary,10,28,1.2881431463203296e-08,False,7962624,13824,512,512
HM8,rankaware_proxy_pam,1,boundary,10,29,1.2436438581254776e-08,False,7962624,13824,512,512
HM8,rankaware_proxy_pam,1,boundary,10,30,1.0774859747841215e-08,False,7962624,13824,512,512
HM8,rankaware_proxy_pam,1,boundary,10,31,1.0492380425934947e-08,False,7962624,13824,512,512
HM8,rankaware_proxy_pam,1,boundary,10,32,9.531740054687142e-09,False,7962624,13824,512,512
HM8,rankaware_proxy_pam,1,boundary,11,1,322830995.89122933,False,95551488,1152,512,512
HM8,rankaware_proxy_pam,1,boundary,11,2,190784.83117259576,False,95551488,1152,512,512
HM8,rankaware_proxy_pam,1,boundary,11,3,2012.965633697256,False,95551488,1152,512,512
HM8,rankaware_proxy_pam,1,boundary,11,4,2.4480905272456933e-07,False,95551488,1152,512,512
HM8,rankaware_proxy_pam,1,boundary,11,5,2.2323981567829723e-07,False,95551488,1152,512,512
HM8,rankaware_proxy_pam,1,boundary,11,6,2.015473612571715e-07,False,95551488,1152,512,512
HM8,rankaware_proxy_pam,1,boundary,11,7,1.7440911884268607e-07,False,95551488,1152,512,512
HM8,rankaware_proxy_pam,1,boundary,11,8,1.7176765989538562e-07,False,95551488,1152,512,512
HM8,rankaware_proxy_pam,1,boundary,11,9,1.1862966458612158e-07,False,95551488,1152,512,512
HM8,rankaware_proxy_pam,1,boundary,11,10,1.1067934832431937e-07,False,95551488,1152,512,512
HM8,rankaware_proxy_pam,1,boundary,11,11,7.531256192709495e-08,False,95551488,1152,512,512
HM8,rankaware_proxy_pam,1,boundary,11,12,7.210192083924772e-08,False,95551488,1152,512,512
HM8,rankaware_proxy_pam,1,boundary,11,13,5.187908191707124e-08,False,95551488,1152,512,512
HM8,rankaware_proxy_pam,1,boundary,11,14,4.6359499908548254e-08,False,95551488,1152,512,512
HM8,rankaware_proxy_pam,1,boundary,11,15,3.999098614676283e-08,False,95551488,1152,512,512
HM8,rankaware_proxy_pam,1,boundary,11,16,3.3367367196646294e-08,False,95551488,1152,512,512
HM8,rankaware_proxy_pam,1,boundary,11,17,3.019530383917189e-08,False,95551488,1152,512,512
HM8,rankaware_proxy_pam,1,boundary,11,18,2.8224193280101488e-08,False,95551488,1152,512,512
HM8,rankaware_proxy_pam,1,boundary,11,19,2.6554350172905213e-08,False,95551488,1152,512,512
HM8,rankaware_proxy_pam,1,boundary,11,20,2.1927342698379186e-08,False,95551488,1152,512,512
HM8,rankaware_proxy_pam,1,boundary,11,21,2.007360941233626e-08,False,95551488,1152,512,512
HM8,rankaware_proxy_pam,1,boundary,11,22,1.9234769869815426e-08,False,95551488,1152,512,512
HM8,rankaware_proxy_pam,1,boundary,11,23,1.8020663807856745e-08,False,95551488,1152,512,512
HM8,rankaware_proxy_pam,1,boundary,11,24,1.5369595902392908e-08,False,95551488,1152,512,512
HM8,rankaware_proxy_pam,1,boundary,11,25,1.4251670170612617e-08,False,95551488,1152,512,512
HM8,rankaware_proxy_pam,1,boundary,11,26,1.351682322289111e-08,False,95551488,1152,512,512
HM8,rankaware_proxy_pam,1,boundary,11,27,1.319985587868648e-08,False,95551488,1152,512,512
HM8,rankaware_proxy_pam,1,boundary,11,28,1.2589037475571442e-08,False,95551488,1152,512,512
HM8,rankaware_proxy_pam,1,boundary,11,29,1.197300626263604e-08,False,95551488,1152,512,512
HM8,rankaware_proxy_pam,1,boundary,11,30,1.1236857913575683e-08,False,95551488,1152,512,512
HM8,rankaware_proxy_pam,1,boundary,11,31,1.1208384935617367e-08,False,95551488,1152,512,512
HM8,rankaware_proxy_pam,1,boundary,11,32,1.06278963683971e-08,False,95551488,1152,512,512
HM8,rankaware_proxy_pam,1,boundary,12,1,322851410.9128349,False,191102976,576,512,512
HM8,rankaware_proxy_pam,1,boundary,12,2,2070.406785580223,False,191102976,576,512,512
HM8,rankaware_proxy_pam,1,boundary,12,3,6.295678768696958e-07,False,191102976,576,512,512
HM8,rankaware_proxy_pam,1,boundary,12,4,3.9939446501379274e-07,False,191102976,576,512,512
HM8,rankaware_proxy_pam,1,boundary,12,5,2.615762421072249e-07,False,191102976,576,512,512
HM8,rankaware_proxy_pam,1,boundary,12,6,2.356318927051743e-07,False,191102976,576,512,512
HM8,rankaware_proxy_pam,1,boundary,12,7,1.9984752148597765e-07,False,191102976,576,512,512
HM8,rankaware_proxy_pam,1,boundary,12,8,1.9485998697664504e-07,False,191102976,576,512,512
HM8,rankaware_proxy_pam,1,boundary,12,9,1.6425932041068028e-07,False,191102976,576,512,512
HM8,rankaware_proxy_pam,1,boundary,12,10,1.4617458591920262e-07,False,191102976,576,512,512
HM8,rankaware_proxy_pam,1,boundary,12,11,1.2880414211672607e-07,False,191102976,576,512,512
HM8,rankaware_proxy_pam,1,boundary,12,12,1.160483554253661e-07,False,191102976,576,512,512
HM8,rankaware_proxy_pam,1,boundary,12,13,1.1099648517077444e-07,False,191102976,576,512,512
HM8,rankaware_proxy_pam,1,boundary,12,14,7.339495506432551e-08,False,191102976,576,512,512
HM8,rankaware_proxy_pam,1,boundary,12,15,5.077365514897184e-08,False,191102976,576,512,512
HM8,rankaware_proxy_pam,1,boundary,12,16,4.094751202692496e-08,False,191102976,576,512,512
HM8,rankaware_proxy_pam,1,boundary,12,17,3.7790983083359174e-08,False,191102976,576,512,512
HM8,rankaware_proxy_pam,1,boundary,12,18,3.262797995918128e-08,False,191102976,576,512,512
HM8,rankaware_proxy_pam,1,boundary,12,19,2.8531604731225653e-08,False,191102976,576,512,512
HM8,rankaware_proxy_pam,1,boundary,12,20,2.7310442978953683e-08,False,191102976,576,512,512
HM8,rankaware_proxy_pam,1,boundary,12,21,2.3094953301669614e-08,False,191102976,576,512,512
HM8,rankaware_proxy_pam,1,boundary,12,22,2.1507719561508113e-08,False,191102976,576,512,512
HM8,rankaware_proxy_pam,1,boundary,12,23,1.89708693727943e-08,False,191102976,576,512,512
HM8,rankaware_proxy_pam,1,boundary,12,24,1.8140385043799606e-08,False,191102976,576,512,512
HM8,rankaware_proxy_pam,1,boundary,12,25,1.4957699889167874e-08,False,191102976,576,512,512
HM8,rankaware_proxy_pam,1,boundary,12,26,1.3451449348776459e-08,False,191102976,576,512,512
HM8,rankaware_proxy_pam,1,boundary,12,27,1.230940293787369e-08,False,191102976,576,512,512
HM8,rankaware_proxy_pam,1,boundary,12,28,1.1214793608041425e-08,False,191102976,576,512,512
HM8,rankaware_proxy_pam,1,boundary,12,29,1.0426223621324776e-08,False,191102976,576,512,512
HM8,rankaware_proxy_pam,1,boundary,12,30,9.141963168531184e-09,False,191102976,576,512,512
HM8,rankaware_proxy_pam,1,boundary,12,31,8.6124414335956e-09,False,191102976,576,512,512
HM8,rankaware_proxy_pam,1,boundary,12,32,7.298387888996507e-09,False,191102976,576,512,512
HM8,rankaware_proxy_pam,1,boundary,13,1,98828379.5917391,False,2293235712,48,512,48
HM8,rankaware_proxy_pam,1,boundary,13,2,56901.30677137941,False,2293235712,48,512,48
HM8,rankaware_proxy_pam,1,boundary,13,3,491.2030349395758,False,2293235712,48,512,48
HM8,rankaware_proxy_pam,1,boundary,13,4,3.015511475375387e-08,False,2293235712,48,512,48
HM8,rankaware_proxy_pam,1,boundary,13,5,2.0310027538625435e-08,False,2293235712,48,512,48
HM8,rankaware_proxy_pam,1,boundary,13,6,9.501112082652915e-09,False,2293235712,48,512,48
HM8,rankaware_proxy_pam,1,boundary,13,7,5.276681835512967e-09,False,2293235712,48,512,48
HM8,rankaware_proxy_pam,1,boundary,13,8,4.16466515944439e-09,False,2293235712,48,512,48
HM8,rankaware_proxy_pam,1,boundary,13,9,3.595549800170925e-09,False,2293235712,48,512,48
HM8,rankaware_proxy_pam,1,boundary,13,10,3.1990942894098532e-09,False,2293235712,48,512,48
HM8,rankaware_proxy_pam,1,boundary,13,11,2.9820669091319475e-09,False,2293235712,48,512,48
HM8,rankaware_proxy_pam,1,boundary,13,12,2.4987180776618863e-09,False,2293235712,48,512,48
HM8,rankaware_proxy_pam,1,boundary,13,13,2.265601540508723e-09,False,2293235712,48,512,48
HM8,rankaware_proxy_pam,1,boundary,13,14,2.0841944897213257e-09,False,2293235712,48,512,48
HM8,rankaware_proxy_pam,1,boundary,13,15,1.923399155411452e-09,False,2293235712,48,512,48
HM8,rankaware_proxy_pam,1,boundary,13,16,1.8576115368078978e-09,False,2293235712,48,512,48
HM8,rankaware_proxy_pam,1,boundary,13,17,1.3906862847563837e-09,False,2293235712,48,512,48
HM8,rankaware_proxy_pam,1,boundary,13,18,1.3315929082579168e-09,False,2293235712,48,512,48
HM8,rankaware_proxy_pam,1,boundary,13,19,1.188739084193874e-09,False,2293235712,48,512,48
HM8,rankaware_proxy_pam,1,boundary,13,20,9.369836189675833e-10,False,2293235712,48,512,48
HM8,rankaware_proxy_pam,1,boundary,13,21,3.0977222079466453e-10,False,2293235712,48,512,48
HM8,rankaware_proxy_pam,1,boundary,13,22,2.6880728566197858e-12,False,2293235712,48,512,48
HM8,rankaware_proxy_pam,1,boundary,13,23,2.1845315870724783e-23,False,2293235712,48,512,48
HM8,rankaware_proxy_pam,1,boundary,13,24,4.7505890040015896e-24,False,2293235712,48,512,48
HM8,rankaware_proxy_pam,1,boundary,13,25,2.7082212900733096e-24,False,2293235712,48,512,48
HM8,rankaware_proxy_pam,1,boundary,13,26,2.1473873362431607e-24,False,2293235712,48,512,48
HM8,rankaware_proxy_pam,1,boundary,13,27,1.5140159876708009e-24,False,2293235712,48,512,48
HM8,rankaware_proxy_pam,1,boundary,13,28,1.0015954372906147e-24,False,2293235712,48,512,48
HM8,rankaware_proxy_pam,1,boundary,13,29,7.095118185797946e-25,False,2293235712,48,512,48
HM8,rankaware_proxy_pam,1,boundary,13,30,5.116380423706964e-25,False,2293235712,48,512,48
HM8,rankaware_proxy_pam,1,boundary,13,31,4.1099532144010533e-25,False,2293235712,48,512,48
HM8,rankaware_proxy_pam,1,boundary,13,32,3.205444139455034e-25,False,2293235712,48,512,48
HM8,rankaware_proxy_pam,1,boundary,14,1,69911712.225617,False,4586471424,24,512,24
HM8,rankaware_proxy_pam,1,boundary,14,2,357.413591133334,False,4586471424,24,512,24
HM8,rankaware_proxy_pam,1,boundary,14,3,3.453943875971702e-08,False,4586471424,24,512,24
HM8,rankaware_proxy_pam,1,boundary,14,4,1.7624270841475782e-08,False,4586471424,24,512,24
HM8,rankaware_proxy_pam,1,boundary,14,5,7.009406771219169e-09,False,4586471424,24,512,24
HM8,rankaware_proxy_pam,1,boundary,14,6,4.110401003918657e-09,False,4586471424,24,512,24
HM8,rankaware_proxy_pam,1,boundary,14,7,3.0782175892509437e-09,False,4586471424,24,512,24
HM8,rankaware_proxy_pam,1,boundary,14,8,2.857250930419674e-09,False,4586471424,24,512,24
HM8,rankaware_proxy_pam,1,boundary,14,9,2.224755958240608e-09,False,4586471424,24,512,24
HM8,rankaware_proxy_pam,1,boundary,14,10,1.2529366826779885e-09,False,4586471424,24,512,24
HM8,rankaware_proxy_pam,1,boundary,14,11,6.82808631584753e-10,False,4586471424,24,512,24
HM8,rankaware_proxy_pam,1,boundary,14,12,6.4157422297792444e-24,False,4586471424,24,512,24
HM8,rankaware_proxy_pam,1,boundary,14,13,1.9562876368966952e-24,False,4586471424,24,512,24
HM8,rankaware_proxy_pam,1,boundary,14,14,9.536373482959845e-25,False,4586471424,24,512,24
HM8,rankaware_proxy_pam,1,boundary,14,15,7.232703995018513e-25,False,4586471424,24,512,24
HM8,rankaware_proxy_pam,1,boundary,14,16,6.444106559378645e-25,False,4586471424,24,512,24
HM8,rankaware_proxy_pam,1,boundary,14,17,5.861349425912218e-25,False,4586471424,24,512,24
HM8,rankaware_proxy_pam,1,boundary,14,18,2.8300978949387734e-25,False,4586471424,24,512,24
HM8,rankaware_proxy_pam,1,boundary,14,19,1.675976843306608e-25,False,4586471424,24,512,24
HM8,rankaware_proxy_pam,1,boundary,14,20,1.1497398583129478e-25,False,4586471424,24,512,24
HM8,rankaware_proxy_pam,1,boundary,14,21,5.812979527044266e-27,False,4586471424,24,512,24
HM8,rankaware_proxy_pam,1,boundary,14,22,1.083876330680956e-40,False,4586471424,24,512,24
HM8,rankaware_proxy_pam,1,boundary,14,23,3.644129684934811e-42,False,4586471424,24,512,24
HM8,rankaware_proxy_pam,1,boundary,14,24,2.2538869458265474e-44,False,4586471424,24,512,24
HM8,rankaware_proxy_pam,1,boundary,15,1,20153347.10169234,False,55037657088,2,512,2
HM8,rankaware_proxy_pam,1,boundary,15,2,2.457636566583362e-09,False,55037657088,2,512,2
HM8,rankaware_proxy_pam,2,hard,1,1,180204101.21554717,False,2,55037657088,2,512
HM8,rankaware_proxy_pam,2,hard,1,2,2.892241980720081e-08,False,2,55037657088,2,512
HM8,rankaware_proxy_pam,2,hard,2,1,624153394.8599082,False,24,4586471424,24,512
HM8,rankaware_proxy_pam,2,hard,2,2,37.904811427040976,False,24,4586471424,24,512
HM8,rankaware_proxy_pam,2,hard,2,3,2.386291623405989e-07,False,24,4586471424,24,512
HM8,rankaware_proxy_pam,2,hard,2,4,1.9279162889700903e-07,False,24,4586471424,24,512
HM8,rankaware_proxy_pam,2,hard,2,5,8.426150730745682e-08,False,24,4586471424,24,512
HM8,rankaware_proxy_pam,2,hard,2,6,7.581725010091007e-08,False,24,4586471424,24,512
HM8,rankaware_proxy_pam,2,hard,2,7,4.35217009555402e-08,False,24,4586471424,24,512
HM8,rankaware_proxy_pam,2,hard,2,8,2.1780159530904838e-08,False,24,4586471424,24,512
HM8,rankaware_proxy_pam,2,hard,2,9,2.0246311099603562e-08,False,24,4586471424,24,512
HM8,rankaware_proxy_pam,2,hard,2,10,1.3542224178439208e-08,False,24,4586471424,24,512
HM8,rankaware_proxy_pam,2,hard,2,11,8.753644417920993e-09,False,24,4586471424,24,512
HM8,rankaware_proxy_pam,2,hard,2,12,3.034657332943008e-09,False,24,4586471424,24,512
HM8,rankaware_proxy_pam,2,hard,2,13,2.5717644250485417e-23,False,24,4586471424,24,512
HM8,rankaware_proxy_pam,2,hard,2,14,2.1258783999928783e-23,False,24,4586471424,24,512
HM8,rankaware_proxy_pam,2,hard,2,15,1.4843691271080987e-23,False,24,4586471424,24,512
HM8,rankaware_proxy_pam,2,hard,2,16,3.6516272583904994e-24,False,24,4586471424,24,512
HM8,rankaware_proxy_pam,2,hard,2,17,1.7860616242687313e-24,False,24,4586471424,24,512
HM8,rankaware_proxy_pam,2,hard,2,18,8.409008968424091e-25,False,24,4586471424,24,512
HM8,rankaware_proxy_pam,2,hard,2,19,6.305551792476529e-25,False,24,4586471424,24,512
HM8,rankaware_proxy_pam,2,hard,2,20,2.6363679151933326e-25,False,24,4586471424,24,512
HM8,rankaware_proxy_pam,2,hard,2,21,5.598185594715727e-33,False,24,4586471424,24,512
HM8,rankaware_proxy_pam,2,hard,2,22,4.1652632236388324e-41,False,24,4586471424,24,512
HM8,rankaware_proxy_pam,2,hard,2,23,5.6889553862868425e-42,False,24,4586471424,24,512
HM8,rankaware_proxy_pam,2,hard,2,24,1.5811055248832072e-43,False,24,4586471424,24,512
HM8,rankaware_proxy_pam,2,hard,3,1,882660177.852355,False,48,2293235712,48,512
HM8,rankaware_proxy_pam,2,hard,3,2,59331.48075813528,False,48,2293235712,48,512
HM8,rankaware_proxy_pam,2,hard,3,3,53.387218172038416,False,48,2293235712,48,512
HM8,rankaware_proxy_pam,2,hard,3,4,9.451083475552608e-07,False,48,2293235712,48,512
HM8,rankaware_proxy_pam,2,hard,3,5,7.844646296299945e-07,False,48,2293235712,48,512
HM8,rankaware_proxy_pam,2,hard,3,6,5.517441980476958e-07,False,48,2293235712,48,512
HM8,rankaware_proxy_pam,2,hard,3,7,5.502942406475159e-07,False,48,2293235712,48,512
HM8,rankaware_proxy_pam,2,hard,3,8,4.626188495243028e-07,False,48,2293235712,48,512
HM8,rankaware_proxy_pam,2,hard,3,9,3.9661907952851236e-07,False,48,2293235712,48,512
HM8,rankaware_proxy_pam,2,hard,3,10,3.9303138146080975e-07,False,48,2293235712,48,512
HM8,rankaware_proxy_pam,2,hard,3,11,3.113140899826152e-07,False,48,2293235712,48,512
HM8,rankaware_proxy_pam,2,hard,3,12,2.0413149817280629e-07,False,48,2293235712,48,512
HM8,rankaware_proxy_pam,2,hard,3,13,1.4996439647511675e-07,False,48,2293235712,48,512
HM8,rankaware_proxy_pam,2,hard,3,14,1.1930391184206853e-07,False,48,2293235712,48,512
HM8,rankaware_proxy_pam,2,hard,3,15,1.125164733328927e-07,False,48,2293235712,48,512
HM8,rankaware_proxy_pam,2,hard,3,16,7.207167195283157e-08,False,48,2293235712,48,512
HM8,rankaware_proxy_pam,2,hard,3,17,6.786561540809154e-08,False,48,2293235712,48,512
HM8,rankaware_proxy_pam,2,hard,3,18,6.456471288709592e-08,False,48,2293235712,48,512
HM8,rankaware_proxy_pam,2,hard,3,19,5.575882567597013e-08,False,48,2293235712,48,512
HM8,rankaware_proxy_pam,2,hard,3,20,4.7290406351136376e-08,False,48,2293235712,48,512
HM8,rankaware_proxy_pam,2,hard,3,21,4.4934128841194116e-08,False,48,2293235712,48,512
HM8,rankaware_proxy_pam,2,hard,3,22,3.9197787210421446e-08,False,48,2293235712,48,512
HM8,rankaware_proxy_pam,2,hard,3,23,3.5600322128853826e-08,False,48,2293235712,48,512
HM8,rankaware_proxy_pam,2,hard,3,24,3.196169543932283e-08,False,48,2293235712,48,512
HM8,rankaware_proxy_pam,2,hard,3,25,2.7208535201046453e-08,False,48,2293235712,48,512
HM8,rankaware_proxy_pam,2,hard,3,26,2.432376655398726e-08,False,48,2293235712,48,512
HM8,rankaware_proxy_pam,2,hard,3,27,2.3250246704624255e-08,False,48,2293235712,48,512
HM8,rankaware_proxy_pam,2,hard,3,28,2.0847958062180906e-08,False,48,2293235712,48,512
HM8,rankaware_proxy_pam,2,hard,3,29,1.0560163585868295e-08,False,48,2293235712,48,512
HM8,rankaware_proxy_pam,2,hard,3,30,2.6990017610223707e-23,False,48,2293235712,48,512
HM8,rankaware_proxy_pam,2,hard,3,31,2.055329423401583e-23,False,48,2293235712,48,512
HM8,rankaware_proxy_pam,2,hard,3,32,1.0080528632676298e-23,False,48,2293235712,48,512
HM8,rankaware_proxy_pam,2,hard,4,1,2882844041.996007,False,576,191102976,512,512
HM8,rankaware_proxy_pam,2,hard,4,2,223.65954256294327,False,576,191102976,512,512
HM8,rankaware_proxy_pam,2,hard,4,3,6.261307827118402e-06,False,576,191102976,512,512
HM8,rankaware_proxy_pam,2,hard,4,4,4.83633892438496e-06,False,576,191102976,512,512
HM8,rankaware_proxy_pam,2,hard,4,5,4.340085503524653e-06,False,576,191102976,512,512
HM8,rankaware_proxy_pam,2,hard,4,6,3.0313410625703003e-06,False,576,191102976,512,512
HM8,rankaware_proxy_pam,2,hard,4,7,3.0112600491053024e-06,False,576,191102976,512,512
HM8,rankaware_proxy_pam,2,hard,4,8,2.7086361518078727e-06,False,576,191102976,512,512
HM8,rankaware_proxy_pam,2,hard,4,9,2.186559106708212e-06,False,576,191102976,512,512
HM8,rankaware_proxy_pam,2,hard,4,10,1.9945733518929717e-06,False,576,191102976,512,512
HM8,rankaware_proxy_pam,2,hard,4,11,1.8479320256001702e-06,False,576,191102976,512,512
HM8,rankaware_proxy_pam,2,hard,4,12,1.331102373467472e-06,False,576,191102976,512,512
HM8,rankaware_proxy_pam,2,hard,4,13,1.108165570266772e-06,False,576,191102976,512,512
HM8,rankaware_proxy_pam,2,hard,4,14,8.402153605088088e-07,False,576,191102976,512,512
HM8,rankaware_proxy_pam,2,hard,4,15,7.321627255769249e-07,False,576,191102976,512,512
HM8,rankaware_proxy_pam,2,hard,4,16,5.322653290138498e-07,False,576,191102976,512,512
HM8,rankaware_proxy_pam,2,hard,4,17,4.250629739352206e-07,False,576,191102976,512,512
HM8,rankaware_proxy_pam,2,hard,4,18,3.7003562576400874e-07,False,576,191102976,512,512
HM8,rankaware_proxy_pam,2,hard,4,19,3.1136136639737824e-07,False,576,191102976,512,512
HM8,rankaware_proxy_pam,2,hard,4,20,2.60629922227992e-07,False,576,191102976,512,512
HM8,rankaware_proxy_pam,2,hard,4,21,2.0911453370527886e-07,False,576,191102976,512,512
HM8,rankaware_proxy_pam,2,hard,4,22,1.719343786393178e-07,False,576,191102976,512,512
HM8,rankaware_proxy_pam,2,hard,4,23,1.587972579339696e-07,False,576,191102976,512,512
HM8,rankaware_proxy_pam,2,hard,4,24,1.5522856760636435e-07,False,576,191102976,512,512
HM8,rankaware_proxy_pam,2,hard,4,25,1.3540578782552886e-07,False,576,191102976,512,512
HM8,rankaware_proxy_pam,2,hard,4,26,1.138307709548114e-07,False,576,191102976,512,512
HM8,rankaware_proxy_pam,2,hard,4,27,9.486579359794859e-08,False,576,191102976,512,512
HM8,rankaware_proxy_pam,2,hard,4,28,8.822986755222093e-08,False,576,191102976,512,512
HM8,rankaware_proxy_pam,2,hard,4,29,7.755118310666836e-08,False,576,191102976,512,512
HM8,rankaware_proxy_pam,2,hard,4,30,7.346274899470335e-08,False,576,191102976,512,512
HM8,rankaware_proxy_pam,2,hard,4,31,6.08106058089891e-08,False,576,191102976,512,512
HM8,rankaware_proxy_pam,2,hard,4,32,5.5933337390256084e-08,False,576,191102976,512,512
HM8,rankaware_proxy_pam,2,hard,5,1,2882693843.041365,False,1152,95551488,512,512
HM8,rankaware_proxy_pam,2,hard,5,2,197117.84418417697,False,1152,95551488,512,512
HM8,rankaware_proxy_pam,2,hard,5,3,219.8406700041453,False,1152,95551488,512,512
HM8,rankaware_proxy_pam,2,hard,5,4,2.7906644382777766e-06,False,1152,95551488,512,512
HM8,rankaware_proxy_pam,2,hard,5,5,2.2205276724743543e-06,False,1152,95551488,512,512
HM8,rankaware_proxy_pam,2,hard,5,6,1.9452918344003904e-06,False,1152,95551488,512,512
HM8,rankaware_proxy_pam,2,hard,5,7,1.3059310829306535e-06,False,1152,95551488,512,512
HM8,rankaware_proxy_pam,2,hard,5,8,1.1318206941531815e-06,False,1152,95551488,512,512
HM8,rankaware_proxy_pam,2,hard,5,9,1.0073379425979062e-06,False,1152,95551488,512,512
HM8,rankaware_proxy_pam,2,hard,5,10,9.231124970806299e-07,False,1152,95551488,512,512
HM8,rankaware_proxy_pam,2,hard,5,11,7.966985083456519e-07,False,1152,95551488,512,512
HM8,rankaware_proxy_pam,2,hard,5,12,6.889101753854044e-07,False,1152,95551488,512,512
HM8,rankaware_proxy_pam,2,hard,5,13,5.62117475961213e-07,False,1152,95551488,512,512
HM8,rankaware_proxy_pam,2,hard,5,14,4.7185167609172173e-07,False,1152,95551488,512,512
HM8,rankaware_proxy_pam,2,hard,5,15,3.7548744519856435e-07,False,1152,95551488,512,512
HM8,rankaware_proxy_pam,2,hard,5,16,3.13931744987587e-07,False,1152,95551488,512,512
HM8,rankaware_proxy_pam,2,hard,5,17,3.0020818532909125e-07,False,1152,95551488,512,512
HM8,rankaware_proxy_pam,2,hard,5,18,2.6718824921780695e-07,False,1152,95551488,512,512
HM8,rankaware_proxy_pam,2,hard,5,19,2.2443338589941524e-07,False,1152,95551488,512,512
HM8,rankaware_proxy_pam,2,hard,5,20,2.153353699670125e-07,False,1152,95551488,512,512
HM8,rankaware_proxy_pam,2,hard,5,21,1.9810478094779263e-07,False,1152,95551488,512,512
HM8,rankaware_proxy_pam,2,hard,5,22,1.8498271447718978e-07,False,1152,95551488,512,512
HM8,rankaware_proxy_pam,2,hard,5,23,1.6803801289308814e-07,False,1152,95551488,512,512
HM8,rankaware_proxy_pam,2,hard,5,24,1.5455045050954123e-07,False,1152,95551488,512,512
HM8,rankaware_proxy_pam,2,hard,5,25,1.4856945521626818e-07,False,1152,95551488,512,512
HM8,rankaware_proxy_pam,2,hard,5,26,1.3896355839825243e-07,False,1152,95551488,512,512
HM8,rankaware_proxy_pam,2,hard,5,27,1.2248703546119223e-07,False,1152,95551488,512,512
HM8,rankaware_proxy_pam,2,hard,5,28,1.1555135693184873e-07,False,1152,95551488,512,512
HM8,rankaware_proxy_pam,2,hard,5,29,1.0617254174899576e-07,False,1152,95551488,512,512
HM8,rankaware_proxy_pam,2,hard,5,30,1.0249573846679968e-07,False,1152,95551488,512,512
HM8,rankaware_proxy_pam,2,hard,5,31,9.83065023170523e-08,False,1152,95551488,512,512
HM8,rankaware_proxy_pam,2,hard,5,32,8.907147144769576e-08,False,1152,95551488,512,512
HM8,rankaware_proxy_pam,2,hard,6,1,2882910249.215696,False,13824,7962624,512,512
HM8,rankaware_proxy_pam,2,hard,6,2,288.3632031044899,False,13824,7962624,512,512
HM8,rankaware_proxy_pam,2,hard,6,3,4.2959954157048365e-06,False,13824,7962624,512,512
HM8,rankaware_proxy_pam,2,hard,6,4,2.9518772260516214e-06,False,13824,7962624,512,512
HM8,rankaware_proxy_pam,2,hard,6,5,2.386840678514667e-06,False,13824,7962624,512,512
HM8,rankaware_proxy_pam,2,hard,6,6,2.174874788336228e-06,False,13824,7962624,512,512
HM8,rankaware_proxy_pam,2,hard,6,7,2.0058622660284343e-06,False,13824,7962624,512,512
HM8,rankaware_proxy_pam,2,hard,6,8,1.65236110462254e-06,False,13824,7962624,512,512
HM8,rankaware_proxy_pam,2,hard,6,9,1.424117290229992e-06,False,13824,7962624,512,512
HM8,rankaware_proxy_pam,2,hard,6,10,1.243768866755167e-06,False,13824,7962624,512,512
HM8,rankaware_proxy_pam,2,hard,6,11,1.0876147083999175e-06,False,13824,7962624,512,512
HM8,rankaware_proxy_pam,2,hard,6,12,1.012040171544661e-06,False,13824,7962624,512,512
HM8,rankaware_proxy_pam,2,hard,6,13,8.206916947650482e-07,False,13824,7962624,512,512
HM8,rankaware_proxy_pam,2,hard,6,14,5.70858260158303e-07,False,13824,7962624,512,512
HM8,rankaware_proxy_pam,2,hard,6,15,5.054620013222242e-07,False,13824,7962624,512,512
HM8,rankaware_proxy_pam,2,hard,6,16,3.3835732489400945e-07,False,13824,7962624,512,512
HM8,rankaware_proxy_pam,2,hard,6,17,3.182159056150326e-07,False,13824,7962624,512,512
HM8,rankaware_proxy_pam,2,hard,6,18,2.8635620847377267e-07,False,13824,7962624,512,512
HM8,rankaware_proxy_pam,2,hard,6,19,2.5630064041290233e-07,False,13824,7962624,512,512
HM8,rankaware_proxy_pam,2,hard,6,20,2.0549972159319674e-07,False,13824,7962624,512,512
HM8,rankaware_proxy_pam,2,hard,6,21,1.8735497970734898e-07,False,13824,7962624,512,512
HM8,rankaware_proxy_pam,2,hard,6,22,1.6814647675855436e-07,False,13824,7962624,512,512
HM8,rankaware_proxy_pam,2,hard,6,23,1.654098976144413e-07,False,13824,7962624,512,512
HM8,rankaware_proxy_pam,2,hard,6,24,1.5382438041437322e-07,False,13824,7962624,512,512
HM8,rankaware_proxy_pam,2,hard,6,25,1.42547024770957e-07,False,13824,7962624,512,512
HM8,rankaware_proxy_pam,2,hard,6,26,1.367015635244535e-07,False,13824,7962624,512,512
HM8,rankaware_proxy_pam,2,hard,6,27,1.1821095382274413e-07,False,13824,7962624,512,512
HM8,rankaware_proxy_pam,2,hard,6,28,1.1265211863784658e-07,False,13824,7962624,512,512
HM8,rankaware_proxy_pam,2,hard,6,29,1.0548079351247815e-07,False,13824,7962624,512,512
HM8,rankaware_proxy_pam,2,hard,6,30,9.93265419472197e-08,False,13824,7962624,512,512
HM8,rankaware_proxy_pam,2,hard,6,31,9.105530453019492e-08,False,13824,7962624,512,512
HM8,rankaware_proxy_pam,2,hard,6,32,8.893396254054024e-08,False,13824,7962624,512,512
HM8,rankaware_proxy_pam,2,hard,7,1,2882827996.619552,False,27648,3981312,512,512
HM8,rankaware_proxy_pam,2,hard,7,2,196878.65473444574,False,27648,3981312,512,512
HM8,rankaware_proxy_pam,2,hard,7,3,245.42218804349835,False,27648,3981312,512,512
HM8,rankaware_proxy_pam,2,hard,7,4,2.193216754321191e-06,False,27648,3981312,512,512
HM8,rankaware_proxy_pam,2,hard,7,5,1.7915525106930678e-06,False,27648,3981312,512,512
HM8,rankaware_proxy_pam,2,hard,7,6,1.6385211042784396e-06,False,27648,3981312,512,512
HM8,rankaware_proxy_pam,2,hard,7,7,1.5782567235472606e-06,False,27648,3981312,512,512
HM8,rankaware_proxy_pam,2,hard,7,8,1.5082020291526445e-06,False,27648,3981312,512,512
HM8,rankaware_proxy_pam,2,hard,7,9,1.1941294902279573e-06,False,27648,3981312,512,512
HM8,rankaware_proxy_pam,2,hard,7,10,1.0645369074799025e-06,False,27648,3981312,512,512
HM8,rankaware_proxy_pam,2,hard,7,11,8.186177814176424e-07,False,27648,3981312,512,512
HM8,rankaware_proxy_pam,2,hard,7,12,5.776156093596309e-07,False,27648,3981312,512,512
HM8,rankaware_proxy_pam,2,hard,7,13,5.169406356306508e-07,False,27648,3981312,512,512
HM8,rankaware_proxy_pam,2,hard,7,14,4.7493102372073926e-07,False,27648,3981312,512,512
HM8,rankaware_proxy_pam,2,hard,7,15,3.798642509288689e-07,False,27648,3981312,512,512
HM8,rankaware_proxy_pam,2,hard,7,16,3.0800879903215623e-07,False,27648,3981312,512,512
HM8,rankaware_proxy_pam,2,hard,7,17,3.0163423976115154e-07,False,27648,3981312,512,512
HM8,rankaware_proxy_pam,2,hard,7,18,2.3695546290253478e-07,False,27648,3981312,512,512
HM8,rankaware_proxy_pam,2,hard,7,19,2.1168316404110033e-07,False,27648,3981312,512,512
HM8,rankaware_proxy_pam,2,hard,7,20,2.0285316182670688e-07,False,27648,3981312,512,512
HM8,rankaware_proxy_pam,2,hard,7,21,1.8495640198150494e-07,False,27648,3981312,512,512
HM8,rankaware_proxy_pam,2,hard,7,22,1.6361154708361726e-07,False,27648,3981312,512,512
HM8,rankaware_proxy_pam,2,hard,7,23,1.4697881862561627e-07,False,27648,3981312,512,512
HM8,rankaware_proxy_pam,2,hard,7,24,1.3676494884996717e-07,False,27648,3981312,512,512
HM8,rankaware_proxy_pam,2,hard,7,25,1.2828539161921206e-07,False,27648,3981312,512,512
HM8,rankaware_proxy_pam,2,hard,7,26,1.233130700666673e-07,False,27648,3981312,512,512
HM8,rankaware_proxy_pam,2,hard,7,27,1.1764049980916751e-07,False,27648,3981312,512,512
HM8,rankaware_proxy_pam,2,hard,7,28,1.1310781167802334e-07,False,27648,3981312,512,512
HM8,rankaware_proxy_pam,2,hard,7,29,1.1182194678588155e-07,False,27648,3981312,512,512
HM8,rankaware_proxy_pam,2,hard,7,30,1.0986724760863212e-07,False,27648,3981312,512,512
HM8,rankaware_proxy_pam,2,hard,7,31,1.0279131813776214e-07,False,27648,3981312,512,512
HM8,rankaware_proxy_pam,2,hard,7,32,9.240975750571976e-08,False,27648,3981312,512,512
HM8,rankaware_proxy_pam,2,hard,8,1,2882841926.391755,False,331776,331776,512,512
HM8,rankaware_proxy_pam,2,hard,8,2,293.59882879272647,False,331776,331776,512,512
HM8,rankaware_proxy_pam,2,hard,8,3,3.602749938811362e-06,False,331776,331776,512,512
HM8,rankaware_proxy_pam,2,hard,8,4,2.5890191490016064e-06,False,331776,331776,512,512
HM8,rankaware_proxy_pam,2,hard,8,5,2.017885707822246e-06,False,331776,331776,512,512
HM8,rankaware_proxy_pam,2,hard,8,6,1.8876424645099825e-06,False,331776,331776,512,512
HM8,rankaware_proxy_pam,2,hard,8,7,1.6273382074648318e-06,False,331776,331776,512,512
HM8,rankaware_proxy_pam,2,hard,8,8,1.5336080257222604e-06,False,331776,331776,512,512
HM8,rankaware_proxy_pam,2,hard,8,9,1.1379345597237581e-06,False,331776,331776,512,512
HM8,rankaware_proxy_pam,2,hard,8,10,1.0522221466065875e-06,False,331776,331776,512,512
HM8,rankaware_proxy_pam,2,hard,8,11,7.936359370435881e-07,False,331776,331776,512,512
HM8,rankaware_proxy_pam,2,hard,8,12,6.629902346851041e-07,False,331776,331776,512,512
HM8,rankaware_proxy_pam,2,hard,8,13,5.905460188504105e-07,False,331776,331776,512,512
HM8,rankaware_proxy_pam,2,hard,8,14,3.6657140603787455e-07,False,331776,331776,512,512
HM8,rankaware_proxy_pam,2,hard,8,15,3.255382274697197e-07,False,331776,331776,512,512
HM8,rankaware_proxy_pam,2,hard,8,16,3.0055710556019405e-07,False,331776,331776,512,512
HM8,rankaware_proxy_pam,2,hard,8,17,2.8087904812802924e-07,False,331776,331776,512,512
HM8,rankaware_proxy_pam,2,hard,8,18,2.091762734818436e-07,False,331776,331776,512,512
HM8,rankaware_proxy_pam,2,hard,8,19,1.962874360484219e-07,False,331776,331776,512,512
HM8,rankaware_proxy_pam,2,hard,8,20,1.8187018787275045e-07,False,331776,331776,512,512
HM8,rankaware_proxy_pam,2,hard,8,21,1.7421210216788087e-07,False,331776,331776,512,512
HM8,rankaware_proxy_pam,2,hard,8,22,1.6552908216829656e-07,False,331776,331776,512,512
HM8,rankaware_proxy_pam,2,hard,8,23,1.6004338455313987e-07,False,331776,331776,512,512
HM8,rankaware_proxy_pam,2,hard,8,24,1.4492508610679032e-07,False,331776,331776,512,512
HM8,rankaware_proxy_pam,2,hard,8,25,1.2495250110562393e-07,False,331776,331776,512,512
HM8,rankaware_proxy_pam,2,hard,8,26,1.1747363896668467e-07,False,331776,331776,512,512
HM8,rankaware_proxy_pam,2,hard,8,27,1.1377856182244701e-07,False,331776,331776,512,512
HM8,rankaware_proxy_pam,2,hard,8,28,1.0100282644618286e-07,False,331776,331776,512,512
HM8,rankaware_proxy_pam,2,hard,8,29,9.84898671825018e-08,False,331776,331776,512,512
HM8,rankaware_proxy_pam,2,hard,8,30,9.056700950436127e-08,False,331776,331776,512,512
HM8,rankaware_proxy_pam,2,hard,8,31,8.574858807154605e-08,False,331776,331776,512,512
HM8,rankaware_proxy_pam,2,hard,8,32,8.431846539269585e-08,False,331776,331776,512,512
HM8,rankaware_proxy_pam,2,hard,9,1,2882816191.7628675,False,663552,165888,512,512
HM8,rankaware_proxy_pam,2,hard,9,2,201564.6054713385,False,663552,165888,512,512
HM8,rankaware_proxy_pam,2,hard,9,3,240.7375985363383,False,663552,165888,512,512
HM8,rankaware_proxy_pam,2,hard,9,4,1.7999101259059296e-06,False,663552,165888,512,512
HM8,rankaware_proxy_pam,2,hard,9,5,1.2559356602854333e-06,False,663552,165888,512,512
HM8,rankaware_proxy_pam,2,hard,9,6,1.2426818431995354e-06,False,663552,165888,512,512
HM8,rankaware_proxy_pam,2,hard,9,7,8.787418630113988e-07,False,663552,165888,512,512
HM8,rankaware_proxy_pam,2,hard,9,8,8.018766498970822e-07,False,663552,165888,512,512
HM8,rankaware_proxy_pam,2,hard,9,9,7.167546314437174e-07,False,663552,165888,512,512
HM8,rankaware_proxy_pam,2,hard,9,10,6.270677988872543e-07,False,663552,165888,512,512
HM8,rankaware_proxy_pam,2,hard,9,11,4.379349388369893e-07,False,663552,165888,512,512
HM8,rankaware_proxy_pam,2,hard,9,12,4.1387371928935014e-07,False,663552,165888,512,512
HM8,rankaware_proxy_pam,2,hard,9,13,3.7214409985006754e-07,False,663552,165888,512,512
HM8,rankaware_proxy_pam,2,hard,9,14,3.5591339372783047e-07,False,663552,165888,512,512
HM8,rankaware_proxy_pam,2,hard,9,15,3.132512561630285e-07,False,663552,165888,512,512
HM8,rankaware_proxy_pam,2,hard,9,16,2.522818873737846e-07,False,663552,165888,512,512
HM8,rankaware_proxy_pam,2,hard,9,17,2.3939937344234675e-07,False,663552,165888,512,512
HM8,rankaware_proxy_pam,2,hard,9,18,2.2389376295236847e-07,False,663552,165888,512,512
HM8,rankaware_proxy_pam,2,hard,9,19,1.9645870888775752e-07,False,663552,165888,512,512
HM8,rankaware_proxy_pam,2,hard,9,20,1.866361451844296e-07,False,663552,165888,512,512
HM8,rankaware_proxy_pam,2,hard,9,21,1.7469554148269583e-07,False,663552,165888,512,512
HM8,rankaware_proxy_pam,2,hard,9,22,1.6932784067050085e-07,False,663552,165888,512,512
HM8,rankaware_proxy_pam,2,hard,9,23,1.6295292145711975e-07,False,663552,165888,512,512
HM8,rankaware_proxy_pam,2,hard,9,24,1.3965430056035286e-07,False,663552,165888,512,512
HM8,rankaware_proxy_pam,2,hard,9,25,1.3244389770762222e-07,False,663552,165888,512,512
HM8,rankaware_proxy_pam,2,hard,9,26,1.2618826899215805e-07,False,663552,165888,512,512
HM8,rankaware_proxy_pam,2,hard,9,27,1.1988237339497812e-07,False,663552,165888,512,512
HM8,rankaware_proxy_pam,2,hard,9,28,1.1483433691602965e-07,False,663552,165888,512,512
HM8,rankaware_proxy_pam,2,hard,9,29,1.116649016807696e-07,False,663552,165888,512,512
HM8,rankaware_proxy_pam,2,hard,9,30,1.0039306866865555e-07,False,663552,165888,512,512
HM8,rankaware_proxy_pam,2,hard,9,31,9.274855880227813e-08,False,663552,165888,512,512
HM8,rankaware_proxy_pam,2,hard,9,32,9.062233957729234e-08,False,663552,165888,512,512
HM8,rankaware_proxy_pam,2,hard,10,1,2882857925.580953,False,7962624,13824,512,512
HM8,rankaware_proxy_pam,2,hard,10,2,265.0716724025824,False,7962624,13824,512,512
HM8,rankaware_proxy_pam,2,hard,10,3,3.2788070793300432e-06,False,7962624,13824,512,512
HM8,rankaware_proxy_pam,2,hard,10,4,2.9894619131898825e-06,False,7962624,13824,512,512
HM8,rankaware_proxy_pam,2,hard,10,5,1.3985517328703641e-06,False,7962624,13824,512,512
HM8,rankaware_proxy_pam,2,hard,10,6,1.2970150168485367e-06,False,7962624,13824,512,512
HM8,rankaware_proxy_pam,2,hard,10,7,1.133541378253572e-06,False,7962624,13824,512,512
HM8,rankaware_proxy_pam,2,hard,10,8,1.0703246686079158e-06,False,7962624,13824,512,512
HM8,rankaware_proxy_pam,2,hard,10,9,9.930741319336958e-07,False,7962624,13824,512,512
HM8,rankaware_proxy_pam,2,hard,10,10,8.753540358432855e-07,False,7962624,13824,512,512
HM8,rankaware_proxy_pam,2,hard,10,11,8.432274560712953e-07,False,7962624,13824,512,512
HM8,rankaware_proxy_pam,2,hard,10,12,5.716593776249927e-07,False,7962624,13824,512,512
HM8,rankaware_proxy_pam,2,hard,10,13,5.356037342891462e-07,False,7962624,13824,512,512
HM8,rankaware_proxy_pam,2,hard,10,14,3.9839021309279626e-07,False,7962624,13824,512,512
HM8,rankaware_proxy_pam,2,hard,10,15,3.458484978394111e-07,False,7962624,13824,512,512
HM8,rankaware_proxy_pam,2,hard,10,16,2.797120545116913e-07,False,7962624,13824,512,512
HM8,rankaware_proxy_pam,2,hard,10,17,2.479130466866523e-07,False,7962624,13824,512,512
HM8,rankaware_proxy_pam,2,hard,10,18,2.3657274823170504e-07,False,7962624,13824,512,512
HM8,rankaware_proxy_pam,2,hard,10,19,2.1703195322233707e-07,False,7962624,13824,512,512
HM8,rankaware_proxy_pam,2,hard,10,20,1.99230442141015e-07,False,7962624,13824,512,512
HM8,rankaware_proxy_pam,2,hard,10,21,1.8667096974472252e-07,False,7962624,13824,512,512
HM8,rankaware_proxy_pam,2,hard,10,22,1.741918549727836e-07,False,7962624,13824,512,512
HM8,rankaware_proxy_pam,2,hard,10,23,1.5361008139919968e-07,False,7962624,13824,512,512
HM8,rankaware_proxy_pam,2,hard,10,24,1.2887146717871994e-07,False,7962624,13824,512,512
HM8,rankaware_proxy_pam,2,hard,10,25,1.239911040516312e-07,False,7962624,13824,512,512
HM8,rankaware_proxy_pam,2,hard,10,26,1.0814003371552318e-07,False,7962624,13824,512,512
HM8,rankaware_proxy_pam,2,hard,10,27,1.0743228546489911e-07,False,7962624,13824,512,512
HM8,rankaware_proxy_pam,2,hard,10,28,1.0474541596368705e-07,False,7962624,13824,512,512
HM8,rankaware_proxy_pam,2,hard,10,29,9.44647825243173e-08,False,7962624,13824,512,512
HM8,rankaware_proxy_pam,2,hard,10,30,8.926542320511113e-08,False,7962624,13824,512,512
HM8,rankaware_proxy_pam,2,hard,10,31,8.474574767453574e-08,False,7962624,13824,512,512
HM8,rankaware_proxy_pam,2,hard,10,32,8.092377755129283e-08,False,7962624,13824,512,512
HM8,rankaware_proxy_pam,2,hard,11,1,2882848851.7329335,False,95551488,1152,512,512
HM8,rankaware_proxy_pam,2,hard,11,2,200713.45961429732,False,95551488,1152,512,512
HM8,rankaware_proxy_pam,2,hard,11,3,230.6171582970702,False,95551488,1152,512,512
HM8,rankaware_proxy_pam,2,hard,11,4,2.619230207332092e-06,False,95551488,1152,512,512
HM8,rankaware_proxy_pam,2,hard,11,5,2.607273257420668e-06,False,95551488,1152,512,512
HM8,rankaware_proxy_pam,2,hard,11,6,2.467914876256201e-06,False,95551488,1152,512,512
HM8,rankaware_proxy_pam,2,hard,11,7,1.7078157502155669e-06,False,95551488,1152,512,512
HM8,rankaware_proxy_pam,2,hard,11,8,1.1725088148771242e-06,False,95551488,1152,512,512
HM8,rankaware_proxy_pam,2,hard,11,9,1.141274505429637e-06,False,95551488,1152,512,512
HM8,rankaware_proxy_pam,2,hard,11,10,9.783212790547522e-07,False,95551488,1152,512,512
HM8,rankaware_proxy_pam,2,hard,11,11,8.523905407846366e-07,False,95551488,1152,512,512
HM8,rankaware_proxy_pam,2,hard,11,12,7.593038549798294e-07,False,95551488,1152,512,512
HM8,rankaware_proxy_pam,2,hard,11,13,6.431820806896832e-07,False,95551488,1152,512,512
HM8,rankaware_proxy_pam,2,hard,11,14,5.824746793651781e-07,False,95551488,1152,512,512
HM8,rankaware_proxy_pam,2,hard,11,15,4.653751204091077e-07,False,95551488,1152,512,512
HM8,rankaware_proxy_pam,2,hard,11,16,2.9965724481996985e-07,False,95551488,1152,512,512
HM8,rankaware_proxy_pam,2,hard,11,17,2.7704023951641414e-07,False,95551488,1152,512,512
HM8,rankaware_proxy_pam,2,hard,11,18,2.614085510277427e-07,False,95551488,1152,512,512
HM8,rankaware_proxy_pam,2,hard,11,19,2.1986385507544329e-07,False,95551488,1152,512,512
HM8,rankaware_proxy_pam,2,hard,11,20,1.9006835863990693e-07,False,95551488,1152,512,512
HM8,rankaware_proxy_pam,2,hard,11,21,1.809357984722362e-07,False,95551488,1152,512,512
HM8,rankaware_proxy_pam,2,hard,11,22,1.678464901439908e-07,False,95551488,1152,512,512
HM8,rankaware_proxy_pam,2,hard,11,23,1.528659713486352e-07,False,95551488,1152,512,512
HM8,rankaware_proxy_pam,2,hard,11,24,1.4334008051102388e-07,False,95551488,1152,512,512
HM8,rankaware_proxy_pam,2,hard,11,25,1.3487159050513213e-07,False,95551488,1152,512,512
HM8,rankaware_proxy_pam,2,hard,11,26,1.1963977016065485e-07,False,95551488,1152,512,512
HM8,rankaware_proxy_pam,2,hard,11,27,1.1655009392253347e-07,False,95551488,1152,512,512
HM8,rankaware_proxy_pam,2,hard,11,28,1.1032350167284838e-07,False,95551488,1152,512,512
HM8,rankaware_proxy_pam,2,hard,11,29,1.0732011344646715e-07,False,95551488,1152,512,512
HM8,rankaware_proxy_pam,2,hard,11,30,1.0502992060929631e-07,False,95551488,1152,512,512
HM8,rankaware_proxy_pam,2,hard,11,31,1.0201741086938945e-07,False,95551488,1152,512,512
HM8,rankaware_proxy_pam,2,hard,11,32,8.591995500738956e-08,False,95551488,1152,512,512
HM8,rankaware_proxy_pam,2,hard,12,1,2882823355.873104,False,191102976,576,512,512
HM8,rankaware_proxy_pam,2,hard,12,2,255.65466056998986,False,191102976,576,512,512
HM8,rankaware_proxy_pam,2,hard,12,3,2.930035100634909e-06,False,191102976,576,512,512
HM8,rankaware_proxy_pam,2,hard,12,4,2.6270672961628414e-06,False,191102976,576,512,512
HM8,rankaware_proxy_pam,2,hard,12,5,2.2337866734619573e-06,False,191102976,576,512,512
HM8,rankaware_proxy_pam,2,hard,12,6,2.2297921066759e-06,False,191102976,576,512,512
HM8,rankaware_proxy_pam,2,hard,12,7,1.7566128880620172e-06,False,191102976,576,512,512
HM8,rankaware_proxy_pam,2,hard,12,8,1.6403934156760138e-06,False,191102976,576,512,512
HM8,rankaware_proxy_pam,2,hard,12,9,1.4704905024827664e-06,False,191102976,576,512,512
HM8,rankaware_proxy_pam,2,hard,12,10,1.2503522419377123e-06,False,191102976,576,512,512
HM8,rankaware_proxy_pam,2,hard,12,11,9.377399073591616e-07,False,191102976,576,512,512
HM8,rankaware_proxy_pam,2,hard,12,12,7.58440342175136e-07,False,191102976,576,512,512
HM8,rankaware_proxy_pam,2,hard,12,13,6.585259776290254e-07,False,191102976,576,512,512
HM8,rankaware_proxy_pam,2,hard,12,14,5.962419404651195e-07,False,191102976,576,512,512
HM8,rankaware_proxy_pam,2,hard,12,15,4.6200868611952185e-07,False,191102976,576,512,512
HM8,rankaware_proxy_pam,2,hard,12,16,4.127687964146532e-07,False,191102976,576,512,512
HM8,rankaware_proxy_pam,2,hard,12,17,3.0570401840903587e-07,False,191102976,576,512,512
HM8,rankaware_proxy_pam,2,hard,12,18,2.5924576142330654e-07,False,191102976,576,512,512
HM8,rankaware_proxy_pam,2,hard,12,19,2.20328334609128e-07,False,191102976,576,512,512
HM8,rankaware_proxy_pam,2,hard,12,20,2.173008803961686e-07,False,191102976,576,512,512
HM8,rankaware_proxy_pam,2,hard,12,21,1.8900339611907144e-07,False,191102976,576,512,512
HM8,rankaware_proxy_pam,2,hard,12,22,1.834697509396494e-07,False,191102976,576,512,512
HM8,rankaware_proxy_pam,2,hard,12,23,1.654343142348032e-07,False,191102976,576,512,512
HM8,rankaware_proxy_pam,2,hard,12,24,1.5442957226952374e-07,False,191102976,576,512,512
HM8,rankaware_proxy_pam,2,hard,12,25,1.4282820578105556e-07,False,191102976,576,512,512
HM8,rankaware_proxy_pam,2,hard,12,26,1.235393783770055e-07,False,191102976,576,512,512
HM8,rankaware_proxy_pam,2,hard,12,27,1.1660223658515472e-07,False,191102976,576,512,512
HM8,rankaware_proxy_pam,2,hard,12,28,1.0537120114959115e-07,False,191102976,576,512,512
HM8,rankaware_proxy_pam,2,hard,12,29,9.485568223107025e-08,False,191102976,576,512,512
HM8,rankaware_proxy_pam,2,hard,12,30,7.900372547114563e-08,False,191102976,576,512,512
HM8,rankaware_proxy_pam,2,hard,12,31,7.039755906892112e-08,False,191102976,576,512,512
HM8,rankaware_proxy_pam,2,hard,12,32,6.110065633110885e-08,False,191102976,576,512,512
HM8,rankaware_proxy_pam,2,hard,13,1,882708107.0209329,False,2293235712,48,512,48
HM8,rankaware_proxy_pam,2,hard,13,2,62425.1977278342,False,2293235712,48,512,48
HM8,rankaware_proxy_pam,2,hard,13,3,50.211368241365854,False,2293235712,48,512,48
HM8,rankaware_proxy_pam,2,hard,13,4,3.134835365467285e-07,False,2293235712,48,512,48
HM8,rankaware_proxy_pam,2,hard,13,5,1.2061166284216061e-07,False,2293235712,48,512,48
HM8,rankaware_proxy_pam,2,hard,13,6,4.5309711490545834e-08,False,2293235712,48,512,48
HM8,rankaware_proxy_pam,2,hard,13,7,4.177608176869153e-08,False,2293235712,48,512,48
HM8,rankaware_proxy_pam,2,hard,13,8,3.811193128752164e-08,False,2293235712,48,512,48
HM8,rankaware_proxy_pam,2,hard,13,9,2.81830664123421e-08,False,2293235712,48,512,48
HM8,rankaware_proxy_pam,2,hard,13,10,2.514568694847454e-08,False,2293235712,48,512,48
HM8,rankaware_proxy_pam,2,hard,13,11,2.3661771899831896e-08,False,2293235712,48,512,48
HM8,rankaware_proxy_pam,2,hard,13,12,2.315397617843158e-08,False,2293235712,48,512,48
HM8,rankaware_proxy_pam,2,hard,13,13,2.03403416705007e-08,False,2293235712,48,512,48
HM8,rankaware_proxy_pam,2,hard,13,14,1.7382106360592765e-08,False,2293235712,48,512,48
HM8,rankaware_proxy_pam,2,hard,13,15,1.6515371799024465e-08,False,2293235712,48,512,48
HM8,rankaware_proxy_pam,2,hard,13,16,1.57060854095922e-08,False,2293235712,48,512,48
HM8,rankaware_proxy_pam,2,hard,13,17,1.370728259848833e-08,False,2293235712,48,512,48
HM8,rankaware_proxy_pam,2,hard,13,18,1.2307623687921017e-08,False,2293235712,48,512,48
HM8,rankaware_proxy_pam,2,hard,13,19,1.2160872017052784e-08,False,2293235712,48,512,48
HM8,rankaware_proxy_pam,2,hard,13,20,1.1648261178757977e-08,False,2293235712,48,512,48
HM8,rankaware_proxy_pam,2,hard,13,21,9.45993284833937e-09,False,2293235712,48,512,48
HM8,rankaware_proxy_pam,2,hard,13,22,7.411910471601728e-09,False,2293235712,48,512,48
HM8,rankaware_proxy_pam,2,hard,13,23,6.183964832795808e-09,False,2293235712,48,512,48
HM8,rankaware_proxy_pam,2,hard,13,24,4.4869922238688466e-09,False,2293235712,48,512,48
HM8,rankaware_proxy_pam,2,hard,13,25,3.5442108310670103e-09,False,2293235712,48,512,48
HM8,rankaware_proxy_pam,2,hard,13,26,4.4173172508397273e-13,False,2293235712,48,512,48
HM8,rankaware_proxy_pam,2,hard,13,27,6.939998454001037e-23,False,2293235712,48,512,48
HM8,rankaware_proxy_pam,2,hard,13,28,2.693460777686539e-23,False,2293235712,48,512,48
HM8,rankaware_proxy_pam,2,hard,13,29,1.848426510442773e-23,False,2293235712,48,512,48
HM8,rankaware_proxy_pam,2,hard,13,30,1.4616410889687975e-23,False,2293235712,48,512,48
HM8,rankaware_proxy_pam,2,hard,13,31,1.0882820352404295e-23,False,2293235712,48,512,48
HM8,rankaware_proxy_pam,2,hard,13,32,7.711322301562163e-24,False,2293235712,48,512,48
HM8,rankaware_proxy_pam,2,hard,14,1,624137854.1468153,False,4586471424,24,512,24
HM8,rankaware_proxy_pam,2,hard,14,2,42.62213358637276,False,4586471424,24,512,24
HM8,rankaware_proxy_pam,2,hard,14,3,7.894584887800189e-08,False,4586471424,24,512,24
HM8,rankaware_proxy_pam,2,hard,14,4,3.881310211759629e-08,False,4586471424,24,512,24
HM8,rankaware_proxy_pam,2,hard,14,5,2.8758809345712386e-08,False,4586471424,24,512,24
HM8,rankaware_proxy_pam,2,hard,14,6,1.9506814770236564e-08,False,4586471424,24,512,24
HM8,rankaware_proxy_pam,2,hard,14,7,1.8968689977310978e-08,False,4586471424,24,512,24
HM8,rankaware_proxy_pam,2,hard,14,8,1.6059953203537535e-08,False,4586471424,24,512,24
HM8,rankaware_proxy_pam,2,hard,14,9,1.4762368595423484e-08,False,4586471424,24,512,24
HM8,rankaware_proxy_pam,2,hard,14,10,1.0782591638133941e-08,False,4586471424,24,512,24
HM8,rankaware_proxy_pam,2,hard,14,11,9.918029001276723e-09,False,4586471424,24,512,24
HM8,rankaware_proxy_pam,2,hard,14,12,7.284713867158226e-09,False,4586471424,24,512,24
HM8,rankaware_proxy_pam,2,hard,14,13,4.346343466511187e-15,False,4586471424,24,512,24
HM8,rankaware_proxy_pam,2,hard,14,14,2.3688070498659953e-23,False,4586471424,24,512,24
HM8,rankaware_proxy_pam,2,hard,14,15,5.505946493235796e-24,False,4586471424,24,512,24
HM8,rankaware_proxy_pam,2,hard,14,16,3.737391187949884e-24,False,4586471424,24,512,24
HM8,rankaware_proxy_pam,2,hard,14,17,2.5811519135917314e-24,False,4586471424,24,512,24
HM8,rankaware_proxy_pam,2,hard,14,18,1.8286437740043782e-24,False,4586471424,24,512,24
HM8,rankaware_proxy_pam,2,hard,14,19,1.4353549332005967e-24,False,4586471424,24,512,24
HM8,rankaware_proxy_pam,2,hard,14,20,9.62332218035832e-25,False,4586471424,24,512,24
HM8,rankaware_proxy_pam,2,hard,14,21,4.836755757298333e-25,False,4586471424,24,512,24
HM8,rankaware_proxy_pam,2,hard,14,22,1.1725687598972953e-25,False,4586471424,24,512,24
HM8,rankaware_proxy_pam,2,hard,14,23,2.280486771447516e-26,False,4586471424,24,512,24
HM8,rankaware_proxy_pam,2,hard,14,24,1.8135650142166107e-41,False,4586471424,24,512,24
HM8,rankaware_proxy_pam,2,hard,15,1,180177179.26645163,False,55037657088,2,512,2
HM8,rankaware_proxy_pam,2,hard,15,2,12491.987841937655,False,55037657088,2,512,2
HM8,hybrid_pam,0,easy,1,1,5443438.267326428,False,12,9172942848,12,512
HM8,hybrid_pam,0,easy,1,2,32950.62354796083,False,12,9172942848,12,512
HM8,hybrid_pam,0,easy,1,3,6.585891464274032e-10,False,12,9172942848,12,512
HM8,hybrid_pam,0,easy,1,4,1.1426260361347837e-10,False,12,9172942848,12,512
HM8,hybrid_pam,0,easy,1,5,6.761490489626678e-11,False,12,9172942848,12,512
HM8,hybrid_pam,0,easy,1,6,5.370551722207806e-11,False,12,9172942848,12,512
HM8,hybrid_pam,0,easy,1,7,9.261356093989261e-12,False,12,9172942848,12,512
HM8,hybrid_pam,0,easy,1,8,8.072403083411529e-26,False,12,9172942848,12,512
HM8,hybrid_pam,0,easy,1,9,9.604038991264364e-27,False,12,9172942848,12,512
HM8,hybrid_pam,0,easy,1,10,9.20371829274654e-28,False,12,9172942848,12,512
HM8,hybrid_pam,0,easy,1,11,3.0404570964812145e-42,False,12,9172942848,12,512
HM8,hybrid_pam,0,easy,1,12,2.9864301856328906e-43,False,12,9172942848,12,512
HM8,hybrid_pam,0,easy,2,1,7731361.547911908,False,24,4586471424,24,512
HM8,hybrid_pam,0,easy,2,2,3318.836820208725,False,24,4586471424,24,512
HM8,hybrid_pam,0,easy,2,3,3.814572404860925e-09,False,24,4586471424,24,512
HM8,hybrid_pam,0,easy,2,4,3.338473498374745e-09,False,24,4586471424,24,512
HM8,hybrid_pam,0,easy,2,5,1.4326732233091102e-09,False,24,4586471424,24,512
HM8,hybrid_pam,0,easy,2,6,6.594438968311897e-10,False,24,4586471424,24,512
HM8,hybrid_pam,0,easy,2,7,5.010824558541793e-10,False,24,4586471424,24,512
HM8,hybrid_pam,0,easy,2,8,3.9249170083214936e-10,False,24,4586471424,24,512
HM8,hybrid_pam,0,easy,2,9,3.2890132863006385e-10,False,24,4586471424,24,512
HM8,hybrid_pam,0,easy,2,10,2.73171979773734e-10,False,24,4586471424,24,512
HM8,hybrid_pam,0,easy,2,11,2.180227475785042e-10,False,24,4586471424,24,512
HM8,hybrid_pam,0,easy,2,12,1.8385124190411924e-10,False,24,4586471424,24,512
HM8,hybrid_pam,0,easy,2,13,8.626231541665776e-11,False,24,4586471424,24,512
HM8,hybrid_pam,0,easy,2,14,6.545582545072513e-11,False,24,4586471424,24,512
HM8,hybrid_pam,0,easy,2,15,7.244987567839755e-25,False,24,4586471424,24,512
HM8,hybrid_pam,0,easy,2,16,1.8678879442245062e-25,False,24,4586471424,24,512
HM8,hybrid_pam,0,easy,2,17,1.8115436020672495e-25,False,24,4586471424,24,512
HM8,hybrid_pam,0,easy,2,18,1.2452003686734921e-25,False,24,4586471424,24,512
HM8,hybrid_pam,0,easy,2,19,1.2200061124786283e-25,False,24,4586471424,24,512
HM8,hybrid_pam,0,easy,2,20,4.731424823526858e-26,False,24,4586471424,24,512
HM8,hybrid_pam,0,easy,2,21,3.076090356001186e-26,False,24,4586471424,24,512
HM8,hybrid_pam,0,easy,2,22,1.6249279461477295e-26,False,24,4586471424,24,512
HM8,hybrid_pam,0,easy,2,23,4.8170391716687784e-42,False,24,4586471424,24,512
HM8,hybrid_pam,0,easy,2,24,2.2119619919364003e-43,False,24,4586471424,24,512
HM8,hybrid_pam,0,easy,3,1,26672717.240920004,False,288,382205952,288,512
HM8,hybrid_pam,0,easy,3,2,151510.48482441666,False,288,382205952,288,512
HM8,hybrid_pam,0,easy,3,3,10222.777990406717,False,288,382205952,288,512
HM8,hybrid_pam,0,easy,3,4,7.787405124750255e-08,False,288,382205952,288,512
HM8,hybrid_pam,0,easy,3,5,5.2836586718305895e-08,False,288,382205952,288,512
HM8,hybrid_pam,0,easy,3,6,4.232579568532226e-08,False,288,382205952,288,512
HM8,hybrid_pam,0,easy,3,7,3.2817356156967245e-08,False,288,382205952,288,512
HM8,hybrid_pam,0,easy,3,8,3.097770347330347e-08,False,288,382205952,288,512
HM8,hybrid_pam,0,easy,3,9,3.068230297504064e-08,False,288,382205952,288,512
HM8,hybrid_pam,0,easy,3,10,3.0591687212157894e-08,False,288,382205952,288,512
HM8,hybrid_pam,0,easy,3,11,2.4307628981637943e-08,False,288,382205952,288,512
HM8,hybrid_pam,0,easy,3,12,1.7064439350874677e-08,False,288,382205952,288,512
HM8,hybrid_pam,0,easy,3,13,1.2001827564551527e-08,False,288,382205952,288,512
HM8,hybrid_pam,0,easy,3,14,1.1682600912009933e-08,False,288,382205952,288,512
HM8,hybrid_pam,0,easy,3,15,6.574457582731702e-09,False,288,382205952,288,512
HM8,hybrid_pam,0,easy,3,16,5.418362181793113e-09,False,288,382205952,288,512
HM8,hybrid_pam,0,easy,3,17,3.625693860897301e-09,False,288,382205952,288,512
HM8,hybrid_pam,0,easy,3,18,2.702765343954239e-09,False,288,382205952,288,512
HM8,hybrid_pam,0,easy,3,19,2.501835043986685e-09,False,288,382205952,288,512
HM8,hybrid_pam,0,easy,3,20,2.27795927548658e-09,False,288,382205952,288,512
HM8,hybrid_pam,0,easy,3,21,2.0009908861613325e-09,False,288,382205952,288,512
HM8,hybrid_pam,0,easy,3,22,1.8072606936729218e-09,False,288,382205952,288,512
HM8,hybrid_pam,0,easy,3,23,1.7862689824588017e-09,False,288,382205952,288,512
HM8,hybrid_pam,0,easy,3,24,1.6736510773251193e-09,False,288,382205952,288,512
HM8,hybrid_pam,0,easy,3,25,1.516368857263733e-09,False,288,382205952,288,512
HM8,hybrid_pam,0,easy,3,26,1.4278964803255217e-09,False,288,382205952,288,512
HM8,hybrid_pam,0,easy,3,27,1.2277906560665537e-09,False,288,382205952,288,512
HM8,hybrid_pam,0,easy,3,28,1.1813973219581362e-09,False,288,382205952,288,512
HM8,hybrid_pam,0,easy,3,29,1.1363222821985961e-09,False,288,382205952,288,512
HM8,hybrid_pam,0,easy,3,30,1.089552253691103e-09,False,288,382205952,288,512
HM8,hybrid_pam,0,easy,3,31,1.0041865897163012e-09,False,288,382205952,288,512
HM8,hybrid_pam,0,easy,3,32,9.472065574115753e-10,False,288,382205952,288,512
HM8,hybrid_pam,0,easy,4,1,35663907.76178238,False,576,191102976,512,512
HM8,hybrid_pam,0,easy,4,2,18755.93974377545,False,576,191102976,512,512
HM8,hybrid_pam,0,easy,4,3,8.34912496733625e-08,False,576,191102976,512,512
HM8,hybrid_pam,0,easy,4,4,5.2780035298722244e-08,False,576,191102976,512,512
HM8,hybrid_pam,0,easy,4,5,4.807703479783057e-08,False,576,191102976,512,512
HM8,hybrid_pam,0,easy,4,6,4.4186860291674484e-08,False,576,191102976,512,512
HM8,hybrid_pam,0,easy,4,7,4.0808382242334756e-08,False,576,191102976,512,512
HM8,hybrid_pam,0,easy,4,8,2.9165979969056773e-08,False,576,191102976,512,512
HM8,hybrid_pam,0,easy,4,9,2.873457398189178e-08,False,576,191102976,512,512
HM8,hybrid_pam,0,easy,4,10,2.7977512073689104e-08,False,576,191102976,512,512
HM8,hybrid_pam,0,easy,4,11,2.4724534104974525e-08,False,576,191102976,512,512
HM8,hybrid_pam,0,easy,4,12,1.9126320466451708e-08,False,576,191102976,512,512
HM8,hybrid_pam,0,easy,4,13,1.6822950165033754e-08,False,576,191102976,512,512
HM8,hybrid_pam,0,easy,4,14,1.5699404459084797e-08,False,576,191102976,512,512
HM8,hybrid_pam,0,easy,4,15,1.0110753685118383e-08,False,576,191102976,512,512
HM8,hybrid_pam,0,easy,4,16,8.396360418571737e-09,False,576,191102976,512,512
HM8,hybrid_pam,0,easy,4,17,5.070972311125049e-09,False,576,191102976,512,512
HM8,hybrid_pam,0,easy,4,18,4.345205090439812e-09,False,576,191102976,512,512
HM8,hybrid_pam,0,easy,4,19,3.931936074271659e-09,False,576,191102976,512,512
HM8,hybrid_pam,0,easy,4,20,3.6463502838641924e-09,False,576,191102976,512,512
HM8,hybrid_pam,0,easy,4,21,3.3167621906660294e-09,False,576,191102976,512,512
HM8,hybrid_pam,0,easy,4,22,3.1150344058930898e-09,False,576,191102976,512,512
HM8,hybrid_pam,0,easy,4,23,2.5297560428594988e-09,False,576,191102976,512,512
HM8,hybrid_pam,0,easy,4,24,2.237034653047785e-09,False,576,191102976,512,512
HM8,hybrid_pam,0,easy,4,25,1.7730254106162542e-09,False,576,191102976,512,512
HM8,hybrid_pam,0,easy,4,26,1.5086573428682332e-09,False,576,191102976,512,512
HM8,hybrid_pam,0,easy,4,27,1.3372648300409552e-09,False,576,191102976,512,512
HM8,hybrid_pam,0,easy,4,28,1.1919221223210004e-09,False,576,191102976,512,512
HM8,hybrid_pam,0,easy,4,29,1.0448187585612614e-09,False,576,191102976,512,512
HM8,hybrid_pam,0,easy,4,30,9.74954606305076e-10,False,576,191102976,512,512
HM8,hybrid_pam,0,easy,4,31,9.147067562452318e-10,False,576,191102976,512,512
HM8,hybrid_pam,0,easy,4,32,8.579863067394162e-10,False,576,191102976,512,512
HM8,hybrid_pam,0,easy,5,1,35551768.397923075,False,6912,15925248,512,512
HM8,hybrid_pam,0,easy,5,2,197519.5844413007,False,6912,15925248,512,512
HM8,hybrid_pam,0,easy,5,3,16664.11041555066,False,6912,15925248,512,512
HM8,hybrid_pam,0,easy,5,4,3.0378502624784436e-08,False,6912,15925248,512,512
HM8,hybrid_pam,0,easy,5,5,2.0036357048624846e-08,False,6912,15925248,512,512
HM8,hybrid_pam,0,easy,5,6,1.7156900355817237e-08,False,6912,15925248,512,512
HM8,hybrid_pam,0,easy,5,7,1.4327642133514815e-08,False,6912,15925248,512,512
HM8,hybrid_pam,0,easy,5,8,1.2311209598291166e-08,False,6912,15925248,512,512
HM8,hybrid_pam,0,easy,5,9,1.2296490274965081e-08,False,6912,15925248,512,512
HM8,hybrid_pam,0,easy,5,10,9.909086406783634e-09,False,6912,15925248,512,512
HM8,hybrid_pam,0,easy,5,11,9.854203150861758e-09,False,6912,15925248,512,512
HM8,hybrid_pam,0,easy,5,12,7.594969185571154e-09,False,6912,15925248,512,512
HM8,hybrid_pam,0,easy,5,13,7.168312916540167e-09,False,6912,15925248,512,512
HM8,hybrid_pam,0,easy,5,14,4.852598683522439e-09,False,6912,15925248,512,512
HM8,hybrid_pam,0,easy,5,15,3.4623924345884494e-09,False,6912,15925248,512,512
HM8,hybrid_pam,0,easy,5,16,3.0331126953813338e-09,False,6912,15925248,512,512
HM8,hybrid_pam,0,easy,5,17,2.7422626242336577e-09,False,6912,15925248,512,512
HM8,hybrid_pam,0,easy,5,18,2.5804276530139414e-09,False,6912,15925248,512,512
HM8,hybrid_pam,0,easy,5,19,2.5276010528967126e-09,False,6912,15925248,512,512
HM8,hybrid_pam,0,easy,5,20,2.1646050922772264e-09,False,6912,15925248,512,512
HM8,hybrid_pam,0,easy,5,21,2.1196470428524474e-09,False,6912,15925248,512,512
HM8,hybrid_pam,0,easy,5,22,2.0071091167471502e-09,False,6912,15925248,512,512
HM8,hybrid_pam,0,easy,5,23,1.840799045671875e-09,False,6912,15925248,512,512
HM8,hybrid_pam,0,easy,5,24,1.7551228172785419e-09,False,6912,15925248,512,512
HM8,hybrid_pam,0,easy,5,25,1.5674942838016489e-09,False,6912,15925248,512,512
HM8,hybrid_pam,0,easy,5,26,1.5253443921209237e-09,False,6912,15925248,512,512
HM8,hybrid_pam,0,easy,5,27,1.4933679708373357e-09,False,6912,15925248,512,512
HM8,hybrid_pam,0,easy,5,28,1.4262111681183995e-09,False,6912,15925248,512,512
HM8,hybrid_pam,0,easy,5,29,1.403679478132257e-09,False,6912,15925248,512,512
HM8,hybrid_pam,0,easy,5,30,1.3183774163007644e-09,False,6912,15925248,512,512
HM8,hybrid_pam,0,easy,5,31,1.2713269658480543e-09,False,6912,15925248,512,512
HM8,hybrid_pam,0,easy,5,32,1.2155096603386972e-09,False,6912,15925248,512,512
HM8,hybrid_pam,0,easy,6,1,35689869.52533168,False,13824,7962624,512,512
HM8,hybrid_pam,0,easy,6,2,24470.764610052243,False,13824,7962624,512,512
HM8,hybrid_pam,0,easy,6,3,3.701578234550172e-08,False,13824,7962624,512,512
HM8,hybrid_pam,0,easy,6,4,3.2930287817253254e-08,False,13824,7962624,512,512
HM8,hybrid_pam,0,easy,6,5,2.6590744057670884e-08,False,13824,7962624,512,512
HM8,hybrid_pam,0,easy,6,6,2.2163844757383952e-08,False,13824,7962624,512,512
HM8,hybrid_pam,0,easy,6,7,2.1482209486717388e-08,False,13824,7962624,512,512
HM8,hybrid_pam,0,easy,6,8,2.066682315601139e-08,False,13824,7962624,512,512
HM8,hybrid_pam,0,easy,6,9,1.941059191626983e-08,False,13824,7962624,512,512
HM8,hybrid_pam,0,easy,6,10,1.9369036270457883e-08,False,13824,7962624,512,512
HM8,hybrid_pam,0,easy,6,11,1.256093856811873e-08,False,13824,7962624,512,512
HM8,hybrid_pam,0,easy,6,12,8.79636960985095e-09,False,13824,7962624,512,512
HM8,hybrid_pam,0,easy,6,13,7.950293125865055e-09,False,13824,7962624,512,512
HM8,hybrid_pam,0,easy,6,14,7.296931471680187e-09,False,13824,7962624,512,512
HM8,hybrid_pam,0,easy,6,15,5.168763627086967e-09,False,13824,7962624,512,512
HM8,hybrid_pam,0,easy,6,16,4.547084288643221e-09,False,13824,7962624,512,512
HM8,hybrid_pam,0,easy,6,17,4.025185088723368e-09,False,13824,7962624,512,512
HM8,hybrid_pam,0,easy,6,18,3.1212326406881913e-09,False,13824,7962624,512,512
HM8,hybrid_pam,0,easy,6,19,3.0421754823550283e-09,False,13824,7962624,512,512
HM8,hybrid_pam,0,easy,6,20,2.7102349519171168e-09,False,13824,7962624,512,512
HM8,hybrid_pam,0,easy,6,21,2.422311756787433e-09,False,13824,7962624,512,512
HM8,hybrid_pam,0,easy,6,22,2.2746687208949735e-09,False,13824,7962624,512,512
HM8,hybrid_pam,0,easy,6,23,2.1170580000568624e-09,False,13824,7962624,512,512
HM8,hybrid_pam,0,easy,6,24,1.926230097201493e-09,False,13824,7962624,512,512
HM8,hybrid_pam,0,easy,6,25,1.845393932962697e-09,False,13824,7962624,512,512
HM8,hybrid_pam,0,easy,6,26,1.7724447270021634e-09,False,13824,7962624,512,512
HM8,hybrid_pam,0,easy,6,27,1.6145901574715884e-09,False,13824,7962624,512,512
HM8,hybrid_pam,0,easy,6,28,1.549561961547858e-09,False,13824,7962624,512,512
HM8,hybrid_pam,0,easy,6,29,1.3449430891667977e-09,False,13824,7962624,512,512
HM8,hybrid_pam,0,easy,6,30,1.2776586156952828e-09,False,13824,7962624,512,512
HM8,hybrid_pam,0,easy,6,31,1.2071769426592074e-09,False,13824,7962624,512,512
HM8,hybrid_pam,0,easy,6,32,1.1951134423657062e-09,False,13824,7962624,512,512
HM8,hybrid_pam,0,easy,7,1,35629361.43576835,False,165888,663552,512,512
HM8,hybrid_pam,0,easy,7,2,192341.72013749246,False,165888,663552,512,512
HM8,hybrid_pam,0,easy,7,3,20184.909779072063,False,165888,663552,512,512
HM8,hybrid_pam,0,easy,7,4,3.180080605034275e-08,False,165888,663552,512,512
HM8,hybrid_pam,0,easy,7,5,2.640687969837813e-08,False,165888,663552,512,512
HM8,hybrid_pam,0,easy,7,6,2.2104783828381684e-08,False,165888,663552,512,512
HM8,hybrid_pam,0,easy,7,7,1.625391180900675e-08,False,165888,663552,512,512
HM8,hybrid_pam,0,easy,7,8,1.4720257745525789e-08,False,165888,663552,512,512
HM8,hybrid_pam,0,easy,7,9,1.1666611233056453e-08,False,165888,663552,512,512
HM8,hybrid_pam,0,easy,7,10,1.008655107706452e-08,False,165888,663552,512,512
HM8,hybrid_pam,0,easy,7,11,9.40046794415164e-09,False,165888,663552,512,512
HM8,hybrid_pam,0,easy,7,12,8.214568682239753e-09,False,165888,663552,512,512
HM8,hybrid_pam,0,easy,7,13,6.121920230771856e-09,False,165888,663552,512,512
HM8,hybrid_pam,0,easy,7,14,5.2956793676420935e-09,False,165888,663552,512,512
HM8,hybrid_pam,0,easy,7,15,4.575041396624725e-09,False,165888,663552,512,512
HM8,hybrid_pam,0,easy,7,16,4.183137260730279e-09,False,165888,663552,512,512
HM8,hybrid_pam,0,easy,7,17,3.5795223085562404e-09,False,165888,663552,512,512
HM8,hybrid_pam,0,easy,7,18,3.030991142939471e-09,False,165888,663552,512,512
HM8,hybrid_pam,0,easy,7,19,2.766243130223138e-09,False,165888,663552,512,512
HM8,hybrid_pam,0,easy,7,20,2.4142492642004964e-09,False,165888,663552,512,512
HM8,hybrid_pam,0,easy,7,21,2.2317712824969724e-09,False,165888,663552,512,512
HM8,hybrid_pam,0,easy,7,22,2.1540201550497247e-09,False,165888,663552,512,512
HM8,hybrid_pam,0,easy,7,23,1.8888062319238287e-09,False,165888,663552,512,512
HM8,hybrid_pam,0,easy,7,24,1.8588081002730367e-09,False,165888,663552,512,512
HM8,hybrid_pam,0,easy,7,25,1.678390296862357e-09,False,165888,663552,512,512
HM8,hybrid_pam,0,easy,7,26,1.6468199882562229e-09,False,165888,663552,512,512
HM8,hybrid_pam,0,easy,7,27,1.6219316079613457e-09,False,165888,663552,512,512
HM8,hybrid_pam,0,easy,7,28,1.5872838444110294e-09,False,165888,663552,512,512
HM8,hybrid_pam,0,easy,7,29,1.4424904254490848e-09,False,165888,663552,512,512
HM8,hybrid_pam,0,easy,7,30,1.4158261660306687e-09,False,165888,663552,512,512
HM8,hybrid_pam,0,easy,7,31,1.3646375261796017e-09,False,165888,663552,512,512
HM8,hybrid_pam,0,easy,7,32,1.3278427266479724e-09,False,165888,663552,512,512
HM8,hybrid_pam,0,easy,8,1,35603156.36375126,False,331776,331776,512,512
HM8,hybrid_pam,0,easy,8,2,22342.211826822557,False,331776,331776,512,512
HM8,hybrid_pam,0,easy,8,3,4.674129171706024e-08,False,331776,331776,512,512
HM8,hybrid_pam,0,easy,8,4,2.859269503789317e-08,False,331776,331776,512,512
HM8,hybrid_pam,0,easy,8,5,2.2679344415990485e-08,False,331776,331776,512,512
HM8,hybrid_pam,0,easy,8,6,2.099992437040931e-08,False,331776,331776,512,512
HM8,hybrid_pam,0,easy,8,7,1.7962178409050044e-08,False,331776,331776,512,512
HM8,hybrid_pam,0,easy,8,8,1.7228753687629065e-08,False,331776,331776,512,512
HM8,hybrid_pam,0,easy,8,9,1.6212702046051813e-08,False,331776,331776,512,512
HM8,hybrid_pam,0,easy,8,10,1.3663693064837244e-08,False,331776,331776,512,512
HM8,hybrid_pam,0,easy,8,11,1.2366688009705036e-08,False,331776,331776,512,512
HM8,hybrid_pam,0,easy,8,12,8.469289064659278e-09,False,331776,331776,512,512
HM8,hybrid_pam,0,easy,8,13,8.218714849132299e-09,False,331776,331776,512,512
HM8,hybrid_pam,0,easy,8,14,6.500208529752508e-09,False,331776,331776,512,512
HM8,hybrid_pam,0,easy,8,15,5.132223922329069e-09,False,331776,331776,512,512
HM8,hybrid_pam,0,easy,8,16,3.7046647251014224e-09,False,331776,331776,512,512
HM8,hybrid_pam,0,easy,8,17,3.6751894431077833e-09,False,331776,331776,512,512
HM8,hybrid_pam,0,easy,8,18,3.2510719753621974e-09,False,331776,331776,512,512
HM8,hybrid_pam,0,easy,8,19,3.1682931780007468e-09,False,331776,331776,512,512
HM8,hybrid_pam,0,easy,8,20,2.9624052953270384e-09,False,331776,331776,512,512
HM8,hybrid_pam,0,easy,8,21,2.803056181402142e-09,False,331776,331776,512,512
HM8,hybrid_pam,0,easy,8,22,2.2778748042829853e-09,False,331776,331776,512,512
HM8,hybrid_pam,0,easy,8,23,2.1566511900112556e-09,False,331776,331776,512,512
HM8,hybrid_pam,0,easy,8,24,2.0631060917049657e-09,False,331776,331776,512,512
HM8,hybrid_pam,0,easy,8,25,1.9363621328720396e-09,False,331776,331776,512,512
HM8,hybrid_pam,0,easy,8,26,1.872256778072358e-09,False,331776,331776,512,512
HM8,hybrid_pam,0,easy,8,27,1.6745248061046095e-09,False,331776,331776,512,512
HM8,hybrid_pam,0,easy,8,28,1.658024105526123e-09,False,331776,331776,512,512
HM8,hybrid_pam,0,easy,8,29,1.505141757743423e-09,False,331776,331776,512,512
HM8,hybrid_pam,0,easy,8,30,1.4895387316496595e-09,False,331776,331776,512,512
HM8,hybrid_pam,0,easy,8,31,1.4017883671302937e-09,False,331776,331776,512,512
HM8,hybrid_pam,0,easy,8,32,1.3072489775467908e-09,False,331776,331776,512,512
HM8,hybrid_pam,0,easy,9,1,35606991.76490518,False,3981312,27648,512,512
HM8,hybrid_pam,0,easy,9,2,199514.61620630187,False,3981312,27648,512,512
HM8,hybrid_pam,0,easy,9,3,19932.47055472301,False,3981312,27648,512,512
HM8,hybrid_pam,0,easy,9,4,4.0985763196122076e-08,False,3981312,27648,512,512
HM8,hybrid_pam,0,easy,9,5,3.402337472685651e-08,False,3981312,27648,512,512
HM8,hybrid_pam,0,easy,9,6,2.8744215670424058e-08,False,3981312,27648,512,512
HM8,hybrid_pam,0,easy,9,7,2.1259712784836285e-08,False,3981312,27648,512,512
HM8,hybrid_pam,0,easy,9,8,1.8354911262345598e-08,False,3981312,27648,512,512
HM8,hybrid_pam,0,easy,9,9,1.4812225799006061e-08,False,3981312,27648,512,512
HM8,hybrid_pam,0,easy,9,10,1.1041342372026931e-08,False,3981312,27648,512,512
HM8,hybrid_pam,0,easy,9,11,1.0123191998218742e-08,False,3981312,27648,512,512
HM8,hybrid_pam,0,easy,9,12,8.911392938840938e-09,False,3981312,27648,512,512
HM8,hybrid_pam,0,easy,9,13,6.3351473115029704e-09,False,3981312,27648,512,512
HM8,hybrid_pam,0,easy,9,14,5.683118939727228e-09,False,3981312,27648,512,512
HM8,hybrid_pam,0,easy,9,15,3.6586901448734753e-09,False,3981312,27648,512,512
HM8,hybrid_pam,0,easy,9,16,3.2355790061356434e-09,False,3981312,27648,512,512
HM8,hybrid_pam,0,easy,9,17,3.0948106950464204e-09,False,3981312,27648,512,512
HM8,hybrid_pam,0,easy,9,18,2.7488892051116608e-09,False,3981312,27648,512,512
HM8,hybrid_pam,0,easy,9,19,2.711826203302706e-09,False,3981312,27648,512,512
HM8,hybrid_pam,0,easy,9,20,2.412251424684912e-09,False,3981312,27648,512,512
HM8,hybrid_pam,0,easy,9,21,2.18411570396359e-09,False,3981312,27648,512,512
HM8,hybrid_pam,0,easy,9,22,2.09359893241052e-09,False,3981312,27648,512,512
HM8,hybrid_pam,0,easy,9,23,1.927889925134019e-09,False,3981312,27648,512,512
HM8,hybrid_pam,0,easy,9,24,1.910654309867213e-09,False,3981312,27648,512,512
HM8,hybrid_pam,0,easy,9,25,1.7918676960182692e-09,False,3981312,27648,512,512
HM8,hybrid_pam,0,easy,9,26,1.688521509916796e-09,False,3981312,27648,512,512
HM8,hybrid_pam,0,easy,9,27,1.6419056860685694e-09,False,3981312,27648,512,512
HM8,hybrid_pam,0,easy,9,28,1.5346653092478319e-09,False,3981312,27648,512,512
HM8,hybrid_pam,0,easy,9,29,1.490544435541702e-09,False,3981312,27648,512,512
HM8,hybrid_pam,0,easy,9,30,1.4251003904191407e-09,False,3981312,27648,512,512
HM8,hybrid_pam,0,easy,9,31,1.3130393624974176e-09,False,3981312,27648,512,512
HM8,hybrid_pam,0,easy,9,32,1.2908804623549e-09,False,3981312,27648,512,512
HM8,hybrid_pam,0,easy,10,1,35574263.66610322,False,7962624,13824,512,512
HM8,hybrid_pam,0,easy,10,2,21177.45060463072,False,7962624,13824,512,512
HM8,hybrid_pam,0,easy,10,3,2.108808549132149e-08,False,7962624,13824,512,512
HM8,hybrid_pam,0,easy,10,4,1.9164143328266856e-08,False,7962624,13824,512,512
HM8,hybrid_pam,0,easy,10,5,1.632021171954623e-08,False,7962624,13824,512,512
HM8,hybrid_pam,0,easy,10,6,1.2499882077366737e-08,False,7962624,13824,512,512
HM8,hybrid_pam,0,easy,10,7,1.0443667906151037e-08,False,7962624,13824,512,512
HM8,hybrid_pam,0,easy,10,8,9.323336909270475e-09,False,7962624,13824,512,512
HM8,hybrid_pam,0,easy,10,9,9.318419041232405e-09,False,7962624,13824,512,512
HM8,hybrid_pam,0,easy,10,10,6.468072467598122e-09,False,7962624,13824,512,512
HM8,hybrid_pam,0,easy,10,11,6.048077371051459e-09,False,7962624,13824,512,512
HM8,hybrid_pam,0,easy,10,12,5.4939914304655335e-09,False,7962624,13824,512,512
HM8,hybrid_pam,0,easy,10,13,4.4390883034214995e-09,False,7962624,13824,512,512
HM8,hybrid_pam,0,easy,10,14,3.878047285026202e-09,False,7962624,13824,512,512
HM8,hybrid_pam,0,easy,10,15,3.5992283586779424e-09,False,7962624,13824,512,512
HM8,hybrid_pam,0,easy,10,16,3.0950804558473267e-09,False,7962624,13824,512,512
HM8,hybrid_pam,0,easy,10,17,2.7736212564332646e-09,False,7962624,13824,512,512
HM8,hybrid_pam,0,easy,10,18,2.6842551025282474e-09,False,7962624,13824,512,512
HM8,hybrid_pam,0,easy,10,19,2.4473094813323225e-09,False,7962624,13824,512,512
HM8,hybrid_pam,0,easy,10,20,2.4136658690817154e-09,False,7962624,13824,512,512
HM8,hybrid_pam,0,easy,10,21,2.1562236230717317e-09,False,7962624,13824,512,512
HM8,hybrid_pam,0,easy,10,22,2.0730845014511567e-09,False,7962624,13824,512,512
HM8,hybrid_pam,0,easy,10,23,1.9130906539747197e-09,False,7962624,13824,512,512
HM8,hybrid_pam,0,easy,10,24,1.8504129039605765e-09,False,7962624,13824,512,512
HM8,hybrid_pam,0,easy,10,25,1.8088813064035485e-09,False,7962624,13824,512,512
HM8,hybrid_pam,0,easy,10,26,1.5964897355917198e-09,False,7962624,13824,512,512
HM8,hybrid_pam,0,easy,10,27,1.5181293000045923e-09,False,7962624,13824,512,512
HM8,hybrid_pam,0,easy,10,28,1.3391437879587645e-09,False,7962624,13824,512,512
HM8,hybrid_pam,0,easy,10,29,1.1734498500268956e-09,False,7962624,13824,512,512
HM8,hybrid_pam,0,easy,10,30,1.1300390904649748e-09,False,7962624,13824,512,512
HM8,hybrid_pam,0,easy,10,31,1.0520410578930583e-09,False,7962624,13824,512,512
HM8,hybrid_pam,0,easy,10,32,9.981801294944098e-10,False,7962624,13824,512,512
HM8,hybrid_pam,0,easy,11,1,35695502.44853506,False,95551488,1152,512,512
HM8,hybrid_pam,0,easy,11,2,191520.80068497674,False,95551488,1152,512,512
HM8,hybrid_pam,0,easy,11,3,19274.85504069155,False,95551488,1152,512,512
HM8,hybrid_pam,0,easy,11,4,4.184235378227751e-08,False,95551488,1152,512,512
HM8,hybrid_pam,0,easy,11,5,2.9369858536444377e-08,False,95551488,1152,512,512
HM8,hybrid_pam,0,easy,11,6,2.6618813851972296e-08,False,95551488,1152,512,512
HM8,hybrid_pam,0,easy,11,7,1.7434942302295158e-08,False,95551488,1152,512,512
HM8,hybrid_pam,0,easy,11,8,1.717318837611819e-08,False,95551488,1152,512,512
HM8,hybrid_pam,0,easy,11,9,1.3745544854860866e-08,False,95551488,1152,512,512
HM8,hybrid_pam,0,easy,11,10,1.3642212764848317e-08,False,95551488,1152,512,512
HM8,hybrid_pam,0,easy,11,11,1.1341512923181274e-08,False,95551488,1152,512,512
HM8,hybrid_pam,0,easy,11,12,1.014055501997852e-08,False,95551488,1152,512,512
HM8,hybrid_pam,0,easy,11,13,7.765106284556192e-09,False,95551488,1152,512,512
HM8,hybrid_pam,0,easy,11,14,5.9571794335767195e-09,False,95551488,1152,512,512
HM8,hybrid_pam,0,easy,11,15,4.979528345834156e-09,False,95551488,1152,512,512
HM8,hybrid_pam,0,easy,11,16,3.816477693548021e-09,False,95551488,1152,512,512
HM8,hybrid_pam,0,easy,11,17,3.5299326494330372e-09,False,95551488,1152,512,512
HM8,hybrid_pam,0,easy,11,18,3.284845883171637e-09,False,95551488,1152,512,512
HM8,hybrid_pam,0,easy,11,19,3.04692934342953e-09,False,95551488,1152,512,512
HM8,hybrid_pam,0,easy,11,20,2.6482322604651036e-09,False,95551488,1152,512,512
HM8,hybrid_pam,0,easy,11,21,2.4967257563914796e-09,False,95551488,1152,512,512
HM8,hybrid_pam,0,easy,11,22,2.2622683357746902e-09,False,95551488,1152,512,512
HM8,hybrid_pam,0,easy,11,23,2.170641326284622e-09,False,95551488,1152,512,512
HM8,hybrid_pam,0,easy,11,24,1.9829696363799767e-09,False,95551488,1152,512,512
HM8,hybrid_pam,0,easy,11,25,1.909890631073777e-09,False,95551488,1152,512,512
HM8,hybrid_pam,0,easy,11,26,1.7662373540056083e-09,False,95551488,1152,512,512
HM8,hybrid_pam,0,easy,11,27,1.6627117497041273e-09,False,95551488,1152,512,512
HM8,hybrid_pam,0,easy,11,28,1.585042236361178e-09,False,95551488,1152,512,512
HM8,hybrid_pam,0,easy,11,29,1.5150311440703887e-09,False,95551488,1152,512,512
HM8,hybrid_pam,0,easy,11,30,1.4788420872912056e-09,False,95551488,1152,512,512
HM8,hybrid_pam,0,easy,11,31,1.4253230916281633e-09,False,95551488,1152,512,512
HM8,hybrid_pam,0,easy,11,32,1.352351241232631e-09,False,95551488,1152,512,512
HM8,hybrid_pam,0,easy,12,1,35628270.66801155,False,191102976,576,512,512
HM8,hybrid_pam,0,easy,12,2,19466.486562595095,False,191102976,576,512,512
HM8,hybrid_pam,0,easy,12,3,7.104178877830044e-08,False,191102976,576,512,512
HM8,hybrid_pam,0,easy,12,4,6.004350496641847e-08,False,191102976,576,512,512
HM8,hybrid_pam,0,easy,12,5,4.640570395153944e-08,False,191102976,576,512,512
HM8,hybrid_pam,0,easy,12,6,4.5625545305914325e-08,False,191102976,576,512,512
HM8,hybrid_pam,0,easy,12,7,3.389041605517893e-08,False,191102976,576,512,512
HM8,hybrid_pam,0,easy,12,8,3.3871847983061067e-08,False,191102976,576,512,512
HM8,hybrid_pam,0,easy,12,9,2.510374086143828e-08,False,191102976,576,512,512
HM8,hybrid_pam,0,easy,12,10,1.9306809349458878e-08,False,191102976,576,512,512
HM8,hybrid_pam,0,easy,12,11,1.6371595269616985e-08,False,191102976,576,512,512
HM8,hybrid_pam,0,easy,12,12,1.2919025346722841e-08,False,191102976,576,512,512
HM8,hybrid_pam,0,easy,12,13,1.0125556260572269e-08,False,191102976,576,512,512
HM8,hybrid_pam,0,easy,12,14,7.801727228992049e-09,False,191102976,576,512,512
HM8,hybrid_pam,0,easy,12,15,6.263143497028016e-09,False,191102976,576,512,512
HM8,hybrid_pam,0,easy,12,16,5.186319033977895e-09,False,191102976,576,512,512
HM8,hybrid_pam,0,easy,12,17,4.476387821628318e-09,False,191102976,576,512,512
HM8,hybrid_pam,0,easy,12,18,4.201243923466851e-09,False,191102976,576,512,512
HM8,hybrid_pam,0,easy,12,19,3.915800276679626e-09,False,191102976,576,512,512
HM8,hybrid_pam,0,easy,12,20,3.6578725165567862e-09,False,191102976,576,512,512
HM8,hybrid_pam,0,easy,12,21,3.126323711306721e-09,False,191102976,576,512,512
HM8,hybrid_pam,0,easy,12,22,2.4121295559607453e-09,False,191102976,576,512,512
HM8,hybrid_pam,0,easy,12,23,2.2695743257695486e-09,False,191102976,576,512,512
HM8,hybrid_pam,0,easy,12,24,2.019781180962421e-09,False,191102976,576,512,512
HM8,hybrid_pam,0,easy,12,25,1.9173278061958055e-09,False,191102976,576,512,512
HM8,hybrid_pam,0,easy,12,26,1.642796759805804e-09,False,191102976,576,512,512
HM8,hybrid_pam,0,easy,12,27,1.521394969436516e-09,False,191102976,576,512,512
HM8,hybrid_pam,0,easy,12,28,1.4460590012887298e-09,False,191102976,576,512,512
HM8,hybrid_pam,0,easy,12,29,1.3267608696420246e-09,False,191102976,576,512,512
HM8,hybrid_pam,0,easy,12,30,1.1775705827548657e-09,False,191102976,576,512,512
HM8,hybrid_pam,0,easy,12,31,1.1225754202421744e-09,False,191102976,576,512,512
HM8,hybrid_pam,0,easy,12,32,8.426363292573029e-10,False,191102976,576,512,512
HM8,hybrid_pam,0,easy,13,1,10902310.939303756,False,2293235712,48,512,48
HM8,hybrid_pam,0,easy,13,2,60089.715898918155,False,2293235712,48,512,48
HM8,hybrid_pam,0,easy,13,3,4117.064715923962,False,2293235712,48,512,48
HM8,hybrid_pam,0,easy,13,4,4.785409752218777e-09,False,2293235712,48,512,48
HM8,hybrid_pam,0,easy,13,5,3.3119114460574277e-09,False,2293235712,48,512,48
HM8,hybrid_pam,0,easy,13,6,1.2352925172034666e-09,False,2293235712,48,512,48
HM8,hybrid_pam,0,easy,13,7,6.843209684069014e-10,False,2293235712,48,512,48
HM8,hybrid_pam,0,easy,13,8,5.843515792705778e-10,False,2293235712,48,512,48
HM8,hybrid_pam,0,easy,13,9,3.852965899398516e-10,False,2293235712,48,512,48
HM8,hybrid_pam,0,easy,13,10,3.7292188881734595e-10,False,2293235712,48,512,48
HM8,hybrid_pam,0,easy,13,11,3.400345166738402e-10,False,2293235712,48,512,48
HM8,hybrid_pam,0,easy,13,12,3.114919431050445e-10,False,2293235712,48,512,48
HM8,hybrid_pam,0,easy,13,13,2.8109660057846425e-10,False,2293235712,48,512,48
HM8,hybrid_pam,0,easy,13,14,2.638883831706088e-10,False,2293235712,48,512,48
HM8,hybrid_pam,0,easy,13,15,2.295951746807963e-10,False,2293235712,48,512,48
HM8,hybrid_pam,0,easy,13,16,2.1305447537182276e-10,False,2293235712,48,512,48
HM8,hybrid_pam,0,easy,13,17,1.5914438984746895e-10,False,2293235712,48,512,48
HM8,hybrid_pam,0,easy,13,18,1.576962899379146e-10,False,2293235712,48,512,48
HM8,hybrid_pam,0,easy,13,19,1.5338422638646945e-10,False,2293235712,48,512,48
HM8,hybrid_pam,0,easy,13,20,1.3106464119707606e-10,False,2293235712,48,512,48
HM8,hybrid_pam,0,easy,13,21,1.1371916622275101e-10,False,2293235712,48,512,48
HM8,hybrid_pam,0,easy,13,22,8.35779856741825e-11,False,2293235712,48,512,48
HM8,hybrid_pam,0,easy,13,23,7.027488356685873e-11,False,2293235712,48,512,48
HM8,hybrid_pam,0,easy,13,24,5.5164037684012073e-11,False,2293235712,48,512,48
HM8,hybrid_pam,0,easy,13,25,5.340205254064407e-11,False,2293235712,48,512,48
HM8,hybrid_pam,0,easy,13,26,4.343331927310377e-25,False,2293235712,48,512,48
HM8,hybrid_pam,0,easy,13,27,3.185762443472078e-25,False,2293235712,48,512,48
HM8,hybrid_pam,0,easy,13,28,2.923521722106324e-25,False,2293235712,48,512,48
HM8,hybrid_pam,0,easy,13,29,2.3667039670067294e-25,False,2293235712,48,512,48
HM8,hybrid_pam,0,easy,13,30,2.198806163663824e-25,False,2293235712,48,512,48
HM8,hybrid_pam,0,easy,13,31,1.230179807192607e-25,False,2293235712,48,512,48
HM8,hybrid_pam,0,easy,13,32,6.04641942253271e-26,False,2293235712,48,512,48
HM8,hybrid_pam,0,easy,14,1,7748405.144380785,False,4586471424,24,512,24
HM8,hybrid_pam,0,easy,14,2,3761.983416251508,False,4586471424,24,512,24
HM8,hybrid_pam,0,easy,14,3,3.2556618408494506e-09,False,4586471424,24,512,24
HM8,hybrid_pam,0,easy,14,4,1.7212422545799537e-09,False,4586471424,24,512,24
HM8,hybrid_pam,0,easy,14,5,1.0082877129723259e-09,False,4586471424,24,512,24
HM8,hybrid_pam,0,easy,14,6,7.232526373114693e-10,False,4586471424,24,512,24
HM8,hybrid_pam,0,easy,14,7,3.204933293064854e-10,False,4586471424,24,512,24
HM8,hybrid_pam,0,easy,14,8,2.937841235644822e-10,False,4586471424,24,512,24
HM8,hybrid_pam,0,easy,14,9,2.3991198825682054e-10,False,4586471424,24,512,24
HM8,hybrid_pam,0,easy,14,10,1.8645628486605693e-10,False,4586471424,24,512,24
HM8,hybrid_pam,0,easy,14,11,6.817019319254562e-11,False,4586471424,24,512,24
HM8,hybrid_pam,0,easy,14,12,5.700664712184563e-13,False,4586471424,24,512,24
HM8,hybrid_pam,0,easy,14,13,5.3602204904796474e-14,False,4586471424,24,512,24
HM8,hybrid_pam,0,easy,14,14,3.5377591483743876e-25,False,4586471424,24,512,24
HM8,hybrid_pam,0,easy,14,15,3.2446217178069907e-25,False,4586471424,24,512,24
HM8,hybrid_pam,0,easy,14,16,1.5213766973625173e-25,False,4586471424,24,512,24
HM8,hybrid_pam,0,easy,14,17,1.0243999599991524e-25,False,4586471424,24,512,24
HM8,hybrid_pam,0,easy,14,18,5.285643319677205e-26,False,4586471424,24,512,24
HM8,hybrid_pam,0,easy,14,19,3.171251092833416e-26,False,4586471424,24,512,24
HM8,hybrid_pam,0,easy,14,20,1.7070399326641217e-26,False,4586471424,24,512,24
HM8,hybrid_pam,0,easy,14,21,1.605348417381104e-29,False,4586471424,24,512,24
HM8,hybrid_pam,0,easy,14,22,1.0655654146107835e-41,False,4586471424,24,512,24
HM8,hybrid_pam,0,easy,14,23,5.781796846484281e-42,False,4586471424,24,512,24
HM8,hybrid_pam,0,easy,14,24,8.28843295239367e-43,False,4586471424,24,512,24
HM8,hybrid_pam,0,easy,15,1,2248478.6574506876,False,55037657088,2,512,2
HM8,hybrid_pam,0,easy,15,2,5.352923251446972e-10,False,55037657088,2,512,2
HM8,hybrid_pam,1,boundary,1,1,49436933.82929408,False,12,9172942848,12,512
HM8,hybrid_pam,1,boundary,1,2,29656.59874640957,False,12,9172942848,12,512
HM8,hybrid_pam,1,boundary,1,3,1.986326597584298e-09,False,12,9172942848,12,512
HM8,hybrid_pam,1,boundary,1,4,1.0795290313093788e-09,False,12,9172942848,12,512
HM8,hybrid_pam,1,boundary,1,5,7.298847875128027e-10,False,12,9172942848,12,512
HM8,hybrid_pam,1,boundary,1,6,3.802779095186248e-10,False,12,9172942848,12,512
HM8,hybrid_pam,1,boundary,1,7,3.037450648372929e-12,False,12,9172942848,12,512
HM8,hybrid_pam,1,boundary,1,8,9.666307484235724e-25,False,12,9172942848,12,512
HM8,hybrid_pam,1,boundary,1,9,9.710754256475447e-26,False,12,9172942848,12,512
HM8,hybrid_pam,1,boundary,1,10,9.334559978925333e-26,False,12,9172942848,12,512
HM8,hybrid_pam,1,boundary,1,11,1.3449961215399806e-26,False,12,9172942848,12,512
HM8,hybrid_pam,1,boundary,1,12,1.4618488926748668e-28,False,12,9172942848,12,512
HM8,hybrid_pam,1,boundary,2,1,69896600.23019084,False,24,4586471424,24,512
HM8,hybrid_pam,1,boundary,2,2,396.4565621494511,False,24,4586471424,24,512
HM8,hybrid_pam,1,boundary,2,3,2.719891183926271e-08,False,24,4586471424,24,512
HM8,hybrid_pam,1,boundary,2,4,1.9806996047476625e-08,False,24,4586471424,24,512
HM8,hybrid_pam,1,boundary,2,5,1.0566273656445355e-08,False,24,4586471424,24,512
HM8,hybrid_pam,1,boundary,2,6,8.6262860641977e-09,False,24,4586471424,24,512
HM8,hybrid_pam,1,boundary,2,7,4.6578571276022786e-09,False,24,4586471424,24,512
HM8,hybrid_pam,1,boundary,2,8,4.198962872902825e-09,False,24,4586471424,24,512
HM8,hybrid_pam,1,boundary,2,9,2.6645176874494346e-09,False,24,4586471424,24,512
HM8,hybrid_pam,1,boundary,2,10,2.58224791686416e-09,False,24,4586471424,24,512
HM8,hybrid_pam,1,boundary,2,11,1.9404751332218924e-09,False,24,4586471424,24,512
HM8,hybrid_pam,1,boundary,2,12,1.2807295748146806e-09,False,24,4586471424,24,512
HM8,hybrid_pam,1,boundary,2,13,6.786315711312719e-10,False,24,4586471424,24,512
HM8,hybrid_pam,1,boundary,2,14,5.158371745828848e-10,False,24,4586471424,24,512
HM8,hybrid_pam,1,boundary,2,15,3.974399757870734e-10,False,24,4586471424,24,512
HM8,hybrid_pam,1,boundary,2,16,5.579390462739607e-24,False,24,4586471424,24,512
HM8,hybrid_pam,1,boundary,2,17,3.646187244315622e-24,False,24,4586471424,24,512
HM8,hybrid_pam,1,boundary,2,18,1.5618319018404782e-24,False,24,4586471424,24,512
HM8,hybrid_pam,1,boundary,2,19,1.0343192572893892e-24,False,24,4586471424,24,512
HM8,hybrid_pam,1,boundary,2,20,8.42394462039514e-25,False,24,4586471424,24,512
HM8,hybrid_pam,1,boundary,2,21,1.97756835025993e-25,False,24,4586471424,24,512
HM8,hybrid_pam,1,boundary,2,22,1.1952331500694389e-26,False,24,4586471424,24,512
HM8,hybrid_pam,1,boundary,2,23,1.0015440495911477e-26,False,24,4586471424,24,512
HM8,hybrid_pam,1,boundary,2,24,1.9127834499651448e-41,False,24,4586471424,24,512
HM8,hybrid_pam,1,boundary,3,1,242091646.63619047,False,288,382205952,288,512
HM8,hybrid_pam,1,boundary,3,2,146034.23149288338,False,288,382205952,288,512
HM8,hybrid_pam,1,boundary,3,3,1100.4546566748102,False,288,382205952,288,512
HM8,hybrid_pam,1,boundary,3,4,4.86277356653046e-07,False,288,382205952,288,512
HM8,hybrid_pam,1,boundary,3,5,3.3263820182189e-07,False,288,382205952,288,512
HM8,hybrid_pam,1,boundary,3,6,2.760649952340966e-07,False,288,382205952,288,512
HM8,hybrid_pam,1,boundary,3,7,2.650914037337124e-07,False,288,382205952,288,512
HM8,hybrid_pam,1,boundary,3,8,2.442122628664854e-07,False,288,382205952,288,512
HM8,hybrid_pam,1,boundary,3,9,1.7055436369515962e-07,False,288,382205952,288,512
HM8,hybrid_pam,1,boundary,3,10,1.55784638537165e-07,False,288,382205952,288,512
HM8,hybrid_pam,1,boundary,3,11,9.28640096092182e-08,False,288,382205952,288,512
HM8,hybrid_pam,1,boundary,3,12,7.282195734128333e-08,False,288,382205952,288,512
HM8,hybrid_pam,1,boundary,3,13,5.282988842235196e-08,False,288,382205952,288,512
HM8,hybrid_pam,1,boundary,3,14,4.906122955952253e-08,False,288,382205952,288,512
HM8,hybrid_pam,1,boundary,3,15,3.351642078815098e-08,False,288,382205952,288,512
HM8,hybrid_pam,1,boundary,3,16,2.6517744511772748e-08,False,288,382205952,288,512
HM8,hybrid_pam,1,boundary,3,17,2.4798257512855302e-08,False,288,382205952,288,512
HM8,hybrid_pam,1,boundary,3,18,2.276630117230188e-08,False,288,382205952,288,512
HM8,hybrid_pam,1,boundary,3,19,2.1054406873950107e-08,False,288,382205952,288,512
HM8,hybrid_pam,1,boundary,3,20,1.8631748747868934e-08,False,288,382205952,288,512
HM8,hybrid_pam,1,boundary,3,21,1.7050902462521034e-08,False,288,382205952,288,512
HM8,hybrid_pam,1,boundary,3,22,1.5673123673015802e-08,False,288,382205952,288,512
HM8,hybrid_pam,1,boundary,3,23,1.4475936117526383e-08,False,288,382205952,288,512
HM8,hybrid_pam,1,boundary,3,24,1.2734806868590682e-08,False,288,382205952,288,512
HM8,hybrid_pam,1,boundary,3,25,1.2413959267069304e-08,False,288,382205952,288,512
HM8,hybrid_pam,1,boundary,3,26,1.1289857063162318e-08,False,288,382205952,288,512
HM8,hybrid_pam,1,boundary,3,27,1.0596601683399636e-08,False,288,382205952,288,512
HM8,hybrid_pam,1,boundary,3,28,9.924277753839655e-09,False,288,382205952,288,512
HM8,hybrid_pam,1,boundary,3,29,9.481823416345216e-09,False,288,382205952,288,512
HM8,hybrid_pam,1,boundary,3,30,8.442666723356912e-09,False,288,382205952,288,512
HM8,hybrid_pam,1,boundary,3,31,8.120582815544376e-09,False,288,382205952,288,512
HM8,hybrid_pam,1,boundary,3,32,7.701256028998336e-09,False,288,382205952,288,512
HM8,hybrid_pam,1,boundary,4,1,322833463.5885851,False,576,191102976,512,512
HM8,hybrid_pam,1,boundary,4,2,2310.4523583972186,False,576,191102976,512,512
HM8,hybrid_pam,1,boundary,4,3,5.67576606462811e-07,False,576,191102976,512,512
HM8,hybrid_pam,1,boundary,4,4,5.191835379055241e-07,False,576,191102976,512,512
HM8,hybrid_pam,1,boundary,4,5,4.5544862679550757e-07,False,576,191102976,512,512
HM8,hybrid_pam,1,boundary,4,6,3.444862457395263e-07,False,576,191102976,512,512
HM8,hybrid_pam,1,boundary,4,7,2.7687189115813395e-07,False,576,191102976,512,512
HM8,hybrid_pam,1,boundary,4,8,2.2570327959771052e-07,False,576,191102976,512,512
HM8,hybrid_pam,1,boundary,4,9,2.1933603040626972e-07,False,576,191102976,512,512
HM8,hybrid_pam,1,boundary,4,10,2.0920583098040603e-07,False,576,191102976,512,512
HM8,hybrid_pam,1,boundary,4,11,1.733461289949848e-07,False,576,191102976,512,512
HM8,hybrid_pam,1,boundary,4,12,1.3973791392567499e-07,False,576,191102976,512,512
HM8,hybrid_pam,1,boundary,4,13,1.320629063490031e-07,False,576,191102976,512,512
HM8,hybrid_pam,1,boundary,4,14,1.0668872743475978e-07,False,576,191102976,512,512
HM8,hybrid_pam,1,boundary,4,15,7.170486306693271e-08,False,576,191102976,512,512
HM8,hybrid_pam,1,boundary,4,16,4.783969307871284e-08,False,576,191102976,512,512
HM8,hybrid_pam,1,boundary,4,17,3.918605119965456e-08,False,576,191102976,512,512
HM8,hybrid_pam,1,boundary,4,18,3.231756814093723e-08,False,576,191102976,512,512
HM8,hybrid_pam,1,boundary,4,19,2.9583923111337882e-08,False,576,191102976,512,512
HM8,hybrid_pam,1,boundary,4,20,2.658661497950965e-08,False,576,191102976,512,512
HM8,hybrid_pam,1,boundary,4,21,2.3799716222819276e-08,False,576,191102976,512,512
HM8,hybrid_pam,1,boundary,4,22,2.1912820420378403e-08,False,576,191102976,512,512
HM8,hybrid_pam,1,boundary,4,23,1.9527371350060085e-08,False,576,191102976,512,512
HM8,hybrid_pam,1,boundary,4,24,1.6303586685582676e-08,False,576,191102976,512,512
HM8,hybrid_pam,1,boundary,4,25,1.5870088781068388e-08,False,576,191102976,512,512
HM8,hybrid_pam,1,boundary,4,26,1.4031890253707961e-08,False,576,191102976,512,512
HM8,hybrid_pam,1,boundary,4,27,1.2275336554877775e-08,False,576,191102976,512,512
HM8,hybrid_pam,1,boundary,4,28,1.1065518259773699e-08,False,576,191102976,512,512
HM8,hybrid_pam,1,boundary,4,29,9.468357988602201e-09,False,576,191102976,512,512
HM8,hybrid_pam,1,boundary,4,30,8.525454153828038e-09,False,576,191102976,512,512
HM8,hybrid_pam,1,boundary,4,31,7.414883142637385e-09,False,576,191102976,512,512
HM8,hybrid_pam,1,boundary,4,32,6.362305891966256e-09,False,576,191102976,512,512
HM8,hybrid_pam,1,boundary,5,1,322873601.01211095,False,6912,15925248,512,512
HM8,hybrid_pam,1,boundary,5,2,200251.2214662689,False,6912,15925248,512,512
HM8,hybrid_pam,1,boundary,5,3,2010.2925391269541,False,6912,15925248,512,512
HM8,hybrid_pam,1,boundary,5,4,3.2160289749551543e-07,False,6912,15925248,512,512
HM8,hybrid_pam,1,boundary,5,5,2.0252614593035123e-07,False,6912,15925248,512,512
HM8,hybrid_pam,1,boundary,5,6,1.8325041965078136e-07,False,6912,15925248,512,512
HM8,hybrid_pam,1,boundary,5,7,1.8232184848821858e-07,False,6912,15925248,512,512
HM8,hybrid_pam,1,boundary,5,8,1.7533296898257015e-07,False,6912,15925248,512,512
HM8,hybrid_pam,1,boundary,5,9,1.1393908754075044e-07,False,6912,15925248,512,512
HM8,hybrid_pam,1,boundary,5,10,1.0769223361452724e-07,False,6912,15925248,512,512
HM8,hybrid_pam,1,boundary,5,11,1.048746057361875e-07,False,6912,15925248,512,512
HM8,hybrid_pam,1,boundary,5,12,7.338464486741494e-08,False,6912,15925248,512,512
HM8,hybrid_pam,1,boundary,5,13,5.6126390527612456e-08,False,6912,15925248,512,512
HM8,hybrid_pam,1,boundary,5,14,5.4685853814987686e-08,False,6912,15925248,512,512
HM8,hybrid_pam,1,boundary,5,15,4.058685648838889e-08,False,6912,15925248,512,512
HM8,hybrid_pam,1,boundary,5,16,3.0631852288973984e-08,False,6912,15925248,512,512
HM8,hybrid_pam,1,boundary,5,17,2.9150845110739613e-08,False,6912,15925248,512,512
HM8,hybrid_pam,1,boundary,5,18,2.5616281118208867e-08,False,6912,15925248,512,512
HM8,hybrid_pam,1,boundary,5,19,2.3304011701368994e-08,False,6912,15925248,512,512
HM8,hybrid_pam,1,boundary,5,20,2.2504932418479083e-08,False,6912,15925248,512,512
HM8,hybrid_pam,1,boundary,5,21,1.971724653659122e-08,False,6912,15925248,512,512
HM8,hybrid_pam,1,boundary,5,22,1.8462852200443932e-08,False,6912,15925248,512,512
HM8,hybrid_pam,1,boundary,5,23,1.811399073625605e-08,False,6912,15925248,512,512
HM8,hybrid_pam,1,boundary,5,24,1.6296597541695203e-08,False,6912,15925248,512,512
HM8,hybrid_pam,1,boundary,5,25,1.5435214846616307e-08,False,6912,15925248,512,512
HM8,hybrid_pam,1,boundary,5,26,1.449173065193332e-08,False,6912,15925248,512,512
HM8,hybrid_pam,1,boundary,5,27,1.4210592710003472e-08,False,6912,15925248,512,512
HM8,hybrid_pam,1,boundary,5,28,1.3480404604748449e-08,False,6912,15925248,512,512
HM8,hybrid_pam,1,boundary,5,29,1.2848606808650776e-08,False,6912,15925248,512,512
HM8,hybrid_pam,1,boundary,5,30,1.1919215700727097e-08,False,6912,15925248,512,512
HM8,hybrid_pam,1,boundary,5,31,1.1700822927380014e-08,False,6912,15925248,512,512
HM8,hybrid_pam,1,boundary,5,32,1.1369857581772901e-08,False,6912,15925248,512,512
HM8,hybrid_pam,1,boundary,6,1,322805947.1618604,False,13824,7962624,512,512
HM8,hybrid_pam,1,boundary,6,2,2443.140466550506,False,13824,7962624,512,512
HM8,hybrid_pam,1,boundary,6,3,4.270667206949147e-07,False,13824,7962624,512,512
HM8,hybrid_pam,1,boundary,6,4,2.78734852974075e-07,False,13824,7962624,512,512
HM8,hybrid_pam,1,boundary,6,5,2.2707123776656193e-07,False,13824,7962624,512,512
HM8,hybrid_pam,1,boundary,6,6,2.0757381787098172e-07,False,13824,7962624,512,512
HM8,hybrid_pam,1,boundary,6,7,1.9454135283365933e-07,False,13824,7962624,512,512
HM8,hybrid_pam,1,boundary,6,8,1.5549211842520665e-07,False,13824,7962624,512,512
HM8,hybrid_pam,1,boundary,6,9,1.2094820608502978e-07,False,13824,7962624,512,512
HM8,hybrid_pam,1,boundary,6,10,1.0248303888070244e-07,False,13824,7962624,512,512
HM8,hybrid_pam,1,boundary,6,11,9.675681087927797e-08,False,13824,7962624,512,512
HM8,hybrid_pam,1,boundary,6,12,7.677437299392638e-08,False,13824,7962624,512,512
HM8,hybrid_pam,1,boundary,6,13,6.587977105535133e-08,False,13824,7962624,512,512
HM8,hybrid_pam,1,boundary,6,14,5.676207555325226e-08,False,13824,7962624,512,512
HM8,hybrid_pam,1,boundary,6,15,4.1939247096293556e-08,False,13824,7962624,512,512
HM8,hybrid_pam,1,boundary,6,16,3.6986357514845666e-08,False,13824,7962624,512,512
HM8,hybrid_pam,1,boundary,6,17,3.5736919783810324e-08,False,13824,7962624,512,512
HM8,hybrid_pam,1,boundary,6,18,3.3195732119235904e-08,False,13824,7962624,512,512
HM8,hybrid_pam,1,boundary,6,19,2.7099295546752496e-08,False,13824,7962624,512,512
HM8,hybrid_pam,1,boundary,6,20,2.5844912930250936e-08,False,13824,7962624,512,512
HM8,hybrid_pam,1,boundary,6,21,2.2728217622160063e-08,False,13824,7962624,512,512
HM8,hybrid_pam,1,boundary,6,22,2.1707209067151936e-08,False,13824,7962624,512,512
HM8,hybrid_pam,1,boundary,6,23,2.0242306169288265e-08,False,13824,7962624,512,512
HM8,hybrid_pam,1,boundary,6,24,1.8876762187226433e-08,False,13824,7962624,512,512
HM8,hybrid_pam,1,boundary,6,25,1.704017541979292e-08,False,13824,7962624,512,512
HM8,hybrid_pam,1,boundary,6,26,1.57604245694808e-08,False,13824,7962624,512,512
HM8,hybrid_pam,1,boundary,6,27,1.3977013071026129e-08,False,13824,7962624,512,512
HM8,hybrid_pam,1,boundary,6,28,1.350214146600171e-08,False,13824,7962624,512,512
HM8,hybrid_pam,1,boundary,6,29,1.3109641236428701e-08,False,13824,7962624,512,512
HM8,hybrid_pam,1,boundary,6,30,1.1896392339146202e-08,False,13824,7962624,512,512
HM8,hybrid_pam,1,boundary,6,31,1.126743007970485e-08,False,13824,7962624,512,512
HM8,hybrid_pam,1,boundary,6,32,1.0149988498576703e-08,False,13824,7962624,512,512
HM8,hybrid_pam,1,boundary,7,1,322827848.3295735,False,165888,663552,512,512
HM8,hybrid_pam,1,boundary,7,2,199002.9452937278,False,165888,663552,512,512
HM8,hybrid_pam,1,boundary,7,3,2132.599550908415,False,165888,663552,512,512
HM8,hybrid_pam,1,boundary,7,4,2.84284189333094e-07,False,165888,663552,512,512
HM8,hybrid_pam,1,boundary,7,5,1.9385224362573833e-07,False,165888,663552,512,512
HM8,hybrid_pam,1,boundary,7,6,1.8321008831667342e-07,False,165888,663552,512,512
HM8,hybrid_pam,1,boundary,7,7,1.305909656379499e-07,False,165888,663552,512,512
HM8,hybrid_pam,1,boundary,7,8,1.0525947929127656e-07,False,165888,663552,512,512
HM8,hybrid_pam,1,boundary,7,9,8.899748968565313e-08,False,165888,663552,512,512
HM8,hybrid_pam,1,boundary,7,10,8.512756914377814e-08,False,165888,663552,512,512
HM8,hybrid_pam,1,boundary,7,11,7.392205222889966e-08,False,165888,663552,512,512
HM8,hybrid_pam,1,boundary,7,12,6.715236556815998e-08,False,165888,663552,512,512
HM8,hybrid_pam,1,boundary,7,13,5.276484978171223e-08,False,165888,663552,512,512
HM8,hybrid_pam,1,boundary,7,14,4.7179574178519724e-08,False,165888,663552,512,512
HM8,hybrid_pam,1,boundary,7,15,3.524791749226211e-08,False,165888,663552,512,512
HM8,hybrid_pam,1,boundary,7,16,3.3581390005774985e-08,False,165888,663552,512,512
HM8,hybrid_pam,1,boundary,7,17,2.942720918091939e-08,False,165888,663552,512,512
HM8,hybrid_pam,1,boundary,7,18,2.678711824801767e-08,False,165888,663552,512,512
HM8,hybrid_pam,1,boundary,7,19,2.462411875307266e-08,False,165888,663552,512,512
HM8,hybrid_pam,1,boundary,7,20,2.275946544674192e-08,False,165888,663552,512,512
HM8,hybrid_pam,1,boundary,7,21,2.044575847920186e-08,False,165888,663552,512,512
HM8,hybrid_pam,1,boundary,7,22,1.780088325406006e-08,False,165888,663552,512,512
HM8,hybrid_pam,1,boundary,7,23,1.700682475810735e-08,False,165888,663552,512,512
HM8,hybrid_pam,1,boundary,7,24,1.622198861636025e-08,False,165888,663552,512,512
HM8,hybrid_pam,1,boundary,7,25,1.546434866871482e-08,False,165888,663552,512,512
HM8,hybrid_pam,1,boundary,7,26,1.4502959847963038e-08,False,165888,663552,512,512
HM8,hybrid_pam,1,boundary,7,27,1.4175225421940804e-08,False,165888,663552,512,512
HM8,hybrid_pam,1,boundary,7,28,1.3270460538702635e-08,False,165888,663552,512,512
HM8,hybrid_pam,1,boundary,7,29,1.2938558531231178e-08,False,165888,663552,512,512
HM8,hybrid_pam,1,boundary,7,30,1.235795129574148e-08,False,165888,663552,512,512
HM8,hybrid_pam,1,boundary,7,31,1.1722464427960212e-08,False,165888,663552,512,512
HM8,hybrid_pam,1,boundary,7,32,1.0744848680523873e-08,False,165888,663552,512,512
HM8,hybrid_pam,1,boundary,8,1,322840771.68646204,False,331776,331776,512,512
HM8,hybrid_pam,1,boundary,8,2,2607.3103527077114,False,331776,331776,512,512
HM8,hybrid_pam,1,boundary,8,3,3.084119248061138e-07,False,331776,331776,512,512
HM8,hybrid_pam,1,boundary,8,4,2.930969323204743e-07,False,331776,331776,512,512
HM8,hybrid_pam,1,boundary,8,5,2.420244753677185e-07,False,331776,331776,512,512
HM8,hybrid_pam,1,boundary,8,6,2.398484160235439e-07,False,331776,331776,512,512
HM8,hybrid_pam,1,boundary,8,7,1.6846160898888645e-07,False,331776,331776,512,512
HM8,hybrid_pam,1,boundary,8,8,1.4255238022718498e-07,False,331776,331776,512,512
HM8,hybrid_pam,1,boundary,8,9,1.3553360878624662e-07,False,331776,331776,512,512
HM8,hybrid_pam,1,boundary,8,10,1.2608746325058363e-07,False,331776,331776,512,512
HM8,hybrid_pam,1,boundary,8,11,1.2263704985259436e-07,False,331776,331776,512,512
HM8,hybrid_pam,1,boundary,8,12,1.0039094958891857e-07,False,331776,331776,512,512
HM8,hybrid_pam,1,boundary,8,13,8.03430521471633e-08,False,331776,331776,512,512
HM8,hybrid_pam,1,boundary,8,14,5.316084552359712e-08,False,331776,331776,512,512
HM8,hybrid_pam,1,boundary,8,15,4.339993430622681e-08,False,331776,331776,512,512
HM8,hybrid_pam,1,boundary,8,16,3.983648905820559e-08,False,331776,331776,512,512
HM8,hybrid_pam,1,boundary,8,17,3.7521737801612396e-08,False,331776,331776,512,512
HM8,hybrid_pam,1,boundary,8,18,3.6334817613285734e-08,False,331776,331776,512,512
HM8,hybrid_pam,1,boundary,8,19,2.7959718968081072e-08,False,331776,331776,512,512
HM8,hybrid_pam,1,boundary,8,20,2.5183928330462002e-08,False,331776,331776,512,512
HM8,hybrid_pam,1,boundary,8,21,2.2812750854917514e-08,False,331776,331776,512,512
HM8,hybrid_pam,1,boundary,8,22,2.2202572267593788e-08,False,331776,331776,512,512
HM8,hybrid_pam,1,boundary,8,23,1.7869428295035565e-08,False,331776,331776,512,512
HM8,hybrid_pam,1,boundary,8,24,1.7449034889565433e-08,False,331776,331776,512,512
HM8,hybrid_pam,1,boundary,8,25,1.622288489349311e-08,False,331776,331776,512,512
HM8,hybrid_pam,1,boundary,8,26,1.4414311842621691e-08,False,331776,331776,512,512
HM8,hybrid_pam,1,boundary,8,27,1.25038798022085e-08,False,331776,331776,512,512
HM8,hybrid_pam,1,boundary,8,28,1.2206019330178884e-08,False,331776,331776,512,512
HM8,hybrid_pam,1,boundary,8,29,1.167757104480162e-08,False,331776,331776,512,512
HM8,hybrid_pam,1,boundary,8,30,1.0808814199245277e-08,False,331776,331776,512,512
HM8,hybrid_pam,1,boundary,8,31,9.749948102498555e-09,False,331776,331776,512,512
HM8,hybrid_pam,1,boundary,8,32,9.708228857265936e-09,False,331776,331776,512,512
HM8,hybrid_pam,1,boundary,9,1,322803461.5676128,False,3981312,27648,512,512
HM8,hybrid_pam,1,boundary,9,2,198146.13576458476,False,3981312,27648,512,512
HM8,hybrid_pam,1,boundary,9,3,2085.677040624499,False,3981312,27648,512,512
HM8,hybrid_pam,1,boundary,9,4,2.5267081605059486e-07,False,3981312,27648,512,512
HM8,hybrid_pam,1,boundary,9,5,2.3258033368366448e-07,False,3981312,27648,512,512
HM8,hybrid_pam,1,boundary,9,6,1.5902308952148956e-07,False,3981312,27648,512,512
HM8,hybrid_pam,1,boundary,9,7,1.5490566921024127e-07,False,3981312,27648,512,512
HM8,hybrid_pam,1,boundary,9,8,1.3589560007881294e-07,False,3981312,27648,512,512
HM8,hybrid_pam,1,boundary,9,9,1.2673544461896371e-07,False,3981312,27648,512,512
HM8,hybrid_pam,1,boundary,9,10,1.123611004183231e-07,False,3981312,27648,512,512
HM8,hybrid_pam,1,boundary,9,11,1.100358346967423e-07,False,3981312,27648,512,512
HM8,hybrid_pam,1,boundary,9,12,9.29840235378877e-08,False,3981312,27648,512,512
HM8,hybrid_pam,1,boundary,9,13,5.635469031149617e-08,False,3981312,27648,512,512
HM8,hybrid_pam,1,boundary,9,14,5.1218657479371795e-08,False,3981312,27648,512,512
HM8,hybrid_pam,1,boundary,9,15,4.338000363432474e-08,False,3981312,27648,512,512
HM8,hybrid_pam,1,boundary,9,16,2.696884061183929e-08,False,3981312,27648,512,512
HM8,hybrid_pam,1,boundary,9,17,2.66516285995422e-08,False,3981312,27648,512,512
HM8,hybrid_pam,1,boundary,9,18,2.4658910734228964e-08,False,3981312,27648,512,512
HM8,hybrid_pam,1,boundary,9,19,2.3026066965113448e-08,False,3981312,27648,512,512
HM8,hybrid_pam,1,boundary,9,20,2.015724247604195e-08,False,3981312,27648,512,512
HM8,hybrid_pam,1,boundary,9,21,1.9153616158849936e-08,False,3981312,27648,512,512
HM8,hybrid_pam,1,boundary,9,22,1.8359552900877002e-08,False,3981312,27648,512,512
HM8,hybrid_pam,1,boundary,9,23,1.7141110770953222e-08,False,3981312,27648,512,512
HM8,hybrid_pam,1,boundary,9,24,1.5907337499578976e-08,False,3981312,27648,512,512
HM8,hybrid_pam,1,boundary,9,25,1.5356912871996204e-08,False,3981312,27648,512,512
HM8,hybrid_pam,1,boundary,9,26,1.453247157579687e-08,False,3981312,27648,512,512
HM8,hybrid_pam,1,boundary,9,27,1.4218326588708154e-08,False,3981312,27648,512,512
HM8,hybrid_pam,1,boundary,9,28,1.373079167805778e-08,False,3981312,27648,512,512
HM8,hybrid_pam,1,boundary,9,29,1.306168941918505e-08,False,3981312,27648,512,512
HM8,hybrid_pam,1,boundary,9,30,1.2712426634662716e-08,False,3981312,27648,512,512
HM8,hybrid_pam,1,boundary,9,31,1.2318576647131334e-08,False,3981312,27648,512,512
HM8,hybrid_pam,1,boundary,9,32,1.1323798732981838e-08,False,3981312,27648,512,512
HM8,hybrid_pam,1,boundary,10,1,322745516.14384717,False,7962624,13824,512,512
HM8,hybrid_pam,1,boundary,10,2,2310.8517317586156,False,7962624,13824,512,512
HM8,hybrid_pam,1,boundary,10,3,3.77661060170334e-07,False,7962624,13824,512,512
HM8,hybrid_pam,1,boundary,10,4,2.7327540604396173e-07,False,7962624,13824,512,512
HM8,hybrid_pam,1,boundary,10,5,2.3622108861767743e-07,False,7962624,13824,512,512
HM8,hybrid_pam,1,boundary,10,6,2.188783791604487e-07,False,7962624,13824,512,512
HM8,hybrid_pam,1,boundary,10,7,2.0264304043473753e-07,False,7962624,13824,512,512
HM8,hybrid_pam,1,boundary,10,8,1.8636723671492495e-07,False,7962624,13824,512,512
HM8,hybrid_pam,1,boundary,10,9,1.6161096723960454e-07,False,7962624,13824,512,512
HM8,hybrid_pam,1,boundary,10,10,1.2697485588302437e-07,False,7962624,13824,512,512
HM8,hybrid_pam,1,boundary,10,11,8.878164041810041e-08,False,7962624,13824,512,512
HM8,hybrid_pam,1,boundary,10,12,7.512986244407733e-08,False,7962624,13824,512,512
HM8,hybrid_pam,1,boundary,10,13,6.942606001537542e-08,False,7962624,13824,512,512
HM8,hybrid_pam,1,boundary,10,14,5.605714661042074e-08,False,7962624,13824,512,512
HM8,hybrid_pam,1,boundary,10,15,4.5817244031689624e-08,False,7962624,13824,512,512
HM8,hybrid_pam,1,boundary,10,16,3.989235725109347e-08,False,7962624,13824,512,512
HM8,hybrid_pam,1,boundary,10,17,3.3771973206706295e-08,False,7962624,13824,512,512
HM8,hybrid_pam,1,boundary,10,18,2.874047079237965e-08,False,7962624,13824,512,512
HM8,hybrid_pam,1,boundary,10,19,2.6773483282260722e-08,False,7962624,13824,512,512
HM8,hybrid_pam,1,boundary,10,20,2.565453019261451e-08,False,7962624,13824,512,512
HM8,hybrid_pam,1,boundary,10,21,2.4706166086258037e-08,False,7962624,13824,512,512
HM8,hybrid_pam,1,boundary,10,22,2.0433365088097073e-08,False,7962624,13824,512,512
HM8,hybrid_pam,1,boundary,10,23,1.980113646062991e-08,False,7962624,13824,512,512
HM8,hybrid_pam,1,boundary,10,24,1.9053061433147217e-08,False,7962624,13824,512,512
HM8,hybrid_pam,1,boundary,10,25,1.662934487164071e-08,False,7962624,13824,512,512
HM8,hybrid_pam,1,boundary,10,26,1.5369491104134774e-08,False,7962624,13824,512,512
HM8,hybrid_pam,1,boundary,10,27,1.4267437097878672e-08,False,7962624,13824,512,512
HM8,hybrid_pam,1,boundary,10,28,1.3024460023759995e-08,False,7962624,13824,512,512
HM8,hybrid_pam,1,boundary,10,29,1.177224854368043e-08,False,7962624,13824,512,512
HM8,hybrid_pam,1,boundary,10,30,1.1347252298070287e-08,False,7962624,13824,512,512
HM8,hybrid_pam,1,boundary,10,31,1.0546242806694302e-08,False,7962624,13824,512,512
HM8,hybrid_pam,1,boundary,10,32,9.338879225917623e-09,False,7962624,13824,512,512
HM8,hybrid_pam,1,boundary,11,1,322814820.40525925,False,95551488,1152,512,512
HM8,hybrid_pam,1,boundary,11,2,201118.90640365993,False,95551488,1152,512,512
HM8,hybrid_pam,1,boundary,11,3,1957.6459423471458,False,95551488,1152,512,512
HM8,hybrid_pam,1,boundary,11,4,2.290973555056603e-07,False,95551488,1152,512,512
HM8,hybrid_pam,1,boundary,11,5,1.8833321691963125e-07,False,95551488,1152,512,512
HM8,hybrid_pam,1,boundary,11,6,1.8573028012142497e-07,False,95551488,1152,512,512
HM8,hybrid_pam,1,boundary,11,7,1.525442172838343e-07,False,95551488,1152,512,512
HM8,hybrid_pam,1,boundary,11,8,1.2358022907784377e-07,False,95551488,1152,512,512
HM8,hybrid_pam,1,boundary,11,9,1.0034107253888876e-07,False,95551488,1152,512,512
HM8,hybrid_pam,1,boundary,11,10,8.406159617301972e-08,False,95551488,1152,512,512
HM8,hybrid_pam,1,boundary,11,11,7.655509506708723e-08,False,95551488,1152,512,512
HM8,hybrid_pam,1,boundary,11,12,6.968592001895396e-08,False,95551488,1152,512,512
HM8,hybrid_pam,1,boundary,11,13,6.485153367538892e-08,False,95551488,1152,512,512
HM8,hybrid_pam,1,boundary,11,14,4.894637227044371e-08,False,95551488,1152,512,512
HM8,hybrid_pam,1,boundary,11,15,4.0857544464707065e-08,False,95551488,1152,512,512
HM8,hybrid_pam,1,boundary,11,16,2.9468513778604065e-08,False,95551488,1152,512,512
HM8,hybrid_pam,1,boundary,11,17,2.5876389707457767e-08,False,95551488,1152,512,512
HM8,hybrid_pam,1,boundary,11,18,2.4597103209563073e-08,False,95551488,1152,512,512
HM8,hybrid_pam,1,boundary,11,19,2.3908262751961174e-08,False,95551488,1152,512,512
HM8,hybrid_pam,1,boundary,11,20,2.0690360397852683e-08,False,95551488,1152,512,512
HM8,hybrid_pam,1,boundary,11,21,1.9145271046502953e-08,False,95551488,1152,512,512
HM8,hybrid_pam,1,boundary,11,22,1.7729882500530975e-08,False,95551488,1152,512,512
HM8,hybrid_pam,1,boundary,11,23,1.7516750668736344e-08,False,95551488,1152,512,512
HM8,hybrid_pam,1,boundary,11,24,1.599953695805865e-08,False,95551488,1152,512,512
HM8,hybrid_pam,1,boundary,11,25,1.434882332991518e-08,False,95551488,1152,512,512
HM8,hybrid_pam,1,boundary,11,26,1.3757531707592224e-08,False,95551488,1152,512,512
HM8,hybrid_pam,1,boundary,11,27,1.363570347765469e-08,False,95551488,1152,512,512
HM8,hybrid_pam,1,boundary,11,28,1.2780874665916878e-08,False,95551488,1152,512,512
HM8,hybrid_pam,1,boundary,11,29,1.1805478923471016e-08,False,95551488,1152,512,512
HM8,hybrid_pam,1,boundary,11,30,1.1173037676690804e-08,False,95551488,1152,512,512
HM8,hybrid_pam,1,boundary,11,31,1.0554646442223744e-08,False,95551488,1152,512,512
HM8,hybrid_pam,1,boundary,11,32,9.724701933652194e-09,False,95551488,1152,512,512
HM8,hybrid_pam,1,boundary,12,1,322761820.336004,False,191102976,576,512,512
HM8,hybrid_pam,1,boundary,12,2,2111.5191728023296,False,191102976,576,512,512
HM8,hybrid_pam,1,boundary,12,3,6.193292466137156e-07,False,191102976,576,512,512
HM8,hybrid_pam,1,boundary,12,4,2.1408069146030474e-07,False,191102976,576,512,512
HM8,hybrid_pam,1,boundary,12,5,1.8649106602706712e-07,False,191102976,576,512,512
HM8,hybrid_pam,1,boundary,12,6,1.6266121747815388e-07,False,191102976,576,512,512
HM8,hybrid_pam,1,boundary,12,7,1.60850205935175e-07,False,191102976,576,512,512
HM8,hybrid_pam,1,boundary,12,8,1.4280303558438522e-07,False,191102976,576,512,512
HM8,hybrid_pam,1,boundary,12,9,1.418120154838742e-07,False,191102976,576,512,512
HM8,hybrid_pam,1,boundary,12,10,9.377329715964031e-08,False,191102976,576,512,512
HM8,hybrid_pam,1,boundary,12,11,8.509532638565222e-08,False,191102976,576,512,512
HM8,hybrid_pam,1,boundary,12,12,8.408014578088526e-08,False,191102976,576,512,512
HM8,hybrid_pam,1,boundary,12,13,6.206598000352852e-08,False,191102976,576,512,512
HM8,hybrid_pam,1,boundary,12,14,4.184620767789905e-08,False,191102976,576,512,512
HM8,hybrid_pam,1,boundary,12,15,4.138883478499705e-08,False,191102976,576,512,512
HM8,hybrid_pam,1,boundary,12,16,3.921074904949208e-08,False,191102976,576,512,512
HM8,hybrid_pam,1,boundary,12,17,3.310717035039629e-08,False,191102976,576,512,512
HM8,hybrid_pam,1,boundary,12,18,2.7916375334400343e-08,False,191102976,576,512,512
HM8,hybrid_pam,1,boundary,12,19,2.685945226812493e-08,False,191102976,576,512,512
HM8,hybrid_pam,1,boundary,12,20,2.2357663071052306e-08,False,191102976,576,512,512
HM8,hybrid_pam,1,boundary,12,21,2.1113116872014393e-08,False,191102976,576,512,512
HM8,hybrid_pam,1,boundary,12,22,2.0255614070438716e-08,False,191102976,576,512,512
HM8,hybrid_pam,1,boundary,12,23,1.9521483237287193e-08,False,191102976,576,512,512
HM8,hybrid_pam,1,boundary,12,24,1.7127869473134427e-08,False,191102976,576,512,512
HM8,hybrid_pam,1,boundary,12,25,1.546601681087937e-08,False,191102976,576,512,512
HM8,hybrid_pam,1,boundary,12,26,1.4054965392229219e-08,False,191102976,576,512,512
HM8,hybrid_pam,1,boundary,12,27,1.2678018339317567e-08,False,191102976,576,512,512
HM8,hybrid_pam,1,boundary,12,28,1.1228054988246337e-08,False,191102976,576,512,512
HM8,hybrid_pam,1,boundary,12,29,9.706293772218428e-09,False,191102976,576,512,512
HM8,hybrid_pam,1,boundary,12,30,8.896154639784921e-09,False,191102976,576,512,512
HM8,hybrid_pam,1,boundary,12,31,8.402141893747383e-09,False,191102976,576,512,512
HM8,hybrid_pam,1,boundary,12,32,6.91836297153706e-09,False,191102976,576,512,512
HM8,hybrid_pam,1,boundary,13,1,98870591.62175018,False,2293235712,48,512,48
HM8,hybrid_pam,1,boundary,13,2,59258.628367326826,False,2293235712,48,512,48
HM8,hybrid_pam,1,boundary,13,3,477.7231149822325,False,2293235712,48,512,48
HM8,hybrid_pam,1,boundary,13,4,4.788032696570383e-08,False,2293235712,48,512,48
HM8,hybrid_pam,1,boundary,13,5,1.7370777342895698e-08,False,2293235712,48,512,48
HM8,hybrid_pam,1,boundary,13,6,6.852698236644482e-09,False,2293235712,48,512,48
HM8,hybrid_pam,1,boundary,13,7,4.491491487362607e-09,False,2293235712,48,512,48
HM8,hybrid_pam,1,boundary,13,8,3.7298407624003455e-09,False,2293235712,48,512,48
HM8,hybrid_pam,1,boundary,13,9,3.342404335992245e-09,False,2293235712,48,512,48
HM8,hybrid_pam,1,boundary,13,10,3.2082434628064135e-09,False,2293235712,48,512,48
HM8,hybrid_pam,1,boundary,13,11,2.85273945768404e-09,False,2293235712,48,512,48
HM8,hybrid_pam,1,boundary,13,12,2.736788205546619e-09,False,2293235712,48,512,48
HM8,hybrid_pam,1,boundary,13,13,2.6115711363802692e-09,False,2293235712,48,512,48
HM8,hybrid_pam,1,boundary,13,14,2.5311599543214903e-09,False,2293235712,48,512,48
HM8,hybrid_pam,1,boundary,13,15,2.04565263581726e-09,False,2293235712,48,512,48
HM8,hybrid_pam,1,boundary,13,16,2.0049347725144996e-09,False,2293235712,48,512,48
HM8,hybrid_pam,1,boundary,13,17,1.9634921351585026e-09,False,2293235712,48,512,48
HM8,hybrid_pam,1,boundary,13,18,1.682088815185477e-09,False,2293235712,48,512,48
HM8,hybrid_pam,1,boundary,13,19,1.5694200850003503e-09,False,2293235712,48,512,48
HM8,hybrid_pam,1,boundary,13,20,1.1755514239181367e-09,False,2293235712,48,512,48
HM8,hybrid_pam,1,boundary,13,21,9.624082817363935e-10,False,2293235712,48,512,48
HM8,hybrid_pam,1,boundary,13,22,8.939649784210546e-10,False,2293235712,48,512,48
HM8,hybrid_pam,1,boundary,13,23,2.860744588371502e-12,False,2293235712,48,512,48
HM8,hybrid_pam,1,boundary,13,24,2.715139765576145e-14,False,2293235712,48,512,48
HM8,hybrid_pam,1,boundary,13,25,2.780881363146011e-15,False,2293235712,48,512,48
HM8,hybrid_pam,1,boundary,13,26,5.752519504087599e-24,False,2293235712,48,512,48
HM8,hybrid_pam,1,boundary,13,27,2.6038367748333855e-24,False,2293235712,48,512,48
HM8,hybrid_pam,1,boundary,13,28,1.929428119227166e-24,False,2293235712,48,512,48
HM8,hybrid_pam,1,boundary,13,29,1.88944253477146e-24,False,2293235712,48,512,48
HM8,hybrid_pam,1,boundary,13,30,1.3053782430751476e-24,False,2293235712,48,512,48
HM8,hybrid_pam,1,boundary,13,31,1.16188753173765e-24,False,2293235712,48,512,48
HM8,hybrid_pam,1,boundary,13,32,8.294912914466307e-25,False,2293235712,48,512,48
HM8,hybrid_pam,1,boundary,14,1,69926056.17759861,False,4586471424,24,512,24
HM8,hybrid_pam,1,boundary,14,2,362.80145063092255,False,4586471424,24,512,24
HM8,hybrid_pam,1,boundary,14,3,2.3231179049653126e-08,False,4586471424,24,512,24
HM8,hybrid_pam,1,boundary,14,4,1.168177721585223e-08,False,4586471424,24,512,24
HM8,hybrid_pam,1,boundary,14,5,6.779364061321078e-09,False,4586471424,24,512,24
HM8,hybrid_pam,1,boundary,14,6,4.5507004567777725e-09,False,4586471424,24,512,24
HM8,hybrid_pam,1,boundary,14,7,3.618698857932846e-09,False,4586471424,24,512,24
HM8,hybrid_pam,1,boundary,14,8,2.6969511642042833e-09,False,4586471424,24,512,24
HM8,hybrid_pam,1,boundary,14,9,2.0975016181510425e-09,False,4586471424,24,512,24
HM8,hybrid_pam,1,boundary,14,10,1.644664293810534e-09,False,4586471424,24,512,24
HM8,hybrid_pam,1,boundary,14,11,1.5912835169876554e-09,False,4586471424,24,512,24
HM8,hybrid_pam,1,boundary,14,12,9.652709085767487e-10,False,4586471424,24,512,24
HM8,hybrid_pam,1,boundary,14,13,8.240072981909593e-10,False,4586471424,24,512,24
HM8,hybrid_pam,1,boundary,14,14,4.702741319535779e-10,False,4586471424,24,512,24
HM8,hybrid_pam,1,boundary,14,15,4.416757645464583e-10,False,4586471424,24,512,24
HM8,hybrid_pam,1,boundary,14,16,3.429053732359122e-10,False,4586471424,24,512,24
HM8,hybrid_pam,1,boundary,14,17,8.46199626279658e-24,False,4586471424,24,512,24
HM8,hybrid_pam,1,boundary,14,18,3.14646836294078e-24,False,4586471424,24,512,24
HM8,hybrid_pam,1,boundary,14,19,7.666118221928674e-25,False,4586471424,24,512,24
HM8,hybrid_pam,1,boundary,14,20,3.858832863804238e-25,False,4586471424,24,512,24
HM8,hybrid_pam,1,boundary,14,21,1.3233678140210906e-25,False,4586471424,24,512,24
HM8,hybrid_pam,1,boundary,14,22,6.090548183197685e-26,False,4586471424,24,512,24
HM8,hybrid_pam,1,boundary,14,23,1.0398816423547831e-26,False,4586471424,24,512,24
HM8,hybrid_pam,1,boundary,14,24,7.639092389873867e-41,False,4586471424,24,512,24
HM8,hybrid_pam,1,boundary,15,1,20176873.163892996,False,55037657088,2,512,2
HM8,hybrid_pam,1,boundary,15,2,12673.649271266811,False,55037657088,2,512,2
HM8,hybrid_pam,2,hard,1,1,441338091.9719395,False,12,9172942848,12,512
HM8,hybrid_pam,2,hard,1,2,31932.332448173034,False,12,9172942848,12,512
HM8,hybrid_pam,2,hard,1,3,4.428779835285064e-08,False,12,9172942848,12,512
HM8,hybrid_pam,2,hard,1,4,9.242217950044213e-09,False,12,9172942848,12,512
HM8,hybrid_pam,2,hard,1,5,5.182164557887983e-09,False,12,9172942848,12,512
HM8,hybrid_pam,2,hard,1,6,3.977029422391564e-09,False,12,9172942848,12,512
HM8,hybrid_pam,2,hard,1,7,2.7439677557298566e-09,False,12,9172942848,12,512
HM8,hybrid_pam,2,hard,1,8,3.34747453993885e-24,False,12,9172942848,12,512
HM8,hybrid_pam,2,hard,1,9,1.1953633721868915e-24,False,12,9172942848,12,512
HM8,hybrid_pam,2,hard,1,10,8.400490843382983e-25,False,12,9172942848,12,512
HM8,hybrid_pam,2,hard,1,11,2.118749243503248e-25,False,12,9172942848,12,512
HM8,hybrid_pam,2,hard,1,12,2.844886618795609e-40,False,12,9172942848,12,512
HM8,hybrid_pam,2,hard,2,1,624192899.7610117,False,24,4586471424,24,512
HM8,hybrid_pam,2,hard,2,2,46.78173546502039,False,24,4586471424,24,512
HM8,hybrid_pam,2,hard,2,3,1.012619302479808e-07,False,24,4586471424,24,512
HM8,hybrid_pam,2,hard,2,4,6.853343873934188e-08,False,24,4586471424,24,512
HM8,hybrid_pam,2,hard,2,5,5.497907592708548e-08,False,24,4586471424,24,512
HM8,hybrid_pam,2,hard,2,6,4.1056305606607385e-08,False,24,4586471424,24,512
HM8,hybrid_pam,2,hard,2,7,3.4498725050556794e-08,False,24,4586471424,24,512
HM8,hybrid_pam,2,hard,2,8,2.2318295009940398e-08,False,24,4586471424,24,512
HM8,hybrid_pam,2,hard,2,9,1.4868026705937927e-08,False,24,4586471424,24,512
HM8,hybrid_pam,2,hard,2,10,9.10805041481118e-09,False,24,4586471424,24,512
HM8,hybrid_pam,2,hard,2,11,6.938216051921796e-09,False,24,4586471424,24,512
HM8,hybrid_pam,2,hard,2,12,2.851682293343531e-09,False,24,4586471424,24,512
HM8,hybrid_pam,2,hard,2,13,2.8206701587932596e-16,False,24,4586471424,24,512
HM8,hybrid_pam,2,hard,2,14,5.537131471438819e-23,False,24,4586471424,24,512
HM8,hybrid_pam,2,hard,2,15,1.0529590684177513e-23,False,24,4586471424,24,512
HM8,hybrid_pam,2,hard,2,16,3.2147752275487035e-24,False,24,4586471424,24,512
HM8,hybrid_pam,2,hard,2,17,2.7938192827505826e-24,False,24,4586471424,24,512
HM8,hybrid_pam,2,hard,2,18,1.6805097181216598e-24,False,24,4586471424,24,512
HM8,hybrid_pam,2,hard,2,19,9.143364676523287e-25,False,24,4586471424,24,512
HM8,hybrid_pam,2,hard,2,20,8.054477676265284e-25,False,24,4586471424,24,512
HM8,hybrid_pam,2,hard,2,21,2.824051272702954e-25,False,24,4586471424,24,512
HM8,hybrid_pam,2,hard,2,22,1.27047116796751e-33,False,24,4586471424,24,512
HM8,hybrid_pam,2,hard,2,23,4.0017975345941656e-41,False,24,4586471424,24,512
HM8,hybrid_pam,2,hard,2,24,1.058584814392369e-42,False,24,4586471424,24,512
HM8,hybrid_pam,2,hard,3,1,2162147466.30118,False,288,382205952,288,512
HM8,hybrid_pam,2,hard,3,2,142663.76255878332,False,288,382205952,288,512
HM8,hybrid_pam,2,hard,3,3,132.85611583976504,False,288,382205952,288,512
HM8,hybrid_pam,2,hard,3,4,2.8854448803234684e-06,False,288,382205952,288,512
HM8,hybrid_pam,2,hard,3,5,2.7396136900966226e-06,False,288,382205952,288,512
HM8,hybrid_pam,2,hard,3,6,2.684659081791091e-06,False,288,382205952,288,512
HM8,hybrid_pam,2,hard,3,7,1.873077652994599e-06,False,288,382205952,288,512
HM8,hybrid_pam,2,hard,3,8,1.740282526645409e-06,False,288,382205952,288,512
HM8,hybrid_pam,2,hard,3,9,1.7179502471369895e-06,False,288,382205952,288,512
HM8,hybrid_pam,2,hard,3,10,1.434674435157743e-06,False,288,382205952,288,512
HM8,hybrid_pam,2,hard,3,11,1.0797732106838453e-06,False,288,382205952,288,512
HM8,hybrid_pam,2,hard,3,12,1.0102189990920626e-06,False,288,382205952,288,512
HM8,hybrid_pam,2,hard,3,13,6.310619195088884e-07,False,288,382205952,288,512
HM8,hybrid_pam,2,hard,3,14,5.770244202135534e-07,False,288,382205952,288,512
HM8,hybrid_pam,2,hard,3,15,4.5796377249214396e-07,False,288,382205952,288,512
HM8,hybrid_pam,2,hard,3,16,3.0857830893090147e-07,False,288,382205952,288,512
HM8,hybrid_pam,2,hard,3,17,2.6969463551211814e-07,False,288,382205952,288,512
HM8,hybrid_pam,2,hard,3,18,2.2907625384002417e-07,False,288,382205952,288,512
HM8,hybrid_pam,2,hard,3,19,1.6977659880962103e-07,False,288,382205952,288,512
HM8,hybrid_pam,2,hard,3,20,1.5419773941566598e-07,False,288,382205952,288,512
HM8,hybrid_pam,2,hard,3,21,1.3384113896044903e-07,False,288,382205952,288,512
HM8,hybrid_pam,2,hard,3,22,1.217234416607419e-07,False,288,382205952,288,512
HM8,hybrid_pam,2,hard,3,23,1.1846512631490291e-07,False,288,382205952,288,512
HM8,hybrid_pam,2,hard,3,24,1.0904408460181497e-07,False,288,382205952,288,512
HM8,hybrid_pam,2,hard,3,25,1.0084561653580993e-07,False,288,382205952,288,512
HM8,hybrid_pam,2,hard,3,26,9.465348766237525e-08,False,288,382205952,288,512
HM8,hybrid_pam,2,hard,3,27,8.700086647226427e-08,False,288,382205952,288,512
HM8,hybrid_pam,2,hard,3,28,8.581647608438657e-08,False,288,382205952,288,512
HM8,hybrid_pam,2,hard,3,29,7.358553225267664e-08,False,288,382205952,288,512
HM8,hybrid_pam,2,hard,3,30,6.790897759164211e-08,False,288,382205952,288,512
HM8,hybrid_pam,2,hard,3,31,6.322276434572165e-08,False,288,382205952,288,512
HM8,hybrid_pam,2,hard,3,32,6.049730209446285e-08,False,288,382205952,288,512
HM8,hybrid_pam,2,hard,4,1,2882851608.743819,False,576,191102976,512,512
HM8,hybrid_pam,2,hard,4,2,241.09108775567378,False,576,191102976,512,512
HM8,hybrid_pam,2,hard,4,3,3.819852889544021e-06,False,576,191102976,512,512
HM8,hybrid_pam,2,hard,4,4,3.03704099555438e-06,False,576,191102976,512,512
HM8,hybrid_pam,2,hard,4,5,2.451592935915971e-06,False,576,191102976,512,512
HM8,hybrid_pam,2,hard,4,6,2.036166234420083e-06,False,576,191102976,512,512
HM8,hybrid_pam,2,hard,4,7,1.9701737071522866e-06,False,576,191102976,512,512
HM8,hybrid_pam,2,hard,4,8,1.5985554646359575e-06,False,576,191102976,512,512
HM8,hybrid_pam,2,hard,4,9,1.5670871646105064e-06,False,576,191102976,512,512
HM8,hybrid_pam,2,hard,4,10,1.5267366566637756e-06,False,576,191102976,512,512
HM8,hybrid_pam,2,hard,4,11,1.3389755962575052e-06,False,576,191102976,512,512
HM8,hybrid_pam,2,hard,4,12,1.1477064327786457e-06,False,576,191102976,512,512
HM8,hybrid_pam,2,hard,4,13,9.192831043476627e-07,False,576,191102976,512,512
HM8,hybrid_pam,2,hard,4,14,8.265850479653595e-07,False,576,191102976,512,512
HM8,hybrid_pam,2,hard,4,15,6.673154894570295e-07,False,576,191102976,512,512
HM8,hybrid_pam,2,hard,4,16,4.2843881619815593e-07,False,576,191102976,512,512
HM8,hybrid_pam,2,hard,4,17,3.502470475207087e-07,False,576,191102976,512,512
HM8,hybrid_pam,2,hard,4,18,2.8269490410872954e-07,False,576,191102976,512,512
HM8,hybrid_pam,2,hard,4,19,2.3505354515526892e-07,False,576,191102976,512,512
HM8,hybrid_pam,2,hard,4,20,2.282647693649699e-07,False,576,191102976,512,512
HM8,hybrid_pam,2,hard,4,21,2.1119948916478236e-07,False,576,191102976,512,512
HM8,hybrid_pam,2,hard,4,22,1.668019101075582e-07,False,576,191102976,512,512
HM8,hybrid_pam,2,hard,4,23,1.5188256881641115e-07,False,576,191102976,512,512
HM8,hybrid_pam,2,hard,4,24,1.3908751333769715e-07,False,576,191102976,512,512
HM8,hybrid_pam,2,hard,4,25,1.1849752569635905e-07,False,576,191102976,512,512
HM8,hybrid_pam,2,hard,4,26,1.085153596513714e-07,False,576,191102976,512,512
HM8,hybrid_pam,2,hard,4,27,1.0249540854297282e-07,False,576,191102976,512,512
HM8,hybrid_pam,2,hard,4,28,8.873827307853171e-08,False,576,191102976,512,512
HM8,hybrid_pam,2,hard,4,29,7.888187842817153e-08,False,576,191102976,512,512
HM8,hybrid_pam,2,hard,4,30,7.254670926336364e-08,False,576,191102976,512,512
HM8,hybrid_pam,2,hard,4,31,6.517063860638562e-08,False,576,191102976,512,512
HM8,hybrid_pam,2,hard,4,32,5.8926694108000794e-08,False,576,191102976,512,512
HM8,hybrid_pam,2,hard,5,1,2882796487.7057085,False,6912,15925248,512,512
HM8,hybrid_pam,2,hard,5,2,199730.70230133503,False,6912,15925248,512,512
HM8,hybrid_pam,2,hard,5,3,223.573344566239,False,6912,15925248,512,512
HM8,hybrid_pam,2,hard,5,4,2.2804476879058485e-06,False,6912,15925248,512,512
HM8,hybrid_pam,2,hard,5,5,2.223841965312869e-06,False,6912,15925248,512,512
HM8,hybrid_pam,2,hard,5,6,1.7566257913470287e-06,False,6912,15925248,512,512
HM8,hybrid_pam,2,hard,5,7,1.6029011979384155e-06,False,6912,15925248,512,512
HM8,hybrid_pam,2,hard,5,8,1.526859105753795e-06,False,6912,15925248,512,512
HM8,hybrid_pam,2,hard,5,9,1.47089118648407e-06,False,6912,15925248,512,512
HM8,hybrid_pam,2,hard,5,10,1.206381211962391e-06,False,6912,15925248,512,512
HM8,hybrid_pam,2,hard,5,11,1.1140295295370813e-06,False,6912,15925248,512,512
HM8,hybrid_pam,2,hard,5,12,7.558779236289533e-07,False,6912,15925248,512,512
HM8,hybrid_pam,2,hard,5,13,7.218307436608703e-07,False,6912,15925248,512,512
HM8,hybrid_pam,2,hard,5,14,5.91617354287731e-07,False,6912,15925248,512,512
HM8,hybrid_pam,2,hard,5,15,4.3030845496635384e-07,False,6912,15925248,512,512
HM8,hybrid_pam,2,hard,5,16,3.803369293886858e-07,False,6912,15925248,512,512
HM8,hybrid_pam,2,hard,5,17,2.767534920230491e-07,False,6912,15925248,512,512
HM8,hybrid_pam,2,hard,5,18,2.591436154110951e-07,False,6912,15925248,512,512
HM8,hybrid_pam,2,hard,5,19,2.2518923858260198e-07,False,6912,15925248,512,512
HM8,hybrid_pam,2,hard,5,20,2.046599566269865e-07,False,6912,15925248,512,512
HM8,hybrid_pam,2,hard,5,21,1.9025634099138356e-07,False,6912,15925248,512,512
HM8,hybrid_pam,2,hard,5,22,1.816261844054152e-07,False,6912,15925248,512,512
HM8,hybrid_pam,2,hard,5,23,1.6570789033369378e-07,False,6912,15925248,512,512
HM8,hybrid_pam,2,hard,5,24,1.498830648291566e-07,False,6912,15925248,512,512
HM8,hybrid_pam,2,hard,5,25,1.3476671066227803e-07,False,6912,15925248,512,512
HM8,hybrid_pam,2,hard,5,26,1.2356000768532226e-07,False,6912,15925248,512,512
HM8,hybrid_pam,2,hard,5,27,1.1666407488141732e-07,False,6912,15925248,512,512
HM8,hybrid_pam,2,hard,5,28,1.1175522554975328e-07,False,6912,15925248,512,512
HM8,hybrid_pam,2,hard,5,29,1.0669173197486021e-07,False,6912,15925248,512,512
HM8,hybrid_pam,2,hard,5,30,1.0413342169107489e-07,False,6912,15925248,512,512
HM8,hybrid_pam,2,hard,5,31,1.0206860713671729e-07,False,6912,15925248,512,512
HM8,hybrid_pam,2,hard,5,32,9.925100400890554e-08,False,6912,15925248,512,512
HM8,hybrid_pam,2,hard,6,1,2882783941.901914,False,13824,7962624,512,512
HM8,hybrid_pam,2,hard,6,2,263.543389171487,False,13824,7962624,512,512
HM8,hybrid_pam,2,hard,6,3,2.651394388686725e-06,False,13824,7962624,512,512
HM8,hybrid_pam,2,hard,6,4,1.6473915556327311e-06,False,13824,7962624,512,512
HM8,hybrid_pam,2,hard,6,5,1.5850460578963959e-06,False,13824,7962624,512,512
HM8,hybrid_pam,2,hard,6,6,1.3236454255989464e-06,False,13824,7962624,512,512
HM8,hybrid_pam,2,hard,6,7,1.163161666310621e-06,False,13824,7962624,512,512
HM8,hybrid_pam,2,hard,6,8,1.1364960753327113e-06,False,13824,7962624,512,512
HM8,hybrid_pam,2,hard,6,9,1.0048585517572845e-06,False,13824,7962624,512,512
HM8,hybrid_pam,2,hard,6,10,7.41289554849509e-07,False,13824,7962624,512,512
HM8,hybrid_pam,2,hard,6,11,6.405567747960365e-07,False,13824,7962624,512,512
HM8,hybrid_pam,2,hard,6,12,5.196300530090153e-07,False,13824,7962624,512,512
HM8,hybrid_pam,2,hard,6,13,4.650232052107908e-07,False,13824,7962624,512,512
HM8,hybrid_pam,2,hard,6,14,4.294260249812286e-07,False,13824,7962624,512,512
HM8,hybrid_pam,2,hard,6,15,3.541729452745437e-07,False,13824,7962624,512,512
HM8,hybrid_pam,2,hard,6,16,2.981624318677698e-07,False,13824,7962624,512,512
HM8,hybrid_pam,2,hard,6,17,2.826701345341616e-07,False,13824,7962624,512,512
HM8,hybrid_pam,2,hard,6,18,2.662946589474926e-07,False,13824,7962624,512,512
HM8,hybrid_pam,2,hard,6,19,2.3415868332312358e-07,False,13824,7962624,512,512
HM8,hybrid_pam,2,hard,6,20,2.173617372089039e-07,False,13824,7962624,512,512
HM8,hybrid_pam,2,hard,6,21,2.099545341328188e-07,False,13824,7962624,512,512
HM8,hybrid_pam,2,hard,6,22,1.8999961447965677e-07,False,13824,7962624,512,512
HM8,hybrid_pam,2,hard,6,23,1.790214060465964e-07,False,13824,7962624,512,512
HM8,hybrid_pam,2,hard,6,24,1.424156363325951e-07,False,13824,7962624,512,512
HM8,hybrid_pam,2,hard,6,25,1.358639622456244e-07,False,13824,7962624,512,512
HM8,hybrid_pam,2,hard,6,26,1.2322078053481481e-07,False,13824,7962624,512,512
HM8,hybrid_pam,2,hard,6,27,1.1678301678841956e-07,False,13824,7962624,512,512
HM8,hybrid_pam,2,hard,6,28,1.1150712632897821e-07,False,13824,7962624,512,512
HM8,hybrid_pam,2,hard,6,29,9.664256325345063e-08,False,13824,7962624,512,512
HM8,hybrid_pam,2,hard,6,30,8.741176708065825e-08,False,13824,7962624,512,512
HM8,hybrid_pam,2,hard,6,31,8.130817881341144e-08,False,13824,7962624,512,512
HM8,hybrid_pam,2,hard,6,32,7.607668158259599e-08,False,13824,7962624,512,512
HM8,hybrid_pam,2,hard,7,1,2882851915.3446436,False,165888,663552,512,512
HM8,hybrid_pam,2,hard,7,2,193636.05967774786,False,165888,663552,512,512
HM8,hybrid_pam,2,hard,7,3,243.02731865183986,False,165888,663552,512,512
HM8,hybrid_pam,2,hard,7,4,3.248619811997411e-06,False,165888,663552,512,512
HM8,hybrid_pam,2,hard,7,5,1.8366235704622404e-06,False,165888,663552,512,512
HM8,hybrid_pam,2,hard,7,6,1.7613873203213759e-06,False,165888,663552,512,512
HM8,hybrid_pam,2,hard,7,7,1.689567411038155e-06,False,165888,663552,512,512
HM8,hybrid_pam,2,hard,7,8,1.1983458626461436e-06,False,165888,663552,512,512
HM8,hybrid_pam,2,hard,7,9,1.1890028873633633e-06,False,165888,663552,512,512
HM8,hybrid_pam,2,hard,7,10,9.183171681576412e-07,False,165888,663552,512,512
HM8,hybrid_pam,2,hard,7,11,7.696290045351346e-07,False,165888,663552,512,512
HM8,hybrid_pam,2,hard,7,12,6.517856809364894e-07,False,165888,663552,512,512
HM8,hybrid_pam,2,hard,7,13,4.346093974216801e-07,False,165888,663552,512,512
HM8,hybrid_pam,2,hard,7,14,3.903657543415397e-07,False,165888,663552,512,512
HM8,hybrid_pam,2,hard,7,15,3.245864870580252e-07,False,165888,663552,512,512
HM8,hybrid_pam,2,hard,7,16,2.890695083230864e-07,False,165888,663552,512,512
HM8,hybrid_pam,2,hard,7,17,2.621358677441096e-07,False,165888,663552,512,512
HM8,hybrid_pam,2,hard,7,18,2.3677724395372928e-07,False,165888,663552,512,512
HM8,hybrid_pam,2,hard,7,19,2.1143017165505681e-07,False,165888,663552,512,512
HM8,hybrid_pam,2,hard,7,20,1.9885126488423452e-07,False,165888,663552,512,512
HM8,hybrid_pam,2,hard,7,21,1.7026712759066957e-07,False,165888,663552,512,512
HM8,hybrid_pam,2,hard,7,22,1.696748633899749e-07,False,165888,663552,512,512
HM8,hybrid_pam,2,hard,7,23,1.5189674445066822e-07,False,165888,663552,512,512
HM8,hybrid_pam,2,hard,7,24,1.4756245914258397e-07,False,165888,663552,512,512
HM8,hybrid_pam,2,hard,7,25,1.3577016481075327e-07,False,165888,663552,512,512
HM8,hybrid_pam,2,hard,7,26,1.3447387422135886e-07,False,165888,663552,512,512
HM8,hybrid_pam,2,hard,7,27,1.2135460708377068e-07,False,165888,663552,512,512
HM8,hybrid_pam,2,hard,7,28,1.0982488168154841e-07,False,165888,663552,512,512
HM8,hybrid_pam,2,hard,7,29,1.0543658042809549e-07,False,165888,663552,512,512
HM8,hybrid_pam,2,hard,7,30,1.0145399432733654e-07,False,165888,663552,512,512
HM8,hybrid_pam,2,hard,7,31,9.832110442372597e-08,False,165888,663552,512,512
HM8,hybrid_pam,2,hard,7,32,9.374813775595e-08,False,165888,663552,512,512
HM8,hybrid_pam,2,hard,8,1,2882877445.6446376,False,331776,331776,512,512
HM8,hybrid_pam,2,hard,8,2,302.326026822084,False,331776,331776,512,512
HM8,hybrid_pam,2,hard,8,3,2.3968792335141827e-06,False,331776,331776,512,512
HM8,hybrid_pam,2,hard,8,4,2.1118316726669736e-06,False,331776,331776,512,512
HM8,hybrid_pam,2,hard,8,5,2.011159734410826e-06,False,331776,331776,512,512
HM8,hybrid_pam,2,hard,8,6,1.802813202831317e-06,False,331776,331776,512,512
HM8,hybrid_pam,2,hard,8,7,1.7723337108152697e-06,False,331776,331776,512,512
HM8,hybrid_pam,2,hard,8,8,1.3263944514936288e-06,False,331776,331776,512,512
HM8,hybrid_pam,2,hard,8,9,1.0372559440255188e-06,False,331776,331776,512,512
HM8,hybrid_pam,2,hard,8,10,9.755340919622656e-07,False,331776,331776,512,512
HM8,hybrid_pam,2,hard,8,11,9.275612428744115e-07,False,331776,331776,512,512
HM8,hybrid_pam,2,hard,8,12,7.995091058567232e-07,False,331776,331776,512,512
HM8,hybrid_pam,2,hard,8,13,7.105682408371735e-07,False,331776,331776,512,512
HM8,hybrid_pam,2,hard,8,14,4.953756588833661e-07,False,331776,331776,512,512
HM8,hybrid_pam,2,hard,8,15,4.810671111791787e-07,False,331776,331776,512,512
HM8,hybrid_pam,2,hard,8,16,3.623406783163558e-07,False,331776,331776,512,512
HM8,hybrid_pam,2,hard,8,17,3.103106147813652e-07,False,331776,331776,512,512
HM8,hybrid_pam,2,hard,8,18,2.6548902169563563e-07,False,331776,331776,512,512
HM8,hybrid_pam,2,hard,8,19,2.452101570976964e-07,False,331776,331776,512,512
HM8,hybrid_pam,2,hard,8,20,2.2996638378259105e-07,False,331776,331776,512,512
HM8,hybrid_pam,2,hard,8,21,2.2296437648733537e-07,False,331776,331776,512,512
HM8,hybrid_pam,2,hard,8,22,1.8178402869005234e-07,False,331776,331776,512,512
HM8,hybrid_pam,2,hard,8,23,1.7093928302600117e-07,False,331776,331776,512,512
HM8,hybrid_pam,2,hard,8,24,1.658550150547986e-07,False,331776,331776,512,512
HM8,hybrid_pam,2,hard,8,25,1.440385847057007e-07,False,331776,331776,512,512
HM8,hybrid_pam,2,hard,8,26,1.306037088692981e-07,False,331776,331776,512,512
HM8,hybrid_pam,2,hard,8,27,1.225913662002294e-07,False,331776,331776,512,512
HM8,hybrid_pam,2,hard,8,28,1.1022247263872809e-07,False,331776,331776,512,512
HM8,hybrid_pam,2,hard,8,29,1.015553642734762e-07,False,331776,331776,512,512
HM8,hybrid_pam,2,hard,8,30,9.591659772292682e-08,False,331776,331776,512,512
HM8,hybrid_pam,2,hard,8,31,9.044785717551804e-08,False,331776,331776,512,512
HM8,hybrid_pam,2,hard,8,32,8.564117589624708e-08,False,331776,331776,512,512
HM8,hybrid_pam,2,hard,9,1,2882786804.3467917,False,3981312,27648,512,512
HM8,hybrid_pam,2,hard,9,2,202629.20856487556,False,3981312,27648,512,512
HM8,hybrid_pam,2,hard,9,3,235.30405752527133,False,3981312,27648,512,512
HM8,hybrid_pam,2,hard,9,4,3.171377004723215e-06,False,3981312,27648,512,512
HM8,hybrid_pam,2,hard,9,5,3.0178334839406353e-06,False,3981312,27648,512,512
HM8,hybrid_pam,2,hard,9,6,2.336043094377647e-06,False,3981312,27648,512,512
HM8,hybrid_pam,2,hard,9,7,1.5400778445341728e-06,False,3981312,27648,512,512
HM8,hybrid_pam,2,hard,9,8,1.452014858875225e-06,False,3981312,27648,512,512
HM8,hybrid_pam,2,hard,9,9,1.2731657174028501e-06,False,3981312,27648,512,512
HM8,hybrid_pam,2,hard,9,10,1.1073620458642572e-06,False,3981312,27648,512,512
HM8,hybrid_pam,2,hard,9,11,8.697534733844574e-07,False,3981312,27648,512,512
HM8,hybrid_pam,2,hard,9,12,7.120110141865439e-07,False,3981312,27648,512,512
HM8,hybrid_pam,2,hard,9,13,5.716770310639356e-07,False,3981312,27648,512,512
HM8,hybrid_pam,2,hard,9,14,4.370130147694423e-07,False,3981312,27648,512,512
HM8,hybrid_pam,2,hard,9,15,3.568695872919942e-07,False,3981312,27648,512,512
HM8,hybrid_pam,2,hard,9,16,2.7170151259984667e-07,False,3981312,27648,512,512
HM8,hybrid_pam,2,hard,9,17,2.561224023172885e-07,False,3981312,27648,512,512
HM8,hybrid_pam,2,hard,9,18,2.5040349267053694e-07,False,3981312,27648,512,512
HM8,hybrid_pam,2,hard,9,19,2.2872808323628147e-07,False,3981312,27648,512,512
HM8,hybrid_pam,2,hard,9,20,1.9828433742783167e-07,False,3981312,27648,512,512
HM8,hybrid_pam,2,hard,9,21,1.8522038779706172e-07,False,3981312,27648,512,512
HM8,hybrid_pam,2,hard,9,22,1.7970268348608435e-07,False,3981312,27648,512,512
HM8,hybrid_pam,2,hard,9,23,1.6491341465316093e-07,False,3981312,27648,512,512
HM8,hybrid_pam,2,hard,9,24,1.4863984846189465e-07,False,3981312,27648,512,512
HM8,hybrid_pam,2,hard,9,25,1.3299966809889427e-07,False,3981312,27648,512,512
HM8,hybrid_pam,2,hard,9,26,1.2922522418821735e-07,False,3981312,27648,512,512
HM8,hybrid_pam,2,hard,9,27,1.2190848986987942e-07,False,3981312,27648,512,512
HM8,hybrid_pam,2,hard,9,28,1.1735171941455728e-07,False,3981312,27648,512,512
HM8,hybrid_pam,2,hard,9,29,1.0468255702467196e-07,False,3981312,27648,512,512
HM8,hybrid_pam,2,hard,9,30,1.0041260597285985e-07,False,3981312,27648,512,512
HM8,hybrid_pam,2,hard,9,31,9.924518278478614e-08,False,3981312,27648,512,512
HM8,hybrid_pam,2,hard,9,32,9.260854075459728e-08,False,3981312,27648,512,512
HM8,hybrid_pam,2,hard,10,1,2882922978.9307647,False,7962624,13824,512,512
HM8,hybrid_pam,2,hard,10,2,266.6018231103249,False,7962624,13824,512,512
HM8,hybrid_pam,2,hard,10,3,3.605529096197011e-06,False,7962624,13824,512,512
HM8,hybrid_pam,2,hard,10,4,3.46675076769969e-06,False,7962624,13824,512,512
HM8,hybrid_pam,2,hard,10,5,3.012676673059724e-06,False,7962624,13824,512,512
HM8,hybrid_pam,2,hard,10,6,1.3449053313104151e-06,False,7962624,13824,512,512
HM8,hybrid_pam,2,hard,10,7,1.238348368847922e-06,False,7962624,13824,512,512
HM8,hybrid_pam,2,hard,10,8,1.1200524359280534e-06,False,7962624,13824,512,512
HM8,hybrid_pam,2,hard,10,9,1.1066086761556438e-06,False,7962624,13824,512,512
HM8,hybrid_pam,2,hard,10,10,7.07793621883571e-07,False,7962624,13824,512,512
HM8,hybrid_pam,2,hard,10,11,6.673399420205499e-07,False,7962624,13824,512,512
HM8,hybrid_pam,2,hard,10,12,6.119405087978951e-07,False,7962624,13824,512,512
HM8,hybrid_pam,2,hard,10,13,5.100137524332632e-07,False,7962624,13824,512,512
HM8,hybrid_pam,2,hard,10,14,3.9191818929077564e-07,False,7962624,13824,512,512
HM8,hybrid_pam,2,hard,10,15,3.1829988072016777e-07,False,7962624,13824,512,512
HM8,hybrid_pam,2,hard,10,16,2.6219735069956136e-07,False,7962624,13824,512,512
HM8,hybrid_pam,2,hard,10,17,2.3994928331971044e-07,False,7962624,13824,512,512
HM8,hybrid_pam,2,hard,10,18,2.2059665558605979e-07,False,7962624,13824,512,512
HM8,hybrid_pam,2,hard,10,19,1.936542705242865e-07,False,7962624,13824,512,512
HM8,hybrid_pam,2,hard,10,20,1.8605388627013404e-07,False,7962624,13824,512,512
HM8,hybrid_pam,2,hard,10,21,1.7076084378005407e-07,False,7962624,13824,512,512
HM8,hybrid_pam,2,hard,10,22,1.5516479306644853e-07,False,7962624,13824,512,512
HM8,hybrid_pam,2,hard,10,23,1.505953946729388e-07,False,7962624,13824,512,512
HM8,hybrid_pam,2,hard,10,24,1.393677439667294e-07,False,7962624,13824,512,512
HM8,hybrid_pam,2,hard,10,25,1.248802152407726e-07,False,7962624,13824,512,512
HM8,hybrid_pam,2,hard,10,26,1.1907283402972396e-07,False,7962624,13824,512,512
HM8,hybrid_pam,2,hard,10,27,1.0727391280048181e-07,False,7962624,13824,512,512
HM8,hybrid_pam,2,hard,10,28,1.0018406378109194e-07,False,7962624,13824,512,512
HM8,hybrid_pam,2,hard,10,29,9.526155016061431e-08,False,7962624,13824,512,512
HM8,hybrid_pam,2,hard,10,30,9.315666921541546e-08,False,7962624,13824,512,512
HM8,hybrid_pam,2,hard,10,31,8.43158808088013e-08,False,7962624,13824,512,512
HM8,hybrid_pam,2,hard,10,32,7.81953067569904e-08,False,7962624,13824,512,512
HM8,hybrid_pam,2,hard,11,1,2882845555.687442,False,95551488,1152,512,512
HM8,hybrid_pam,2,hard,11,2,199739.6212638554,False,95551488,1152,512,512
HM8,hybrid_pam,2,hard,11,3,229.99737952600043,False,95551488,1152,512,512
HM8,hybrid_pam,2,hard,11,4,2.98973675584786e-06,False,95551488,1152,512,512
HM8,hybrid_pam,2,hard,11,5,2.342928671841725e-06,False,95551488,1152,512,512
HM8,hybrid_pam,2,hard,11,6,2.2227149508187896e-06,False,95551488,1152,512,512
HM8,hybrid_pam,2,hard,11,7,1.900038008691418e-06,False,95551488,1152,512,512
HM8,hybrid_pam,2,hard,11,8,1.451686956249243e-06,False,95551488,1152,512,512
HM8,hybrid_pam,2,hard,11,9,1.2540588694573029e-06,False,95551488,1152,512,512
HM8,hybrid_pam,2,hard,11,10,9.342490482077782e-07,False,95551488,1152,512,512
HM8,hybrid_pam,2,hard,11,11,8.742101219795301e-07,False,95551488,1152,512,512
HM8,hybrid_pam,2,hard,11,12,6.426219392047163e-07,False,95551488,1152,512,512
HM8,hybrid_pam,2,hard,11,13,6.42045167253358e-07,False,95551488,1152,512,512
HM8,hybrid_pam,2,hard,11,14,3.6706539950382976e-07,False,95551488,1152,512,512
HM8,hybrid_pam,2,hard,11,15,2.9216723717644886e-07,False,95551488,1152,512,512
HM8,hybrid_pam,2,hard,11,16,2.7746933008325716e-07,False,95551488,1152,512,512
HM8,hybrid_pam,2,hard,11,17,2.7420005423378124e-07,False,95551488,1152,512,512
HM8,hybrid_pam,2,hard,11,18,2.280329823244898e-07,False,95551488,1152,512,512
HM8,hybrid_pam,2,hard,11,19,2.0246053794186063e-07,False,95551488,1152,512,512
HM8,hybrid_pam,2,hard,11,20,1.9700293538627432e-07,False,95551488,1152,512,512
HM8,hybrid_pam,2,hard,11,21,1.7509197507934232e-07,False,95551488,1152,512,512
HM8,hybrid_pam,2,hard,11,22,1.5430707171949835e-07,False,95551488,1152,512,512
HM8,hybrid_pam,2,hard,11,23,1.438836351077383e-07,False,95551488,1152,512,512
HM8,hybrid_pam,2,hard,11,24,1.413531095560339e-07,False,95551488,1152,512,512
HM8,hybrid_pam,2,hard,11,25,1.3248862414499473e-07,False,95551488,1152,512,512
HM8,hybrid_pam,2,hard,11,26,1.2667365701771346e-07,False,95551488,1152,512,512
HM8,hybrid_pam,2,hard,11,27,1.1725470825858816e-07,False,95551488,1152,512,512
HM8,hybrid_pam,2,hard,11,28,1.1137066917076821e-07,False,95551488,1152,512,512
HM8,hybrid_pam,2,hard,11,29,1.0818311147534327e-07,False,95551488,1152,512,512
HM8,hybrid_pam,2,hard,11,30,1.0159353948140617e-07,False,95551488,1152,512,512
HM8,hybrid_pam,2,hard,11,31,9.629690089415045e-08,False,95551488,1152,512,512
HM8,hybrid_pam,2,hard,11,32,8.930288527138549e-08,False,95551488,1152,512,512
HM8,hybrid_pam,2,hard,12,1,2882844557.8144603,False,191102976,576,512,512
HM8,hybrid_pam,2,hard,12,2,230.93146977052007,False,191102976,576,512,512
HM8,hybrid_pam,2,hard,12,3,4.05221634138157e-06,False,191102976,576,512,512
HM8,hybrid_pam,2,hard,12,4,3.5996112868378497e-06,False,191102976,576,512,512
HM8,hybrid_pam,2,hard,12,5,3.2500362463725096e-06,False,191102976,576,512,512
HM8,hybrid_pam,2,hard,12,6,2.4493983940985037e-06,False,191102976,576,512,512
HM8,hybrid_pam,2,hard,12,7,2.263602433517065e-06,False,191102976,576,512,512
HM8,hybrid_pam,2,hard,12,8,2.0906568219897094e-06,False,191102976,576,512,512
HM8,hybrid_pam,2,hard,12,9,1.87523457724073e-06,False,191102976,576,512,512
HM8,hybrid_pam,2,hard,12,10,1.4889988528823042e-06,False,191102976,576,512,512
HM8,hybrid_pam,2,hard,12,11,1.296523290211146e-06,False,191102976,576,512,512
HM8,hybrid_pam,2,hard,12,12,9.830137148963499e-07,False,191102976,576,512,512
HM8,hybrid_pam,2,hard,12,13,7.439691593851235e-07,False,191102976,576,512,512
HM8,hybrid_pam,2,hard,12,14,5.93780393011039e-07,False,191102976,576,512,512
HM8,hybrid_pam,2,hard,12,15,5.182395287556936e-07,False,191102976,576,512,512
HM8,hybrid_pam,2,hard,12,16,3.5431011735156044e-07,False,191102976,576,512,512
HM8,hybrid_pam,2,hard,12,17,3.517779186732765e-07,False,191102976,576,512,512
HM8,hybrid_pam,2,hard,12,18,3.2488470463855474e-07,False,191102976,576,512,512
HM8,hybrid_pam,2,hard,12,19,2.946696579729536e-07,False,191102976,576,512,512
HM8,hybrid_pam,2,hard,12,20,2.860927195037143e-07,False,191102976,576,512,512
HM8,hybrid_pam,2,hard,12,21,2.31495694716438e-07,False,191102976,576,512,512
HM8,hybrid_pam,2,hard,12,22,2.191287994499335e-07,False,191102976,576,512,512
HM8,hybrid_pam,2,hard,12,23,1.9823512224638465e-07,False,191102976,576,512,512
HM8,hybrid_pam,2,hard,12,24,1.7132613749669126e-07,False,191102976,576,512,512
HM8,hybrid_pam,2,hard,12,25,1.5442038564587437e-07,False,191102976,576,512,512
HM8,hybrid_pam,2,hard,12,26,1.2465864334994825e-07,False,191102976,576,512,512
HM8,hybrid_pam,2,hard,12,27,1.1835512307115266e-07,False,191102976,576,512,512
HM8,hybrid_pam,2,hard,12,28,1.0159951211385416e-07,False,191102976,576,512,512
HM8,hybrid_pam,2,hard,12,29,9.267590156270013e-08,False,191102976,576,512,512
HM8,hybrid_pam,2,hard,12,30,7.725215378911762e-08,False,191102976,576,512,512
HM8,hybrid_pam,2,hard,12,31,7.579935744032975e-08,False,191102976,576,512,512
HM8,hybrid_pam,2,hard,12,32,6.346859458075778e-08,False,191102976,576,512,512
HM8,hybrid_pam,2,hard,13,1,882649277.4160542,False,2293235712,48,512,48
HM8,hybrid_pam,2,hard,13,2,61466.181855697876,False,2293235712,48,512,48
HM8,hybrid_pam,2,hard,13,3,46.14673818240654,False,2293235712,48,512,48
HM8,hybrid_pam,2,hard,13,4,3.4699866070705253e-07,False,2293235712,48,512,48
HM8,hybrid_pam,2,hard,13,5,1.441917044492336e-07,False,2293235712,48,512,48
HM8,hybrid_pam,2,hard,13,6,7.129944086797753e-08,False,2293235712,48,512,48
HM8,hybrid_pam,2,hard,13,7,4.090565502058825e-08,False,2293235712,48,512,48
HM8,hybrid_pam,2,hard,13,8,3.339829325707802e-08,False,2293235712,48,512,48
HM8,hybrid_pam,2,hard,13,9,3.0216679088428895e-08,False,2293235712,48,512,48
HM8,hybrid_pam,2,hard,13,10,2.7583439739531298e-08,False,2293235712,48,512,48
HM8,hybrid_pam,2,hard,13,11,2.566164411494715e-08,False,2293235712,48,512,48
HM8,hybrid_pam,2,hard,13,12,2.246988407938002e-08,False,2293235712,48,512,48
HM8,hybrid_pam,2,hard,13,13,1.8992102117718076e-08,False,2293235712,48,512,48
HM8,hybrid_pam,2,hard,13,14,1.7099777688255572e-08,False,2293235712,48,512,48
HM8,hybrid_pam,2,hard,13,15,1.5785393123613455e-08,False,2293235712,48,512,48
HM8,hybrid_pam,2,hard,13,16,1.3626341633652522e-08,False,2293235712,48,512,48
HM8,hybrid_pam,2,hard,13,17,1.2923357000089578e-08,False,2293235712,48,512,48
HM8,hybrid_pam,2,hard,13,18,9.208334128054846e-09,False,2293235712,48,512,48
HM8,hybrid_pam,2,hard,13,19,6.494411441495743e-09,False,2293235712,48,512,48
HM8,hybrid_pam,2,hard,13,20,5.93028571347991e-09,False,2293235712,48,512,48
HM8,hybrid_pam,2,hard,13,21,4.572332659043911e-09,False,2293235712,48,512,48
HM8,hybrid_pam,2,hard,13,22,6.851329237322054e-23,False,2293235712,48,512,48
HM8,hybrid_pam,2,hard,13,23,4.4435144945618633e-23,False,2293235712,48,512,48
HM8,hybrid_pam,2,hard,13,24,2.3533781862568156e-23,False,2293235712,48,512,48
HM8,hybrid_pam,2,hard,13,25,1.947891111894898e-23,False,2293235712,48,512,48
HM8,hybrid_pam,2,hard,13,26,1.5914857576563117e-23,False,2293235712,48,512,48
HM8,hybrid_pam,2,hard,13,27,8.748054379870598e-24,False,2293235712,48,512,48
HM8,hybrid_pam,2,hard,13,28,6.792176410716371e-24,False,2293235712,48,512,48
HM8,hybrid_pam,2,hard,13,29,4.503599936453241e-24,False,2293235712,48,512,48
HM8,hybrid_pam,2,hard,13,30,4.2965746825175474e-24,False,2293235712,48,512,48
HM8,hybrid_pam,2,hard,13,31,2.9480375951494943e-24,False,2293235712,48,512,48
HM8,hybrid_pam,2,hard,13,32,2.3564229575307165e-24,False,2293235712,48,512,48
HM8,hybrid_pam,2,hard,14,1,624145504.0992405,False,4586471424,24,512,24
HM8,hybrid_pam,2,hard,14,2,45.96956188712408,False,4586471424,24,512,24
HM8,hybrid_pam,2,hard,14,3,4.528948339226467e-07,False,4586471424,24,512,24
HM8,hybrid_pam,2,hard,14,4,1.3344506266553915e-07,False,4586471424,24,512,24
HM8,hybrid_pam,2,hard,14,5,8.835730324550423e-08,False,4586471424,24,512,24
HM8,hybrid_pam,2,hard,14,6,5.6689369215238325e-08,False,4586471424,24,512,24
HM8,hybrid_pam,2,hard,14,7,3.395888112957169e-08,False,4586471424,24,512,24
HM8,hybrid_pam,2,hard,14,8,3.18625613020764e-08,False,4586471424,24,512,24
HM8,hybrid_pam,2,hard,14,9,1.653965940032161e-08,False,4586471424,24,512,24
HM8,hybrid_pam,2,hard,14,10,9.44604982643541e-09,False,4586471424,24,512,24
HM8,hybrid_pam,2,hard,14,11,7.0509407362912894e-09,False,4586471424,24,512,24
HM8,hybrid_pam,2,hard,14,12,3.1063905010508206e-17,False,4586471424,24,512,24
HM8,hybrid_pam,2,hard,14,13,1.1151430913627443e-22,False,4586471424,24,512,24
HM8,hybrid_pam,2,hard,14,14,2.1804001496374106e-23,False,4586471424,24,512,24
HM8,hybrid_pam,2,hard,14,15,1.2158522356912744e-23,False,4586471424,24,512,24
HM8,hybrid_pam,2,hard,14,16,7.055631321362169e-24,False,4586471424,24,512,24
HM8,hybrid_pam,2,hard,14,17,4.478137556585559e-24,False,4586471424,24,512,24
HM8,hybrid_pam,2,hard,14,18,4.151062422136494e-24,False,4586471424,24,512,24
HM8,hybrid_pam,2,hard,14,19,3.724091193634677e-24,False,4586471424,24,512,24
HM8,hybrid_pam,2,hard,14,20,2.842713237819204e-24,False,4586471424,24,512,24
HM8,hybrid_pam,2,hard,14,21,1.1327545315649125e-24,False,4586471424,24,512,24
HM8,hybrid_pam,2,hard,14,22,8.281799117788738e-25,False,4586471424,24,512,24
HM8,hybrid_pam,2,hard,14,23,8.129717702899154e-41,False,4586471424,24,512,24
HM8,hybrid_pam,2,hard,14,24,1.3502508522419152e-41,False,4586471424,24,512,24
HM8,hybrid_pam,2,hard,15,1,180176488.53550038,False,55037657088,2,512,2
HM8,hybrid_pam,2,hard,15,2,12664.89098200724,False,55037657088,2,512,2
