#############################################################################
Learning begins
#############################################################################
Computing reward function in TT format for normalization
cross device is cuda
Functions that require cross-approximation can be accelerated with the optional maxvolpy package, which can be installed by 'pip install maxvolpy'. More info is available at https://bitbucket.org/muxas/maxvolpy.
Cross-approximation over a 20D domain containing 1.6e+25 grid points:
iter: 0  | eps: 3.207e-01 | time:   0.2970 | largest rank:   1
iter: 1  | eps: 3.630e-15 | time:   0.6151 | largest rank:  11 <- converged: eps < 0.0001
Did 216622 function evaluations, which took 0.01657s (1.307e+07 evals/s)

Rank of reward:  tensor([1, 2, 2, 2, 2, 3, 2, 3, 2, 3, 2, 3, 2, 3, 2, 3, 2, 3, 2, 2, 1])
Initialize policy (q-fcn) by random initialization of value-function....
[EVAL] {"success_rate": 0.0, "mu_success": 0.0, "mu_all": 1.0, "final_dist_mean": 0.5566968557106781, "path_len_mean": 0.0, "cum_reward_mean": -3300312150.3882656, "final_reward_mean": -3300312.1503882683, "callback_count": 0}
Memory:  0.008984064 0.268435456
>>>>>>>>>>>>>>>>>>>>>>>>>>>>>>>>>>>>>>>>>>
Policy Iteration 1/100
>>>>>>>>>>>>>>>>>>>>>>>>>>>>>>>>>>>>>>>>>>
Number of value updates:  1
Functions that require cross-approximation can be accelerated with the optional maxvolpy package, which can be installed by 'pip install maxvolpy'. More info is available at https://bitbucket.org/muxas/maxvolpy.
.....................................................
Computing Advantage Fcn
.....................................................
Functions that require cross-approximation can be accelerated with the optional maxvolpy package, which can be installed by 'pip install maxvolpy'. More info is available at https://bitbucket.org/muxas/maxvolpy.
v_min: -0.01, v_mean: -0.00, v_max: -0.00
a_min: -1.00, a_mean: -0.35, a_max: -0.00
p_min: 2.00, p_mean: 2.65, p_max: 3.00
Rank of V-model:  tensor([1, 2, 1, 1, 1])
Rank of A-model:  tensor([1, 3, 3, 2, 1, 1, 1, 1, 1, 1, 1, 1, 1, 1, 1, 1, 1, 1, 1, 1, 1])
Rank of P-model:  tensor([1, 5, 5, 4, 3, 3, 3, 3, 3, 3, 3, 3, 3, 3, 3, 3, 3, 3, 3, 2, 1])
--------------------------------------------
Time taken:5.462012529373169
--------------------------------------------
Memory:  0.00885504 0.027262976
>>>>>>>>>>>>>>>>>>>>>>>>>>>>>>>>>>>>>>>>>>
Policy Iteration 2/100
>>>>>>>>>>>>>>>>>>>>>>>>>>>>>>>>>>>>>>>>>>
Number of value updates:  1
Functions that require cross-approximation can be accelerated with the optional maxvolpy package, which can be installed by 'pip install maxvolpy'. More info is available at https://bitbucket.org/muxas/maxvolpy.
.....................................................
Computing Advantage Fcn
.....................................................
Functions that require cross-approximation can be accelerated with the optional maxvolpy package, which can be installed by 'pip install maxvolpy'. More info is available at https://bitbucket.org/muxas/maxvolpy.
v_min: -0.02, v_mean: -0.01, v_max: -0.00
a_min: -1.00, a_mean: -0.35, a_max: -0.00
p_min: 2.00, p_mean: 2.65, p_max: 3.00
Rank of V-model:  tensor([1, 2, 1, 1, 1])
Rank of A-model:  tensor([1, 3, 3, 2, 1, 1, 1, 1, 1, 1, 1, 1, 1, 1, 1, 1, 1, 1, 1, 1, 1])
Rank of P-model:  tensor([1, 5, 5, 4, 3, 3, 3, 3, 3, 3, 3, 3, 3, 3, 3, 3, 3, 3, 3, 2, 1])
--------------------------------------------
Time taken:5.014034032821655
--------------------------------------------
Memory:  0.00885504 0.025165824000000003
>>>>>>>>>>>>>>>>>>>>>>>>>>>>>>>>>>>>>>>>>>
Policy Iteration 3/100
>>>>>>>>>>>>>>>>>>>>>>>>>>>>>>>>>>>>>>>>>>
Number of value updates:  1
Functions that require cross-approximation can be accelerated with the optional maxvolpy package, which can be installed by 'pip install maxvolpy'. More info is available at https://bitbucket.org/muxas/maxvolpy.
.....................................................
Computing Advantage Fcn
.....................................................
Functions that require cross-approximation can be accelerated with the optional maxvolpy package, which can be installed by 'pip install maxvolpy'. More info is available at https://bitbucket.org/muxas/maxvolpy.
v_min: -0.03, v_mean: -0.01, v_max: -0.00
a_min: -1.00, a_mean: -0.35, a_max: -0.00
p_min: 2.00, p_mean: 2.65, p_max: 3.00
Rank of V-model:  tensor([1, 3, 3, 2, 1])
Rank of A-model:  tensor([1, 3, 3, 2, 1, 1, 1, 1, 1, 1, 1, 1, 1, 1, 1, 1, 1, 1, 1, 1, 1])
Rank of P-model:  tensor([1, 5, 5, 4, 3, 3, 3, 3, 3, 3, 3, 3, 3, 3, 3, 3, 3, 3, 3, 2, 1])
--------------------------------------------
Time taken:4.858870029449463
--------------------------------------------
Memory:  0.008861184000000001 0.027262976
>>>>>>>>>>>>>>>>>>>>>>>>>>>>>>>>>>>>>>>>>>
Policy Iteration 4/100
>>>>>>>>>>>>>>>>>>>>>>>>>>>>>>>>>>>>>>>>>>
Number of value updates:  1
Functions that require cross-approximation can be accelerated with the optional maxvolpy package, which can be installed by 'pip install maxvolpy'. More info is available at https://bitbucket.org/muxas/maxvolpy.
.....................................................
Computing Advantage Fcn
.....................................................
Functions that require cross-approximation can be accelerated with the optional maxvolpy package, which can be installed by 'pip install maxvolpy'. More info is available at https://bitbucket.org/muxas/maxvolpy.
v_min: -0.04, v_mean: -0.01, v_max: -0.00
a_min: -1.00, a_mean: -0.35, a_max: -0.00
p_min: 2.00, p_mean: 2.65, p_max: 3.00
Rank of V-model:  tensor([1, 3, 3, 2, 1])
Rank of A-model:  tensor([1, 3, 3, 2, 1, 1, 1, 1, 1, 1, 1, 1, 1, 1, 1, 1, 1, 1, 1, 1, 1])
Rank of P-model:  tensor([1, 5, 5, 4, 3, 3, 3, 3, 3, 3, 3, 3, 3, 3, 3, 3, 3, 3, 3, 2, 1])
--------------------------------------------
Time taken:4.653727054595947
--------------------------------------------
Memory:  0.008861184000000001 0.025165824000000003
>>>>>>>>>>>>>>>>>>>>>>>>>>>>>>>>>>>>>>>>>>
Policy Iteration 5/100
>>>>>>>>>>>>>>>>>>>>>>>>>>>>>>>>>>>>>>>>>>
Number of value updates:  1
Functions that require cross-approximation can be accelerated with the optional maxvolpy package, which can be installed by 'pip install maxvolpy'. More info is available at https://bitbucket.org/muxas/maxvolpy.
.....................................................
Computing Advantage Fcn
.....................................................
Functions that require cross-approximation can be accelerated with the optional maxvolpy package, which can be installed by 'pip install maxvolpy'. More info is available at https://bitbucket.org/muxas/maxvolpy.
v_min: -0.05, v_mean: -0.02, v_max: -0.00
a_min: -1.00, a_mean: -0.35, a_max: -0.00
p_min: 2.00, p_mean: 2.65, p_max: 3.00
Rank of V-model:  tensor([1, 3, 3, 2, 1])
Rank of A-model:  tensor([1, 3, 3, 2, 1, 1, 1, 1, 1, 1, 1, 1, 1, 1, 1, 1, 1, 1, 1, 1, 1])
Rank of P-model:  tensor([1, 5, 5, 4, 3, 3, 3, 3, 3, 3, 3, 3, 3, 3, 3, 3, 3, 3, 3, 2, 1])
--------------------------------------------
Time taken:4.865695238113403
--------------------------------------------
Memory:  0.008861184000000001 0.027262976
>>>>>>>>>>>>>>>>>>>>>>>>>>>>>>>>>>>>>>>>>>
Policy Iteration 6/100
>>>>>>>>>>>>>>>>>>>>>>>>>>>>>>>>>>>>>>>>>>
Number of value updates:  1
Functions that require cross-approximation can be accelerated with the optional maxvolpy package, which can be installed by 'pip install maxvolpy'. More info is available at https://bitbucket.org/muxas/maxvolpy.
.....................................................
Computing Advantage Fcn
.....................................................
Functions that require cross-approximation can be accelerated with the optional maxvolpy package, which can be installed by 'pip install maxvolpy'. More info is available at https://bitbucket.org/muxas/maxvolpy.
v_min: -0.06, v_mean: -0.02, v_max: -0.00
a_min: -1.00, a_mean: -0.35, a_max: -0.00
p_min: 2.00, p_mean: 2.65, p_max: 3.00
Rank of V-model:  tensor([1, 3, 3, 2, 1])
Rank of A-model:  tensor([1, 3, 3, 2, 1, 1, 1, 1, 1, 1, 1, 1, 1, 1, 1, 1, 1, 1, 1, 1, 1])
Rank of P-model:  tensor([1, 5, 5, 4, 3, 3, 3, 3, 3, 3, 3, 3, 3, 3, 3, 3, 3, 3, 3, 2, 1])
--------------------------------------------
Time taken:4.942397117614746
--------------------------------------------
Memory:  0.008861184000000001 0.025165824000000003
>>>>>>>>>>>>>>>>>>>>>>>>>>>>>>>>>>>>>>>>>>
Policy Iteration 7/100
>>>>>>>>>>>>>>>>>>>>>>>>>>>>>>>>>>>>>>>>>>
Number of value updates:  1
Functions that require cross-approximation can be accelerated with the optional maxvolpy package, which can be installed by 'pip install maxvolpy'. More info is available at https://bitbucket.org/muxas/maxvolpy.
.....................................................
Computing Advantage Fcn
.....................................................
Functions that require cross-approximation can be accelerated with the optional maxvolpy package, which can be installed by 'pip install maxvolpy'. More info is available at https://bitbucket.org/muxas/maxvolpy.
v_min: -0.07, v_mean: -0.02, v_max: -0.00
a_min: -1.00, a_mean: -0.35, a_max: -0.00
p_min: 2.00, p_mean: 2.66, p_max: 3.00
Rank of V-model:  tensor([1, 3, 3, 2, 1])
Rank of A-model:  tensor([1, 3, 3, 3, 3, 4, 3, 4, 3, 4, 3, 4, 3, 4, 3, 3, 3, 3, 2, 2, 1])
Rank of P-model:  tensor([1, 5, 5, 5, 5, 6, 5, 6, 5, 6, 5, 6, 5, 6, 5, 5, 5, 5, 4, 2, 1])
--------------------------------------------
Time taken:5.095210313796997
--------------------------------------------
Memory:  0.009157632 0.027262976
>>>>>>>>>>>>>>>>>>>>>>>>>>>>>>>>>>>>>>>>>>
Policy Iteration 8/100
>>>>>>>>>>>>>>>>>>>>>>>>>>>>>>>>>>>>>>>>>>
Number of value updates:  1
Functions that require cross-approximation can be accelerated with the optional maxvolpy package, which can be installed by 'pip install maxvolpy'. More info is available at https://bitbucket.org/muxas/maxvolpy.
.....................................................
Computing Advantage Fcn
.....................................................
Functions that require cross-approximation can be accelerated with the optional maxvolpy package, which can be installed by 'pip install maxvolpy'. More info is available at https://bitbucket.org/muxas/maxvolpy.
v_min: -0.08, v_mean: -0.03, v_max: -0.00
a_min: -1.00, a_mean: -0.35, a_max: -0.00
p_min: 2.00, p_mean: 2.66, p_max: 3.00
Rank of V-model:  tensor([1, 3, 3, 2, 1])
Rank of A-model:  tensor([1, 3, 3, 3, 3, 4, 3, 4, 3, 4, 3, 4, 3, 4, 3, 4, 3, 3, 2, 2, 1])
Rank of P-model:  tensor([1, 5, 5, 5, 5, 6, 5, 6, 5, 6, 5, 6, 5, 6, 5, 6, 5, 5, 4, 2, 1])
--------------------------------------------
Time taken:5.9038708209991455
--------------------------------------------
Memory:  0.009166848 0.027262976
>>>>>>>>>>>>>>>>>>>>>>>>>>>>>>>>>>>>>>>>>>
Policy Iteration 9/100
>>>>>>>>>>>>>>>>>>>>>>>>>>>>>>>>>>>>>>>>>>
Number of value updates:  1
Functions that require cross-approximation can be accelerated with the optional maxvolpy package, which can be installed by 'pip install maxvolpy'. More info is available at https://bitbucket.org/muxas/maxvolpy.
.....................................................
Computing Advantage Fcn
.....................................................
Functions that require cross-approximation can be accelerated with the optional maxvolpy package, which can be installed by 'pip install maxvolpy'. More info is available at https://bitbucket.org/muxas/maxvolpy.
v_min: -0.09, v_mean: -0.03, v_max: -0.00
a_min: -1.00, a_mean: -0.35, a_max: -0.00
p_min: 2.00, p_mean: 2.66, p_max: 3.01
Rank of V-model:  tensor([1, 3, 3, 2, 1])
Rank of A-model:  tensor([1, 3, 3, 3, 3, 4, 3, 4, 3, 4, 3, 4, 3, 4, 3, 4, 3, 3, 2, 2, 1])
Rank of P-model:  tensor([1, 5, 5, 5, 5, 6, 5, 6, 5, 6, 5, 6, 5, 6, 5, 6, 5, 5, 4, 2, 1])
--------------------------------------------
Time taken:5.946602821350098
--------------------------------------------
Memory:  0.009166848 0.025165824000000003
>>>>>>>>>>>>>>>>>>>>>>>>>>>>>>>>>>>>>>>>>>
Policy Iteration 10/100
>>>>>>>>>>>>>>>>>>>>>>>>>>>>>>>>>>>>>>>>>>
Number of value updates:  1
Functions that require cross-approximation can be accelerated with the optional maxvolpy package, which can be installed by 'pip install maxvolpy'. More info is available at https://bitbucket.org/muxas/maxvolpy.
.....................................................
Computing Advantage Fcn
.....................................................
Functions that require cross-approximation can be accelerated with the optional maxvolpy package, which can be installed by 'pip install maxvolpy'. More info is available at https://bitbucket.org/muxas/maxvolpy.
v_min: -0.10, v_mean: -0.03, v_max: -0.00
a_min: -1.00, a_mean: -0.35, a_max: -0.00
p_min: 2.00, p_mean: 2.66, p_max: 3.00
Rank of V-model:  tensor([1, 3, 3, 2, 1])
Rank of A-model:  tensor([1, 3, 3, 3, 3, 4, 3, 4, 3, 4, 3, 4, 3, 4, 3, 4, 3, 3, 2, 2, 1])
Rank of P-model:  tensor([1, 5, 5, 5, 5, 6, 5, 6, 5, 6, 5, 6, 5, 6, 5, 6, 5, 5, 4, 2, 1])
--------------------------------------------
Time taken:5.745101451873779
--------------------------------------------
---------------Intermeditate Test-------------------------
[EVAL] {"success_rate": 0.87, "mu_success": 0.6807283177039816, "mu_all": 0.6037827892425918, "final_dist_mean": 0.043978139939793784, "path_len_mean": 0.9050695990977613, "cum_reward_mean": -265512965.06698933, "final_reward_mean": -26327.189272958698, "callback_count": 9}
Memory:  0.009166848 0.048234496
>>>>>>>>>>>>>>>>>>>>>>>>>>>>>>>>>>>>>>>>>>
Policy Iteration 11/100
>>>>>>>>>>>>>>>>>>>>>>>>>>>>>>>>>>>>>>>>>>
Number of value updates:  1
Functions that require cross-approximation can be accelerated with the optional maxvolpy package, which can be installed by 'pip install maxvolpy'. More info is available at https://bitbucket.org/muxas/maxvolpy.
.....................................................
Computing Advantage Fcn
.....................................................
Functions that require cross-approximation can be accelerated with the optional maxvolpy package, which can be installed by 'pip install maxvolpy'. More info is available at https://bitbucket.org/muxas/maxvolpy.
v_min: -0.10, v_mean: -0.04, v_max: -0.00
a_min: -1.01, a_mean: -0.35, a_max: -0.00
p_min: 2.00, p_mean: 2.66, p_max: 3.01
Rank of V-model:  tensor([1, 3, 3, 2, 1])
Rank of A-model:  tensor([1, 3, 3, 3, 3, 4, 3, 4, 3, 4, 3, 4, 3, 4, 3, 4, 3, 3, 2, 2, 1])
Rank of P-model:  tensor([1, 5, 5, 5, 5, 6, 5, 6, 5, 6, 5, 6, 5, 6, 5, 6, 5, 5, 4, 2, 1])
--------------------------------------------
Time taken:7.67459774017334
--------------------------------------------
Memory:  0.009166848 0.025165824000000003
>>>>>>>>>>>>>>>>>>>>>>>>>>>>>>>>>>>>>>>>>>
Policy Iteration 12/100
>>>>>>>>>>>>>>>>>>>>>>>>>>>>>>>>>>>>>>>>>>
Number of value updates:  1
Functions that require cross-approximation can be accelerated with the optional maxvolpy package, which can be installed by 'pip install maxvolpy'. More info is available at https://bitbucket.org/muxas/maxvolpy.
.....................................................
Computing Advantage Fcn
.....................................................
Functions that require cross-approximation can be accelerated with the optional maxvolpy package, which can be installed by 'pip install maxvolpy'. More info is available at https://bitbucket.org/muxas/maxvolpy.
v_min: -0.11, v_mean: -0.04, v_max: -0.00
a_min: -1.01, a_mean: -0.35, a_max: -0.00
p_min: 2.00, p_mean: 2.66, p_max: 3.01
Rank of V-model:  tensor([1, 3, 3, 2, 1])
Rank of A-model:  tensor([1, 3, 3, 3, 3, 4, 3, 4, 3, 4, 3, 4, 3, 4, 3, 4, 3, 3, 2, 2, 1])
Rank of P-model:  tensor([1, 5, 5, 5, 5, 6, 5, 6, 5, 6, 5, 6, 5, 6, 5, 6, 5, 5, 4, 2, 1])
--------------------------------------------
Time taken:5.909937858581543
--------------------------------------------
Memory:  0.009166848 0.025165824000000003
>>>>>>>>>>>>>>>>>>>>>>>>>>>>>>>>>>>>>>>>>>
Policy Iteration 13/100
>>>>>>>>>>>>>>>>>>>>>>>>>>>>>>>>>>>>>>>>>>
Number of value updates:  1
Functions that require cross-approximation can be accelerated with the optional maxvolpy package, which can be installed by 'pip install maxvolpy'. More info is available at https://bitbucket.org/muxas/maxvolpy.
.....................................................
Computing Advantage Fcn
.....................................................
Functions that require cross-approximation can be accelerated with the optional maxvolpy package, which can be installed by 'pip install maxvolpy'. More info is available at https://bitbucket.org/muxas/maxvolpy.
v_min: -0.12, v_mean: -0.04, v_max: -0.00
a_min: -1.01, a_mean: -0.35, a_max: -0.00
p_min: 2.01, p_mean: 2.67, p_max: 3.02
Rank of V-model:  tensor([1, 3, 3, 2, 1])
Rank of A-model:  tensor([1, 3, 3, 3, 3, 4, 3, 4, 3, 4, 3, 4, 3, 4, 3, 4, 3, 3, 2, 2, 1])
Rank of P-model:  tensor([1, 5, 5, 5, 5, 6, 5, 6, 5, 6, 5, 6, 5, 6, 5, 6, 5, 5, 4, 2, 1])
--------------------------------------------
Time taken:7.688613414764404
--------------------------------------------
Memory:  0.009166848 0.027262976
>>>>>>>>>>>>>>>>>>>>>>>>>>>>>>>>>>>>>>>>>>
Policy Iteration 14/100
>>>>>>>>>>>>>>>>>>>>>>>>>>>>>>>>>>>>>>>>>>
Number of value updates:  1
Functions that require cross-approximation can be accelerated with the optional maxvolpy package, which can be installed by 'pip install maxvolpy'. More info is available at https://bitbucket.org/muxas/maxvolpy.
.....................................................
Computing Advantage Fcn
.....................................................
Functions that require cross-approximation can be accelerated with the optional maxvolpy package, which can be installed by 'pip install maxvolpy'. More info is available at https://bitbucket.org/muxas/maxvolpy.
v_min: -0.13, v_mean: -0.05, v_max: -0.00
a_min: -1.01, a_mean: -0.35, a_max: -0.00
p_min: 2.01, p_mean: 2.67, p_max: 3.01
Rank of V-model:  tensor([1, 3, 3, 2, 1])
Rank of A-model:  tensor([1, 3, 5, 4, 3, 4, 3, 4, 3, 4, 3, 4, 3, 4, 3, 4, 3, 3, 2, 2, 1])
Rank of P-model:  tensor([1, 5, 7, 6, 5, 6, 5, 6, 5, 6, 5, 6, 5, 6, 5, 6, 5, 5, 4, 2, 1])
--------------------------------------------
Time taken:7.726102590560913
--------------------------------------------
Memory:  0.009199616 0.027262976
>>>>>>>>>>>>>>>>>>>>>>>>>>>>>>>>>>>>>>>>>>
Policy Iteration 15/100
>>>>>>>>>>>>>>>>>>>>>>>>>>>>>>>>>>>>>>>>>>
Number of value updates:  1
Functions that require cross-approximation can be accelerated with the optional maxvolpy package, which can be installed by 'pip install maxvolpy'. More info is available at https://bitbucket.org/muxas/maxvolpy.
.....................................................
Computing Advantage Fcn
.....................................................
Functions that require cross-approximation can be accelerated with the optional maxvolpy package, which can be installed by 'pip install maxvolpy'. More info is available at https://bitbucket.org/muxas/maxvolpy.
v_min: -0.14, v_mean: -0.05, v_max: -0.00
a_min: -1.01, a_mean: -0.35, a_max: -0.00
p_min: 2.01, p_mean: 2.67, p_max: 3.02
Rank of V-model:  tensor([1, 3, 3, 2, 1])
Rank of A-model:  tensor([1, 4, 5, 4, 3, 4, 3, 4, 3, 4, 3, 4, 3, 4, 3, 4, 3, 3, 2, 2, 1])
Rank of P-model:  tensor([1, 6, 7, 6, 5, 6, 5, 6, 5, 6, 5, 6, 5, 6, 5, 6, 5, 5, 4, 2, 1])
--------------------------------------------
Time taken:7.910902261734009
--------------------------------------------
Memory:  0.00920832 0.027262976
>>>>>>>>>>>>>>>>>>>>>>>>>>>>>>>>>>>>>>>>>>
Policy Iteration 16/100
>>>>>>>>>>>>>>>>>>>>>>>>>>>>>>>>>>>>>>>>>>
Number of value updates:  1
Functions that require cross-approximation can be accelerated with the optional maxvolpy package, which can be installed by 'pip install maxvolpy'. More info is available at https://bitbucket.org/muxas/maxvolpy.
.....................................................
Computing Advantage Fcn
.....................................................
Functions that require cross-approximation can be accelerated with the optional maxvolpy package, which can be installed by 'pip install maxvolpy'. More info is available at https://bitbucket.org/muxas/maxvolpy.
v_min: -0.15, v_mean: -0.05, v_max: -0.00
a_min: -1.01, a_mean: -0.35, a_max: -0.00
p_min: 2.01, p_mean: 2.67, p_max: 3.02
Rank of V-model:  tensor([1, 3, 3, 2, 1])
Rank of A-model:  tensor([1, 4, 5, 4, 3, 4, 3, 4, 3, 4, 3, 4, 3, 4, 3, 4, 3, 3, 2, 2, 1])
Rank of P-model:  tensor([1, 6, 7, 6, 5, 6, 5, 6, 5, 6, 5, 6, 5, 6, 5, 6, 5, 5, 4, 2, 1])
--------------------------------------------
Time taken:7.878648996353149
--------------------------------------------
Memory:  0.00920832 0.029360128000000003
>>>>>>>>>>>>>>>>>>>>>>>>>>>>>>>>>>>>>>>>>>
Policy Iteration 17/100
>>>>>>>>>>>>>>>>>>>>>>>>>>>>>>>>>>>>>>>>>>
Number of value updates:  1
Functions that require cross-approximation can be accelerated with the optional maxvolpy package, which can be installed by 'pip install maxvolpy'. More info is available at https://bitbucket.org/muxas/maxvolpy.
.....................................................
Computing Advantage Fcn
.....................................................
Functions that require cross-approximation can be accelerated with the optional maxvolpy package, which can be installed by 'pip install maxvolpy'. More info is available at https://bitbucket.org/muxas/maxvolpy.
v_min: -0.16, v_mean: -0.05, v_max: -0.00
a_min: -1.01, a_mean: -0.35, a_max: -0.00
p_min: 2.01, p_mean: 2.68, p_max: 3.02
Rank of V-model:  tensor([1, 3, 3, 2, 1])
Rank of A-model:  tensor([1, 4, 5, 4, 3, 4, 3, 4, 3, 4, 3, 4, 3, 4, 3, 4, 3, 3, 2, 2, 1])
Rank of P-model:  tensor([1, 6, 7, 6, 5, 6, 5, 6, 5, 6, 5, 6, 5, 6, 5, 6, 5, 5, 4, 2, 1])
--------------------------------------------
Time taken:7.64875602722168
--------------------------------------------
Memory:  0.00920832 0.029360128000000003
>>>>>>>>>>>>>>>>>>>>>>>>>>>>>>>>>>>>>>>>>>
Policy Iteration 18/100
>>>>>>>>>>>>>>>>>>>>>>>>>>>>>>>>>>>>>>>>>>
Number of value updates:  1
Functions that require cross-approximation can be accelerated with the optional maxvolpy package, which can be installed by 'pip install maxvolpy'. More info is available at https://bitbucket.org/muxas/maxvolpy.
.....................................................
Computing Advantage Fcn
.....................................................
Functions that require cross-approximation can be accelerated with the optional maxvolpy package, which can be installed by 'pip install maxvolpy'. More info is available at https://bitbucket.org/muxas/maxvolpy.
v_min: -0.17, v_mean: -0.06, v_max: -0.00
a_min: -1.01, a_mean: -0.35, a_max: -0.00
p_min: 2.01, p_mean: 2.67, p_max: 3.02
Rank of V-model:  tensor([1, 3, 3, 2, 1])
Rank of A-model:  tensor([1, 4, 5, 4, 3, 4, 3, 4, 3, 4, 3, 4, 4, 5, 4, 5, 4, 4, 3, 2, 1])
Rank of P-model:  tensor([1, 6, 7, 6, 5, 6, 5, 6, 5, 6, 5, 6, 6, 7, 6, 7, 6, 6, 5, 2, 1])
--------------------------------------------
Time taken:7.621383905410767
--------------------------------------------
Memory:  0.009290752000000001 0.027262976
>>>>>>>>>>>>>>>>>>>>>>>>>>>>>>>>>>>>>>>>>>
Policy Iteration 19/100
>>>>>>>>>>>>>>>>>>>>>>>>>>>>>>>>>>>>>>>>>>
Number of value updates:  1
Functions that require cross-approximation can be accelerated with the optional maxvolpy package, which can be installed by 'pip install maxvolpy'. More info is available at https://bitbucket.org/muxas/maxvolpy.
.....................................................
Computing Advantage Fcn
.....................................................
Functions that require cross-approximation can be accelerated with the optional maxvolpy package, which can be installed by 'pip install maxvolpy'. More info is available at https://bitbucket.org/muxas/maxvolpy.
v_min: -0.17, v_mean: -0.06, v_max: -0.00
a_min: -1.01, a_mean: -0.35, a_max: -0.00
p_min: 2.01, p_mean: 2.68, p_max: 3.03
Rank of V-model:  tensor([1, 3, 3, 2, 1])
Rank of A-model:  tensor([1, 4, 5, 4, 3, 4, 3, 4, 3, 4, 3, 4, 3, 4, 3, 4, 3, 3, 2, 2, 1])
Rank of P-model:  tensor([1, 6, 7, 6, 5, 6, 5, 6, 5, 6, 5, 6, 5, 6, 5, 6, 5, 5, 4, 2, 1])
--------------------------------------------
Time taken:7.988415718078613
--------------------------------------------
Memory:  0.00920832 0.027262976
>>>>>>>>>>>>>>>>>>>>>>>>>>>>>>>>>>>>>>>>>>
Policy Iteration 20/100
>>>>>>>>>>>>>>>>>>>>>>>>>>>>>>>>>>>>>>>>>>
Number of value updates:  1
Functions that require cross-approximation can be accelerated with the optional maxvolpy package, which can be installed by 'pip install maxvolpy'. More info is available at https://bitbucket.org/muxas/maxvolpy.
.....................................................
Computing Advantage Fcn
.....................................................
Functions that require cross-approximation can be accelerated with the optional maxvolpy package, which can be installed by 'pip install maxvolpy'. More info is available at https://bitbucket.org/muxas/maxvolpy.
v_min: -0.18, v_mean: -0.06, v_max: -0.00
a_min: -1.01, a_mean: -0.35, a_max: -0.00
p_min: 2.01, p_mean: 2.68, p_max: 3.03
Rank of V-model:  tensor([1, 3, 3, 2, 1])
Rank of A-model:  tensor([1, 4, 5, 4, 3, 4, 3, 4, 3, 4, 3, 4, 4, 6, 5, 5, 4, 4, 3, 2, 1])
Rank of P-model:  tensor([1, 6, 7, 6, 5, 6, 5, 6, 5, 6, 5, 6, 6, 8, 7, 7, 6, 6, 5, 2, 1])
--------------------------------------------
Time taken:7.92371392250061
--------------------------------------------
---------------Intermeditate Test-------------------------
[EVAL] {"success_rate": 0.8, "mu_success": 0.8727886336486744, "mu_all": 0.7308777878229878, "final_dist_mean": 0.04383224897415073, "path_len_mean": 0.7665403050177386, "cum_reward_mean": -260803507.86072937, "final_reward_mean": -36576.01376787018, "callback_count": 19}
Memory:  0.009318400000000001 0.06920601600000001
>>>>>>>>>>>>>>>>>>>>>>>>>>>>>>>>>>>>>>>>>>
Policy Iteration 21/100
>>>>>>>>>>>>>>>>>>>>>>>>>>>>>>>>>>>>>>>>>>
Number of value updates:  1
Functions that require cross-approximation can be accelerated with the optional maxvolpy package, which can be installed by 'pip install maxvolpy'. More info is available at https://bitbucket.org/muxas/maxvolpy.
.....................................................
Computing Advantage Fcn
.....................................................
Functions that require cross-approximation can be accelerated with the optional maxvolpy package, which can be installed by 'pip install maxvolpy'. More info is available at https://bitbucket.org/muxas/maxvolpy.
v_min: -0.19, v_mean: -0.07, v_max: -0.00
a_min: -1.02, a_mean: -0.35, a_max: -0.00
p_min: 2.02, p_mean: 2.69, p_max: 3.03
Rank of V-model:  tensor([1, 3, 3, 2, 1])
Rank of A-model:  tensor([1, 4, 5, 4, 3, 4, 3, 4, 3, 4, 3, 4, 3, 4, 3, 4, 4, 4, 3, 2, 1])
Rank of P-model:  tensor([1, 6, 7, 6, 5, 6, 5, 6, 5, 6, 5, 6, 5, 6, 5, 6, 6, 6, 5, 2, 1])
--------------------------------------------
Time taken:9.986692190170288
--------------------------------------------
Memory:  0.00923648 0.027262976
>>>>>>>>>>>>>>>>>>>>>>>>>>>>>>>>>>>>>>>>>>
Policy Iteration 22/100
>>>>>>>>>>>>>>>>>>>>>>>>>>>>>>>>>>>>>>>>>>
Number of value updates:  1
Functions that require cross-approximation can be accelerated with the optional maxvolpy package, which can be installed by 'pip install maxvolpy'. More info is available at https://bitbucket.org/muxas/maxvolpy.
.....................................................
Computing Advantage Fcn
.....................................................
Functions that require cross-approximation can be accelerated with the optional maxvolpy package, which can be installed by 'pip install maxvolpy'. More info is available at https://bitbucket.org/muxas/maxvolpy.
v_min: -0.20, v_mean: -0.07, v_max: -0.00
a_min: -1.02, a_mean: -0.35, a_max: -0.00
p_min: 2.02, p_mean: 2.69, p_max: 3.04
Rank of V-model:  tensor([1, 3, 3, 2, 1])
Rank of A-model:  tensor([1, 4, 5, 4, 3, 4, 3, 4, 3, 4, 3, 4, 3, 4, 3, 4, 4, 4, 3, 2, 1])
Rank of P-model:  tensor([1, 6, 7, 6, 5, 6, 5, 6, 5, 6, 5, 6, 5, 6, 5, 6, 6, 6, 5, 2, 1])
--------------------------------------------
Time taken:7.987382650375366
--------------------------------------------
Memory:  0.00923648 0.025165824000000003
>>>>>>>>>>>>>>>>>>>>>>>>>>>>>>>>>>>>>>>>>>
Policy Iteration 23/100
>>>>>>>>>>>>>>>>>>>>>>>>>>>>>>>>>>>>>>>>>>
Number of value updates:  1
Functions that require cross-approximation can be accelerated with the optional maxvolpy package, which can be installed by 'pip install maxvolpy'. More info is available at https://bitbucket.org/muxas/maxvolpy.
.....................................................
Computing Advantage Fcn
.....................................................
Functions that require cross-approximation can be accelerated with the optional maxvolpy package, which can be installed by 'pip install maxvolpy'. More info is available at https://bitbucket.org/muxas/maxvolpy.
v_min: -0.21, v_mean: -0.07, v_max: -0.00
a_min: -1.02, a_mean: -0.35, a_max: -0.00
p_min: 2.02, p_mean: 2.69, p_max: 3.04
Rank of V-model:  tensor([1, 3, 3, 2, 1])
Rank of A-model:  tensor([1, 4, 5, 4, 3, 4, 3, 4, 3, 4, 3, 4, 3, 4, 3, 4, 3, 3, 3, 2, 1])
Rank of P-model:  tensor([1, 6, 7, 6, 5, 6, 5, 6, 5, 6, 5, 6, 5, 6, 5, 6, 5, 5, 5, 2, 1])
--------------------------------------------
Time taken:9.93199872970581
--------------------------------------------
Memory:  0.009212928 0.025165824000000003
>>>>>>>>>>>>>>>>>>>>>>>>>>>>>>>>>>>>>>>>>>
Policy Iteration 24/100
>>>>>>>>>>>>>>>>>>>>>>>>>>>>>>>>>>>>>>>>>>
Number of value updates:  1
Functions that require cross-approximation can be accelerated with the optional maxvolpy package, which can be installed by 'pip install maxvolpy'. More info is available at https://bitbucket.org/muxas/maxvolpy.
.....................................................
Computing Advantage Fcn
.....................................................
Functions that require cross-approximation can be accelerated with the optional maxvolpy package, which can be installed by 'pip install maxvolpy'. More info is available at https://bitbucket.org/muxas/maxvolpy.
v_min: -0.21, v_mean: -0.07, v_max: -0.00
a_min: -1.02, a_mean: -0.35, a_max: -0.00
p_min: 2.02, p_mean: 2.69, p_max: 3.04
Rank of V-model:  tensor([1, 3, 3, 2, 1])
Rank of A-model:  tensor([1, 4, 5, 4, 3, 4, 3, 4, 3, 4, 3, 4, 4, 5, 4, 5, 4, 4, 3, 2, 1])
Rank of P-model:  tensor([1, 6, 7, 6, 5, 6, 5, 6, 5, 6, 5, 6, 6, 7, 6, 7, 6, 6, 5, 2, 1])
--------------------------------------------
Time taken:9.942938327789307
--------------------------------------------
Memory:  0.009290752000000001 0.025165824000000003
>>>>>>>>>>>>>>>>>>>>>>>>>>>>>>>>>>>>>>>>>>
Policy Iteration 25/100
>>>>>>>>>>>>>>>>>>>>>>>>>>>>>>>>>>>>>>>>>>
Number of value updates:  1
Functions that require cross-approximation can be accelerated with the optional maxvolpy package, which can be installed by 'pip install maxvolpy'. More info is available at https://bitbucket.org/muxas/maxvolpy.
.....................................................
Computing Advantage Fcn
.....................................................
Functions that require cross-approximation can be accelerated with the optional maxvolpy package, which can be installed by 'pip install maxvolpy'. More info is available at https://bitbucket.org/muxas/maxvolpy.
v_min: -0.22, v_mean: -0.08, v_max: -0.00
a_min: -1.02, a_mean: -0.35, a_max: -0.00
p_min: 2.02, p_mean: 2.70, p_max: 3.05
Rank of V-model:  tensor([1, 3, 3, 2, 1])
Rank of A-model:  tensor([1, 4, 6, 5, 3, 4, 3, 4, 3, 4, 3, 4, 4, 5, 4, 5, 4, 4, 3, 2, 1])
Rank of P-model:  tensor([1, 6, 8, 7, 5, 6, 5, 6, 5, 6, 5, 6, 6, 7, 6, 7, 6, 6, 5, 2, 1])
--------------------------------------------
Time taken:9.529381036758423
--------------------------------------------
Memory:  0.009317888 0.025165824000000003
>>>>>>>>>>>>>>>>>>>>>>>>>>>>>>>>>>>>>>>>>>
Policy Iteration 26/100
>>>>>>>>>>>>>>>>>>>>>>>>>>>>>>>>>>>>>>>>>>
Number of value updates:  1
Functions that require cross-approximation can be accelerated with the optional maxvolpy package, which can be installed by 'pip install maxvolpy'. More info is available at https://bitbucket.org/muxas/maxvolpy.
.....................................................
Computing Advantage Fcn
.....................................................
Functions that require cross-approximation can be accelerated with the optional maxvolpy package, which can be installed by 'pip install maxvolpy'. More info is available at https://bitbucket.org/muxas/maxvolpy.
v_min: -0.23, v_mean: -0.08, v_max: -0.00
a_min: -1.02, a_mean: -0.35, a_max: -0.00
p_min: 2.02, p_mean: 2.69, p_max: 3.04
Rank of V-model:  tensor([1, 3, 3, 2, 1])
Rank of A-model:  tensor([1, 4, 6, 5, 3, 4, 3, 4, 3, 4, 3, 4, 3, 4, 4, 5, 4, 4, 3, 2, 1])
Rank of P-model:  tensor([1, 6, 8, 7, 5, 6, 5, 6, 5, 6, 5, 6, 5, 6, 6, 7, 6, 6, 5, 2, 1])
--------------------------------------------
Time taken:10.157671451568604
--------------------------------------------
Memory:  0.009290752000000001 0.025165824000000003
>>>>>>>>>>>>>>>>>>>>>>>>>>>>>>>>>>>>>>>>>>
Policy Iteration 27/100
>>>>>>>>>>>>>>>>>>>>>>>>>>>>>>>>>>>>>>>>>>
Number of value updates:  1
Functions that require cross-approximation can be accelerated with the optional maxvolpy package, which can be installed by 'pip install maxvolpy'. More info is available at https://bitbucket.org/muxas/maxvolpy.
.....................................................
Computing Advantage Fcn
.....................................................
Functions that require cross-approximation can be accelerated with the optional maxvolpy package, which can be installed by 'pip install maxvolpy'. More info is available at https://bitbucket.org/muxas/maxvolpy.
v_min: -0.24, v_mean: -0.08, v_max: 0.00
a_min: -1.02, a_mean: -0.35, a_max: -0.00
p_min: 2.02, p_mean: 2.69, p_max: 3.04
Rank of V-model:  tensor([1, 3, 3, 2, 1])
Rank of A-model:  tensor([1, 4, 6, 5, 3, 4, 3, 4, 3, 4, 3, 5, 4, 5, 4, 5, 4, 4, 3, 2, 1])
Rank of P-model:  tensor([1, 6, 8, 7, 5, 6, 5, 6, 5, 6, 5, 7, 6, 7, 6, 7, 6, 6, 5, 2, 1])
--------------------------------------------
Time taken:10.013638019561768
--------------------------------------------
Memory:  0.009328640000000001 0.025165824000000003
>>>>>>>>>>>>>>>>>>>>>>>>>>>>>>>>>>>>>>>>>>
Policy Iteration 28/100
>>>>>>>>>>>>>>>>>>>>>>>>>>>>>>>>>>>>>>>>>>
Number of value updates:  1
Functions that require cross-approximation can be accelerated with the optional maxvolpy package, which can be installed by 'pip install maxvolpy'. More info is available at https://bitbucket.org/muxas/maxvolpy.
.....................................................
Computing Advantage Fcn
.....................................................
Functions that require cross-approximation can be accelerated with the optional maxvolpy package, which can be installed by 'pip install maxvolpy'. More info is available at https://bitbucket.org/muxas/maxvolpy.
v_min: -0.24, v_mean: -0.08, v_max: 0.00
a_min: -1.02, a_mean: -0.35, a_max: -0.00
p_min: 2.02, p_mean: 2.69, p_max: 3.04
Rank of V-model:  tensor([1, 3, 3, 2, 1])
Rank of A-model:  tensor([1, 4, 7, 5, 3, 4, 3, 4, 3, 4, 3, 4, 3, 4, 4, 5, 4, 4, 3, 2, 1])
Rank of P-model:  tensor([1, 6, 9, 7, 5, 6, 5, 6, 5, 6, 5, 6, 5, 6, 6, 7, 6, 6, 5, 2, 1])
--------------------------------------------
Time taken:12.276777267456055
--------------------------------------------
Memory:  0.0093056 0.025165824000000003
>>>>>>>>>>>>>>>>>>>>>>>>>>>>>>>>>>>>>>>>>>
Policy Iteration 29/100
>>>>>>>>>>>>>>>>>>>>>>>>>>>>>>>>>>>>>>>>>>
Number of value updates:  1
Functions that require cross-approximation can be accelerated with the optional maxvolpy package, which can be installed by 'pip install maxvolpy'. More info is available at https://bitbucket.org/muxas/maxvolpy.
.....................................................
Computing Advantage Fcn
.....................................................
Functions that require cross-approximation can be accelerated with the optional maxvolpy package, which can be installed by 'pip install maxvolpy'. More info is available at https://bitbucket.org/muxas/maxvolpy.
v_min: -0.25, v_mean: -0.09, v_max: 0.00
a_min: -1.03, a_mean: -0.35, a_max: -0.00
p_min: 2.03, p_mean: 2.71, p_max: 3.06
Rank of V-model:  tensor([1, 3, 3, 2, 1])
Rank of A-model:  tensor([1, 4, 7, 5, 4, 5, 4, 5, 4, 5, 4, 6, 5, 5, 5, 6, 5, 4, 3, 2, 1])
Rank of P-model:  tensor([1, 6, 9, 7, 6, 7, 6, 7, 6, 7, 6, 8, 7, 7, 7, 8, 7, 6, 5, 2, 1])
--------------------------------------------
Time taken:9.974300384521484
--------------------------------------------
Memory:  0.00951808 0.025165824000000003
>>>>>>>>>>>>>>>>>>>>>>>>>>>>>>>>>>>>>>>>>>
Policy Iteration 30/100
>>>>>>>>>>>>>>>>>>>>>>>>>>>>>>>>>>>>>>>>>>
Number of value updates:  1
Functions that require cross-approximation can be accelerated with the optional maxvolpy package, which can be installed by 'pip install maxvolpy'. More info is available at https://bitbucket.org/muxas/maxvolpy.
.....................................................
Computing Advantage Fcn
.....................................................
Functions that require cross-approximation can be accelerated with the optional maxvolpy package, which can be installed by 'pip install maxvolpy'. More info is available at https://bitbucket.org/muxas/maxvolpy.
v_min: -0.26, v_mean: -0.09, v_max: 0.00
a_min: -1.02, a_mean: -0.35, a_max: -0.00
p_min: 2.02, p_mean: 2.70, p_max: 3.05
Rank of V-model:  tensor([1, 3, 3, 2, 1])
Rank of A-model:  tensor([1, 4, 7, 5, 3, 4, 3, 4, 3, 4, 3, 4, 3, 4, 3, 4, 3, 3, 3, 2, 1])
Rank of P-model:  tensor([1, 6, 9, 7, 5, 6, 5, 6, 5, 6, 5, 6, 5, 6, 5, 6, 5, 5, 5, 2, 1])
--------------------------------------------
Time taken:15.593443155288696
--------------------------------------------
---------------Intermeditate Test-------------------------
[EVAL] {"success_rate": 0.62, "mu_success": 0.7181966327512336, "mu_all": 0.5099914957318059, "final_dist_mean": 0.040986073081339836, "path_len_mean": 0.9605860108857229, "cum_reward_mean": -260364009.80558664, "final_reward_mean": -36698.960507824384, "callback_count": 29}
Memory:  0.009254912 0.048234496
>>>>>>>>>>>>>>>>>>>>>>>>>>>>>>>>>>>>>>>>>>
Policy Iteration 31/100
>>>>>>>>>>>>>>>>>>>>>>>>>>>>>>>>>>>>>>>>>>
Number of value updates:  1
Functions that require cross-approximation can be accelerated with the optional maxvolpy package, which can be installed by 'pip install maxvolpy'. More info is available at https://bitbucket.org/muxas/maxvolpy.
.....................................................
Computing Advantage Fcn
.....................................................
Functions that require cross-approximation can be accelerated with the optional maxvolpy package, which can be installed by 'pip install maxvolpy'. More info is available at https://bitbucket.org/muxas/maxvolpy.
v_min: -0.27, v_mean: -0.09, v_max: 0.00
a_min: -1.04, a_mean: -0.35, a_max: -0.00
p_min: 2.04, p_mean: 2.73, p_max: 3.07
Rank of V-model:  tensor([1, 3, 3, 2, 1])
Rank of A-model:  tensor([1, 5, 7, 6, 5, 6, 5, 6, 5, 6, 5, 7, 5, 7, 6, 7, 5, 5, 4, 2, 1])
Rank of P-model:  tensor([1, 7, 9, 8, 7, 8, 7, 8, 7, 8, 7, 9, 7, 9, 8, 9, 7, 7, 6, 2, 1])
--------------------------------------------
Time taken:9.731123208999634
--------------------------------------------
Memory:  0.009767424 0.027262976
>>>>>>>>>>>>>>>>>>>>>>>>>>>>>>>>>>>>>>>>>>
Policy Iteration 32/100
>>>>>>>>>>>>>>>>>>>>>>>>>>>>>>>>>>>>>>>>>>
Number of value updates:  1
Functions that require cross-approximation can be accelerated with the optional maxvolpy package, which can be installed by 'pip install maxvolpy'. More info is available at https://bitbucket.org/muxas/maxvolpy.
.....................................................
Computing Advantage Fcn
.....................................................
Functions that require cross-approximation can be accelerated with the optional maxvolpy package, which can be installed by 'pip install maxvolpy'. More info is available at https://bitbucket.org/muxas/maxvolpy.
v_min: -0.27, v_mean: -0.09, v_max: 0.00
a_min: -1.03, a_mean: -0.35, a_max: 0.00
p_min: 2.03, p_mean: 2.70, p_max: 3.05
Rank of V-model:  tensor([1, 3, 3, 2, 1])
Rank of A-model:  tensor([1, 5, 7, 6, 4, 5, 4, 5, 4, 5, 4, 5, 4, 5, 5, 6, 5, 5, 4, 2, 1])
Rank of P-model:  tensor([1, 7, 9, 8, 6, 7, 6, 7, 6, 7, 6, 7, 6, 7, 7, 8, 7, 7, 6, 2, 1])
--------------------------------------------
Time taken:13.144611597061157
--------------------------------------------
Memory:  0.009539072000000001 0.025165824000000003
>>>>>>>>>>>>>>>>>>>>>>>>>>>>>>>>>>>>>>>>>>
Policy Iteration 33/100
>>>>>>>>>>>>>>>>>>>>>>>>>>>>>>>>>>>>>>>>>>
Number of value updates:  1
Functions that require cross-approximation can be accelerated with the optional maxvolpy package, which can be installed by 'pip install maxvolpy'. More info is available at https://bitbucket.org/muxas/maxvolpy.
.....................................................
Computing Advantage Fcn
.....................................................
Functions that require cross-approximation can be accelerated with the optional maxvolpy package, which can be installed by 'pip install maxvolpy'. More info is available at https://bitbucket.org/muxas/maxvolpy.
v_min: -0.28, v_mean: -0.09, v_max: 0.00
a_min: -1.04, a_mean: -0.35, a_max: 0.00
p_min: 2.04, p_mean: 2.74, p_max: 3.09
Rank of V-model:  tensor([1, 3, 3, 2, 1])
Rank of A-model:  tensor([1, 5, 7, 6, 5, 6, 5, 6, 5, 6, 5, 7, 5, 7, 6, 8, 6, 5, 4, 2, 1])
Rank of P-model:  tensor([ 1,  7,  9,  8,  7,  8,  7,  8,  7,  8,  7,  9,  7,  9,  8, 10,  8,  7,
         6,  2,  1])
--------------------------------------------
Time taken:12.49155879020691
--------------------------------------------
Memory:  0.009800192000000001 0.025165824000000003
>>>>>>>>>>>>>>>>>>>>>>>>>>>>>>>>>>>>>>>>>>
Policy Iteration 34/100
>>>>>>>>>>>>>>>>>>>>>>>>>>>>>>>>>>>>>>>>>>
Number of value updates:  1
Functions that require cross-approximation can be accelerated with the optional maxvolpy package, which can be installed by 'pip install maxvolpy'. More info is available at https://bitbucket.org/muxas/maxvolpy.
.....................................................
Computing Advantage Fcn
.....................................................
Functions that require cross-approximation can be accelerated with the optional maxvolpy package, which can be installed by 'pip install maxvolpy'. More info is available at https://bitbucket.org/muxas/maxvolpy.
v_min: -0.29, v_mean: -0.10, v_max: 0.00
a_min: -1.04, a_mean: -0.35, a_max: 0.00
p_min: 2.04, p_mean: 2.72, p_max: 3.07
Rank of V-model:  tensor([1, 3, 3, 2, 1])
Rank of A-model:  tensor([1, 5, 7, 5, 4, 5, 4, 5, 4, 5, 4, 6, 5, 6, 5, 7, 5, 5, 4, 2, 1])
Rank of P-model:  tensor([1, 7, 9, 7, 6, 7, 6, 7, 6, 7, 6, 8, 7, 8, 7, 9, 7, 7, 6, 2, 1])
--------------------------------------------
Time taken:11.282909154891968
--------------------------------------------
Memory:  0.009581056000000001 0.025165824000000003
>>>>>>>>>>>>>>>>>>>>>>>>>>>>>>>>>>>>>>>>>>
Policy Iteration 35/100
>>>>>>>>>>>>>>>>>>>>>>>>>>>>>>>>>>>>>>>>>>
Number of value updates:  1
Functions that require cross-approximation can be accelerated with the optional maxvolpy package, which can be installed by 'pip install maxvolpy'. More info is available at https://bitbucket.org/muxas/maxvolpy.
.....................................................
Computing Advantage Fcn
.....................................................
Functions that require cross-approximation can be accelerated with the optional maxvolpy package, which can be installed by 'pip install maxvolpy'. More info is available at https://bitbucket.org/muxas/maxvolpy.
v_min: -0.30, v_mean: -0.10, v_max: 0.00
a_min: -1.03, a_mean: -0.35, a_max: 0.00
p_min: 2.03, p_mean: 2.72, p_max: 3.06
Rank of V-model:  tensor([1, 3, 3, 2, 1])
Rank of A-model:  tensor([1, 5, 7, 6, 4, 5, 4, 5, 4, 5, 4, 5, 4, 5, 4, 5, 4, 4, 3, 2, 1])
Rank of P-model:  tensor([1, 7, 9, 8, 6, 7, 6, 7, 6, 7, 6, 7, 6, 7, 6, 7, 6, 6, 5, 2, 1])
--------------------------------------------
Time taken:13.450676918029785
--------------------------------------------
Memory:  0.009475072000000001 0.025165824000000003
>>>>>>>>>>>>>>>>>>>>>>>>>>>>>>>>>>>>>>>>>>
Policy Iteration 36/100
>>>>>>>>>>>>>>>>>>>>>>>>>>>>>>>>>>>>>>>>>>
Number of value updates:  1
Functions that require cross-approximation can be accelerated with the optional maxvolpy package, which can be installed by 'pip install maxvolpy'. More info is available at https://bitbucket.org/muxas/maxvolpy.
.....................................................
Computing Advantage Fcn
.....................................................
Functions that require cross-approximation can be accelerated with the optional maxvolpy package, which can be installed by 'pip install maxvolpy'. More info is available at https://bitbucket.org/muxas/maxvolpy.
v_min: -0.30, v_mean: -0.10, v_max: 0.00
a_min: -1.03, a_mean: -0.35, a_max: 0.00
p_min: 2.03, p_mean: 2.71, p_max: 3.06
Rank of V-model:  tensor([1, 3, 3, 2, 1])
Rank of A-model:  tensor([1, 5, 7, 6, 5, 6, 5, 6, 5, 6, 5, 7, 6, 7, 7, 8, 6, 6, 4, 2, 1])
Rank of P-model:  tensor([ 1,  7,  9,  8,  7,  8,  7,  8,  7,  8,  7,  9,  8,  9,  9, 10,  8,  8,
         6,  2,  1])
--------------------------------------------
Time taken:10.225934743881226
--------------------------------------------
Memory:  0.009861632 0.025165824000000003
>>>>>>>>>>>>>>>>>>>>>>>>>>>>>>>>>>>>>>>>>>
Policy Iteration 37/100
>>>>>>>>>>>>>>>>>>>>>>>>>>>>>>>>>>>>>>>>>>
Number of value updates:  1
Functions that require cross-approximation can be accelerated with the optional maxvolpy package, which can be installed by 'pip install maxvolpy'. More info is available at https://bitbucket.org/muxas/maxvolpy.
.....................................................
Computing Advantage Fcn
.....................................................
Functions that require cross-approximation can be accelerated with the optional maxvolpy package, which can be installed by 'pip install maxvolpy'. More info is available at https://bitbucket.org/muxas/maxvolpy.
v_min: -0.31, v_mean: -0.10, v_max: 0.00
a_min: -1.03, a_mean: -0.35, a_max: 0.00
p_min: 2.03, p_mean: 2.72, p_max: 3.07
Rank of V-model:  tensor([1, 3, 3, 2, 1])
Rank of A-model:  tensor([1, 5, 7, 6, 4, 5, 4, 5, 4, 5, 4, 5, 4, 5, 4, 5, 4, 4, 3, 2, 1])
Rank of P-model:  tensor([1, 7, 9, 8, 6, 7, 6, 7, 6, 7, 6, 7, 6, 7, 6, 7, 6, 6, 5, 2, 1])
--------------------------------------------
Time taken:16.447409868240356
--------------------------------------------
Memory:  0.009475072000000001 0.025165824000000003
>>>>>>>>>>>>>>>>>>>>>>>>>>>>>>>>>>>>>>>>>>
Policy Iteration 38/100
>>>>>>>>>>>>>>>>>>>>>>>>>>>>>>>>>>>>>>>>>>
Number of value updates:  1
Functions that require cross-approximation can be accelerated with the optional maxvolpy package, which can be installed by 'pip install maxvolpy'. More info is available at https://bitbucket.org/muxas/maxvolpy.
.....................................................
Computing Advantage Fcn
.....................................................
Functions that require cross-approximation can be accelerated with the optional maxvolpy package, which can be installed by 'pip install maxvolpy'. More info is available at https://bitbucket.org/muxas/maxvolpy.
v_min: -0.32, v_mean: -0.11, v_max: 0.00
a_min: -1.05, a_mean: -0.35, a_max: 0.00
p_min: 2.05, p_mean: 2.75, p_max: 3.09
Rank of V-model:  tensor([1, 3, 3, 2, 1])
Rank of A-model:  tensor([1, 5, 7, 7, 5, 6, 5, 6, 5, 6, 5, 7, 5, 7, 6, 7, 5, 5, 4, 2, 1])
Rank of P-model:  tensor([1, 7, 9, 9, 7, 8, 7, 8, 7, 8, 7, 9, 7, 9, 8, 9, 7, 7, 6, 2, 1])
--------------------------------------------
Time taken:12.994343996047974
--------------------------------------------
Memory:  0.009785856 0.025165824000000003
>>>>>>>>>>>>>>>>>>>>>>>>>>>>>>>>>>>>>>>>>>
Policy Iteration 39/100
>>>>>>>>>>>>>>>>>>>>>>>>>>>>>>>>>>>>>>>>>>
Number of value updates:  1
Functions that require cross-approximation can be accelerated with the optional maxvolpy package, which can be installed by 'pip install maxvolpy'. More info is available at https://bitbucket.org/muxas/maxvolpy.
.....................................................
Computing Advantage Fcn
.....................................................
Functions that require cross-approximation can be accelerated with the optional maxvolpy package, which can be installed by 'pip install maxvolpy'. More info is available at https://bitbucket.org/muxas/maxvolpy.
v_min: -0.32, v_mean: -0.11, v_max: 0.00
a_min: -1.04, a_mean: -0.35, a_max: 0.00
p_min: 2.04, p_mean: 2.74, p_max: 3.09
Rank of V-model:  tensor([1, 3, 3, 2, 1])
Rank of A-model:  tensor([1, 5, 7, 7, 5, 6, 5, 6, 5, 6, 5, 8, 6, 8, 7, 8, 6, 6, 4, 2, 1])
Rank of P-model:  tensor([ 1,  7,  9,  9,  7,  8,  7,  8,  7,  8,  7, 10,  8, 10,  9, 10,  8,  8,
         6,  2,  1])
--------------------------------------------
Time taken:13.614377975463867
--------------------------------------------
Memory:  0.00991232 0.025165824000000003
>>>>>>>>>>>>>>>>>>>>>>>>>>>>>>>>>>>>>>>>>>
Policy Iteration 40/100
>>>>>>>>>>>>>>>>>>>>>>>>>>>>>>>>>>>>>>>>>>
Number of value updates:  1
Functions that require cross-approximation can be accelerated with the optional maxvolpy package, which can be installed by 'pip install maxvolpy'. More info is available at https://bitbucket.org/muxas/maxvolpy.
.....................................................
Computing Advantage Fcn
.....................................................
Functions that require cross-approximation can be accelerated with the optional maxvolpy package, which can be installed by 'pip install maxvolpy'. More info is available at https://bitbucket.org/muxas/maxvolpy.
v_min: -0.33, v_mean: -0.11, v_max: 0.00
a_min: -1.04, a_mean: -0.35, a_max: 0.00
p_min: 2.04, p_mean: 2.73, p_max: 3.08
Rank of V-model:  tensor([1, 3, 3, 2, 1])
Rank of A-model:  tensor([1, 5, 7, 7, 4, 5, 4, 5, 4, 5, 4, 5, 4, 5, 4, 5, 4, 4, 3, 2, 1])
Rank of P-model:  tensor([1, 7, 9, 9, 6, 7, 6, 7, 6, 7, 6, 7, 6, 7, 6, 7, 6, 6, 5, 2, 1])
--------------------------------------------
Time taken:16.62718677520752
--------------------------------------------
---------------Intermeditate Test-------------------------
[EVAL] {"success_rate": 0.39, "mu_success": 0.8002931147803456, "mu_all": 0.4395425373186025, "final_dist_mean": 0.05849550070445158, "path_len_mean": 1.0101981437756775, "cum_reward_mean": -261525993.0854427, "final_reward_mean": -34280.01420881764, "callback_count": 39}
Memory:  0.009491968 0.048234496
>>>>>>>>>>>>>>>>>>>>>>>>>>>>>>>>>>>>>>>>>>
Policy Iteration 41/100
>>>>>>>>>>>>>>>>>>>>>>>>>>>>>>>>>>>>>>>>>>
Number of value updates:  1
Functions that require cross-approximation can be accelerated with the optional maxvolpy package, which can be installed by 'pip install maxvolpy'. More info is available at https://bitbucket.org/muxas/maxvolpy.
.....................................................
Computing Advantage Fcn
.....................................................
Functions that require cross-approximation can be accelerated with the optional maxvolpy package, which can be installed by 'pip install maxvolpy'. More info is available at https://bitbucket.org/muxas/maxvolpy.
v_min: -0.34, v_mean: -0.11, v_max: 0.00
a_min: -1.04, a_mean: -0.35, a_max: 0.00
p_min: 2.04, p_mean: 2.74, p_max: 3.09
Rank of V-model:  tensor([1, 3, 3, 2, 1])
Rank of A-model:  tensor([ 1,  5,  7,  7,  5,  7,  5,  7,  5,  7,  6, 10,  7,  9,  8, 10,  7,  7,
         5,  2,  1])
Rank of P-model:  tensor([ 1,  7,  9,  9,  7,  9,  7,  9,  7,  9,  8, 12,  9, 11, 10, 12,  9,  9,
         7,  2,  1])
--------------------------------------------
Time taken:13.114616632461548
--------------------------------------------
Memory:  0.010175488 0.027262976
>>>>>>>>>>>>>>>>>>>>>>>>>>>>>>>>>>>>>>>>>>
Policy Iteration 42/100
>>>>>>>>>>>>>>>>>>>>>>>>>>>>>>>>>>>>>>>>>>
Number of value updates:  1
Functions that require cross-approximation can be accelerated with the optional maxvolpy package, which can be installed by 'pip install maxvolpy'. More info is available at https://bitbucket.org/muxas/maxvolpy.
.....................................................
Computing Advantage Fcn
.....................................................
Functions that require cross-approximation can be accelerated with the optional maxvolpy package, which can be installed by 'pip install maxvolpy'. More info is available at https://bitbucket.org/muxas/maxvolpy.
v_min: -0.34, v_mean: -0.11, v_max: 0.00
a_min: -1.04, a_mean: -0.35, a_max: 0.00
p_min: 2.04, p_mean: 2.74, p_max: 3.09
Rank of V-model:  tensor([1, 3, 3, 2, 1])
Rank of A-model:  tensor([ 1,  5,  7,  7,  5,  6,  5,  7,  6,  8,  6, 10,  8, 10,  8, 10,  7,  7,
         5,  2,  1])
Rank of P-model:  tensor([ 1,  7,  9,  9,  7,  8,  7,  9,  8, 10,  8, 12, 10, 12, 10, 12,  9,  9,
         7,  2,  1])
--------------------------------------------
Time taken:14.315378665924072
--------------------------------------------
Memory:  0.010244608 0.025165824000000003
>>>>>>>>>>>>>>>>>>>>>>>>>>>>>>>>>>>>>>>>>>
Policy Iteration 43/100
>>>>>>>>>>>>>>>>>>>>>>>>>>>>>>>>>>>>>>>>>>
Number of value updates:  1
Functions that require cross-approximation can be accelerated with the optional maxvolpy package, which can be installed by 'pip install maxvolpy'. More info is available at https://bitbucket.org/muxas/maxvolpy.
.....................................................
Computing Advantage Fcn
.....................................................
Functions that require cross-approximation can be accelerated with the optional maxvolpy package, which can be installed by 'pip install maxvolpy'. More info is available at https://bitbucket.org/muxas/maxvolpy.
v_min: -0.35, v_mean: -0.12, v_max: 0.00
a_min: -1.05, a_mean: -0.35, a_max: 0.00
p_min: 2.05, p_mean: 2.74, p_max: 3.09
Rank of V-model:  tensor([1, 3, 3, 2, 1])
Rank of A-model:  tensor([1, 5, 7, 7, 4, 5, 4, 5, 4, 5, 4, 5, 4, 5, 4, 5, 4, 4, 3, 2, 1])
Rank of P-model:  tensor([1, 7, 9, 9, 6, 7, 6, 7, 6, 7, 6, 7, 6, 7, 6, 7, 6, 6, 5, 2, 1])
--------------------------------------------
Time taken:20.630985021591187
--------------------------------------------
Memory:  0.009491968 0.025165824000000003
>>>>>>>>>>>>>>>>>>>>>>>>>>>>>>>>>>>>>>>>>>
Policy Iteration 44/100
>>>>>>>>>>>>>>>>>>>>>>>>>>>>>>>>>>>>>>>>>>
Number of value updates:  1
Functions that require cross-approximation can be accelerated with the optional maxvolpy package, which can be installed by 'pip install maxvolpy'. More info is available at https://bitbucket.org/muxas/maxvolpy.
.....................................................
Computing Advantage Fcn
.....................................................
Functions that require cross-approximation can be accelerated with the optional maxvolpy package, which can be installed by 'pip install maxvolpy'. More info is available at https://bitbucket.org/muxas/maxvolpy.
v_min: -0.36, v_mean: -0.12, v_max: 0.00
a_min: -1.07, a_mean: -0.35, a_max: 0.00
p_min: 2.07, p_mean: 2.80, p_max: 3.15
Rank of V-model:  tensor([1, 3, 3, 2, 1])
Rank of A-model:  tensor([1, 6, 7, 7, 5, 7, 5, 7, 5, 7, 5, 7, 5, 6, 5, 7, 5, 5, 4, 2, 1])
Rank of P-model:  tensor([1, 8, 9, 9, 7, 9, 7, 9, 7, 9, 7, 9, 7, 8, 7, 9, 7, 7, 6, 2, 1])
--------------------------------------------
Time taken:15.659582376480103
--------------------------------------------
Memory:  0.009807872 0.025165824000000003
>>>>>>>>>>>>>>>>>>>>>>>>>>>>>>>>>>>>>>>>>>
Policy Iteration 45/100
>>>>>>>>>>>>>>>>>>>>>>>>>>>>>>>>>>>>>>>>>>
Number of value updates:  1
Functions that require cross-approximation can be accelerated with the optional maxvolpy package, which can be installed by 'pip install maxvolpy'. More info is available at https://bitbucket.org/muxas/maxvolpy.
.....................................................
Computing Advantage Fcn
.....................................................
Functions that require cross-approximation can be accelerated with the optional maxvolpy package, which can be installed by 'pip install maxvolpy'. More info is available at https://bitbucket.org/muxas/maxvolpy.
v_min: -0.36, v_mean: -0.12, v_max: 0.00
a_min: -1.05, a_mean: -0.35, a_max: 0.00
p_min: 2.05, p_mean: 2.75, p_max: 3.10
Rank of V-model:  tensor([1, 3, 3, 2, 1])
Rank of A-model:  tensor([1, 6, 7, 7, 5, 6, 5, 7, 5, 7, 6, 8, 5, 7, 6, 7, 5, 5, 4, 2, 1])
Rank of P-model:  tensor([ 1,  8,  9,  9,  7,  8,  7,  9,  7,  9,  8, 10,  7,  9,  8,  9,  7,  7,
         6,  2,  1])
--------------------------------------------
Time taken:11.441057920455933
--------------------------------------------
Memory:  0.009867776 0.025165824000000003
>>>>>>>>>>>>>>>>>>>>>>>>>>>>>>>>>>>>>>>>>>
Policy Iteration 46/100
>>>>>>>>>>>>>>>>>>>>>>>>>>>>>>>>>>>>>>>>>>
Number of value updates:  1
Functions that require cross-approximation can be accelerated with the optional maxvolpy package, which can be installed by 'pip install maxvolpy'. More info is available at https://bitbucket.org/muxas/maxvolpy.
.....................................................
Computing Advantage Fcn
.....................................................
Functions that require cross-approximation can be accelerated with the optional maxvolpy package, which can be installed by 'pip install maxvolpy'. More info is available at https://bitbucket.org/muxas/maxvolpy.
v_min: -0.37, v_mean: -0.12, v_max: 0.00
a_min: -1.05, a_mean: -0.35, a_max: 0.00
p_min: 2.05, p_mean: 2.75, p_max: 3.10
Rank of V-model:  tensor([1, 3, 3, 2, 1])
Rank of A-model:  tensor([1, 6, 7, 7, 5, 7, 5, 7, 5, 7, 5, 9, 6, 8, 7, 8, 6, 6, 4, 2, 1])
Rank of P-model:  tensor([ 1,  8,  9,  9,  7,  9,  7,  9,  7,  9,  7, 11,  8, 10,  9, 10,  8,  8,
         6,  2,  1])
--------------------------------------------
Time taken:17.280179262161255
--------------------------------------------
Memory:  0.00998656 0.027262976
>>>>>>>>>>>>>>>>>>>>>>>>>>>>>>>>>>>>>>>>>>
Policy Iteration 47/100
>>>>>>>>>>>>>>>>>>>>>>>>>>>>>>>>>>>>>>>>>>
Number of value updates:  1
Functions that require cross-approximation can be accelerated with the optional maxvolpy package, which can be installed by 'pip install maxvolpy'. More info is available at https://bitbucket.org/muxas/maxvolpy.
.....................................................
Computing Advantage Fcn
.....................................................
Functions that require cross-approximation can be accelerated with the optional maxvolpy package, which can be installed by 'pip install maxvolpy'. More info is available at https://bitbucket.org/muxas/maxvolpy.
v_min: -0.37, v_mean: -0.12, v_max: 0.00
a_min: -1.05, a_mean: -0.35, a_max: 0.00
p_min: 2.05, p_mean: 2.75, p_max: 3.10
Rank of V-model:  tensor([1, 3, 3, 2, 1])
Rank of A-model:  tensor([1, 6, 7, 7, 5, 7, 5, 7, 5, 7, 5, 7, 5, 6, 5, 7, 5, 5, 4, 2, 1])
Rank of P-model:  tensor([1, 8, 9, 9, 7, 9, 7, 9, 7, 9, 7, 9, 7, 8, 7, 9, 7, 7, 6, 2, 1])
--------------------------------------------
Time taken:20.69557023048401
--------------------------------------------
Memory:  0.009807872 0.025165824000000003
>>>>>>>>>>>>>>>>>>>>>>>>>>>>>>>>>>>>>>>>>>
Policy Iteration 48/100
>>>>>>>>>>>>>>>>>>>>>>>>>>>>>>>>>>>>>>>>>>
Number of value updates:  1
Functions that require cross-approximation can be accelerated with the optional maxvolpy package, which can be installed by 'pip install maxvolpy'. More info is available at https://bitbucket.org/muxas/maxvolpy.
.....................................................
Computing Advantage Fcn
.....................................................
Functions that require cross-approximation can be accelerated with the optional maxvolpy package, which can be installed by 'pip install maxvolpy'. More info is available at https://bitbucket.org/muxas/maxvolpy.
v_min: -0.38, v_mean: -0.13, v_max: 0.00
a_min: -1.06, a_mean: -0.35, a_max: 0.00
p_min: 2.06, p_mean: 2.77, p_max: 3.12
Rank of V-model:  tensor([1, 3, 3, 2, 1])
Rank of A-model:  tensor([1, 6, 7, 7, 5, 7, 5, 7, 5, 7, 5, 7, 5, 7, 6, 8, 6, 6, 5, 2, 1])
Rank of P-model:  tensor([ 1,  8,  9,  9,  7,  9,  7,  9,  7,  9,  7,  9,  7,  9,  8, 10,  8,  8,
         7,  2,  1])
--------------------------------------------
Time taken:20.70241641998291
--------------------------------------------
Memory:  0.00989952 0.027262976
>>>>>>>>>>>>>>>>>>>>>>>>>>>>>>>>>>>>>>>>>>
Policy Iteration 49/100
>>>>>>>>>>>>>>>>>>>>>>>>>>>>>>>>>>>>>>>>>>
Number of value updates:  1
Functions that require cross-approximation can be accelerated with the optional maxvolpy package, which can be installed by 'pip install maxvolpy'. More info is available at https://bitbucket.org/muxas/maxvolpy.
.....................................................
Computing Advantage Fcn
.....................................................
Functions that require cross-approximation can be accelerated with the optional maxvolpy package, which can be installed by 'pip install maxvolpy'. More info is available at https://bitbucket.org/muxas/maxvolpy.
v_min: -0.39, v_mean: -0.13, v_max: 0.00
a_min: -1.05, a_mean: -0.35, a_max: 0.00
p_min: 2.05, p_mean: 2.75, p_max: 3.10
Rank of V-model:  tensor([1, 3, 3, 2, 1])
Rank of A-model:  tensor([1, 6, 7, 7, 5, 7, 5, 7, 5, 7, 5, 7, 5, 7, 6, 8, 6, 6, 4, 2, 1])
Rank of P-model:  tensor([ 1,  8,  9,  9,  7,  9,  7,  9,  7,  9,  7,  9,  7,  9,  8, 10,  8,  8,
         6,  2,  1])
--------------------------------------------
Time taken:13.969565391540527
--------------------------------------------
Memory:  0.009894912 0.027262976
>>>>>>>>>>>>>>>>>>>>>>>>>>>>>>>>>>>>>>>>>>
Policy Iteration 50/100
>>>>>>>>>>>>>>>>>>>>>>>>>>>>>>>>>>>>>>>>>>
Number of value updates:  1
Functions that require cross-approximation can be accelerated with the optional maxvolpy package, which can be installed by 'pip install maxvolpy'. More info is available at https://bitbucket.org/muxas/maxvolpy.
.....................................................
Computing Advantage Fcn
.....................................................
Functions that require cross-approximation can be accelerated with the optional maxvolpy package, which can be installed by 'pip install maxvolpy'. More info is available at https://bitbucket.org/muxas/maxvolpy.
v_min: -0.39, v_mean: -0.13, v_max: 0.00
a_min: -1.05, a_mean: -0.35, a_max: 0.00
p_min: 2.05, p_mean: 2.75, p_max: 3.10
Rank of V-model:  tensor([1, 3, 3, 2, 1])
Rank of A-model:  tensor([ 1,  6,  7,  7,  5,  7,  5,  7,  5,  7,  6,  9,  7, 10,  9, 11,  8,  7,
         5,  2,  1])
Rank of P-model:  tensor([ 1,  8,  9,  9,  7,  9,  7,  9,  7,  9,  8, 11,  9, 12, 11, 13, 10,  9,
         7,  2,  1])
--------------------------------------------
Time taken:17.497953176498413
--------------------------------------------
---------------Intermeditate Test-------------------------
[EVAL] {"success_rate": 0.37, "mu_success": 0.8599616235550286, "mu_all": 0.5972025542772826, "final_dist_mean": 0.0600145323056468, "path_len_mean": 0.7455991825446278, "cum_reward_mean": -271423227.04684174, "final_reward_mean": -36331.86306395983, "callback_count": 49}
Memory:  0.010263552 0.09227468800000001
>>>>>>>>>>>>>>>>>>>>>>>>>>>>>>>>>>>>>>>>>>
Policy Iteration 51/100
>>>>>>>>>>>>>>>>>>>>>>>>>>>>>>>>>>>>>>>>>>
Number of value updates:  1
Functions that require cross-approximation can be accelerated with the optional maxvolpy package, which can be installed by 'pip install maxvolpy'. More info is available at https://bitbucket.org/muxas/maxvolpy.
.....................................................
Computing Advantage Fcn
.....................................................
Functions that require cross-approximation can be accelerated with the optional maxvolpy package, which can be installed by 'pip install maxvolpy'. More info is available at https://bitbucket.org/muxas/maxvolpy.
v_min: -0.40, v_mean: -0.13, v_max: 0.00
a_min: -1.04, a_mean: -0.35, a_max: 0.00
p_min: 2.05, p_mean: 2.74, p_max: 3.09
Rank of V-model:  tensor([1, 3, 3, 2, 1])
Rank of A-model:  tensor([ 1,  6,  8,  8,  6,  8,  6,  8,  6,  8,  6, 10,  8, 10,  9, 11,  8,  7,
         5,  2,  1])
Rank of P-model:  tensor([ 1,  8, 10, 10,  8, 10,  8, 10,  8, 10,  8, 12, 10, 12, 11, 13, 10,  9,
         7,  2,  1])
--------------------------------------------
Time taken:17.02046012878418
--------------------------------------------
Memory:  0.010468864000000001 0.027262976
>>>>>>>>>>>>>>>>>>>>>>>>>>>>>>>>>>>>>>>>>>
Policy Iteration 52/100
>>>>>>>>>>>>>>>>>>>>>>>>>>>>>>>>>>>>>>>>>>
Number of value updates:  1
Functions that require cross-approximation can be accelerated with the optional maxvolpy package, which can be installed by 'pip install maxvolpy'. More info is available at https://bitbucket.org/muxas/maxvolpy.
.....................................................
Computing Advantage Fcn
.....................................................
Functions that require cross-approximation can be accelerated with the optional maxvolpy package, which can be installed by 'pip install maxvolpy'. More info is available at https://bitbucket.org/muxas/maxvolpy.
v_min: -0.40, v_mean: -0.13, v_max: 0.00
a_min: -1.05, a_mean: -0.35, a_max: 0.00
p_min: 2.05, p_mean: 2.75, p_max: 3.10
Rank of V-model:  tensor([1, 3, 3, 2, 1])
Rank of A-model:  tensor([1, 6, 7, 7, 5, 7, 5, 7, 5, 7, 5, 8, 5, 7, 6, 8, 6, 6, 4, 2, 1])
Rank of P-model:  tensor([ 1,  8,  9,  9,  7,  9,  7,  9,  7,  9,  7, 10,  7,  9,  8, 10,  8,  8,
         6,  2,  1])
--------------------------------------------
Time taken:14.307040214538574
--------------------------------------------
Memory:  0.009911296 0.027262976
>>>>>>>>>>>>>>>>>>>>>>>>>>>>>>>>>>>>>>>>>>
Policy Iteration 53/100
>>>>>>>>>>>>>>>>>>>>>>>>>>>>>>>>>>>>>>>>>>
Number of value updates:  1
Functions that require cross-approximation can be accelerated with the optional maxvolpy package, which can be installed by 'pip install maxvolpy'. More info is available at https://bitbucket.org/muxas/maxvolpy.
.....................................................
Computing Advantage Fcn
.....................................................
Functions that require cross-approximation can be accelerated with the optional maxvolpy package, which can be installed by 'pip install maxvolpy'. More info is available at https://bitbucket.org/muxas/maxvolpy.
v_min: -0.41, v_mean: -0.13, v_max: 0.00
a_min: -1.05, a_mean: -0.35, a_max: 0.00
p_min: 2.05, p_mean: 2.75, p_max: 3.10
Rank of V-model:  tensor([1, 3, 3, 2, 1])
Rank of A-model:  tensor([ 1,  6,  7,  7,  5,  7,  5,  8,  5,  8,  7, 11,  8, 11, 10, 12,  9,  8,
         6,  2,  1])
Rank of P-model:  tensor([ 1,  8,  9,  9,  7,  9,  7, 10,  7, 10,  9, 13, 10, 13, 12, 14, 11, 10,
         8,  2,  1])
--------------------------------------------
Time taken:26.25305700302124
--------------------------------------------
Memory:  0.010519552000000001 0.027262976
>>>>>>>>>>>>>>>>>>>>>>>>>>>>>>>>>>>>>>>>>>
Policy Iteration 54/100
>>>>>>>>>>>>>>>>>>>>>>>>>>>>>>>>>>>>>>>>>>
Number of value updates:  1
Functions that require cross-approximation can be accelerated with the optional maxvolpy package, which can be installed by 'pip install maxvolpy'. More info is available at https://bitbucket.org/muxas/maxvolpy.
.....................................................
Computing Advantage Fcn
.....................................................
Functions that require cross-approximation can be accelerated with the optional maxvolpy package, which can be installed by 'pip install maxvolpy'. More info is available at https://bitbucket.org/muxas/maxvolpy.
v_min: -0.41, v_mean: -0.14, v_max: 0.00
a_min: -1.05, a_mean: -0.35, a_max: 0.00
p_min: 2.05, p_mean: 2.75, p_max: 3.10
Rank of V-model:  tensor([1, 3, 3, 2, 1])
Rank of A-model:  tensor([1, 6, 7, 7, 5, 7, 5, 7, 5, 7, 5, 8, 6, 8, 7, 9, 7, 7, 5, 2, 1])
Rank of P-model:  tensor([ 1,  8,  9,  9,  7,  9,  7,  9,  7,  9,  7, 10,  8, 10,  9, 11,  9,  9,
         7,  2,  1])
--------------------------------------------
Time taken:21.805134773254395
--------------------------------------------
Memory:  0.010035200000000001 0.027262976
>>>>>>>>>>>>>>>>>>>>>>>>>>>>>>>>>>>>>>>>>>
Policy Iteration 55/100
>>>>>>>>>>>>>>>>>>>>>>>>>>>>>>>>>>>>>>>>>>
Number of value updates:  1
Functions that require cross-approximation can be accelerated with the optional maxvolpy package, which can be installed by 'pip install maxvolpy'. More info is available at https://bitbucket.org/muxas/maxvolpy.
.....................................................
Computing Advantage Fcn
.....................................................
Functions that require cross-approximation can be accelerated with the optional maxvolpy package, which can be installed by 'pip install maxvolpy'. More info is available at https://bitbucket.org/muxas/maxvolpy.
v_min: -0.42, v_mean: -0.14, v_max: 0.00
a_min: -1.06, a_mean: -0.35, a_max: 0.00
p_min: 2.06, p_mean: 2.77, p_max: 3.12
Rank of V-model:  tensor([1, 3, 3, 2, 1])
Rank of A-model:  tensor([ 1,  6,  7,  7,  5,  7,  5,  8,  6,  8,  7, 10,  7,  9,  8, 10,  7,  7,
         5,  2,  1])
Rank of P-model:  tensor([ 1,  8,  9,  9,  7,  9,  7, 10,  8, 10,  9, 12,  9, 11, 10, 12,  9,  9,
         7,  2,  1])
--------------------------------------------
Time taken:17.350099325180054
--------------------------------------------
Memory:  0.010267648 0.027262976
>>>>>>>>>>>>>>>>>>>>>>>>>>>>>>>>>>>>>>>>>>
Policy Iteration 56/100
>>>>>>>>>>>>>>>>>>>>>>>>>>>>>>>>>>>>>>>>>>
Number of value updates:  1
Functions that require cross-approximation can be accelerated with the optional maxvolpy package, which can be installed by 'pip install maxvolpy'. More info is available at https://bitbucket.org/muxas/maxvolpy.
.....................................................
Computing Advantage Fcn
.....................................................
Functions that require cross-approximation can be accelerated with the optional maxvolpy package, which can be installed by 'pip install maxvolpy'. More info is available at https://bitbucket.org/muxas/maxvolpy.
v_min: -0.43, v_mean: -0.14, v_max: 0.00
a_min: -1.06, a_mean: -0.35, a_max: 0.00
p_min: 2.06, p_mean: 2.77, p_max: 3.12
Rank of V-model:  tensor([1, 3, 3, 2, 1])
Rank of A-model:  tensor([ 1,  6,  7,  7,  5,  7,  5,  8,  6,  8,  7, 10,  8, 11, 10, 13,  9,  8,
         6,  2,  1])
Rank of P-model:  tensor([ 1,  8,  9,  9,  7,  9,  7, 10,  8, 10,  9, 12, 10, 13, 12, 15, 11, 10,
         8,  2,  1])
--------------------------------------------
Time taken:17.015527963638306
--------------------------------------------
Memory:  0.010548736000000001 0.027262976
>>>>>>>>>>>>>>>>>>>>>>>>>>>>>>>>>>>>>>>>>>
Policy Iteration 57/100
>>>>>>>>>>>>>>>>>>>>>>>>>>>>>>>>>>>>>>>>>>
Number of value updates:  1
Functions that require cross-approximation can be accelerated with the optional maxvolpy package, which can be installed by 'pip install maxvolpy'. More info is available at https://bitbucket.org/muxas/maxvolpy.
.....................................................
Computing Advantage Fcn
.....................................................
Functions that require cross-approximation can be accelerated with the optional maxvolpy package, which can be installed by 'pip install maxvolpy'. More info is available at https://bitbucket.org/muxas/maxvolpy.
v_min: -0.43, v_mean: -0.14, v_max: 0.00
a_min: -1.07, a_mean: -0.35, a_max: 0.00
p_min: 2.07, p_mean: 2.79, p_max: 3.14
Rank of V-model:  tensor([1, 3, 3, 2, 1])
Rank of A-model:  tensor([ 1,  6,  8,  7,  5,  7,  5,  8,  6,  9,  8, 11,  8,  9,  8, 10,  7,  7,
         5,  2,  1])
Rank of P-model:  tensor([ 1,  8, 10,  9,  7,  9,  7, 10,  8, 11, 10, 13, 10, 11, 10, 12,  9,  9,
         7,  2,  1])
--------------------------------------------
Time taken:21.261639833450317
--------------------------------------------
Memory:  0.010381824000000001 0.027262976
>>>>>>>>>>>>>>>>>>>>>>>>>>>>>>>>>>>>>>>>>>
Policy Iteration 58/100
>>>>>>>>>>>>>>>>>>>>>>>>>>>>>>>>>>>>>>>>>>
Number of value updates:  1
Functions that require cross-approximation can be accelerated with the optional maxvolpy package, which can be installed by 'pip install maxvolpy'. More info is available at https://bitbucket.org/muxas/maxvolpy.
.....................................................
Computing Advantage Fcn
.....................................................
Functions that require cross-approximation can be accelerated with the optional maxvolpy package, which can be installed by 'pip install maxvolpy'. More info is available at https://bitbucket.org/muxas/maxvolpy.
v_min: -0.44, v_mean: -0.14, v_max: 0.00
a_min: -1.06, a_mean: -0.35, a_max: 0.00
p_min: 2.07, p_mean: 2.78, p_max: 3.13
Rank of V-model:  tensor([1, 3, 3, 2, 1])
Rank of A-model:  tensor([1, 6, 8, 7, 5, 7, 5, 7, 5, 7, 5, 8, 5, 7, 5, 7, 5, 5, 4, 2, 1])
Rank of P-model:  tensor([ 1,  8, 10,  9,  7,  9,  7,  9,  7,  9,  7, 10,  7,  9,  7,  9,  7,  7,
         6,  2,  1])
--------------------------------------------
Time taken:26.58005118370056
--------------------------------------------
Memory:  0.00985856 0.027262976
>>>>>>>>>>>>>>>>>>>>>>>>>>>>>>>>>>>>>>>>>>
Policy Iteration 59/100
>>>>>>>>>>>>>>>>>>>>>>>>>>>>>>>>>>>>>>>>>>
Number of value updates:  1
Functions that require cross-approximation can be accelerated with the optional maxvolpy package, which can be installed by 'pip install maxvolpy'. More info is available at https://bitbucket.org/muxas/maxvolpy.
.....................................................
Computing Advantage Fcn
.....................................................
Functions that require cross-approximation can be accelerated with the optional maxvolpy package, which can be installed by 'pip install maxvolpy'. More info is available at https://bitbucket.org/muxas/maxvolpy.
v_min: -0.44, v_mean: -0.14, v_max: 0.00
a_min: -1.06, a_mean: -0.35, a_max: 0.00
p_min: 2.06, p_mean: 2.77, p_max: 3.12
Rank of V-model:  tensor([1, 3, 3, 2, 1])
Rank of A-model:  tensor([ 1,  6,  8,  7,  5,  7,  5,  8,  6,  9,  8, 11,  8, 10,  9, 10,  7,  7,
         5,  2,  1])
Rank of P-model:  tensor([ 1,  8, 10,  9,  7,  9,  7, 10,  8, 11, 10, 13, 10, 12, 11, 12,  9,  9,
         7,  2,  1])
--------------------------------------------
Time taken:13.950761556625366
--------------------------------------------
Memory:  0.010433024 0.027262976
>>>>>>>>>>>>>>>>>>>>>>>>>>>>>>>>>>>>>>>>>>
Policy Iteration 60/100
>>>>>>>>>>>>>>>>>>>>>>>>>>>>>>>>>>>>>>>>>>
Number of value updates:  1
Functions that require cross-approximation can be accelerated with the optional maxvolpy package, which can be installed by 'pip install maxvolpy'. More info is available at https://bitbucket.org/muxas/maxvolpy.
.....................................................
Computing Advantage Fcn
.....................................................
Functions that require cross-approximation can be accelerated with the optional maxvolpy package, which can be installed by 'pip install maxvolpy'. More info is available at https://bitbucket.org/muxas/maxvolpy.
v_min: -0.45, v_mean: -0.14, v_max: 0.00
a_min: -1.06, a_mean: -0.35, a_max: 0.00
p_min: 2.06, p_mean: 2.77, p_max: 3.12
Rank of V-model:  tensor([1, 3, 3, 2, 1])
Rank of A-model:  tensor([ 1,  6,  8,  7,  5,  7,  5,  8,  5,  7,  6,  9,  7,  9,  8, 10,  7,  7,
         5,  2,  1])
Rank of P-model:  tensor([ 1,  8, 10,  9,  7,  9,  7, 10,  7,  9,  8, 11,  9, 11, 10, 12,  9,  9,
         7,  2,  1])
--------------------------------------------
Time taken:14.402047872543335
--------------------------------------------
---------------Intermeditate Test-------------------------
[EVAL] {"success_rate": 0.27, "mu_success": 0.9839131212427699, "mu_all": 0.616640845266636, "final_dist_mean": 0.07306591004506145, "path_len_mean": 0.7242194908423077, "cum_reward_mean": -293946327.9517904, "final_reward_mean": -54332.087546106224, "callback_count": 59}
Memory:  0.01020416 0.071303168
>>>>>>>>>>>>>>>>>>>>>>>>>>>>>>>>>>>>>>>>>>
Policy Iteration 61/100
>>>>>>>>>>>>>>>>>>>>>>>>>>>>>>>>>>>>>>>>>>
Number of value updates:  1
Functions that require cross-approximation can be accelerated with the optional maxvolpy package, which can be installed by 'pip install maxvolpy'. More info is available at https://bitbucket.org/muxas/maxvolpy.
.....................................................
Computing Advantage Fcn
.....................................................
Functions that require cross-approximation can be accelerated with the optional maxvolpy package, which can be installed by 'pip install maxvolpy'. More info is available at https://bitbucket.org/muxas/maxvolpy.
v_min: -0.45, v_mean: -0.15, v_max: 0.00
a_min: -1.06, a_mean: -0.35, a_max: 0.00
p_min: 2.06, p_mean: 2.77, p_max: 3.12
Rank of V-model:  tensor([1, 3, 3, 2, 1])
Rank of A-model:  tensor([ 1,  6,  8,  7,  5,  7,  5,  8,  6,  8,  7, 10,  7,  9,  8, 10,  7,  7,
         5,  2,  1])
Rank of P-model:  tensor([ 1,  8, 10,  9,  7,  9,  7, 10,  8, 10,  9, 12,  9, 11, 10, 12,  9,  9,
         7,  2,  1])
--------------------------------------------
Time taken:21.2976291179657
--------------------------------------------
Memory:  0.010286080000000001 0.027262976
>>>>>>>>>>>>>>>>>>>>>>>>>>>>>>>>>>>>>>>>>>
Policy Iteration 62/100
>>>>>>>>>>>>>>>>>>>>>>>>>>>>>>>>>>>>>>>>>>
Number of value updates:  1
Functions that require cross-approximation can be accelerated with the optional maxvolpy package, which can be installed by 'pip install maxvolpy'. More info is available at https://bitbucket.org/muxas/maxvolpy.
.....................................................
Computing Advantage Fcn
.....................................................
Functions that require cross-approximation can be accelerated with the optional maxvolpy package, which can be installed by 'pip install maxvolpy'. More info is available at https://bitbucket.org/muxas/maxvolpy.
v_min: -0.46, v_mean: -0.15, v_max: 0.00
a_min: -1.09, a_mean: -0.35, a_max: 0.00
p_min: 2.09, p_mean: 2.83, p_max: 3.18
Rank of V-model:  tensor([1, 3, 3, 2, 1])
Rank of A-model:  tensor([ 1,  6,  8,  7,  6,  8,  6,  9,  7, 10,  9, 13, 10, 13, 12, 14, 10,  9,
         7,  2,  1])
Rank of P-model:  tensor([ 1,  8, 10,  9,  8, 10,  8, 11,  9, 12, 11, 15, 12, 15, 14, 16, 12, 11,
         9,  2,  1])
--------------------------------------------
Time taken:26.51250982284546
--------------------------------------------
Memory:  0.011126272000000001 0.027262976
>>>>>>>>>>>>>>>>>>>>>>>>>>>>>>>>>>>>>>>>>>
Policy Iteration 63/100
>>>>>>>>>>>>>>>>>>>>>>>>>>>>>>>>>>>>>>>>>>
Number of value updates:  1
Functions that require cross-approximation can be accelerated with the optional maxvolpy package, which can be installed by 'pip install maxvolpy'. More info is available at https://bitbucket.org/muxas/maxvolpy.
.....................................................
Computing Advantage Fcn
.....................................................
Functions that require cross-approximation can be accelerated with the optional maxvolpy package, which can be installed by 'pip install maxvolpy'. More info is available at https://bitbucket.org/muxas/maxvolpy.
v_min: -0.46, v_mean: -0.15, v_max: 0.00
a_min: -1.06, a_mean: -0.35, a_max: 0.00
p_min: 2.06, p_mean: 2.78, p_max: 3.13
Rank of V-model:  tensor([1, 3, 3, 2, 1])
Rank of A-model:  tensor([ 1,  6,  8,  7,  6,  8,  6,  9,  6,  9,  7, 11,  8, 10, 10, 13,  9,  8,
         6,  2,  1])
Rank of P-model:  tensor([ 1,  8, 10,  9,  8, 10,  8, 11,  8, 11,  9, 13, 10, 12, 12, 15, 11, 10,
         8,  2,  1])
--------------------------------------------
Time taken:21.833513259887695
--------------------------------------------
Memory:  0.010672128000000001 0.027262976
>>>>>>>>>>>>>>>>>>>>>>>>>>>>>>>>>>>>>>>>>>
Policy Iteration 64/100
>>>>>>>>>>>>>>>>>>>>>>>>>>>>>>>>>>>>>>>>>>
Number of value updates:  1
Functions that require cross-approximation can be accelerated with the optional maxvolpy package, which can be installed by 'pip install maxvolpy'. More info is available at https://bitbucket.org/muxas/maxvolpy.
.....................................................
Computing Advantage Fcn
.....................................................
Functions that require cross-approximation can be accelerated with the optional maxvolpy package, which can be installed by 'pip install maxvolpy'. More info is available at https://bitbucket.org/muxas/maxvolpy.
v_min: -0.47, v_mean: -0.15, v_max: 0.00
a_min: -1.06, a_mean: -0.35, a_max: 0.00
p_min: 2.07, p_mean: 2.78, p_max: 3.13
Rank of V-model:  tensor([1, 3, 3, 2, 1])
Rank of A-model:  tensor([ 1,  7,  8,  7,  5,  7,  5,  9,  6,  8,  7, 11,  8, 10,  8, 10,  7,  7,
         5,  2,  1])
Rank of P-model:  tensor([ 1,  9, 10,  9,  7,  9,  7, 11,  8, 10,  9, 13, 10, 12, 10, 12,  9,  9,
         7,  2,  1])
--------------------------------------------
Time taken:21.00363039970398
--------------------------------------------
Memory:  0.010382336 0.027262976
>>>>>>>>>>>>>>>>>>>>>>>>>>>>>>>>>>>>>>>>>>
Policy Iteration 65/100
>>>>>>>>>>>>>>>>>>>>>>>>>>>>>>>>>>>>>>>>>>
Number of value updates:  1
Functions that require cross-approximation can be accelerated with the optional maxvolpy package, which can be installed by 'pip install maxvolpy'. More info is available at https://bitbucket.org/muxas/maxvolpy.
.....................................................
Computing Advantage Fcn
.....................................................
Functions that require cross-approximation can be accelerated with the optional maxvolpy package, which can be installed by 'pip install maxvolpy'. More info is available at https://bitbucket.org/muxas/maxvolpy.
v_min: -0.47, v_mean: -0.15, v_max: 0.00
a_min: -1.06, a_mean: -0.35, a_max: 0.00
p_min: 2.07, p_mean: 2.78, p_max: 3.13
Rank of V-model:  tensor([1, 3, 3, 2, 1])
Rank of A-model:  tensor([ 1,  7,  8,  8,  6,  8,  6,  9,  6,  8,  6, 10,  7,  9,  8,  9,  7,  7,
         5,  2,  1])
Rank of P-model:  tensor([ 1,  9, 10, 10,  8, 10,  8, 11,  8, 10,  8, 12,  9, 11, 10, 11,  9,  9,
         7,  2,  1])
--------------------------------------------
Time taken:21.537919998168945
--------------------------------------------
Memory:  0.010355712000000001 0.029360128000000003
>>>>>>>>>>>>>>>>>>>>>>>>>>>>>>>>>>>>>>>>>>
Policy Iteration 66/100
>>>>>>>>>>>>>>>>>>>>>>>>>>>>>>>>>>>>>>>>>>
Number of value updates:  1
Functions that require cross-approximation can be accelerated with the optional maxvolpy package, which can be installed by 'pip install maxvolpy'. More info is available at https://bitbucket.org/muxas/maxvolpy.
.....................................................
Computing Advantage Fcn
.....................................................
Functions that require cross-approximation can be accelerated with the optional maxvolpy package, which can be installed by 'pip install maxvolpy'. More info is available at https://bitbucket.org/muxas/maxvolpy.
v_min: -0.48, v_mean: -0.15, v_max: 0.00
a_min: -1.06, a_mean: -0.35, a_max: 0.00
p_min: 2.06, p_mean: 2.78, p_max: 3.13
Rank of V-model:  tensor([1, 3, 3, 2, 1])
Rank of A-model:  tensor([ 1,  7,  8,  8,  6,  8,  6,  9,  6,  8,  7, 11,  8, 10, 10, 13,  9,  8,
         6,  2,  1])
Rank of P-model:  tensor([ 1,  9, 10, 10,  8, 10,  8, 11,  8, 10,  9, 13, 10, 12, 12, 15, 11, 10,
         8,  2,  1])
--------------------------------------------
Time taken:21.017857789993286
--------------------------------------------
Memory:  0.010685440000000001 0.029360128000000003
>>>>>>>>>>>>>>>>>>>>>>>>>>>>>>>>>>>>>>>>>>
Policy Iteration 67/100
>>>>>>>>>>>>>>>>>>>>>>>>>>>>>>>>>>>>>>>>>>
Number of value updates:  1
Functions that require cross-approximation can be accelerated with the optional maxvolpy package, which can be installed by 'pip install maxvolpy'. More info is available at https://bitbucket.org/muxas/maxvolpy.
.....................................................
Computing Advantage Fcn
.....................................................
Functions that require cross-approximation can be accelerated with the optional maxvolpy package, which can be installed by 'pip install maxvolpy'. More info is available at https://bitbucket.org/muxas/maxvolpy.
v_min: -0.48, v_mean: -0.15, v_max: 0.00
a_min: -1.12, a_mean: -0.35, a_max: 0.01
p_min: 2.13, p_mean: 2.90, p_max: 3.26
Rank of V-model:  tensor([1, 3, 3, 2, 1])
Rank of A-model:  tensor([1, 7, 8, 9, 6, 8, 6, 9, 6, 8, 6, 9, 6, 9, 8, 9, 7, 7, 6, 2, 1])
Rank of P-model:  tensor([ 1,  9, 10, 11,  8, 10,  8, 11,  8, 10,  8, 11,  8, 11, 10, 11,  9,  9,
         8,  2,  1])
--------------------------------------------
Time taken:33.245163679122925
--------------------------------------------
Memory:  0.010337792 0.029360128000000003
>>>>>>>>>>>>>>>>>>>>>>>>>>>>>>>>>>>>>>>>>>
Policy Iteration 68/100
>>>>>>>>>>>>>>>>>>>>>>>>>>>>>>>>>>>>>>>>>>
Number of value updates:  1
Functions that require cross-approximation can be accelerated with the optional maxvolpy package, which can be installed by 'pip install maxvolpy'. More info is available at https://bitbucket.org/muxas/maxvolpy.
.....................................................
Computing Advantage Fcn
.....................................................
Functions that require cross-approximation can be accelerated with the optional maxvolpy package, which can be installed by 'pip install maxvolpy'. More info is available at https://bitbucket.org/muxas/maxvolpy.
v_min: -0.49, v_mean: -0.16, v_max: 0.00
a_min: -1.06, a_mean: -0.35, a_max: 0.00
p_min: 2.07, p_mean: 2.78, p_max: 3.13
Rank of V-model:  tensor([1, 3, 3, 2, 1])
Rank of A-model:  tensor([ 1,  7,  8,  9,  6,  8,  6,  9,  6,  8,  7, 11,  8, 10,  9, 11,  8,  8,
         6,  2,  1])
Rank of P-model:  tensor([ 1,  9, 10, 11,  8, 10,  8, 11,  8, 10,  9, 13, 10, 12, 11, 13, 10, 10,
         8,  2,  1])
--------------------------------------------
Time taken:21.257707118988037
--------------------------------------------
Memory:  0.010596352 0.027262976
>>>>>>>>>>>>>>>>>>>>>>>>>>>>>>>>>>>>>>>>>>
Policy Iteration 69/100
>>>>>>>>>>>>>>>>>>>>>>>>>>>>>>>>>>>>>>>>>>
Number of value updates:  1
Functions that require cross-approximation can be accelerated with the optional maxvolpy package, which can be installed by 'pip install maxvolpy'. More info is available at https://bitbucket.org/muxas/maxvolpy.
.....................................................
Computing Advantage Fcn
.....................................................
Functions that require cross-approximation can be accelerated with the optional maxvolpy package, which can be installed by 'pip install maxvolpy'. More info is available at https://bitbucket.org/muxas/maxvolpy.
v_min: -0.49, v_mean: -0.16, v_max: 0.00
a_min: -1.06, a_mean: -0.35, a_max: 0.00
p_min: 2.07, p_mean: 2.78, p_max: 3.14
Rank of V-model:  tensor([1, 3, 3, 2, 1])
Rank of A-model:  tensor([ 1,  7,  8,  9,  7,  9,  7, 10,  7, 10,  9, 13, 10, 12, 12, 14, 10,  9,
         7,  2,  1])
Rank of P-model:  tensor([ 1,  9, 10, 11,  9, 11,  9, 12,  9, 12, 11, 15, 12, 14, 14, 16, 12, 11,
         9,  2,  1])
--------------------------------------------
Time taken:27.139675617218018
--------------------------------------------
Memory:  0.011252736000000001 0.027262976
>>>>>>>>>>>>>>>>>>>>>>>>>>>>>>>>>>>>>>>>>>
Policy Iteration 70/100
>>>>>>>>>>>>>>>>>>>>>>>>>>>>>>>>>>>>>>>>>>
Number of value updates:  1
Functions that require cross-approximation can be accelerated with the optional maxvolpy package, which can be installed by 'pip install maxvolpy'. More info is available at https://bitbucket.org/muxas/maxvolpy.
.....................................................
Computing Advantage Fcn
.....................................................
Functions that require cross-approximation can be accelerated with the optional maxvolpy package, which can be installed by 'pip install maxvolpy'. More info is available at https://bitbucket.org/muxas/maxvolpy.
v_min: -0.50, v_mean: -0.16, v_max: 0.00
a_min: -1.07, a_mean: -0.35, a_max: 0.00
p_min: 2.08, p_mean: 2.80, p_max: 3.15
Rank of V-model:  tensor([1, 3, 3, 2, 1])
Rank of A-model:  tensor([ 1,  7,  9,  8,  7,  9,  7, 10,  7, 10,  8, 13,  9, 11, 11, 14, 10,  9,
         7,  2,  1])
Rank of P-model:  tensor([ 1,  9, 11, 10,  9, 11,  9, 12,  9, 12, 10, 15, 11, 13, 13, 16, 12, 11,
         9,  2,  1])
--------------------------------------------
Time taken:27.138829946517944
--------------------------------------------
---------------Intermeditate Test-------------------------
[EVAL] {"success_rate": 0.25, "mu_success": 0.8536697402986666, "mu_all": 0.5388863441776024, "final_dist_mean": 0.08425104845689546, "path_len_mean": 0.7839296415453455, "cum_reward_mean": -328120939.68268406, "final_reward_mean": -73089.0735903499, "callback_count": 69}
Memory:  0.011122176000000001 0.09437184000000001
>>>>>>>>>>>>>>>>>>>>>>>>>>>>>>>>>>>>>>>>>>
Policy Iteration 71/100
>>>>>>>>>>>>>>>>>>>>>>>>>>>>>>>>>>>>>>>>>>
Number of value updates:  1
Functions that require cross-approximation can be accelerated with the optional maxvolpy package, which can be installed by 'pip install maxvolpy'. More info is available at https://bitbucket.org/muxas/maxvolpy.
.....................................................
Computing Advantage Fcn
.....................................................
Functions that require cross-approximation can be accelerated with the optional maxvolpy package, which can be installed by 'pip install maxvolpy'. More info is available at https://bitbucket.org/muxas/maxvolpy.
v_min: -0.50, v_mean: -0.16, v_max: 0.00
a_min: -1.07, a_mean: -0.35, a_max: 0.00
p_min: 2.08, p_mean: 2.80, p_max: 3.16
Rank of V-model:  tensor([1, 3, 3, 2, 1])
Rank of A-model:  tensor([ 1,  7,  8,  8,  6,  8,  6, 10,  7, 10,  9, 14, 10, 13, 13, 14, 10,  9,
         7,  2,  1])
Rank of P-model:  tensor([ 1,  9, 10, 10,  8, 10,  8, 12,  9, 12, 11, 16, 12, 15, 15, 16, 12, 11,
         9,  2,  1])
--------------------------------------------
Time taken:21.054941654205322
--------------------------------------------
Memory:  0.011239424000000001 0.029360128000000003
>>>>>>>>>>>>>>>>>>>>>>>>>>>>>>>>>>>>>>>>>>
Policy Iteration 72/100
>>>>>>>>>>>>>>>>>>>>>>>>>>>>>>>>>>>>>>>>>>
Number of value updates:  1
WARNING:root:eps=0.00104974 (larger than 0.001) when cross-approximating <function fcn_batch_limited.<locals>.fcn_batch_truncated at 0x724a703f7be0>
Functions that require cross-approximation can be accelerated with the optional maxvolpy package, which can be installed by 'pip install maxvolpy'. More info is available at https://bitbucket.org/muxas/maxvolpy.
.....................................................
Computing Advantage Fcn
.....................................................
Functions that require cross-approximation can be accelerated with the optional maxvolpy package, which can be installed by 'pip install maxvolpy'. More info is available at https://bitbucket.org/muxas/maxvolpy.
v_min: -0.51, v_mean: -0.16, v_max: 0.00
a_min: -1.10, a_mean: -0.35, a_max: 0.00
p_min: 2.10, p_mean: 2.85, p_max: 3.21
Rank of V-model:  tensor([1, 3, 3, 2, 1])
Rank of A-model:  tensor([ 1,  7,  8,  8,  6,  8,  6,  9,  6,  9,  8, 12,  9, 11, 11, 14, 10,  9,
         7,  2,  1])
Rank of P-model:  tensor([ 1,  9, 10, 10,  8, 10,  8, 11,  8, 11, 10, 14, 11, 13, 13, 16, 12, 11,
         9,  2,  1])
--------------------------------------------
Time taken:21.64484691619873
--------------------------------------------
Memory:  0.0109312 0.029360128000000003
>>>>>>>>>>>>>>>>>>>>>>>>>>>>>>>>>>>>>>>>>>
Policy Iteration 73/100
>>>>>>>>>>>>>>>>>>>>>>>>>>>>>>>>>>>>>>>>>>
Number of value updates:  1
Functions that require cross-approximation can be accelerated with the optional maxvolpy package, which can be installed by 'pip install maxvolpy'. More info is available at https://bitbucket.org/muxas/maxvolpy.
.....................................................
Computing Advantage Fcn
.....................................................
Functions that require cross-approximation can be accelerated with the optional maxvolpy package, which can be installed by 'pip install maxvolpy'. More info is available at https://bitbucket.org/muxas/maxvolpy.
v_min: -0.51, v_mean: -0.16, v_max: 0.00
a_min: -1.12, a_mean: -0.35, a_max: 0.00
p_min: 2.13, p_mean: 2.90, p_max: 3.26
Rank of V-model:  tensor([1, 3, 3, 2, 1])
Rank of A-model:  tensor([ 1,  7,  9,  8,  6,  8,  6,  9,  6,  9,  7, 12,  9, 11, 11, 13,  9,  8,
         6,  2,  1])
Rank of P-model:  tensor([ 1,  9, 11, 10,  8, 10,  8, 11,  8, 11,  9, 14, 11, 13, 13, 15, 11, 10,
         8,  2,  1])
--------------------------------------------
Time taken:21.411279916763306
--------------------------------------------
Memory:  0.010833408000000001 0.029360128000000003
>>>>>>>>>>>>>>>>>>>>>>>>>>>>>>>>>>>>>>>>>>
Policy Iteration 74/100
>>>>>>>>>>>>>>>>>>>>>>>>>>>>>>>>>>>>>>>>>>
Number of value updates:  1
Functions that require cross-approximation can be accelerated with the optional maxvolpy package, which can be installed by 'pip install maxvolpy'. More info is available at https://bitbucket.org/muxas/maxvolpy.
.....................................................
Computing Advantage Fcn
.....................................................
Functions that require cross-approximation can be accelerated with the optional maxvolpy package, which can be installed by 'pip install maxvolpy'. More info is available at https://bitbucket.org/muxas/maxvolpy.
v_min: -0.51, v_mean: -0.16, v_max: 0.00
a_min: -1.12, a_mean: -0.35, a_max: 0.00
p_min: 2.13, p_mean: 2.90, p_max: 3.26
Rank of V-model:  tensor([1, 3, 3, 2, 1])
Rank of A-model:  tensor([ 1,  7,  9,  9,  7,  9,  7, 10,  7, 10, 10, 17, 13, 17, 16, 19, 13, 12,
         9,  2,  1])
Rank of P-model:  tensor([ 1,  9, 11, 11,  9, 11,  9, 12,  9, 12, 12, 19, 15, 19, 18, 21, 15, 14,
        11,  2,  1])
--------------------------------------------
Time taken:32.13713812828064
--------------------------------------------
Memory:  0.012249088 0.029360128000000003
>>>>>>>>>>>>>>>>>>>>>>>>>>>>>>>>>>>>>>>>>>
Policy Iteration 75/100
>>>>>>>>>>>>>>>>>>>>>>>>>>>>>>>>>>>>>>>>>>
Number of value updates:  1
Functions that require cross-approximation can be accelerated with the optional maxvolpy package, which can be installed by 'pip install maxvolpy'. More info is available at https://bitbucket.org/muxas/maxvolpy.
.....................................................
Computing Advantage Fcn
.....................................................
Functions that require cross-approximation can be accelerated with the optional maxvolpy package, which can be installed by 'pip install maxvolpy'. More info is available at https://bitbucket.org/muxas/maxvolpy.
v_min: -0.52, v_mean: -0.16, v_max: 0.00
a_min: -1.09, a_mean: -0.35, a_max: 0.01
p_min: 2.10, p_mean: 2.84, p_max: 3.20
Rank of V-model:  tensor([1, 3, 3, 2, 1])
Rank of A-model:  tensor([ 1,  7,  9,  9,  7,  9,  7, 10,  7,  9,  7, 12,  9, 11, 10, 13,  9,  8,
         6,  2,  1])
Rank of P-model:  tensor([ 1,  9, 11, 11,  9, 11,  9, 12,  9, 11,  9, 14, 11, 13, 12, 15, 11, 10,
         8,  2,  1])
--------------------------------------------
Time taken:23.137054681777954
--------------------------------------------
Memory:  0.010947584000000002 0.029360128000000003
>>>>>>>>>>>>>>>>>>>>>>>>>>>>>>>>>>>>>>>>>>
Policy Iteration 76/100
>>>>>>>>>>>>>>>>>>>>>>>>>>>>>>>>>>>>>>>>>>
Number of value updates:  1
Functions that require cross-approximation can be accelerated with the optional maxvolpy package, which can be installed by 'pip install maxvolpy'. More info is available at https://bitbucket.org/muxas/maxvolpy.
.....................................................
Computing Advantage Fcn
.....................................................
Functions that require cross-approximation can be accelerated with the optional maxvolpy package, which can be installed by 'pip install maxvolpy'. More info is available at https://bitbucket.org/muxas/maxvolpy.
v_min: -0.52, v_mean: -0.17, v_max: 0.00
a_min: -1.09, a_mean: -0.35, a_max: 0.01
p_min: 2.09, p_mean: 2.83, p_max: 3.18
Rank of V-model:  tensor([1, 3, 3, 2, 1])
Rank of A-model:  tensor([ 1,  7,  9,  9,  7, 10,  8, 12,  8, 11, 10, 16, 12, 15, 15, 17, 12, 11,
         9,  2,  1])
Rank of P-model:  tensor([ 1,  9, 11, 11,  9, 12, 10, 14, 10, 13, 12, 18, 14, 17, 17, 19, 14, 13,
        11,  2,  1])
--------------------------------------------
Time taken:32.65762972831726
--------------------------------------------
Memory:  0.012060672000000001 0.029360128000000003
>>>>>>>>>>>>>>>>>>>>>>>>>>>>>>>>>>>>>>>>>>
Policy Iteration 77/100
>>>>>>>>>>>>>>>>>>>>>>>>>>>>>>>>>>>>>>>>>>
Number of value updates:  1
Functions that require cross-approximation can be accelerated with the optional maxvolpy package, which can be installed by 'pip install maxvolpy'. More info is available at https://bitbucket.org/muxas/maxvolpy.
.....................................................
Computing Advantage Fcn
.....................................................
Functions that require cross-approximation can be accelerated with the optional maxvolpy package, which can be installed by 'pip install maxvolpy'. More info is available at https://bitbucket.org/muxas/maxvolpy.
v_min: -0.53, v_mean: -0.17, v_max: 0.00
a_min: -1.14, a_mean: -0.35, a_max: 0.01
p_min: 2.14, p_mean: 2.93, p_max: 3.29
Rank of V-model:  tensor([1, 3, 3, 2, 1])
Rank of A-model:  tensor([ 1,  7,  9,  9,  8, 10,  8, 11,  8, 12, 11, 17, 12, 15, 14, 15, 10,  9,
         7,  2,  1])
Rank of P-model:  tensor([ 1,  9, 11, 11, 10, 12, 10, 13, 10, 14, 13, 19, 14, 17, 16, 17, 12, 11,
         9,  2,  1])
--------------------------------------------
Time taken:28.158849954605103
--------------------------------------------
Memory:  0.011926016000000001 0.029360128000000003
>>>>>>>>>>>>>>>>>>>>>>>>>>>>>>>>>>>>>>>>>>
Policy Iteration 78/100
>>>>>>>>>>>>>>>>>>>>>>>>>>>>>>>>>>>>>>>>>>
Number of value updates:  1
Functions that require cross-approximation can be accelerated with the optional maxvolpy package, which can be installed by 'pip install maxvolpy'. More info is available at https://bitbucket.org/muxas/maxvolpy.
.....................................................
Computing Advantage Fcn
.....................................................
Functions that require cross-approximation can be accelerated with the optional maxvolpy package, which can be installed by 'pip install maxvolpy'. More info is available at https://bitbucket.org/muxas/maxvolpy.
v_min: -0.53, v_mean: -0.17, v_max: 0.00
a_min: -1.09, a_mean: -0.35, a_max: 0.01
p_min: 2.10, p_mean: 2.84, p_max: 3.19
Rank of V-model:  tensor([1, 3, 3, 2, 1])
Rank of A-model:  tensor([ 1,  7,  9,  9,  7, 10,  8, 12, 10, 13, 12, 18, 14, 18, 18, 18, 12, 11,
         8,  2,  1])
Rank of P-model:  tensor([ 1,  9, 11, 11,  9, 12, 10, 14, 12, 15, 14, 20, 16, 20, 20, 20, 14, 13,
        10,  2,  1])
--------------------------------------------
Time taken:40.84477400779724
--------------------------------------------
Memory:  0.012694528 0.031457280000000004
>>>>>>>>>>>>>>>>>>>>>>>>>>>>>>>>>>>>>>>>>>
Policy Iteration 79/100
>>>>>>>>>>>>>>>>>>>>>>>>>>>>>>>>>>>>>>>>>>
Number of value updates:  1
Functions that require cross-approximation can be accelerated with the optional maxvolpy package, which can be installed by 'pip install maxvolpy'. More info is available at https://bitbucket.org/muxas/maxvolpy.
.....................................................
Computing Advantage Fcn
.....................................................
Functions that require cross-approximation can be accelerated with the optional maxvolpy package, which can be installed by 'pip install maxvolpy'. More info is available at https://bitbucket.org/muxas/maxvolpy.
v_min: -0.54, v_mean: -0.17, v_max: 0.00
a_min: -1.09, a_mean: -0.35, a_max: 0.01
p_min: 2.10, p_mean: 2.84, p_max: 3.19
Rank of V-model:  tensor([1, 3, 3, 2, 1])
Rank of A-model:  tensor([ 1,  7,  9,  9,  7,  9,  7, 11,  8, 11,  9, 14, 10, 13, 12, 15, 10,  9,
         7,  2,  1])
Rank of P-model:  tensor([ 1,  9, 11, 11,  9, 11,  9, 13, 10, 13, 11, 16, 12, 15, 14, 17, 12, 11,
         9,  2,  1])
--------------------------------------------
Time taken:24.049729585647583
--------------------------------------------
Memory:  0.01143296 0.029360128000000003
>>>>>>>>>>>>>>>>>>>>>>>>>>>>>>>>>>>>>>>>>>
Policy Iteration 80/100
>>>>>>>>>>>>>>>>>>>>>>>>>>>>>>>>>>>>>>>>>>
Number of value updates:  1
Functions that require cross-approximation can be accelerated with the optional maxvolpy package, which can be installed by 'pip install maxvolpy'. More info is available at https://bitbucket.org/muxas/maxvolpy.
.....................................................
Computing Advantage Fcn
.....................................................
Functions that require cross-approximation can be accelerated with the optional maxvolpy package, which can be installed by 'pip install maxvolpy'. More info is available at https://bitbucket.org/muxas/maxvolpy.
v_min: -0.54, v_mean: -0.17, v_max: 0.00
a_min: -1.09, a_mean: -0.35, a_max: 0.01
p_min: 2.10, p_mean: 2.84, p_max: 3.19
Rank of V-model:  tensor([1, 3, 3, 2, 1])
Rank of A-model:  tensor([ 1,  7,  9,  9,  7,  9,  7, 11,  8, 11, 10, 14, 10, 15, 15, 19, 13, 12,
         9,  2,  1])
Rank of P-model:  tensor([ 1,  9, 11, 11,  9, 11,  9, 13, 10, 13, 12, 16, 12, 17, 17, 21, 15, 14,
        11,  2,  1])
--------------------------------------------
Time taken:33.936816692352295
--------------------------------------------
---------------Intermeditate Test-------------------------
[EVAL] {"success_rate": 0.18, "mu_success": 0.9938869838212656, "mu_all": 0.5690512004033011, "final_dist_mean": 0.08366445988947158, "path_len_mean": 0.7769797798651017, "cum_reward_mean": -309521478.910343, "final_reward_mean": -70831.42538436374, "callback_count": 79}
Memory:  0.011996672 0.180355072
>>>>>>>>>>>>>>>>>>>>>>>>>>>>>>>>>>>>>>>>>>
Policy Iteration 81/100
>>>>>>>>>>>>>>>>>>>>>>>>>>>>>>>>>>>>>>>>>>
Number of value updates:  1
Functions that require cross-approximation can be accelerated with the optional maxvolpy package, which can be installed by 'pip install maxvolpy'. More info is available at https://bitbucket.org/muxas/maxvolpy.
.....................................................
Computing Advantage Fcn
.....................................................
Functions that require cross-approximation can be accelerated with the optional maxvolpy package, which can be installed by 'pip install maxvolpy'. More info is available at https://bitbucket.org/muxas/maxvolpy.
v_min: -0.54, v_mean: -0.17, v_max: 0.00
a_min: -1.13, a_mean: -0.35, a_max: 0.01
p_min: 2.14, p_mean: 2.91, p_max: 3.27
Rank of V-model:  tensor([1, 3, 3, 2, 1])
Rank of A-model:  tensor([ 1,  7,  9,  9,  7,  9,  7, 10,  7, 10,  8, 13, 10, 12, 11, 15, 10,  9,
         7,  2,  1])
Rank of P-model:  tensor([ 1,  9, 11, 11,  9, 11,  9, 12,  9, 12, 10, 15, 12, 14, 13, 17, 12, 11,
         9,  2,  1])
--------------------------------------------
Time taken:29.0097074508667
--------------------------------------------
Memory:  0.011234304 0.029360128000000003
>>>>>>>>>>>>>>>>>>>>>>>>>>>>>>>>>>>>>>>>>>
Policy Iteration 82/100
>>>>>>>>>>>>>>>>>>>>>>>>>>>>>>>>>>>>>>>>>>
Number of value updates:  1
Functions that require cross-approximation can be accelerated with the optional maxvolpy package, which can be installed by 'pip install maxvolpy'. More info is available at https://bitbucket.org/muxas/maxvolpy.
.....................................................
Computing Advantage Fcn
.....................................................
Functions that require cross-approximation can be accelerated with the optional maxvolpy package, which can be installed by 'pip install maxvolpy'. More info is available at https://bitbucket.org/muxas/maxvolpy.
v_min: -0.55, v_mean: -0.17, v_max: 0.00
a_min: -1.13, a_mean: -0.35, a_max: 0.01
p_min: 2.14, p_mean: 2.92, p_max: 3.27
Rank of V-model:  tensor([1, 3, 3, 2, 1])
Rank of A-model:  tensor([ 1,  7,  9,  9,  7,  9,  7, 10,  7, 11, 10, 14,  9, 11, 10, 12,  8,  7,
         5,  2,  1])
Rank of P-model:  tensor([ 1,  9, 11, 11,  9, 11,  9, 12,  9, 13, 12, 16, 11, 13, 12, 14, 10,  9,
         7,  2,  1])
--------------------------------------------
Time taken:18.072475910186768
--------------------------------------------
Memory:  0.011061248000000001 0.029360128000000003
>>>>>>>>>>>>>>>>>>>>>>>>>>>>>>>>>>>>>>>>>>
Policy Iteration 83/100
>>>>>>>>>>>>>>>>>>>>>>>>>>>>>>>>>>>>>>>>>>
Number of value updates:  1
Functions that require cross-approximation can be accelerated with the optional maxvolpy package, which can be installed by 'pip install maxvolpy'. More info is available at https://bitbucket.org/muxas/maxvolpy.
.....................................................
Computing Advantage Fcn
.....................................................
Functions that require cross-approximation can be accelerated with the optional maxvolpy package, which can be installed by 'pip install maxvolpy'. More info is available at https://bitbucket.org/muxas/maxvolpy.
v_min: -0.55, v_mean: -0.17, v_max: 0.00
a_min: -1.14, a_mean: -0.35, a_max: 0.01
p_min: 2.15, p_mean: 2.94, p_max: 3.30
Rank of V-model:  tensor([1, 3, 3, 2, 1])
Rank of A-model:  tensor([ 1,  7,  9,  9,  8, 10,  8, 11,  8, 12, 10, 15, 11, 15, 13, 16, 10,  9,
         7,  2,  1])
Rank of P-model:  tensor([ 1,  9, 11, 11, 10, 12, 10, 13, 10, 14, 12, 17, 13, 17, 15, 18, 12, 11,
         9,  2,  1])
--------------------------------------------
Time taken:21.339829683303833
--------------------------------------------
Memory:  0.011779584000000001 0.029360128000000003
>>>>>>>>>>>>>>>>>>>>>>>>>>>>>>>>>>>>>>>>>>
Policy Iteration 84/100
>>>>>>>>>>>>>>>>>>>>>>>>>>>>>>>>>>>>>>>>>>
Number of value updates:  1
Functions that require cross-approximation can be accelerated with the optional maxvolpy package, which can be installed by 'pip install maxvolpy'. More info is available at https://bitbucket.org/muxas/maxvolpy.
.....................................................
Computing Advantage Fcn
.....................................................
Functions that require cross-approximation can be accelerated with the optional maxvolpy package, which can be installed by 'pip install maxvolpy'. More info is available at https://bitbucket.org/muxas/maxvolpy.
v_min: -0.56, v_mean: -0.17, v_max: 0.00
a_min: -1.09, a_mean: -0.35, a_max: 0.01
p_min: 2.10, p_mean: 2.84, p_max: 3.20
Rank of V-model:  tensor([1, 3, 3, 2, 1])
Rank of A-model:  tensor([ 1,  7,  9,  9,  7,  9,  7, 10,  7,  9,  7, 10,  7,  9,  8, 10,  7,  7,
         5,  2,  1])
Rank of P-model:  tensor([ 1,  9, 11, 11,  9, 11,  9, 12,  9, 11,  9, 12,  9, 11, 10, 12,  9,  9,
         7,  2,  1])
--------------------------------------------
Time taken:22.78998827934265
--------------------------------------------
Memory:  0.01059584 0.029360128000000003
>>>>>>>>>>>>>>>>>>>>>>>>>>>>>>>>>>>>>>>>>>
Policy Iteration 85/100
>>>>>>>>>>>>>>>>>>>>>>>>>>>>>>>>>>>>>>>>>>
Number of value updates:  1
Functions that require cross-approximation can be accelerated with the optional maxvolpy package, which can be installed by 'pip install maxvolpy'. More info is available at https://bitbucket.org/muxas/maxvolpy.
.....................................................
Computing Advantage Fcn
.....................................................
Functions that require cross-approximation can be accelerated with the optional maxvolpy package, which can be installed by 'pip install maxvolpy'. More info is available at https://bitbucket.org/muxas/maxvolpy.
v_min: -0.56, v_mean: -0.18, v_max: 0.00
a_min: -1.13, a_mean: -0.35, a_max: 0.01
p_min: 2.13, p_mean: 2.91, p_max: 3.27
Rank of V-model:  tensor([1, 3, 3, 2, 1])
Rank of A-model:  tensor([ 1,  7,  9,  9,  7,  9,  7, 10,  7, 10,  8, 12,  8, 10,  9, 12,  8,  7,
         5,  2,  1])
Rank of P-model:  tensor([ 1,  9, 11, 11,  9, 11,  9, 12,  9, 12, 10, 14, 10, 12, 11, 14, 10,  9,
         7,  2,  1])
--------------------------------------------
Time taken:17.78828263282776
--------------------------------------------
Memory:  0.010834944 0.027262976
>>>>>>>>>>>>>>>>>>>>>>>>>>>>>>>>>>>>>>>>>>
Policy Iteration 86/100
>>>>>>>>>>>>>>>>>>>>>>>>>>>>>>>>>>>>>>>>>>
Number of value updates:  1
Functions that require cross-approximation can be accelerated with the optional maxvolpy package, which can be installed by 'pip install maxvolpy'. More info is available at https://bitbucket.org/muxas/maxvolpy.
.....................................................
Computing Advantage Fcn
.....................................................
Functions that require cross-approximation can be accelerated with the optional maxvolpy package, which can be installed by 'pip install maxvolpy'. More info is available at https://bitbucket.org/muxas/maxvolpy.
v_min: -0.56, v_mean: -0.18, v_max: 0.00
a_min: -1.15, a_mean: -0.35, a_max: 0.01
p_min: 2.16, p_mean: 2.96, p_max: 3.31
Rank of V-model:  tensor([1, 3, 3, 2, 1])
Rank of A-model:  tensor([ 1,  7,  9,  9,  7,  9,  7, 12,  8, 12, 11, 16, 11, 15, 14, 16, 11,  9,
         7,  2,  1])
Rank of P-model:  tensor([ 1,  9, 11, 11,  9, 11,  9, 14, 10, 14, 13, 18, 13, 17, 16, 18, 13, 11,
         9,  2,  1])
--------------------------------------------
Time taken:26.40640091896057
--------------------------------------------
Memory:  0.011848704000000002 0.029360128000000003
>>>>>>>>>>>>>>>>>>>>>>>>>>>>>>>>>>>>>>>>>>
Policy Iteration 87/100
>>>>>>>>>>>>>>>>>>>>>>>>>>>>>>>>>>>>>>>>>>
Number of value updates:  1
Functions that require cross-approximation can be accelerated with the optional maxvolpy package, which can be installed by 'pip install maxvolpy'. More info is available at https://bitbucket.org/muxas/maxvolpy.
.....................................................
Computing Advantage Fcn
.....................................................
Functions that require cross-approximation can be accelerated with the optional maxvolpy package, which can be installed by 'pip install maxvolpy'. More info is available at https://bitbucket.org/muxas/maxvolpy.
v_min: -0.57, v_mean: -0.18, v_max: 0.00
a_min: -1.10, a_mean: -0.35, a_max: 0.01
p_min: 2.11, p_mean: 2.85, p_max: 3.21
Rank of V-model:  tensor([1, 3, 3, 2, 1])
Rank of A-model:  tensor([ 1,  7,  9,  9,  7,  9,  7, 12,  8, 12, 11, 16, 11, 15, 13, 18, 12, 10,
         7,  2,  1])
Rank of P-model:  tensor([ 1,  9, 11, 11,  9, 11,  9, 14, 10, 14, 13, 18, 13, 17, 15, 20, 14, 12,
         9,  2,  1])
--------------------------------------------
Time taken:28.292413473129272
--------------------------------------------
Memory:  0.011934208 0.029360128000000003
>>>>>>>>>>>>>>>>>>>>>>>>>>>>>>>>>>>>>>>>>>
Policy Iteration 88/100
>>>>>>>>>>>>>>>>>>>>>>>>>>>>>>>>>>>>>>>>>>
Number of value updates:  1
Functions that require cross-approximation can be accelerated with the optional maxvolpy package, which can be installed by 'pip install maxvolpy'. More info is available at https://bitbucket.org/muxas/maxvolpy.
.....................................................
Computing Advantage Fcn
.....................................................
Functions that require cross-approximation can be accelerated with the optional maxvolpy package, which can be installed by 'pip install maxvolpy'. More info is available at https://bitbucket.org/muxas/maxvolpy.
v_min: -0.57, v_mean: -0.18, v_max: 0.00
a_min: -1.15, a_mean: -0.35, a_max: 0.01
p_min: 2.15, p_mean: 2.95, p_max: 3.31
Rank of V-model:  tensor([1, 3, 3, 2, 1])
Rank of A-model:  tensor([ 1,  7,  9,  9,  7, 10,  8, 12,  8, 12, 11, 15, 10, 14, 12, 15, 10,  9,
         7,  2,  1])
Rank of P-model:  tensor([ 1,  9, 11, 11,  9, 12, 10, 14, 10, 14, 13, 17, 12, 16, 14, 17, 12, 11,
         9,  2,  1])
--------------------------------------------
Time taken:27.158597946166992
--------------------------------------------
Memory:  0.011659776 0.029360128000000003
>>>>>>>>>>>>>>>>>>>>>>>>>>>>>>>>>>>>>>>>>>
Policy Iteration 89/100
>>>>>>>>>>>>>>>>>>>>>>>>>>>>>>>>>>>>>>>>>>
Number of value updates:  1
Functions that require cross-approximation can be accelerated with the optional maxvolpy package, which can be installed by 'pip install maxvolpy'. More info is available at https://bitbucket.org/muxas/maxvolpy.
.....................................................
Computing Advantage Fcn
.....................................................
Functions that require cross-approximation can be accelerated with the optional maxvolpy package, which can be installed by 'pip install maxvolpy'. More info is available at https://bitbucket.org/muxas/maxvolpy.
v_min: -0.57, v_mean: -0.18, v_max: 0.00
a_min: -1.11, a_mean: -0.35, a_max: 0.01
p_min: 2.12, p_mean: 2.88, p_max: 3.24
Rank of V-model:  tensor([1, 3, 3, 2, 1])
Rank of A-model:  tensor([ 1,  7,  9,  9,  7,  9,  7, 11,  7, 10,  8, 13,  9, 11, 10, 13,  9,  8,
         7,  2,  1])
Rank of P-model:  tensor([ 1,  9, 11, 11,  9, 11,  9, 13,  9, 12, 10, 15, 11, 13, 12, 15, 11, 10,
         9,  2,  1])
--------------------------------------------
Time taken:28.123456478118896
--------------------------------------------
Memory:  0.011049472000000001 0.029360128000000003
>>>>>>>>>>>>>>>>>>>>>>>>>>>>>>>>>>>>>>>>>>
Policy Iteration 90/100
>>>>>>>>>>>>>>>>>>>>>>>>>>>>>>>>>>>>>>>>>>
Number of value updates:  1
Functions that require cross-approximation can be accelerated with the optional maxvolpy package, which can be installed by 'pip install maxvolpy'. More info is available at https://bitbucket.org/muxas/maxvolpy.
.....................................................
Computing Advantage Fcn
.....................................................
Functions that require cross-approximation can be accelerated with the optional maxvolpy package, which can be installed by 'pip install maxvolpy'. More info is available at https://bitbucket.org/muxas/maxvolpy.
v_min: -0.58, v_mean: -0.18, v_max: 0.00
a_min: -1.18, a_mean: -0.35, a_max: 0.01
p_min: 2.19, p_mean: 3.02, p_max: 3.37
Rank of V-model:  tensor([1, 3, 3, 2, 1])
Rank of A-model:  tensor([ 1,  7,  9,  9,  7,  9,  7, 12,  8, 11,  9, 14, 10, 14, 13, 15, 10,  9,
         8,  2,  1])
Rank of P-model:  tensor([ 1,  9, 11, 11,  9, 11,  9, 14, 10, 13, 11, 16, 12, 16, 15, 17, 12, 11,
        10,  2,  1])
--------------------------------------------
Time taken:40.539111614227295
--------------------------------------------
---------------Intermeditate Test-------------------------
[EVAL] {"success_rate": 0.25, "mu_success": 0.9743754606653963, "mu_all": 0.5582041780086844, "final_dist_mean": 0.07224557121264097, "path_len_mean": 0.7962682438445774, "cum_reward_mean": -309428724.42149985, "final_reward_mean": -52308.72644443231, "callback_count": 89}
Memory:  0.011525120000000002 0.09437184000000001
WARNING:root:eps=0.00114885 (larger than 0.001) when cross-approximating <function fcn_batch_limited.<locals>.fcn_batch_truncated at 0x724a703f60e0>
>>>>>>>>>>>>>>>>>>>>>>>>>>>>>>>>>>>>>>>>>>
Policy Iteration 91/100
>>>>>>>>>>>>>>>>>>>>>>>>>>>>>>>>>>>>>>>>>>
Number of value updates:  1
Functions that require cross-approximation can be accelerated with the optional maxvolpy package, which can be installed by 'pip install maxvolpy'. More info is available at https://bitbucket.org/muxas/maxvolpy.
.....................................................
Computing Advantage Fcn
.....................................................
Functions that require cross-approximation can be accelerated with the optional maxvolpy package, which can be installed by 'pip install maxvolpy'. More info is available at https://bitbucket.org/muxas/maxvolpy.
v_min: -0.58, v_mean: -0.18, v_max: 0.00
a_min: -1.14, a_mean: -0.35, a_max: 0.01
p_min: 2.15, p_mean: 2.94, p_max: 3.29
Rank of V-model:  tensor([1, 3, 3, 2, 1])
Rank of A-model:  tensor([ 1,  7,  9,  9,  7,  9,  7, 11,  7, 10,  9, 14, 10, 14, 13, 16, 11, 10,
         8,  2,  1])
Rank of P-model:  tensor([ 1,  9, 11, 11,  9, 11,  9, 13,  9, 12, 11, 16, 12, 16, 15, 18, 13, 12,
        10,  2,  1])
--------------------------------------------
Time taken:39.862062215805054
--------------------------------------------
Memory:  0.011542528000000002 0.029360128000000003
>>>>>>>>>>>>>>>>>>>>>>>>>>>>>>>>>>>>>>>>>>
Policy Iteration 92/100
>>>>>>>>>>>>>>>>>>>>>>>>>>>>>>>>>>>>>>>>>>
Number of value updates:  1
Functions that require cross-approximation can be accelerated with the optional maxvolpy package, which can be installed by 'pip install maxvolpy'. More info is available at https://bitbucket.org/muxas/maxvolpy.
.....................................................
Computing Advantage Fcn
.....................................................
Functions that require cross-approximation can be accelerated with the optional maxvolpy package, which can be installed by 'pip install maxvolpy'. More info is available at https://bitbucket.org/muxas/maxvolpy.
v_min: -0.58, v_mean: -0.18, v_max: 0.00
a_min: -1.15, a_mean: -0.35, a_max: 0.01
p_min: 2.16, p_mean: 2.96, p_max: 3.32
Rank of V-model:  tensor([1, 3, 3, 2, 1])
Rank of A-model:  tensor([ 1,  7,  9,  9,  7, 10,  8, 13,  9, 13, 12, 17, 12, 16, 15, 18, 12, 10,
         8,  2,  1])
Rank of P-model:  tensor([ 1,  9, 11, 11,  9, 12, 10, 15, 11, 15, 14, 19, 14, 18, 17, 20, 14, 12,
        10,  2,  1])
--------------------------------------------
Time taken:26.85465145111084
--------------------------------------------
Memory:  0.012315136 0.029360128000000003
>>>>>>>>>>>>>>>>>>>>>>>>>>>>>>>>>>>>>>>>>>
Policy Iteration 93/100
>>>>>>>>>>>>>>>>>>>>>>>>>>>>>>>>>>>>>>>>>>
Number of value updates:  1
Functions that require cross-approximation can be accelerated with the optional maxvolpy package, which can be installed by 'pip install maxvolpy'. More info is available at https://bitbucket.org/muxas/maxvolpy.
.....................................................
Computing Advantage Fcn
.....................................................
Functions that require cross-approximation can be accelerated with the optional maxvolpy package, which can be installed by 'pip install maxvolpy'. More info is available at https://bitbucket.org/muxas/maxvolpy.
v_min: -0.59, v_mean: -0.18, v_max: 0.00
a_min: -1.10, a_mean: -0.35, a_max: 0.01
p_min: 2.10, p_mean: 2.85, p_max: 3.21
Rank of V-model:  tensor([1, 3, 3, 2, 1])
Rank of A-model:  tensor([ 1,  7,  9,  9,  7,  9,  7, 10,  7,  9,  7, 12,  8, 10,  9, 11,  8,  7,
         5,  2,  1])
Rank of P-model:  tensor([ 1,  9, 11, 11,  9, 11,  9, 12,  9, 11,  9, 14, 10, 12, 11, 13, 10,  9,
         7,  2,  1])
--------------------------------------------
Time taken:34.848618268966675
--------------------------------------------
Memory:  0.010758144 0.029360128000000003
>>>>>>>>>>>>>>>>>>>>>>>>>>>>>>>>>>>>>>>>>>
Policy Iteration 94/100
>>>>>>>>>>>>>>>>>>>>>>>>>>>>>>>>>>>>>>>>>>
Number of value updates:  1
Functions that require cross-approximation can be accelerated with the optional maxvolpy package, which can be installed by 'pip install maxvolpy'. More info is available at https://bitbucket.org/muxas/maxvolpy.
.....................................................
Computing Advantage Fcn
.....................................................
Functions that require cross-approximation can be accelerated with the optional maxvolpy package, which can be installed by 'pip install maxvolpy'. More info is available at https://bitbucket.org/muxas/maxvolpy.
v_min: -0.59, v_mean: -0.18, v_max: 0.00
a_min: -1.14, a_mean: -0.35, a_max: 0.01
p_min: 2.14, p_mean: 2.93, p_max: 3.29
Rank of V-model:  tensor([1, 3, 3, 2, 1])
Rank of A-model:  tensor([ 1,  7,  9,  9,  7,  9,  7, 11,  7, 10,  8, 14, 10, 11, 10, 13,  9,  8,
         6,  2,  1])
Rank of P-model:  tensor([ 1,  9, 11, 11,  9, 11,  9, 13,  9, 12, 10, 16, 12, 13, 12, 15, 11, 10,
         8,  2,  1])
--------------------------------------------
Time taken:21.049028873443604
--------------------------------------------
Memory:  0.01109504 0.029360128000000003
>>>>>>>>>>>>>>>>>>>>>>>>>>>>>>>>>>>>>>>>>>
Policy Iteration 95/100
>>>>>>>>>>>>>>>>>>>>>>>>>>>>>>>>>>>>>>>>>>
Number of value updates:  1
Functions that require cross-approximation can be accelerated with the optional maxvolpy package, which can be installed by 'pip install maxvolpy'. More info is available at https://bitbucket.org/muxas/maxvolpy.
.....................................................
Computing Advantage Fcn
.....................................................
Functions that require cross-approximation can be accelerated with the optional maxvolpy package, which can be installed by 'pip install maxvolpy'. More info is available at https://bitbucket.org/muxas/maxvolpy.
v_min: -0.60, v_mean: -0.18, v_max: 0.01
a_min: -1.16, a_mean: -0.35, a_max: 0.01
p_min: 2.16, p_mean: 2.97, p_max: 3.33
Rank of V-model:  tensor([1, 3, 3, 2, 1])
Rank of A-model:  tensor([ 1,  7,  9, 10,  7, 11,  9, 15, 11, 16, 16, 25, 19, 25, 23, 26, 17, 15,
        12,  2,  1])
Rank of P-model:  tensor([ 1,  9, 11, 12,  9, 13, 11, 17, 13, 18, 18, 27, 21, 27, 25, 28, 19, 17,
        14,  2,  1])
--------------------------------------------
Time taken:39.56770372390747
--------------------------------------------
Memory:  0.01510912 0.033554432
>>>>>>>>>>>>>>>>>>>>>>>>>>>>>>>>>>>>>>>>>>
Policy Iteration 96/100
>>>>>>>>>>>>>>>>>>>>>>>>>>>>>>>>>>>>>>>>>>
Number of value updates:  1
Functions that require cross-approximation can be accelerated with the optional maxvolpy package, which can be installed by 'pip install maxvolpy'. More info is available at https://bitbucket.org/muxas/maxvolpy.
.....................................................
Computing Advantage Fcn
.....................................................
Functions that require cross-approximation can be accelerated with the optional maxvolpy package, which can be installed by 'pip install maxvolpy'. More info is available at https://bitbucket.org/muxas/maxvolpy.
v_min: -0.60, v_mean: -0.19, v_max: 0.01
a_min: -1.13, a_mean: -0.35, a_max: 0.01
p_min: 2.13, p_mean: 2.91, p_max: 3.27
Rank of V-model:  tensor([1, 3, 3, 2, 1])
Rank of A-model:  tensor([ 1,  7,  9,  9,  7,  9,  7, 11,  7, 11, 10, 15, 10, 13, 12, 15, 10,  9,
         7,  2,  1])
Rank of P-model:  tensor([ 1,  9, 11, 11,  9, 11,  9, 13,  9, 13, 12, 17, 12, 15, 14, 17, 12, 11,
         9,  2,  1])
--------------------------------------------
Time taken:34.016263484954834
--------------------------------------------
Memory:  0.011467264000000001 0.031457280000000004
>>>>>>>>>>>>>>>>>>>>>>>>>>>>>>>>>>>>>>>>>>
Policy Iteration 97/100
>>>>>>>>>>>>>>>>>>>>>>>>>>>>>>>>>>>>>>>>>>
Number of value updates:  1
Functions that require cross-approximation can be accelerated with the optional maxvolpy package, which can be installed by 'pip install maxvolpy'. More info is available at https://bitbucket.org/muxas/maxvolpy.
.....................................................
Computing Advantage Fcn
.....................................................
WARNING:root:eps=0.00101023 (larger than 0.001) when cross-approximating <function fcn_batch_limited.<locals>.fcn_batch_truncated at 0x724a703f64d0>
Functions that require cross-approximation can be accelerated with the optional maxvolpy package, which can be installed by 'pip install maxvolpy'. More info is available at https://bitbucket.org/muxas/maxvolpy.
v_min: -0.60, v_mean: -0.19, v_max: 0.01
a_min: -1.14, a_mean: -0.35, a_max: 0.01
p_min: 2.14, p_mean: 2.93, p_max: 3.29
Rank of V-model:  tensor([1, 3, 3, 2, 1])
Rank of A-model:  tensor([ 1,  7,  9,  9,  7, 11,  9, 13,  9, 12, 11, 16, 11, 14, 12, 14,  9,  8,
         5,  2,  1])
Rank of P-model:  tensor([ 1,  9, 11, 11,  9, 13, 11, 15, 11, 14, 13, 18, 13, 16, 14, 16, 11, 10,
         7,  2,  1])
--------------------------------------------
Time taken:18.664050102233887
--------------------------------------------
Memory:  0.011744256000000002 0.029360128000000003
>>>>>>>>>>>>>>>>>>>>>>>>>>>>>>>>>>>>>>>>>>
Policy Iteration 98/100
>>>>>>>>>>>>>>>>>>>>>>>>>>>>>>>>>>>>>>>>>>
Number of value updates:  1
Functions that require cross-approximation can be accelerated with the optional maxvolpy package, which can be installed by 'pip install maxvolpy'. More info is available at https://bitbucket.org/muxas/maxvolpy.
.....................................................
Computing Advantage Fcn
.....................................................
Functions that require cross-approximation can be accelerated with the optional maxvolpy package, which can be installed by 'pip install maxvolpy'. More info is available at https://bitbucket.org/muxas/maxvolpy.
v_min: -0.61, v_mean: -0.19, v_max: 0.01
a_min: -1.10, a_mean: -0.35, a_max: 0.01
p_min: 2.11, p_mean: 2.85, p_max: 3.21
Rank of V-model:  tensor([1, 3, 3, 2, 1])
Rank of A-model:  tensor([ 1,  7,  9,  9,  7,  9,  7, 12,  8, 11,  9, 14, 11, 14, 13, 16, 12, 10,
         7,  2,  1])
Rank of P-model:  tensor([ 1,  9, 11, 11,  9, 11,  9, 14, 10, 13, 11, 16, 13, 16, 15, 18, 14, 12,
         9,  2,  1])
--------------------------------------------
Time taken:28.4142165184021
--------------------------------------------
Memory:  0.011675136000000001 0.029360128000000003
>>>>>>>>>>>>>>>>>>>>>>>>>>>>>>>>>>>>>>>>>>
Policy Iteration 99/100
>>>>>>>>>>>>>>>>>>>>>>>>>>>>>>>>>>>>>>>>>>
Number of value updates:  1
Functions that require cross-approximation can be accelerated with the optional maxvolpy package, which can be installed by 'pip install maxvolpy'. More info is available at https://bitbucket.org/muxas/maxvolpy.
.....................................................
Computing Advantage Fcn
.....................................................
Functions that require cross-approximation can be accelerated with the optional maxvolpy package, which can be installed by 'pip install maxvolpy'. More info is available at https://bitbucket.org/muxas/maxvolpy.
v_min: -0.61, v_mean: -0.19, v_max: 0.01
a_min: -1.17, a_mean: -0.35, a_max: 0.01
p_min: 2.17, p_mean: 2.99, p_max: 3.34
Rank of V-model:  tensor([1, 3, 3, 2, 1])
Rank of A-model:  tensor([ 1,  7,  9, 10,  8, 11,  8, 13,  9, 12, 11, 17, 14, 22, 21, 22, 16, 14,
        11,  2,  1])
Rank of P-model:  tensor([ 1,  9, 11, 12, 10, 13, 10, 15, 11, 14, 13, 19, 16, 24, 23, 24, 18, 16,
        13,  2,  1])
--------------------------------------------
Time taken:40.529369592666626
--------------------------------------------
Memory:  0.013442560000000001 0.031457280000000004
>>>>>>>>>>>>>>>>>>>>>>>>>>>>>>>>>>>>>>>>>>
Policy Iteration 100/100
>>>>>>>>>>>>>>>>>>>>>>>>>>>>>>>>>>>>>>>>>>
Number of value updates:  1
Functions that require cross-approximation can be accelerated with the optional maxvolpy package, which can be installed by 'pip install maxvolpy'. More info is available at https://bitbucket.org/muxas/maxvolpy.
.....................................................
Computing Advantage Fcn
.....................................................
Functions that require cross-approximation can be accelerated with the optional maxvolpy package, which can be installed by 'pip install maxvolpy'. More info is available at https://bitbucket.org/muxas/maxvolpy.
v_min: -0.61, v_mean: -0.19, v_max: 0.01
a_min: -1.11, a_mean: -0.35, a_max: 0.01
p_min: 2.12, p_mean: 2.87, p_max: 3.23
Rank of V-model:  tensor([1, 3, 3, 2, 1])
Rank of A-model:  tensor([ 1,  7,  9,  9,  7,  9,  7, 11,  7, 11,  9, 15, 11, 15, 14, 18, 13, 11,
         8,  2,  1])
Rank of P-model:  tensor([ 1,  9, 11, 11,  9, 11,  9, 13,  9, 13, 11, 17, 13, 17, 16, 20, 15, 13,
        10,  2,  1])
--------------------------------------------
Time taken:37.905662536621094
--------------------------------------------
---------------Intermeditate Test-------------------------
[EVAL] {"success_rate": 0.21, "mu_success": 0.8235232882575323, "mu_all": 0.4577200230945067, "final_dist_mean": 0.07791753999862847, "path_len_mean": 0.8882101882079106, "cum_reward_mean": -280046332.41255033, "final_reward_mean": -62583.768235209514, "callback_count": 99}
[DONE] saved result to /home/s110/code/ttpi_iclr/repro/results/HM8_state50_action100_seed0.json
{
  "success_rate": 0.21,
  "mu_success": 0.8235232882575323,
  "mu_all": 0.4577200230945067,
  "final_dist_mean": 0.07791753999862847,
  "path_len_mean": 0.8882101882079106,
  "cum_reward_mean": -280046332.41255033,
  "final_reward_mean": -62583.768235209514
}
